ISO-10303-21;
HEADER;
FILE_DESCRIPTION(('FreeCAD Model'),'2;1');
FILE_NAME('Open CASCADE Shape Model','2026-09-04T23:00:57',(''),(''),
  'Open CASCADE STEP processor 7.9','FreeCAD','Unknown');
FILE_SCHEMA(('AUTOMOTIVE_DESIGN { 1 0 10303 214 1 1 1 1 }'));
ENDSEC;
DATA;
#1 = APPLICATION_PROTOCOL_DEFINITION('international standard',
  'automotive_design',2000,#2);
#2 = APPLICATION_CONTEXT(
  'core data for automotive mechanical design processes');
#3 = SHAPE_DEFINITION_REPRESENTATION(#4,#10);
#4 = PRODUCT_DEFINITION_SHAPE('','',#5);
#5 = PRODUCT_DEFINITION('design','',#6,#9);
#6 = PRODUCT_DEFINITION_FORMATION('','',#7);
#7 = PRODUCT('shell_lower','shell_lower','',(#8));
#8 = PRODUCT_CONTEXT('',#2,'mechanical');
#9 = PRODUCT_DEFINITION_CONTEXT('part definition',#2,'design');
#10 = ADVANCED_BREP_SHAPE_REPRESENTATION('',(#11,#15),#12328);
#11 = AXIS2_PLACEMENT_3D('',#12,#13,#14);
#12 = CARTESIAN_POINT('',(0.,0.,0.));
#13 = DIRECTION('',(0.,0.,1.));
#14 = DIRECTION('',(1.,0.,-0.));
#15 = MANIFOLD_SOLID_BREP('',#16);
#16 = CLOSED_SHELL('',(#17,#2027,#2555,#2783,#3041,#3270,#3991,#4236,
    #4448,#4507,#4532,#4580,#4623,#4640,#4735,#4774,#4831,#4843,#4877,
    #4951,#4976,#5012,#5037,#5063,#6720,#6745,#6953,#6989,#7134,#7159,
    #7393,#7465,#7526,#7551,#7583,#7623,#7647,#7671,#7696,#7714,#7738,
    #7763,#7803,#7867,#7884,#7909,#7935,#7960,#7985,#8036,#8834,#8850,
    #8873,#8968,#9029,#9080,#9136,#9162,#9204,#9239,#9263,#9319,#9464,
    #9484,#9508,#9537,#9575,#9599,#9682,#9805,#9821,#9838,#9870,#9896,
    #9920,#9945,#10174,#10198,#10222,#10273,#10297,#10346,#10358,#10446,
    #10471,#10487,#10499,#10517,#10544,#10568,#10585,#10643,#10660,
    #10677,#10695,#10705,#10714,#10723,#10748,#10788,#10813,#10861,
    #10885,#10902,#10935,#10962,#10974,#10991,#11008,#11020,#11044,
    #11069,#11110,#11189,#11296,#11321,#11345,#11370,#11466,#11504,
    #11554,#11629,#11667,#11726,#11819,#11843,#11861,#11906,#11953,
    #11966,#11990,#12007,#12062,#12074,#12105,#12129,#12175,#12190,
    #12216,#12228,#12270,#12283,#12294,#12319));
#17 = ADVANCED_FACE('',(#18,#1236),#1333,.F.);
#18 = FACE_BOUND('',#19,.F.);
#19 = EDGE_LOOP('',(#20,#77,#134,#189,#246,#285,#712,#747,#796,#821,#856
    ,#920,#1096));
#20 = ORIENTED_EDGE('',*,*,#21,.F.);
#21 = EDGE_CURVE('',#22,#24,#26,.T.);
#22 = VERTEX_POINT('',#23);
#23 = CARTESIAN_POINT('',(29.144235880869,-12.79343328751,
    -9.600000000012));
#24 = VERTEX_POINT('',#25);
#25 = CARTESIAN_POINT('',(15.121623368492,-27.20120781198,-9.6));
#26 = B_SPLINE_CURVE_WITH_KNOTS('',4,(#27,#28,#29,#30,#31,#32,#33,#34,
    #35,#36,#37,#38,#39,#40,#41,#42,#43,#44,#45,#46,#47,#48,#49,#50,#51,
    #52,#53,#54,#55,#56,#57,#58,#59,#60,#61,#62,#63,#64,#65,#66,#67,#68,
    #69,#70,#71,#72,#73,#74,#75,#76),.UNSPECIFIED.,.F.,.F.,(5,3,3,3,3,3,
    3,3,3,3,3,3,3,3,3,3,5),(0.,5.724174238226E-02,0.114283184284,
    0.171522434908,0.228557486595,0.285787243959,0.342810522987,
    0.400026829436,0.457035680331,0.50663727593,0.556233245578,
    0.605823758566,0.655209150132,0.741372391639,0.827523370287,
    0.913664903902,1.),.UNSPECIFIED.);
#27 = CARTESIAN_POINT('',(32.227986812885,-2.589768047208,-9.6));
#28 = CARTESIAN_POINT('',(32.147320407378,-3.210386021338,-9.6));
#29 = CARTESIAN_POINT('',(32.050771673439,-3.828939746566,-9.6));
#30 = CARTESIAN_POINT('',(31.938418664542,-4.444819009923,-9.6));
#31 = CARTESIAN_POINT('',(31.682800652107,-5.667879538555,-9.6));
#32 = CARTESIAN_POINT('',(31.539645159476,-6.275083869271,-9.6));
#33 = CARTESIAN_POINT('',(31.381042155514,-6.878437654171,-9.6));
#34 = CARTESIAN_POINT('',(31.032674032149,-8.078349788671,-9.6));
#35 = CARTESIAN_POINT('',(30.842802710737,-8.674877486962,-9.6));
#36 = CARTESIAN_POINT('',(30.637715340488,-9.266346595897,-9.6));
#37 = CARTESIAN_POINT('',(30.198322550901,-10.43592288892,-9.6));
#38 = CARTESIAN_POINT('',(29.964123918574,-11.01407037932,-9.6));
#39 = CARTESIAN_POINT('',(29.715242638401,-11.58605093801,-9.6));
#40 = CARTESIAN_POINT('',(29.187726226322,-12.71850030803,-9.6));
#41 = CARTESIAN_POINT('',(28.908992350938,-13.27892331779,-9.6));
#42 = CARTESIAN_POINT('',(28.615990045288,-13.83202033855,-9.6));
#43 = CARTESIAN_POINT('',(28.003156113206,-14.92051830543,-9.6));
#44 = CARTESIAN_POINT('',(27.683425015338,-15.45597605438,-9.6));
#45 = CARTESIAN_POINT('',(27.350122817341,-15.98309346692,-9.6));
#46 = CARTESIAN_POINT('',(26.655876770817,-17.02138434487,-9.6));
#47 = CARTESIAN_POINT('',(26.294843077323,-17.53249795122,-9.6));
#48 = CARTESIAN_POINT('',(25.920825483596,-18.03418853165,-9.6));
#49 = CARTESIAN_POINT('',(25.148982179188,-19.01596703613,-9.6));
#50 = CARTESIAN_POINT('',(24.751247602639,-19.49612683623,-9.6));
#51 = CARTESIAN_POINT('',(24.341374028172,-19.9659672672,-9.6));
#52 = CARTESIAN_POINT('',(23.55295005908,-20.82445835256,-9.6));
#53 = CARTESIAN_POINT('',(23.177249301921,-21.21572625719,-9.6));
#54 = CARTESIAN_POINT('',(22.792940663658,-21.59854288697,-9.6));
#55 = CARTESIAN_POINT('',(22.007732195912,-22.34667332539,-9.6));
#56 = CARTESIAN_POINT('',(21.606834189814,-22.71198917827,-9.6));
#57 = CARTESIAN_POINT('',(21.19791007131,-23.06829805634,-9.6));
#58 = CARTESIAN_POINT('',(20.364671627793,-23.7623456957,-9.6));
#59 = CARTESIAN_POINT('',(19.940358933105,-24.10008655559,-9.6));
#60 = CARTESIAN_POINT('',(19.508637838669,-24.42830464296,-9.6));
#61 = CARTESIAN_POINT('',(18.632843492435,-25.06390230351,-9.6));
#62 = CARTESIAN_POINT('',(18.188828648126,-25.37136251011,-9.6));
#63 = CARTESIAN_POINT('',(17.738109414432,-25.66890778898,-9.6));
#64 = CARTESIAN_POINT('',(16.483535744507,-26.45778504087,-9.6));
#65 = CARTESIAN_POINT('',(15.66666333676,-26.92841556323,-9.6));
#66 = CARTESIAN_POINT('',(14.83219042705,-27.36708357015,-9.6));
#67 = CARTESIAN_POINT('',(13.131978935831,-28.17859995021,-9.6));
#68 = CARTESIAN_POINT('',(12.266243520952,-28.55145833435,-9.6));
#69 = CARTESIAN_POINT('',(11.386724409669,-28.8905278876,-9.6));
#70 = CARTESIAN_POINT('',(9.604220037691,-29.49967571378,-9.6));
#71 = CARTESIAN_POINT('',(8.701235984466,-29.76976204,-9.6));
#72 = CARTESIAN_POINT('',(7.788472402886,-30.00468774195,-9.6));
#73 = CARTESIAN_POINT('',(5.945455842722,-30.40376186558,-9.6));
#74 = CARTESIAN_POINT('',(5.015166731522,-30.56775038985,-9.6));
#75 = CARTESIAN_POINT('',(4.079214006289,-30.69551160943,-9.6));
#76 = CARTESIAN_POINT('',(3.139720237803,-30.78683734186,-9.6));
#77 = ORIENTED_EDGE('',*,*,#78,.F.);
#78 = EDGE_CURVE('',#79,#22,#81,.T.);
#79 = VERTEX_POINT('',#80);
#80 = CARTESIAN_POINT('',(30.621565347126,4.892497170069,-38.83701658756
    ));
#81 = B_SPLINE_CURVE_WITH_KNOTS('',11,(#82,#83,#84,#85,#86,#87,#88,#89,
    #90,#91,#92,#93,#94,#95,#96,#97,#98,#99,#100,#101,#102,#103,#104,
    #105,#106,#107,#108,#109,#110,#111,#112,#113,#114,#115,#116,#117,
    #118,#119,#120,#121,#122,#123,#124,#125,#126,#127,#128,#129,#130,
    #131,#132,#133),.UNSPECIFIED.,.F.,.F.,(12,10,10,10,10,12),(
    -3.950138972391,5.70727970923,15.364698390851,25.022117072471,
    34.679535754092,36.206776449779),.UNSPECIFIED.);
#82 = CARTESIAN_POINT('',(30.763762538857,6.451923358061,-38.69357050308
    ));
#83 = CARTESIAN_POINT('',(30.684466619319,5.482203719848,-38.81836950252
    ));
#84 = CARTESIAN_POINT('',(30.591548538065,4.502051459517,-38.89654210357
    ));
#85 = CARTESIAN_POINT('',(30.485383782771,3.513890728804,-38.92443681853
    ));
#86 = CARTESIAN_POINT('',(30.366638712228,2.520765909134,-38.8986905438)
  );
#87 = CARTESIAN_POINT('',(30.236195497001,1.526072817188,-38.81609228817
    ));
#88 = CARTESIAN_POINT('',(30.09515705431,0.533598569834,-38.67357287468)
  );
#89 = CARTESIAN_POINT('',(29.944893519743,-0.452283893613,
    -38.46831005474));
#90 = CARTESIAN_POINT('',(29.787091793354,-1.426420634251,-38.1979384656
    ));
#91 = CARTESIAN_POINT('',(29.6237697037,-2.382834883535,-37.86085387122)
  );
#92 = CARTESIAN_POINT('',(29.457216327461,-3.314992562737,-37.4566011177
    ));
#93 = CARTESIAN_POINT('',(29.122423686793,-5.118065745217,
    -36.51606936594));
#94 = CARTESIAN_POINT('',(28.954193336383,-5.988938546552,
    -35.97979682591));
#95 = CARTESIAN_POINT('',(28.787537884812,-6.822605296434,
    -35.37849599739));
#96 = CARTESIAN_POINT('',(28.625156710869,-7.612097238747,
    -34.71597233093));
#97 = CARTESIAN_POINT('',(28.468992988199,-8.353709597871,
    -33.99217998885));
#98 = CARTESIAN_POINT('',(28.323153000356,-9.035499124432,
    -33.22404178143));
#99 = CARTESIAN_POINT('',(28.18702012387,-9.665774605444,-32.40334655645
    ));
#100 = CARTESIAN_POINT('',(28.064946658161,-10.23179761632,
    -31.55529702221));
#101 = CARTESIAN_POINT('',(27.95615314462,-10.74370625721,
    -30.67653650263));
#102 = CARTESIAN_POINT('',(27.862388462395,-11.20063207913,
    -29.77819805436));
#103 = CARTESIAN_POINT('',(27.705901738516,-12.01300871519,
    -27.95016500103));
#104 = CARTESIAN_POINT('',(27.643207340814,-12.36835526228,
    -27.02054758417));
#105 = CARTESIAN_POINT('',(27.596747025418,-12.67611999225,
    -26.08083567977));
#106 = CARTESIAN_POINT('',(27.567063733284,-12.94032730832,
    -25.13310334789));
#107 = CARTESIAN_POINT('',(27.554438298811,-13.16407070775,
    -24.18252119278));
#108 = CARTESIAN_POINT('',(27.559060694074,-13.35050368428,
    -23.22789381087));
#109 = CARTESIAN_POINT('',(27.580800636761,-13.50164400058,
    -22.27058690781));
#110 = CARTESIAN_POINT('',(27.61919640584,-13.61875432101,
    -21.31461354173));
#111 = CARTESIAN_POINT('',(27.673729528929,-13.7037275811,
    -20.35807744394));
#112 = CARTESIAN_POINT('',(27.743777006444,-13.75725285629,
    -19.40335929576));
#113 = CARTESIAN_POINT('',(27.91336083172,-13.80318588332,
    -17.49883765638));
#114 = CARTESIAN_POINT('',(28.012901932474,-13.79557985011,
    -16.5490627306));
#115 = CARTESIAN_POINT('',(28.126435285153,-13.758193394,-15.60274085838
    ));
#116 = CARTESIAN_POINT('',(28.253112719672,-13.69158574337,
    -14.66075749303));
#117 = CARTESIAN_POINT('',(28.392019920652,-13.59611422464,
    -13.72390781443));
#118 = CARTESIAN_POINT('',(28.542181045596,-13.47197007328,
    -12.79293719221));
#119 = CARTESIAN_POINT('',(28.702550991202,-13.31921541813,
    -11.86860154499));
#120 = CARTESIAN_POINT('',(28.872003414726,-13.13781778775,
    -10.95171845564));
#121 = CARTESIAN_POINT('',(29.04932263094,-12.92767849584,
    -10.04317990956));
#122 = CARTESIAN_POINT('',(29.233207491939,-12.68865125468,
    -9.143897516017));
#123 = CARTESIAN_POINT('',(29.452198047747,-12.37814896586,
    -8.114024126726));
#124 = CARTESIAN_POINT('',(29.482100727616,-12.33575055965,
    -7.973397175249));
#125 = CARTESIAN_POINT('',(29.512003407485,-12.29335215345,
    -7.832770223773));
#126 = CARTESIAN_POINT('',(29.541906087354,-12.25095374724,
    -7.692143272297));
#127 = CARTESIAN_POINT('',(29.571808767222,-12.20855534103,
    -7.55151632082));
#128 = CARTESIAN_POINT('',(29.601711447091,-12.16615693482,
    -7.410889369344));
#129 = CARTESIAN_POINT('',(29.631614126959,-12.12375852861,
    -7.270262417868));
#130 = CARTESIAN_POINT('',(29.661516806828,-12.0813601224,
    -7.129635466391));
#131 = CARTESIAN_POINT('',(29.691419486696,-12.03896171619,
    -6.989008514915));
#132 = CARTESIAN_POINT('',(29.721322166564,-11.99656330999,
    -6.848381563438));
#133 = CARTESIAN_POINT('',(29.751224846432,-11.95416490378,
    -6.707754611962));
#134 = ORIENTED_EDGE('',*,*,#135,.T.);
#135 = EDGE_CURVE('',#79,#136,#138,.T.);
#136 = VERTEX_POINT('',#137);
#137 = CARTESIAN_POINT('',(31.006918625192,13.505992755851,
    -36.72111178083));
#138 = ( BOUNDED_CURVE() B_SPLINE_CURVE(13,(#139,#140,#141,#142,#143,
    #144,#145,#146,#147,#148,#149,#150,#151,#152,#153,#154,#155,#156,
    #157,#158,#159,#160,#161,#162,#163,#164,#165,#166,#167,#168,#169,
    #170,#171,#172,#173,#174,#175,#176,#177,#178,#179,#180,#181,#182,
    #183,#184,#185,#186,#187,#188),.UNSPECIFIED.,.F.,.F.) 
B_SPLINE_CURVE_WITH_KNOTS((14,12,12,12,14),(-1.891584720168,
    3.088253024222,8.068090768612,13.047928513002,18.027766257392),
.UNSPECIFIED.) CURVE() GEOMETRIC_REPRESENTATION_ITEM() 
RATIONAL_B_SPLINE_CURVE((1.,1.,0.999999999999,1.000000000002,
    0.999999999996,1.000000000007,0.999999999992,1.000000000008,
    0.999999999994,1.000000000004,0.999999999998,1.000000000001,1.,1.,
    0.999999999999,1.000000000003,0.999999999995,1.000000000008,
    0.999999999991,1.000000000009,0.999999999993,1.000000000005,
    0.999999999998,1.000000000001,1.,1.,1.,0.999999999999,1.000000000003
    ,0.999999999996,1.000000000006,0.999999999994,1.000000000004,
    0.999999999997,1.000000000001,1.,1.,1.,1.,1.000000000001,
    0.999999999997,1.000000000003,0.999999999996,1.000000000003,
    0.999999999998,1.000000000001,0.999999999999,1.,1.,1.)) 
REPRESENTATION_ITEM('') );
#139 = CARTESIAN_POINT('',(30.655177255841,-0.2630380928,-36.20508796777
    ));
#140 = CARTESIAN_POINT('',(30.647241897172,2.914608107365E-02,
    -36.46931938781));
#141 = CARTESIAN_POINT('',(30.639702893765,0.335382205853,
    -36.72738282515));
#142 = CARTESIAN_POINT('',(30.632642219235,0.657918118116,
    -36.97928856269));
#143 = CARTESIAN_POINT('',(30.626276667697,0.988011829579,
    -37.21848252419));
#144 = CARTESIAN_POINT('',(30.620403298684,1.353361972568,
    -37.46044933763));
#145 = CARTESIAN_POINT('',(30.615865106034,1.69839227415,-37.66865339337
    ));
#146 = CARTESIAN_POINT('',(30.61172438948,2.102138846163,-37.89399494518
    ));
#147 = CARTESIAN_POINT('',(30.609317724608,2.490259378367,
    -38.08119655644));
#148 = CARTESIAN_POINT('',(30.607897141721,2.907524519922,
    -38.26607261465));
#149 = CARTESIAN_POINT('',(30.608139762522,3.33735924772,-38.42897016507
    ));
#150 = CARTESIAN_POINT('',(30.609999308263,3.781140049995,
    -38.57365760769));
#151 = CARTESIAN_POINT('',(30.613659835298,4.237490611297,
    -38.69714682001));
#152 = CARTESIAN_POINT('',(30.624734246054,5.170653880329,
    -38.89906017413));
#153 = CARTESIAN_POINT('',(30.632150551613,5.647546103273,-38.9774735418
    ));
#154 = CARTESIAN_POINT('',(30.641520863182,6.132174789393,
    -39.03183643692));
#155 = CARTESIAN_POINT('',(30.652911098014,6.622756867452,
    -39.06095510919));
#156 = CARTESIAN_POINT('',(30.666281368759,7.11513395041,-39.06405048225
    ));
#157 = CARTESIAN_POINT('',(30.681552429106,7.606103752688,
    -39.04101416225));
#158 = CARTESIAN_POINT('',(30.698590805238,8.092791231517,
    -38.99240914741));
#159 = CARTESIAN_POINT('',(30.717191233,8.57186832446,-38.91944782896));
#160 = CARTESIAN_POINT('',(30.737117666086,9.040575232079,
    -38.82385878434));
#161 = CARTESIAN_POINT('',(30.758160929552,9.497519718981,
    -38.70752299332));
#162 = CARTESIAN_POINT('',(30.780136880805,9.941663042655,-38.5722306425
    ));
#163 = CARTESIAN_POINT('',(30.802838623411,10.371797890252,
    -38.42005007917));
#164 = CARTESIAN_POINT('',(30.849411206843,11.203738076565,
    -38.08542277799));
#165 = CARTESIAN_POINT('',(30.873278008642,11.60548117814,
    -37.90300275937));
#166 = CARTESIAN_POINT('',(30.897581770433,11.992745055748,
    -37.70722038611));
#167 = CARTESIAN_POINT('',(30.922184842859,12.36537523194,
    -37.49988589367));
#168 = CARTESIAN_POINT('',(30.946982979015,12.723548846439,
    -37.28265366419));
#169 = CARTESIAN_POINT('',(30.971909371563,13.067759166924,
    -37.05695683675));
#170 = CARTESIAN_POINT('',(30.996926924563,13.398694514425,
    -36.82402288904));
#171 = CARTESIAN_POINT('',(31.022017328319,13.717112399447,
    -36.58491491326));
#172 = CARTESIAN_POINT('',(31.047172374264,14.023766699861,
    -36.34056374454));
#173 = CARTESIAN_POINT('',(31.072389815881,14.319402739696,
    -36.09177653748));
#174 = CARTESIAN_POINT('',(31.09767295042,14.604792164198,
    -35.83922782156));
#175 = CARTESIAN_POINT('',(31.123029965081,14.880736534482,
    -35.58345950354));
#176 = CARTESIAN_POINT('',(31.173901955257,15.415114665981,
    -35.06641393738));
#177 = CARTESIAN_POINT('',(31.199418459835,15.673563815019,
    -34.8051222807));
#178 = CARTESIAN_POINT('',(31.22500761408,15.923900463518,
    -34.54166824609));
#179 = CARTESIAN_POINT('',(31.250763149696,16.167413007568,
    -34.27554353202));
#180 = CARTESIAN_POINT('',(31.276412013639,16.40277088274,
    -34.00977824185));
#181 = CARTESIAN_POINT('',(31.30252215322,16.634612808559,
    -33.73910664675));
#182 = CARTESIAN_POINT('',(31.328497466106,16.859099563837,
    -33.46943339613));
#183 = CARTESIAN_POINT('',(31.354455594528,17.077483207769,
    -33.1998858803));
#184 = CARTESIAN_POINT('',(31.380935563729,17.294080794595,
    -32.92536288759));
#185 = CARTESIAN_POINT('',(31.407133906513,17.503555504465,
    -32.65348592937));
#186 = CARTESIAN_POINT('',(31.433588635121,17.71011211851,
    -32.37924036355));
#187 = CARTESIAN_POINT('',(31.460064751942,17.912378764442,
    -32.1048158203));
#188 = CARTESIAN_POINT('',(31.486603935101,18.110955647157,
    -31.82979767642));
#189 = ORIENTED_EDGE('',*,*,#190,.F.);
#190 = EDGE_CURVE('',#191,#136,#193,.T.);
#191 = VERTEX_POINT('',#192);
#192 = CARTESIAN_POINT('',(31.612246887806,71.341373452218,
    -10.67476972367));
#193 = B_SPLINE_CURVE_WITH_KNOTS('',11,(#194,#195,#196,#197,#198,#199,
    #200,#201,#202,#203,#204,#205,#206,#207,#208,#209,#210,#211,#212,
    #213,#214,#215,#216,#217,#218,#219,#220,#221,#222,#223,#224,#225,
    #226,#227,#228,#229,#230,#231,#232,#233,#234,#235,#236,#237,#238,
    #239,#240,#241,#242,#243,#244,#245),.UNSPECIFIED.,.F.,.F.,(12,10,10,
    10,10,12),(-7.931503449746,-5.340392733937,27.482869715565,
    43.894500940316,52.100316552691,60.306132165067),.UNSPECIFIED.);
#194 = CARTESIAN_POINT('',(31.852788105923,73.689784138688,
    -9.494383069987));
#195 = CARTESIAN_POINT('',(31.830920722457,73.476292258099,
    -9.601690947595));
#196 = CARTESIAN_POINT('',(31.809053338992,73.262800377511,
    -9.708998825203));
#197 = CARTESIAN_POINT('',(31.787185955527,73.049308496922,
    -9.816306702811));
#198 = CARTESIAN_POINT('',(31.765318572061,72.835816616333,
    -9.923614580419));
#199 = CARTESIAN_POINT('',(31.743451188596,72.622324735745,
    -10.03092245802));
#200 = CARTESIAN_POINT('',(31.721583805131,72.408832855157,
    -10.13823033563));
#201 = CARTESIAN_POINT('',(31.699716421666,72.195340974569,
    -10.24553821324));
#202 = CARTESIAN_POINT('',(31.677849038201,71.981849093981,
    -10.35284609085));
#203 = CARTESIAN_POINT('',(31.655981654736,71.768357213393,
    -10.46015396845));
#204 = CARTESIAN_POINT('',(31.634114271271,71.554865332805,
    -10.56746184606));
#205 = CARTESIAN_POINT('',(31.335238706653,68.636934778637,
    -12.03410748108));
#206 = CARTESIAN_POINT('',(31.041653855735,65.909900648448,
    -13.32395529645));
#207 = CARTESIAN_POINT('',(30.748228083297,63.164713312025,
    -14.55660893462));
#208 = CARTESIAN_POINT('',(30.469377266386,60.40931699798,
    -15.74180020076));
#209 = CARTESIAN_POINT('',(30.215613737969,57.64534645579,
    -16.89493333126));
#210 = CARTESIAN_POINT('',(29.996384333718,54.879694314687,
    -18.02479262216));
#211 = CARTESIAN_POINT('',(29.817598234087,52.11684950905,
    -19.14543955314));
#212 = CARTESIAN_POINT('',(29.68372316422,49.360128817061,
    -20.26665105091));
#213 = CARTESIAN_POINT('',(29.597216140017,46.614481321128,
    -21.39829854765));
#214 = CARTESIAN_POINT('',(29.558804380424,43.882257447184,
    -22.54800174107));
#215 = CARTESIAN_POINT('',(29.571574249901,39.806432383885,
    -24.30747469478));
#216 = CARTESIAN_POINT('',(29.587557254032,38.451567246939,
    -24.89978429908));
#217 = CARTESIAN_POINT('',(29.615132247833,37.100617252058,-25.498577203
    ));
#218 = CARTESIAN_POINT('',(29.654025692577,35.75364744406,-26.1043601654
    ));
#219 = CARTESIAN_POINT('',(29.70383752793,34.410608980678,
    -26.71747195699));
#220 = CARTESIAN_POINT('',(29.764039620575,33.071323558222,
    -27.33807147326));
#221 = CARTESIAN_POINT('',(29.833960028135,31.735459261172,
    -27.96612402093));
#222 = CARTESIAN_POINT('',(29.9127530882,30.402497847545,-28.60138578651
    ));
#223 = CARTESIAN_POINT('',(29.999355321935,29.071693457323,
    -29.24338647773));
#224 = CARTESIAN_POINT('',(30.092427161616,27.74202275522,
    -29.89141014606));
#225 = CARTESIAN_POINT('',(30.239207162044,25.747178371697,
    -30.8710062034));
#226 = CARTESIAN_POINT('',(30.289327527174,25.082166826171,
    -31.19879576357));
#227 = CARTESIAN_POINT('',(30.340427594862,24.416932831381,
    -31.52772495629));
#228 = CARTESIAN_POINT('',(30.39226815154,23.751273966415,
    -31.85764757057));
#229 = CARTESIAN_POINT('',(30.444581843448,23.084955195832,
    -32.18839947833));
#230 = CARTESIAN_POINT('',(30.497067457649,22.417709856813,
    -32.51980139361));
#231 = CARTESIAN_POINT('',(30.549381407867,21.749230859714,
    -32.85165400667));
#232 = CARTESIAN_POINT('',(30.601126423415,21.079152100762,
    -33.18372549157));
#233 = CARTESIAN_POINT('',(30.651837442933,20.407020088091,
    -33.5157313887));
#234 = CARTESIAN_POINT('',(30.700964711525,19.732255780203,
    -33.84730686104));
#235 = CARTESIAN_POINT('',(30.794743452987,18.375957494621,
    -34.50863578886));
#236 = CARTESIAN_POINT('',(30.839402220089,17.694306208101,
    -34.83843676615));
#237 = CARTESIAN_POINT('',(30.881138599231,17.009032084739,
    -35.16657952612));
#238 = CARTESIAN_POINT('',(30.919338656301,16.31714506581,
    -35.49338192781));
#239 = CARTESIAN_POINT('',(30.952986573658,15.619160688897,
    -35.81712394265));
#240 = CARTESIAN_POINT('',(30.980957146569,14.915660648453,
    -36.13569902129));
#241 = CARTESIAN_POINT('',(31.002250798116,14.205363809659,
    -36.44702566142));
#242 = CARTESIAN_POINT('',(31.016040060507,13.486417175423,
    -36.74809316349));
#243 = CARTESIAN_POINT('',(31.021701128952,12.757977475488,
    -37.03484792971));
#244 = CARTESIAN_POINT('',(31.018914732953,12.019491741153,
    -37.30387574973));
#245 = CARTESIAN_POINT('',(31.007437205314,11.270399446456,
    -37.55200134114));
#246 = ORIENTED_EDGE('',*,*,#247,.T.);
#247 = EDGE_CURVE('',#191,#248,#250,.T.);
#248 = VERTEX_POINT('',#249);
#249 = CARTESIAN_POINT('',(25.902064401589,77.18580111393,
    -22.26804675352));
#250 = B_SPLINE_CURVE_WITH_KNOTS('',5,(#251,#252,#253,#254,#255,#256,
    #257,#258,#259,#260,#261,#262,#263,#264,#265,#266,#267,#268,#269,
    #270,#271,#272,#273,#274,#275,#276,#277,#278,#279,#280,#281,#282,
    #283,#284),.UNSPECIFIED.,.F.,.F.,(6,4,4,4,4,4,4,4,6),(0.,
    9.475172898483E-02,0.189363853403,0.284010997467,0.37830643047,
    0.541730707989,0.700729434874,0.853692377958,1.),.UNSPECIFIED.);
#251 = CARTESIAN_POINT('',(32.227986812885,70.187412982701,
    -7.453284284488));
#252 = CARTESIAN_POINT('',(32.172273380875,70.30235288484,
    -7.867497513106));
#253 = CARTESIAN_POINT('',(32.109487961238,70.429109561139,
    -8.279584581648));
#254 = CARTESIAN_POINT('',(32.039682380245,70.566379574863,
    -8.689418607542));
#255 = CARTESIAN_POINT('',(31.962917685598,70.712811256606,
    -9.096974576219));
#256 = CARTESIAN_POINT('',(31.795676511126,71.021375236224,
    -9.907017107307));
#257 = CARTESIAN_POINT('',(31.705221550699,71.183481597165,
    -10.30950477759));
#258 = CARTESIAN_POINT('',(31.60791203713,71.352326468474,
    -10.70980193563));
#259 = CARTESIAN_POINT('',(31.5037789015,71.526838018058,-11.10797811906
    ));
#260 = CARTESIAN_POINT('',(31.281837770185,71.885430710145,
    -11.90040966776));
#261 = CARTESIAN_POINT('',(31.164026009974,72.069513041687,-12.294659013
    ));
#262 = CARTESIAN_POINT('',(31.039401219898,72.257428118696,
    -12.68695404167));
#263 = CARTESIAN_POINT('',(30.90795595257,72.448392201151,
    -13.07736813534));
#264 = CARTESIAN_POINT('',(30.631881843002,72.834346369714,
    -13.85312543329));
#265 = CARTESIAN_POINT('',(30.487304707568,73.029317518954,
    -14.23847957267));
#266 = CARTESIAN_POINT('',(30.335903251573,73.225971512159,
    -14.62209630486));
#267 = CARTESIAN_POINT('',(30.177635760793,73.423733151037,
    -15.00401896417));
#268 = CARTESIAN_POINT('',(29.726146301801,73.965859907807,
    -16.04330642804));
#269 = CARTESIAN_POINT('',(29.41905341094,74.311408501596,
    -16.69732627554));
#270 = CARTESIAN_POINT('',(29.090851412209,74.656069838757,
    -17.34650097764));
#271 = CARTESIAN_POINT('',(28.741116556654,74.997663266479,
    -17.99077425058));
#272 = CARTESIAN_POINT('',(28.00750732869,75.661442354532,
    -19.25183884836));
#273 = CARTESIAN_POINT('',(27.624821822062,75.983896382458,
    -19.86888822429));
#274 = CARTESIAN_POINT('',(27.220692452265,76.299560098396,
    -20.48093840321));
#275 = CARTESIAN_POINT('',(26.794506656656,76.606578747438,
    -21.08761705386));
#276 = CARTESIAN_POINT('',(25.913604500817,77.188018187313,
    -22.26637216298));
#277 = CARTESIAN_POINT('',(25.460597119312,77.463226472556,
    -22.83887200869));
#278 = CARTESIAN_POINT('',(24.985854345735,77.72674593389,
    -23.40543729496));
#279 = CARTESIAN_POINT('',(24.488688889068,77.976580321658,
    -23.9653733134));
#280 = CARTESIAN_POINT('',(23.470711165532,78.433968462131,
    -25.04617148291));
#281 = CARTESIAN_POINT('',(22.951889477917,78.642879509629,
    -25.56765151377));
#282 = CARTESIAN_POINT('',(22.411277667971,78.835024263662,
    -26.0814649562));
#283 = CARTESIAN_POINT('',(21.848335716338,79.007957382017,
    -26.5865355179));
#284 = CARTESIAN_POINT('',(21.262721856914,79.158725389422,
    -27.08155274639));
#285 = ORIENTED_EDGE('',*,*,#286,.F.);
#286 = EDGE_CURVE('',#287,#248,#289,.T.);
#287 = VERTEX_POINT('',#288);
#288 = CARTESIAN_POINT('',(22.122838632028,71.106750545864,-26.7685));
#289 = B_SPLINE_CURVE_WITH_KNOTS('',8,(#290,#291,#292,#293,#294,#295,
    #296,#297,#298,#299,#300,#301,#302,#303,#304,#305,#306,#307,#308,
    #309,#310,#311,#312,#313,#314,#315,#316,#317,#318,#319,#320,#321,
    #322,#323,#324,#325,#326,#327,#328,#329,#330,#331,#332,#333,#334,
    #335,#336,#337,#338,#339,#340,#341,#342,#343,#344,#345,#346,#347,
    #348,#349,#350,#351,#352,#353,#354,#355,#356,#357,#358,#359,#360,
    #361,#362,#363,#364,#365,#366,#367,#368,#369,#370,#371,#372,#373,
    #374,#375,#376,#377,#378,#379,#380,#381,#382,#383,#384,#385,#386,
    #387,#388,#389,#390,#391,#392,#393,#394,#395,#396,#397,#398,#399,
    #400,#401,#402,#403,#404,#405,#406,#407,#408,#409,#410,#411,#412,
    #413,#414,#415,#416,#417,#418,#419,#420,#421,#422,#423,#424,#425,
    #426,#427,#428,#429,#430,#431,#432,#433,#434,#435,#436,#437,#438,
    #439,#440,#441,#442,#443,#444,#445,#446,#447,#448,#449,#450,#451,
    #452,#453,#454,#455,#456,#457,#458,#459,#460,#461,#462,#463,#464,
    #465,#466,#467,#468,#469,#470,#471,#472,#473,#474,#475,#476,#477,
    #478,#479,#480,#481,#482,#483,#484,#485,#486,#487,#488,#489,#490,
    #491,#492,#493,#494,#495,#496,#497,#498,#499,#500,#501,#502,#503,
    #504,#505,#506,#507,#508,#509,#510,#511,#512,#513,#514,#515,#516,
    #517,#518,#519,#520,#521,#522,#523,#524,#525,#526,#527,#528,#529,
    #530,#531,#532,#533,#534,#535,#536,#537,#538,#539,#540,#541,#542,
    #543,#544,#545,#546,#547,#548,#549,#550,#551,#552,#553,#554,#555,
    #556,#557,#558,#559,#560,#561,#562,#563,#564,#565,#566,#567,#568,
    #569,#570,#571,#572,#573,#574,#575,#576,#577,#578,#579,#580,#581,
    #582,#583,#584,#585,#586,#587,#588,#589,#590,#591,#592,#593,#594,
    #595,#596,#597,#598,#599,#600,#601,#602,#603,#604,#605,#606,#607,
    #608,#609,#610,#611,#612,#613,#614,#615,#616,#617,#618,#619,#620,
    #621,#622,#623,#624,#625,#626,#627,#628,#629,#630,#631,#632,#633,
    #634,#635,#636,#637,#638,#639,#640,#641,#642,#643,#644,#645,#646,
    #647,#648,#649,#650,#651,#652,#653,#654,#655,#656,#657,#658,#659,
    #660,#661,#662,#663,#664,#665,#666,#667,#668,#669,#670,#671,#672,
    #673,#674,#675,#676,#677,#678,#679,#680,#681,#682,#683,#684,#685,
    #686,#687,#688,#689,#690,#691,#692,#693,#694,#695,#696,#697,#698,
    #699,#700,#701,#702,#703,#704,#705,#706,#707,#708,#709,#710,#711),
  .UNSPECIFIED.,.F.,.F.,(9,7,7,7,7,7,7,7,7,7,7,7,7,7,7,7,7,7,7,7,7,7,7,7
    ,7,7,7,7,7,7,7,7,7,7,7,7,7,7,7,7,7,7,7,7,7,7,7,7,7,7,7,7,7,7,7,7,7,7
    ,7,7,9),(0.,3.196060575592E-02,6.108860878147E-02,8.775759814332E-02
    ,0.113022687916,0.127275967758,0.139578093275,0.147809960114,
    0.154737854367,0.160093437587,0.164159132137,0.167195950687,
    0.169233959641,0.175240174306,0.183147942006,0.192949172775,
    0.20222638684,0.231975959666,0.264625094753,0.284548834842,
    0.321260897227,0.334896274289,0.350206456279,0.373867755473,
    0.416015529446,0.44987429432,0.464696549066,0.477530929499,
    0.484831100825,0.500008036973,0.522483104923,0.535522864219,
    0.550328926956,0.584186250269,0.626270676804,0.650007089376,
    0.665295236335,0.678931387129,0.704691911241,0.722446138921,
    0.744099243961,0.763849171328,0.782072891433,0.797944634256,
    0.811939394132,0.820988541848,0.82790648623,0.832166169323,
    0.835998663018,0.838918604464,0.841047704234,0.846879697955,
    0.854118017179,0.862503528669,0.872903590843,0.889398741487,
    0.906137596153,0.923410545849,0.941457541703,0.968652086835,1.),
  .UNSPECIFIED.);
#290 = CARTESIAN_POINT('',(-27.32426534863,79.867001553835,
    -20.19084222825));
#291 = CARTESIAN_POINT('',(-26.88391991622,78.988823088679,
    -20.88007847228));
#292 = CARTESIAN_POINT('',(-26.42764595029,78.117347401844,
    -21.55748274439));
#293 = CARTESIAN_POINT('',(-25.95628428244,77.252637505913,
    -22.22307598437));
#294 = CARTESIAN_POINT('',(-25.47063290185,76.394725022461,
    -22.87690961374));
#295 = CARTESIAN_POINT('',(-24.97144656952,75.543609407888,
    -23.51906394004));
#296 = CARTESIAN_POINT('',(-24.45943643247,74.699257179265,
    -24.14964656106));
#297 = CARTESIAN_POINT('',(-23.93526963791,73.861601140166,
    -24.76879076908));
#298 = CARTESIAN_POINT('',(-22.91134630711,72.273133346705,
    -25.93064347762));
#299 = CARTESIAN_POINT('',(-22.41354985821,71.521214320931,
    -26.47525581788));
#300 = CARTESIAN_POINT('',(-21.90665452137,70.77470895423,
    -27.01060760683));
#301 = CARTESIAN_POINT('',(-21.39111218635,70.033531817821,
    -27.53682366718));
#302 = CARTESIAN_POINT('',(-20.86735339233,69.297583507744,
    -28.05403743088));
#303 = CARTESIAN_POINT('',(-20.33578900821,68.566748523495,
    -28.56239135661));
#304 = CARTESIAN_POINT('',(-19.7968119129,67.840893146672,
    -29.06203734722));
#305 = CARTESIAN_POINT('',(-18.75088039389,66.459703514944,
    -30.00277787427));
#306 = CARTESIAN_POINT('',(-18.24506597934,65.803591365578,
    -30.44525271557));
#307 = CARTESIAN_POINT('',(-17.73364638505,65.151410690839,
    -30.88068442038));
#308 = CARTESIAN_POINT('',(-17.21690481313,64.503032898108,
    -31.30920108214));
#309 = CARTESIAN_POINT('',(-16.69511779783,63.858315571317,
    -31.73093660788));
#310 = CARTESIAN_POINT('',(-16.16855812041,63.217098729625,
    -32.14603219989));
#311 = CARTESIAN_POINT('',(-15.63749955566,62.57919875627,-32.5546388699
    ));
#312 = CARTESIAN_POINT('',(-14.59512516172,61.343018092641,
    -33.33802630737));
#313 = CARTESIAN_POINT('',(-14.08424066912,60.744418291922,
    -33.71345617874));
#314 = CARTESIAN_POINT('',(-13.56981169769,60.148418994154,
    -34.08334910109));
#315 = CARTESIAN_POINT('',(-13.05208516919,59.554812678311,
    -34.44785460271));
#316 = CARTESIAN_POINT('',(-12.53132183172,58.963353764226,
    -34.80713864751));
#317 = CARTESIAN_POINT('',(-12.00780229031,58.373750152331,
    -35.16138727132));
#318 = CARTESIAN_POINT('',(-11.48184425189,57.785639347482,
    -35.51081739892));
#319 = CARTESIAN_POINT('',(-10.65597433628,56.867312851556,
    -36.05027117528));
#320 = CARTESIAN_POINT('',(-10.35745431936,56.536414303093,
    -36.24339247738));
#321 = CARTESIAN_POINT('',(-10.05835561616,56.205746459468,
    -36.43511694316));
#322 = CARTESIAN_POINT('',(-9.758758105156,55.87520669082,
    -36.62550043791));
#323 = CARTESIAN_POINT('',(-9.458751708934,55.544676222025,
    -36.81460612847));
#324 = CARTESIAN_POINT('',(-9.158440720784,55.214013926259,
    -37.00250737012));
#325 = CARTESIAN_POINT('',(-8.857951423923,54.88304539445,
    -37.18929280239));
#326 = CARTESIAN_POINT('',(-8.298071662031,54.265428475026,
    -37.53542266685));
#327 = CARTESIAN_POINT('',(-8.038688643947,53.978917908834,
    -37.69502176336));
#328 = CARTESIAN_POINT('',(-7.779394414134,53.691868482284,
    -37.85394437543));
#329 = CARTESIAN_POINT('',(-7.520309723772,53.404108558213,
    -38.01227497628));
#330 = CARTESIAN_POINT('',(-7.261584822152,53.115428871545,
    -38.17011524496));
#331 = CARTESIAN_POINT('',(-7.00340686849,52.825571958542,-38.3275890797
    ));
#332 = CARTESIAN_POINT('',(-6.746018709324,52.534205363347,
    -38.48485516308));
#333 = CARTESIAN_POINT('',(-6.318290228061,52.044570143963,
    -38.74737882437));
#334 = CARTESIAN_POINT('',(-6.147331561669,51.847401232128,
    -38.8526246621));
#335 = CARTESIAN_POINT('',(-5.976983024567,51.649208837297,
    -38.95794205524));
#336 = CARTESIAN_POINT('',(-5.807370061983,51.44982339877,
    -39.06341097404));
#337 = CARTESIAN_POINT('',(-5.638648156802,51.249048053105,
    -39.16912369856));
#338 = CARTESIAN_POINT('',(-5.471013803906,51.046643826115,
    -39.27519180505));
#339 = CARTESIAN_POINT('',(-5.30472503003,50.842302065425,
    -39.38175903941));
#340 = CARTESIAN_POINT('',(-5.001610407185,50.461648244226,
    -39.57929038259));
#341 = CARTESIAN_POINT('',(-4.864321908789,50.286063244538,
    -39.67003147768));
#342 = CARTESIAN_POINT('',(-4.728447278791,50.10856396728,
    -39.76137804541));
#343 = CARTESIAN_POINT('',(-4.594242709829,49.92884405594,
    -39.85347231781));
#344 = CARTESIAN_POINT('',(-4.462063020003,49.746549078529,
    -39.9464768306));
#345 = CARTESIAN_POINT('',(-4.332379184009,49.561256054518,
    -40.04058441777));
#346 = CARTESIAN_POINT('',(-4.205825245306,49.372418610576,
    -40.13604379871));
#347 = CARTESIAN_POINT('',(-3.988600406242,49.029898666528,
    -40.30834012838));
#348 = CARTESIAN_POINT('',(-3.896394513732,48.87810600936,
    -40.38441527285));
#349 = CARTESIAN_POINT('',(-3.807030066911,48.7233815045,-40.46166804597
    ));
#350 = CARTESIAN_POINT('',(-3.72105000862,48.565295694416,
    -40.54029222551));
#351 = CARTESIAN_POINT('',(-3.639215577513,48.403454988531,
    -40.62045858922));
#352 = CARTESIAN_POINT('',(-3.562542315682,48.237472152024,
    -40.70232949563));
#353 = CARTESIAN_POINT('',(-3.492328832591,48.066941588675,
    -40.78607043822));
#354 = CARTESIAN_POINT('',(-3.382943317315,47.758210531382,
    -40.93696554706));
#355 = CARTESIAN_POINT('',(-3.34036352074,47.622104395493,-41.0032624143
    ));
#356 = CARTESIAN_POINT('',(-3.303173156505,47.483145721163,
    -41.07070972212));
#357 = CARTESIAN_POINT('',(-3.272221786994,47.341499423707,
    -41.13920903769));
#358 = CARTESIAN_POINT('',(-3.248394879719,47.197488319227,
    -41.20858639007));
#359 = CARTESIAN_POINT('',(-3.232466302442,47.051631206738,
    -41.27857673098));
#360 = CARTESIAN_POINT('',(-3.224908793788,46.904695055233,
    -41.34880291146));
#361 = CARTESIAN_POINT('',(-3.226323848535,46.647996353829,
    -41.47100229361));
#362 = CARTESIAN_POINT('',(-3.231597315277,46.538191733771,
    -41.52311859355));
#363 = CARTESIAN_POINT('',(-3.241547090632,46.428783611314,
    -41.57489035407));
#364 = CARTESIAN_POINT('',(-3.256032021279,46.320130861356,
    -41.62614980439));
#365 = CARTESIAN_POINT('',(-3.274802861733,46.212517637119,
    -41.67676720872));
#366 = CARTESIAN_POINT('',(-3.297540712645,46.106162890969,
    -41.72664542165));
#367 = CARTESIAN_POINT('',(-3.323892959972,46.001228451144,
    -41.77571529364));
#368 = CARTESIAN_POINT('',(-3.373380506328,45.828432036664,
    -41.85629010979));
#369 = CARTESIAN_POINT('',(-3.394728067074,45.759711509873,
    -41.88827180983));
#370 = CARTESIAN_POINT('',(-3.417447860728,45.691680876379,
    -41.9198712727));
#371 = CARTESIAN_POINT('',(-3.44144073517,45.624347435004,
    -41.95108721596));
#372 = CARTESIAN_POINT('',(-3.466611651785,45.557709930499,
    -41.98192233173));
#373 = CARTESIAN_POINT('',(-3.49287141454,45.491759502989,
    -42.01238278936));
#374 = CARTESIAN_POINT('',(-3.520138399049,45.426480637434,
    -42.04247773822));
#375 = CARTESIAN_POINT('',(-3.631454028764,45.171385437221,
    -42.15986870195));
#376 = CARTESIAN_POINT('',(-3.722600494043,44.986762049305,
    -42.24435546818));
#377 = CARTESIAN_POINT('',(-3.81999267568,44.807172267774,
    -42.32610121204));
#378 = CARTESIAN_POINT('',(-3.922280757524,44.631996819154,
    -42.40542796007));
#379 = CARTESIAN_POINT('',(-4.02845756136,44.460717318446,
    -42.48260289644));
#380 = CARTESIAN_POINT('',(-4.137789257894,44.292850083675,
    -42.55787097904));
#381 = CARTESIAN_POINT('',(-4.249771336447,44.127903284575,
    -42.6314749376));
#382 = CARTESIAN_POINT('',(-4.514647621849,43.751349940425,
    -42.79870482657));
#383 = CARTESIAN_POINT('',(-4.669084733125,43.541765823196,
    -42.89117600543));
#384 = CARTESIAN_POINT('',(-4.826522438913,43.335695497565,
    -42.98152233598));
#385 = CARTESIAN_POINT('',(-4.986350061885,43.132535433919,
    -43.07003898376));
#386 = CARTESIAN_POINT('',(-5.148117860912,42.931825466277,
    -43.15695004339));
#387 = CARTESIAN_POINT('',(-5.311487453752,42.733184509042,
    -43.24243959446));
#388 = CARTESIAN_POINT('',(-5.476216001153,42.536289650179,
    -43.32666127066));
#389 = CARTESIAN_POINT('',(-5.84777185964,42.098599270514,
    -43.51274208617));
#390 = CARTESIAN_POINT('',(-6.055187324397,41.858637264102,
    -43.61397161071));
#391 = CARTESIAN_POINT('',(-6.263996825291,41.620452438887,
    -43.71368080017));
#392 = CARTESIAN_POINT('',(-6.473926105636,41.383680483772,
    -43.81203907744));
#393 = CARTESIAN_POINT('',(-6.684762550757,41.148033158361,
    -43.90917820603));
#394 = CARTESIAN_POINT('',(-6.896335859286,40.913269732704,
    -44.00520600367));
#395 = CARTESIAN_POINT('',(-7.108510208552,40.67918533141,-44.1002117842
    ));
#396 = CARTESIAN_POINT('',(-7.522469197767,40.224497107573,
    -44.28330524723));
#397 = CARTESIAN_POINT('',(-7.724197388099,40.003847666695,
    -44.37148881755));
#398 = CARTESIAN_POINT('',(-7.92626078428,39.783499013754,
    -44.45888707629));
#399 = CARTESIAN_POINT('',(-8.128576624927,39.563324565378,
    -44.54555171656));
#400 = CARTESIAN_POINT('',(-8.331073461818,39.343213900635,
    -44.63152598953));
#401 = CARTESIAN_POINT('',(-8.533687944259,39.123067780553,
    -44.71684706484));
#402 = CARTESIAN_POINT('',(-8.736362790255,38.902794994076,
    -44.80154749878));
#403 = CARTESIAN_POINT('',(-9.58899723529,37.975277250088,
    -45.15536892683));
#404 = CARTESIAN_POINT('',(-10.23898392129,37.266125202313,
    -45.41897290005));
#405 = CARTESIAN_POINT('',(-10.88732845236,36.552020933632,
    -45.67742822769));
#406 = CARTESIAN_POINT('',(-11.53276674438,35.830892443449,
    -45.93125214925));
#407 = CARTESIAN_POINT('',(-12.17402365138,35.100772601411,
    -46.18082247886));
#408 = CARTESIAN_POINT('',(-12.80981137751,34.359791493892,
    -46.42636615055));
#409 = CARTESIAN_POINT('',(-13.43871873516,33.605996677986,
    -46.66801878791));
#410 = CARTESIAN_POINT('',(-14.7401560991,31.993735430639,
    -47.16676605392));
#411 = CARTESIAN_POINT('',(-15.4108398079,31.132379725352,
    -47.42302317439));
#412 = CARTESIAN_POINT('',(-16.06930060651,30.250435098479,
    -47.67464486763));
#413 = CARTESIAN_POINT('',(-16.71313538981,29.345170842532,
    -47.92145504307));
#414 = CARTESIAN_POINT('',(-17.33948863232,28.413935445612,
    -48.16303431756));
#415 = CARTESIAN_POINT('',(-17.94502791749,27.454118601244,
    -48.39870348891));
#416 = CARTESIAN_POINT('',(-18.52626124196,26.463533882249,
    -48.62741933234));
#417 = CARTESIAN_POINT('',(-19.41753539998,24.81661426453,
    -48.98229829828));
#418 = CARTESIAN_POINT('',(-19.74494142724,24.180555105432,
    -49.11367227422));
#419 = CARTESIAN_POINT('',(-20.06116462149,23.532338248864,
    -49.24160212178));
#420 = CARTESIAN_POINT('',(-20.36539944925,22.871847140211,
    -49.36571371605));
#421 = CARTESIAN_POINT('',(-20.65687811617,22.199110383694,
    -49.48559358475));
#422 = CARTESIAN_POINT('',(-20.93488170311,21.514314739257,
    -49.60080023666));
#423 = CARTESIAN_POINT('',(-21.19873850886,20.817807258361,
    -49.71088032961));
#424 = CARTESIAN_POINT('',(-21.90675522745,18.806019834225,
    -50.00796164077));
#425 = CARTESIAN_POINT('',(-22.31560729621,17.463579305353,
    -50.18166377765));
#426 = CARTESIAN_POINT('',(-22.67026618818,16.086035216362,
    -50.33367167728));
#427 = CARTESIAN_POINT('',(-22.96735428695,14.677791835501,
    -50.46136230594));
#428 = CARTESIAN_POINT('',(-23.20370607814,13.244180819788,
    -50.56261012903));
#429 = CARTESIAN_POINT('',(-23.37629095661,11.791418454595,
    -50.63604465938));
#430 = CARTESIAN_POINT('',(-23.48245461003,10.326684421887,
    -50.68123709257));
#431 = CARTESIAN_POINT('',(-23.53444524561,8.312893573658,
    -50.70530074151));
#432 = CARTESIAN_POINT('',(-23.53911609413,7.766975098683,
    -50.70799895474));
#433 = CARTESIAN_POINT('',(-23.53456917068,7.220943913541,
    -50.70660709745));
#434 = CARTESIAN_POINT('',(-23.52102119908,6.675196157729,
    -50.70086417346));
#435 = CARTESIAN_POINT('',(-23.49870916029,6.130104786313,
    -50.69052101237));
#436 = CARTESIAN_POINT('',(-23.46788560203,5.586019833431,
    -50.67534186058));
#437 = CARTESIAN_POINT('',(-23.42881394837,5.043268675787,
    -50.65510597238));
#438 = CARTESIAN_POINT('',(-23.32893459972,3.894580211457,
    -50.60098071438));
#439 = CARTESIAN_POINT('',(-23.26604666529,3.289071781397,
    -50.56571969822));
#440 = CARTESIAN_POINT('',(-23.19348183733,2.686054590437,
    -50.52353589276));
#441 = CARTESIAN_POINT('',(-23.11163087509,2.085918928276,-50.47416493)
  );
#442 = CARTESIAN_POINT('',(-23.02088745826,1.489023434919,
    -50.41736907364));
#443 = CARTESIAN_POINT('',(-22.9216421795,0.895696745756,-50.35293795898
    ));
#444 = CARTESIAN_POINT('',(-22.81427653706,0.306239136637,
    -50.28068933279));
#445 = CARTESIAN_POINT('',(-22.52124398462,-1.18365766964,
    -50.07649357085));
#446 = CARTESIAN_POINT('',(-22.32481817678,-2.078310718748,
    -49.93348355829));
#447 = CARTESIAN_POINT('',(-22.11123054483,-2.962054567952,
    -49.77087060802));
#448 = CARTESIAN_POINT('',(-21.88175955296,-3.834000739345,
    -49.58825059011));
#449 = CARTESIAN_POINT('',(-21.63757923215,-4.693337699897,
    -49.38539458702));
#450 = CARTESIAN_POINT('',(-21.37973446081,-5.539319149772,
    -49.16225628511));
#451 = CARTESIAN_POINT('',(-21.10912338227,-6.371255586615,
    -48.91897656288));
#452 = CARTESIAN_POINT('',(-20.32302787299,-8.64427951615,
    -48.18724185907));
#453 = CARTESIAN_POINT('',(-19.7814365752,-10.05339047059,
    -47.65575880989));
#454 = CARTESIAN_POINT('',(-19.20591761586,-11.41221750323,
    -47.0633181189));
#455 = CARTESIAN_POINT('',(-18.59918315316,-12.71741139582,
    -46.41379394032));
#456 = CARTESIAN_POINT('',(-17.96234862597,-13.96585452019,
    -45.71314891191));
#457 = CARTESIAN_POINT('',(-17.29502159103,-15.15478102313,
    -44.96947352803));
#458 = CARTESIAN_POINT('',(-16.59583346334,-16.28200302654,
    -44.19244978387));
#459 = CARTESIAN_POINT('',(-15.2737614991,-18.20051552255,
    -42.75043534097));
#460 = CARTESIAN_POINT('',(-14.66309396458,-19.01401270784,
    -42.09366160045));
#461 = CARTESIAN_POINT('',(-14.02958377955,-19.78565444811,
    -41.42799510401));
#462 = CARTESIAN_POINT('',(-13.37203451899,-20.51458977627,
    -40.75961628374));
#463 = CARTESIAN_POINT('',(-12.68933598765,-21.19998847571,
    -40.09523613514));
#464 = CARTESIAN_POINT('',(-11.9805872951,-21.8410769995,-39.44190249776
    ));
#465 = CARTESIAN_POINT('',(-11.24514710089,-22.43707648861,
    -38.80685033913));
#466 = CARTESIAN_POINT('',(-10.14874882177,-23.22784088534,-37.930729481
    ));
#467 = CARTESIAN_POINT('',(-9.809757788831,-23.45976801017,
    -37.66892314815));
#468 = CARTESIAN_POINT('',(-9.465586464898,-23.68276675742,
    -37.4127018629));
#469 = CARTESIAN_POINT('',(-9.116239236844,-23.89673979574,
    -37.16271365611));
#470 = CARTESIAN_POINT('',(-8.761743730192,-24.10157887775,
    -36.91961824856));
#471 = CARTESIAN_POINT('',(-8.402152255397,-24.29716538816,
    -36.68408336896));
#472 = CARTESIAN_POINT('',(-8.037543254114,-24.48337089188,
    -36.45678107201));
#473 = CARTESIAN_POINT('',(-7.348060171169,-24.813048271,-36.04927717424
    ));
#474 = CARTESIAN_POINT('',(-7.024417849939,-24.95890074016,
    -35.86684879073));
#475 = CARTESIAN_POINT('',(-6.697168062021,-25.09752481726,
    -35.69153593893));
#476 = CARTESIAN_POINT('',(-6.366402068302,-25.22882336335,
    -35.52377823674));
#477 = CARTESIAN_POINT('',(-6.032231612283,-25.35269411521,
    -35.36401288463));
#478 = CARTESIAN_POINT('',(-5.694790422059,-25.46903142775,
    -35.21266966321));
#479 = CARTESIAN_POINT('',(-5.35423571228,-25.5777280164,-35.07016593081
    ));
#480 = CARTESIAN_POINT('',(-4.815375483812,-25.73609611957,
    -34.86110113367));
#481 = CARTESIAN_POINT('',(-4.619053005586,-25.79100885822,
    -34.78828984181));
#482 = CARTESIAN_POINT('',(-4.421816180289,-25.8433951768,
    -34.71854129379));
#483 = CARTESIAN_POINT('',(-4.223701348042,-25.89323548728,
    -34.65192697392));
#484 = CARTESIAN_POINT('',(-4.024747351821,-25.9405105227,
    -34.58851586181));
#485 = CARTESIAN_POINT('',(-3.824995629034,-25.98520150775,
    -34.52837399159));
#486 = CARTESIAN_POINT('',(-3.624490303096,-26.0272903293,-34.4715640112
    ));
#487 = CARTESIAN_POINT('',(-3.004961777239,-26.14881589393,
    -34.30708695859));
#488 = CARTESIAN_POINT('',(-2.583569452061,-26.21955460556,
    -34.21067874251));
#489 = CARTESIAN_POINT('',(-2.159546727111,-26.27881389407,
    -34.12945739311));
#490 = CARTESIAN_POINT('',(-1.733364752477,-26.3264570388,
    -34.06387638377));
#491 = CARTESIAN_POINT('',(-1.305521278366,-26.36237452664,
    -34.01429301631));
#492 = CARTESIAN_POINT('',(-0.876541597383,-26.38648770352,
    -33.98095666711));
#493 = CARTESIAN_POINT('',(-0.446979551394,-26.39875409662,
    -33.96399762441));
#494 = CARTESIAN_POINT('',(0.618705276708,-26.39979683337,
    -33.96255597222));
#495 = CARTESIAN_POINT('',(1.254960551504,-26.37444111249,
    -33.99761125994));
#496 = CARTESIAN_POINT('',(1.889373720263,-26.32309095576,
    -34.06861355741));
#497 = CARTESIAN_POINT('',(2.520165200306,-26.24595466789,
    -34.17494106824));
#498 = CARTESIAN_POINT('',(3.145734138199,-26.14339915487,
    -34.31542557019));
#499 = CARTESIAN_POINT('',(3.764645447446,-26.01590277278,-34.4884544076
    ));
#500 = CARTESIAN_POINT('',(4.375619073086,-25.86402701822,
    -34.69206792807));
#501 = CARTESIAN_POINT('',(5.326737893366,-25.58651451023,
    -35.05864689329));
#502 = CARTESIAN_POINT('',(5.67294256869,-25.47661700357,-35.20280754902
    ));
#503 = CARTESIAN_POINT('',(6.015942517571,-25.35882655545,
    -35.35611698119));
#504 = CARTESIAN_POINT('',(6.355572005314,-25.23325602136,
    -35.51813743236));
#505 = CARTESIAN_POINT('',(6.691690316699,-25.10001646698,
    -35.68841798185));
#506 = CARTESIAN_POINT('',(7.024179903281,-24.95921503955,
    -35.86650056776));
#507 = CARTESIAN_POINT('',(7.352944915418,-24.81095334081,
    -36.05192478666));
#508 = CARTESIAN_POINT('',(8.046893555207,-24.47861876729,
    -36.46258709888));
#509 = CARTESIAN_POINT('',(8.410974507,-24.29241704698,-36.68981417048)
  );
#510 = CARTESIAN_POINT('',(8.77004783226,-24.09685820559,-36.92524230684
    ));
#511 = CARTESIAN_POINT('',(9.124035796638,-23.89207007319,
    -37.16820182925));
#512 = CARTESIAN_POINT('',(9.472886640204,-23.67817070285,
    -37.41802741065));
#513 = CARTESIAN_POINT('',(9.816573144071,-23.45526782861,
    -37.67406172729));
#514 = CARTESIAN_POINT('',(10.155091197021,-23.22345832355,
    -37.93565911023));
#515 = CARTESIAN_POINT('',(11.250775805407,-22.43257264433,
    -38.81166894061));
#516 = CARTESIAN_POINT('',(11.985969623075,-21.83632744024,
    -39.44679023782));
#517 = CARTESIAN_POINT('',(12.694480175764,-21.19500643479,
    -40.10014796686));
#518 = CARTESIAN_POINT('',(13.376950235936,-20.5093876995,
    -40.76451057013));
#519 = CARTESIAN_POINT('',(14.034281588134,-19.78024446347,
    -41.43283364438));
#520 = CARTESIAN_POINT('',(14.66758466238,-19.00840693571,-42.0984097872
    ));
#521 = CARTESIAN_POINT('',(15.278055384069,-18.19472623208,
    -42.75506237881));
#522 = CARTESIAN_POINT('',(16.598635731112,-16.27738399356,
    -44.19557683198));
#523 = CARTESIAN_POINT('',(17.296633735281,-15.15170681254,
    -44.97127372585));
#524 = CARTESIAN_POINT('',(17.962872419069,-13.96452293989,
    -45.7137009459));
#525 = CARTESIAN_POINT('',(18.598711901112,-12.71801120624,
    -46.41322510339));
#526 = CARTESIAN_POINT('',(19.204541357932,-11.41492434026,
    -47.06179510993));
#527 = CARTESIAN_POINT('',(19.779252169828,-10.05836481668,
    -47.65347362526));
#528 = CARTESIAN_POINT('',(20.320149216587,-8.651665568559,
    -48.18439881715));
#529 = CARTESIAN_POINT('',(21.106701560038,-6.378782257814,
    -48.91681353759));
#530 = CARTESIAN_POINT('',(21.378255482185,-5.544350862151,
    -49.16100555229));
#531 = CARTESIAN_POINT('',(21.636968862059,-4.695782259,-49.38493063083)
  );
#532 = CARTESIAN_POINT('',(21.881935741286,-3.833772204751,
    -49.58844571557));
#533 = CARTESIAN_POINT('',(22.112101524391,-2.959073934235,
    -49.77159731602));
#534 = CARTESIAN_POINT('',(22.326280827212,-2.072506722085,
    -49.9346168522));
#535 = CARTESIAN_POINT('',(22.523182596962,-1.174967782198,
    -50.07791314066));
#536 = CARTESIAN_POINT('',(22.816256132457,0.317068091503,
    -50.28202382706));
#537 = CARTESIAN_POINT('',(22.923333402074,0.905709901204,
    -50.35404071095));
#538 = CARTESIAN_POINT('',(23.022309380956,1.498205287298,-50.4182657482
    ));
#539 = CARTESIAN_POINT('',(23.112804171345,2.09425502549,-50.47488068677
    ));
#540 = CARTESIAN_POINT('',(23.194428877829,2.693531671161,
    -50.52409521358));
#541 = CARTESIAN_POINT('',(23.266791575613,3.295677926854,
    -50.56614621857));
#542 = CARTESIAN_POINT('',(23.329503278777,3.900305009754,
    -50.60129705885));
#543 = CARTESIAN_POINT('',(23.42917201071,5.048120165243,-50.65529265633
    ));
#544 = CARTESIAN_POINT('',(23.468179704124,5.590886088857,
    -50.67548890113));
#545 = CARTESIAN_POINT('',(23.498937407773,6.134983664489,-50.6906297966
    ));
#546 = CARTESIAN_POINT('',(23.521181746823,6.680085373115,
    -50.70093617838));
#547 = CARTESIAN_POINT('',(23.534660243807,7.225841039744,
    -50.70664388534));
#548 = CARTESIAN_POINT('',(23.539136009821,7.771877570933,
    -50.70800216661));
#549 = CARTESIAN_POINT('',(23.534392435714,8.31779869232,-50.70527208861
    ));
#550 = CARTESIAN_POINT('',(23.493498028705,9.893492230897,
    -50.68635650114));
#551 = CARTESIAN_POINT('',(23.433159548536,10.921922636016,
    -50.66037765437));
#552 = CARTESIAN_POINT('',(23.339859902024,11.945668576551,
    -50.6205846038));
#553 = CARTESIAN_POINT('',(23.214429449159,12.962163859967,
    -50.5670193578));
#554 = CARTESIAN_POINT('',(23.05781655148,13.969062355192,
    -50.49995642097));
#555 = CARTESIAN_POINT('',(22.871045602407,14.964226468412,
    -50.41987962074));
#556 = CARTESIAN_POINT('',(22.655207987116,15.945725165619,
    -50.32744907056));
#557 = CARTESIAN_POINT('',(22.2435120546,17.577691741045,-50.15178750928
    ));
#558 = CARTESIAN_POINT('',(22.06228377766,18.236271842457,
    -50.07462176247));
#559 = CARTESIAN_POINT('',(21.868185090616,18.88702593161,
    -49.99221905098));
#560 = CARTESIAN_POINT('',(21.661613404772,19.529467728643,
    -49.90486536957));
#561 = CARTESIAN_POINT('',(21.442983743683,20.163182892792,
    -49.81286627024));
#562 = CARTESIAN_POINT('',(21.21273436134,20.787831867402,
    -49.71653826122));
#563 = CARTESIAN_POINT('',(20.971333828088,21.403153265567,
    -49.61620002065));
#564 = CARTESIAN_POINT('',(20.41189572948,22.747820868772,
    -49.38528010622));
#565 = CARTESIAN_POINT('',(20.088663407411,23.472547767785,
    -49.25289326792));
#566 = CARTESIAN_POINT('',(19.750508490641,24.182829604634,
    -49.11556695465));
#567 = CARTESIAN_POINT('',(19.398398853853,24.878581192858,
    -48.9738417553));
#568 = CARTESIAN_POINT('',(19.033362627419,25.559953094872,
    -48.82820605847));
#569 = CARTESIAN_POINT('',(18.656459247075,26.227296174838,
    -48.67908091804));
#570 = CARTESIAN_POINT('',(18.26873494588,26.881112779794,
    -48.52681552536));
#571 = CARTESIAN_POINT('',(17.50857603053,28.106592789927,-48.230199618)
  );
#572 = CARTESIAN_POINT('',(17.137795920942,28.680420868215,
    -48.08633090038));
#573 = CARTESIAN_POINT('',(16.759580529143,29.244000617078,
    -47.94028986615));
#574 = CARTESIAN_POINT('',(16.374642138553,29.79788282437,
    -47.79223820004));
#575 = CARTESIAN_POINT('',(15.983650639642,30.342647437687,
    -47.64229810184));
#576 = CARTESIAN_POINT('',(15.587221856779,30.87888841664,
    -47.49055584317));
#577 = CARTESIAN_POINT('',(15.185912355045,31.407207354298,
    -47.33706431515));
#578 = CARTESIAN_POINT('',(14.405879569125,32.408962614103,
    -47.03861967403));
#579 = CARTESIAN_POINT('',(14.027819096097,32.883470034308,
    -46.89392778119));
#580 = CARTESIAN_POINT('',(13.646435813811,33.352213023668,
    -46.74778729865));
#581 = CARTESIAN_POINT('',(13.262099943599,33.815653281489,
    -46.60019922529));
#582 = CARTESIAN_POINT('',(12.875156706247,34.274241898678,
    -46.45114844567));
#583 = CARTESIAN_POINT('',(12.485929450234,34.728424558395,
    -46.30060346744));
#584 = CARTESIAN_POINT('',(12.094724624166,35.178649349779,
    -46.14851459942));
#585 = CARTESIAN_POINT('',(11.359658950475,36.014449756606,
    -45.86094378534));
#586 = CARTESIAN_POINT('',(11.016208694281,36.400864886561,
    -45.72585349269));
#587 = CARTESIAN_POINT('',(10.671685259337,36.784924408213,
    -45.5894937078));
#588 = CARTESIAN_POINT('',(10.326286566414,37.166934895463,
    -45.45180665187));
#589 = CARTESIAN_POINT('',(9.980212599528,37.547210429661,
    -45.31272250878));
#590 = CARTESIAN_POINT('',(9.633671484776,37.926082292445,
    -45.17215566478));
#591 = CARTESIAN_POINT('',(9.286890071028,38.303915594268,
    -45.02999743086));
#592 = CARTESIAN_POINT('',(8.634375712226,39.013740594122,
    -44.75922966941));
#593 = CARTESIAN_POINT('',(8.328645735605,39.345861262643,
    -44.63100910201));
#594 = CARTESIAN_POINT('',(8.02311345166,39.677792219557,-44.50134281663
    ));
#595 = CARTESIAN_POINT('',(7.717979169967,40.00985682033,-44.37011295631
    ));
#596 = CARTESIAN_POINT('',(7.413486021807,40.342430302684,
    -44.23717259946));
#597 = CARTESIAN_POINT('',(7.109929620688,40.675954876784,
    -44.10233903999));
#598 = CARTESIAN_POINT('',(6.807690216142,41.01098919861,-43.96537027791
    ));
#599 = CARTESIAN_POINT('',(6.313092849968,41.56647006058,-43.73572163234
    ));
#600 = CARTESIAN_POINT('',(6.119664385929,41.785552727408,
    -43.64450299759));
#601 = CARTESIAN_POINT('',(5.927169498651,42.005816290044,
    -43.55214303547));
#602 = CARTESIAN_POINT('',(5.735787421641,42.227518502631,
    -43.45852327527));
#603 = CARTESIAN_POINT('',(5.54575520387,42.450966801691,-43.36349975085
    ));
#604 = CARTESIAN_POINT('',(5.357379003066,42.6765344081,-43.26689553238)
  );
#605 = CARTESIAN_POINT('',(5.171066375512,42.904705848265,
    -43.16847880194));
#606 = CARTESIAN_POINT('',(4.846999703634,43.313152817776,
    -42.99102426613));
#607 = CARTESIAN_POINT('',(4.708200517915,43.491980580141,
    -42.91291259755));
#608 = CARTESIAN_POINT('',(4.571221717307,43.67304720147,-42.83339575682
    ));
#609 = CARTESIAN_POINT('',(4.436387585634,43.85674178337,-42.75228530646
    ));
#610 = CARTESIAN_POINT('',(4.304166089609,44.043503517054,
    -42.66936486585));
#611 = CARTESIAN_POINT('',(4.175191040452,44.233848060626,
    -42.58437817418));
#612 = CARTESIAN_POINT('',(4.050326380478,44.428442226058,
    -42.49699290124));
#613 = CARTESIAN_POINT('',(3.857243621489,44.751338296102,
    -42.35111958666));
#614 = CARTESIAN_POINT('',(3.785741381845,44.876303437733,
    -42.29446534502));
#615 = CARTESIAN_POINT('',(3.716588292053,45.003446453017,
    -42.23661734385));
#616 = CARTESIAN_POINT('',(3.650157125213,45.132998462215,
    -42.17745809854));
#617 = CARTESIAN_POINT('',(3.586937996095,45.265166988588,
    -42.11687842666));
#618 = CARTESIAN_POINT('',(3.527542826625,45.400139798154,
    -42.05477590742));
#619 = CARTESIAN_POINT('',(3.472700245323,45.538082071121,-41.9910564068
    ));
#620 = CARTESIAN_POINT('',(3.378741706659,45.806026823332,-41.8667814562
    ));
#621 = CARTESIAN_POINT('',(3.338585816314,45.93547702438,-41.80653155679
    ));
#622 = CARTESIAN_POINT('',(3.303440123653,46.06741167726,-41.74490507276
    ));
#623 = CARTESIAN_POINT('',(3.274024188115,46.201650164188,
    -41.68197165198));
#624 = CARTESIAN_POINT('',(3.251064924697,46.337883541166,
    -41.61786233703));
#625 = CARTESIAN_POINT('',(3.235181661328,46.475644028446,
    -41.55278615064));
#626 = CARTESIAN_POINT('',(3.226744634235,46.614265428208,
    -41.48705182011));
#627 = CARTESIAN_POINT('',(3.224992148155,46.858422852988,
    -41.37083613978));
#628 = CARTESIAN_POINT('',(3.228553947269,46.96402427434,-41.32042753888
    ));
#629 = CARTESIAN_POINT('',(3.236442301679,47.069254897248,
    -41.27005179894));
#630 = CARTESIAN_POINT('',(3.248536871941,47.173793706432,-41.2198648189
    ));
#631 = CARTESIAN_POINT('',(3.264622817164,47.277382688367,
    -41.16999462155));
#632 = CARTESIAN_POINT('',(3.284422353779,47.379820001029,
    -41.12054383875));
#633 = CARTESIAN_POINT('',(3.307625102783,47.480954030123,
    -41.07159189962));
#634 = CARTESIAN_POINT('',(3.353088347023,47.653393141842,
    -40.98790931766));
#635 = CARTESIAN_POINT('',(3.373906262552,47.725374020459,
    -40.95291026856));
#636 = CARTESIAN_POINT('',(3.396254319825,47.796598689314,
    -40.91821305655));
#637 = CARTESIAN_POINT('',(3.420018001254,47.867056667916,
    -40.88382528734));
#638 = CARTESIAN_POINT('',(3.445087212303,47.936748059857,
    -40.84974941073));
#639 = CARTESIAN_POINT('',(3.471358569895,48.005682339053,
    -40.81598324136));
#640 = CARTESIAN_POINT('',(3.498737690808,48.073877135988,
    -40.78252047953));
#641 = CARTESIAN_POINT('',(3.604944654461,48.326196780434,-40.6584945956
    ));
#642 = CARTESIAN_POINT('',(3.69035933845,48.50549577474,-40.56992717597)
  );
#643 = CARTESIAN_POINT('',(3.781724912893,48.679988593827,
    -40.48333435529));
#644 = CARTESIAN_POINT('',(3.877776039519,48.850246103662,-40.3984707355
    ));
#645 = CARTESIAN_POINT('',(3.977560740705,49.016751246579,
    -40.31512640525));
#646 = CARTESIAN_POINT('',(4.080379163751,49.17995558616,-40.23310109494
    ));
#647 = CARTESIAN_POINT('',(4.185743029695,49.340316599642,
    -40.15218621961));
#648 = CARTESIAN_POINT('',(4.426918211978,49.694414703815,
    -39.97282464619));
#649 = CARTESIAN_POINT('',(4.563804094364,49.886669914288,-39.8749595328
    ));
#650 = CARTESIAN_POINT('',(4.703280138473,50.075792918689,
    -39.77823339502));
#651 = CARTESIAN_POINT('',(4.844833044806,50.262274047748,
    -39.68242150687));
#652 = CARTESIAN_POINT('',(4.988079102958,50.446492342909,
    -39.58734990792));
#653 = CARTESIAN_POINT('',(5.132725972441,50.628762274321,
    -39.49287357999));
#654 = CARTESIAN_POINT('',(5.278558177527,50.809351446946,
    -39.39886786338));
#655 = CARTESIAN_POINT('',(5.595553157552,51.196049171428,
    -39.19672480609));
#656 = CARTESIAN_POINT('',(5.767038038394,51.401630493862,
    -39.08872767975));
#657 = CARTESIAN_POINT('',(5.939598476178,51.60558879059,-38.98106692704
    ));
#658 = CARTESIAN_POINT('',(6.113028748359,51.808180425863,
    -38.87362265024));
#659 = CARTESIAN_POINT('',(6.28716967261,52.00960656738,-38.76630048066)
  );
#660 = CARTESIAN_POINT('',(6.461893580224,52.210033746057,
    -38.65902196816));
#661 = CARTESIAN_POINT('',(6.637096029084,52.409605227439,
    -38.55171921982));
#662 = CARTESIAN_POINT('',(7.030478523948,52.855050360548,
    -38.31114988219));
#663 = CARTESIAN_POINT('',(7.248865366689,53.100523108868,
    -38.17784213989));
#664 = CARTESIAN_POINT('',(7.467690096392,53.345089354502,
    -38.04430202567));
#665 = CARTESIAN_POINT('',(7.68682490457,53.588925842245,-37.91044478906
    ));
#666 = CARTESIAN_POINT('',(7.906167386962,53.832174546587,
    -37.77620179865));
#667 = CARTESIAN_POINT('',(8.125632480303,54.074954197586,
    -37.64151514639));
#668 = CARTESIAN_POINT('',(8.345147811159,54.317366932891,
    -37.50633452184));
#669 = CARTESIAN_POINT('',(8.912800586866,54.943538421423,
    -37.15535883719));
#670 = CARTESIAN_POINT('',(9.260918927829,55.326871334494,
    -36.93875031483));
#671 = CARTESIAN_POINT('',(9.608761298,55.709844483218,-36.72061857542)
  );
#672 = CARTESIAN_POINT('',(9.956139545803,56.092717029222,
    -36.50083132845));
#673 = CARTESIAN_POINT('',(10.302902172423,56.475692287507,
    -36.27928190406));
#674 = CARTESIAN_POINT('',(10.648919846081,56.8589384996,-36.05587957399
    ));
#675 = CARTESIAN_POINT('',(10.994077808004,57.242599720011,
    -35.8305444964));
#676 = CARTESIAN_POINT('',(11.687557801342,58.016670148587,
    -35.37251132821));
#677 = CARTESIAN_POINT('',(12.035851145591,58.407095762341,
    -35.13975341052));
#678 = CARTESIAN_POINT('',(12.383048983877,58.798200929494,
    -34.90486057835));
#679 = CARTESIAN_POINT('',(12.729057398822,59.190092242742,
    -34.66776911405));
#680 = CARTESIAN_POINT('',(13.073790758849,59.582861176807,
    -34.42842197925));
#681 = CARTESIAN_POINT('',(13.417168809759,59.976588118344,
    -34.18676697339));
#682 = CARTESIAN_POINT('',(13.759114873639,60.371344864237,
    -33.94275560691));
#683 = CARTESIAN_POINT('',(14.450858035407,61.175676919846,
    -33.44206735042));
#684 = CARTESIAN_POINT('',(14.800557594832,61.585323501422,
    -33.1852345663));
#685 = CARTESIAN_POINT('',(15.148573099695,61.996205946982,
    -32.92579458675));
#686 = CARTESIAN_POINT('',(15.494826501444,62.408387488359,
    -32.66370077506));
#687 = CARTESIAN_POINT('',(15.839241632286,62.821925041683,
    -32.39890914558));
#688 = CARTESIAN_POINT('',(16.181743400783,63.236870273859,
    -32.13137790166));
#689 = CARTESIAN_POINT('',(16.522256987459,63.653270669032,
    -31.86106697359));
#690 = CARTESIAN_POINT('',(17.214323927488,64.507797712339,
    -31.30256849428));
#691 = CARTESIAN_POINT('',(17.565688164311,64.946061624662,
    -31.01412275837));
#692 = CARTESIAN_POINT('',(17.914714281277,65.386012736402,
    -30.72255613984));
#693 = CARTESIAN_POINT('',(18.261316269749,65.827697296116,
    -30.42782616564));
#694 = CARTESIAN_POINT('',(18.605407199679,66.271157876846,
    -30.12989191492));
#695 = CARTESIAN_POINT('',(18.946898837237,66.716433856428,
    -29.82871383511));
#696 = CARTESIAN_POINT('',(19.28570126245,67.163561897798,-29.5242535582
    ));
#697 = CARTESIAN_POINT('',(20.128064064414,68.289184660376,
    -28.75268833926));
#698 = CARTESIAN_POINT('',(20.628088657529,68.970074137979,
    -28.28136695698));
#699 = CARTESIAN_POINT('',(21.121483788682,69.65536426585,
    -27.80238047766));
#700 = CARTESIAN_POINT('',(21.607923724307,70.345159368291,
    -27.31560732508));
#701 = CARTESIAN_POINT('',(22.087068354551,71.039550110401,
    -26.82093319722));
#702 = CARTESIAN_POINT('',(22.558562073059,71.738614918323,
    -26.31825082421));
#703 = CARTESIAN_POINT('',(23.022032656757,72.442421399487,
    -25.8074597264));
#704 = CARTESIAN_POINT('',(24.00164764704,73.967858146997,
    -24.69020734893));
#705 = CARTESIAN_POINT('',(24.515019382878,74.791056139415,
    -24.0810567809));
#706 = CARTESIAN_POINT('',(25.016612358589,75.620715463623,
    -23.46086704557));
#707 = CARTESIAN_POINT('',(25.505792194775,76.456897706609,
    -22.8295135149));
#708 = CARTESIAN_POINT('',(25.981883506878,77.299633010371,
    -22.18689562941));
#709 = CARTESIAN_POINT('',(26.444170284839,78.148920763462,
    -21.53293837199));
#710 = CARTESIAN_POINT('',(26.891896272774,79.004730292525,
    -20.86759374182));
#711 = CARTESIAN_POINT('',(27.324265348639,79.867001553835,
    -20.19084222825));
#712 = ORIENTED_EDGE('',*,*,#713,.F.);
#713 = EDGE_CURVE('',#714,#287,#716,.T.);
#714 = VERTEX_POINT('',#715);
#715 = CARTESIAN_POINT('',(22.351497401136,68.973053901848,-26.7685));
#716 = B_SPLINE_CURVE_WITH_KNOTS('',5,(#717,#718,#719,#720,#721,#722,
    #723,#724,#725,#726,#727,#728,#729,#730,#731,#732,#733,#734,#735,
    #736,#737,#738,#739,#740,#741,#742,#743,#744,#745,#746),
  .UNSPECIFIED.,.F.,.F.,(6,4,4,4,4,4,4,6),(0.,9.647819458054E-02,
    0.200675151137,0.316263474226,0.446443471501,0.663389561126,
    0.900435256985,1.),.UNSPECIFIED.);
#717 = CARTESIAN_POINT('',(26.159139763193,49.,-26.7685));
#718 = CARTESIAN_POINT('',(26.031112095492,49.525311933857,-26.7685));
#719 = CARTESIAN_POINT('',(25.903907180888,50.050826091748,-26.7685));
#720 = CARTESIAN_POINT('',(25.777671796011,50.576576534184,-26.7685));
#721 = CARTESIAN_POINT('',(25.65254848909,51.102594526886,-26.7685));
#722 = CARTESIAN_POINT('',(25.394892187883,52.197330438401,-26.7685));
#723 = CARTESIAN_POINT('',(25.262567178659,52.766097506436,-26.7685));
#724 = CARTESIAN_POINT('',(25.131874842304,53.335245587393,-26.7685));
#725 = CARTESIAN_POINT('',(25.002982626628,53.904805801275,-26.7685));
#726 = CARTESIAN_POINT('',(24.73524282102,55.107118590007,-26.7685));
#727 = CARTESIAN_POINT('',(24.596847201001,55.739972183792,-26.7685));
#728 = CARTESIAN_POINT('',(24.461083642544,56.373401298926,-26.7685));
#729 = CARTESIAN_POINT('',(24.328159151852,57.007433759907,-26.7685));
#730 = CARTESIAN_POINT('',(24.051980408468,58.356862561224,-26.7685));
#731 = CARTESIAN_POINT('',(23.909540071852,59.072426099589,-26.7685));
#732 = CARTESIAN_POINT('',(23.771225680608,59.788807758293,-26.7685));
#733 = CARTESIAN_POINT('',(23.637291596446,60.506021703084,-26.7685));
#734 = CARTESIAN_POINT('',(23.292449718507,62.420699330437,-26.7685));
#735 = CARTESIAN_POINT('',(23.089735174527,63.619645567509,-26.7685));
#736 = CARTESIAN_POINT('',(22.900888457368,64.820902370438,-26.7685));
#737 = CARTESIAN_POINT('',(22.726766686597,66.024374251333,-26.7685));
#738 = CARTESIAN_POINT('',(22.394465608609,68.547046722335,-26.7685));
#739 = CARTESIAN_POINT('',(22.23925648732,69.866648627299,-26.7685));
#740 = CARTESIAN_POINT('',(22.103134226583,71.188412975503,-26.7685));
#741 = CARTESIAN_POINT('',(21.986510330864,72.512008571725,-26.7685));
#742 = CARTESIAN_POINT('',(21.848628653165,74.393572558118,-26.7685));
#743 = CARTESIAN_POINT('',(21.81128987381,74.950366437087,-26.7685));
#744 = CARTESIAN_POINT('',(21.777397762022,75.507384689179,-26.7685));
#745 = CARTESIAN_POINT('',(21.746942889563,76.064598301971,-26.7685));
#746 = CARTESIAN_POINT('',(21.719904458897,76.621977980724,-26.7685));
#747 = ORIENTED_EDGE('',*,*,#748,.T.);
#748 = EDGE_CURVE('',#714,#749,#751,.T.);
#749 = VERTEX_POINT('',#750);
#750 = CARTESIAN_POINT('',(23.810174962979,66.575321930896,
    -25.59836340593));
#751 = B_SPLINE_CURVE_WITH_KNOTS('',7,(#752,#753,#754,#755,#756,#757,
    #758,#759,#760,#761,#762,#763,#764,#765,#766,#767,#768,#769,#770,
    #771,#772,#773,#774,#775,#776,#777,#778,#779,#780,#781,#782,#783,
    #784,#785,#786,#787,#788,#789,#790,#791,#792,#793,#794,#795),
  .UNSPECIFIED.,.F.,.F.,(8,6,6,6,6,6,6,8),(0.,0.291561262507,
    0.622817966789,0.742401821704,0.841429045116,0.916953744552,
    0.959639260459,1.),.UNSPECIFIED.);
#752 = CARTESIAN_POINT('',(22.087208611699,69.092345023612,
    -27.0002694088));
#753 = CARTESIAN_POINT('',(22.189992263417,69.052447456774,
    -26.91047267434));
#754 = CARTESIAN_POINT('',(22.29168107875,69.007340144806,
    -26.82130099421));
#755 = CARTESIAN_POINT('',(22.392162906714,68.956908444033,
    -26.73289639797));
#756 = CARTESIAN_POINT('',(22.491289262673,68.900997347236,
    -26.64544707094));
#757 = CARTESIAN_POINT('',(22.588878120877,68.839417119103,
    -26.55918763074));
#758 = CARTESIAN_POINT('',(22.684712229765,68.771926433417,
    -26.47440657037));
#759 = CARTESIAN_POINT('',(22.885127160599,68.614420943061,
    -26.29722228556));
#760 = CARTESIAN_POINT('',(22.989004310331,68.522683230152,
    -26.2054572916));
#761 = CARTESIAN_POINT('',(23.089924919175,68.422419611159,
    -26.11656596576));
#762 = CARTESIAN_POINT('',(23.187339998918,68.313037945274,
    -26.03127444608));
#763 = CARTESIAN_POINT('',(23.280416324488,68.193955907633,
    -25.95063953798));
#764 = CARTESIAN_POINT('',(23.368067218896,68.06464629977,
    -25.87603867059));
#765 = CARTESIAN_POINT('',(23.478077081222,67.87395558005,
    -25.78512804406));
#766 = CARTESIAN_POINT('',(23.506353585549,67.821992542052,
    -25.76204324212));
#767 = CARTESIAN_POINT('',(23.533654941935,67.76863617567,
    -25.74007515296));
#768 = CARTESIAN_POINT('',(23.55989867446,67.713888352283,
    -25.71932244842));
#769 = CARTESIAN_POINT('',(23.584994464413,67.657766601531,
    -25.69989122051));
#770 = CARTESIAN_POINT('',(23.608846855894,67.60030757258,
    -25.68189152407));
#771 = CARTESIAN_POINT('',(23.649999376483,67.492930403743,
    -25.65180540014));
#772 = CARTESIAN_POINT('',(23.667720902013,67.443414238905,
    -25.63923442554));
#773 = CARTESIAN_POINT('',(23.684465908779,67.393059577075,
    -25.62778430099));
#774 = CARTESIAN_POINT('',(23.700176979385,67.341915320968,
    -25.6175180828));
#775 = CARTESIAN_POINT('',(23.714798253479,67.29004334153,
    -25.60849556144));
#776 = CARTESIAN_POINT('',(23.728277772967,67.237520119643,
    -25.6007702446));
#777 = CARTESIAN_POINT('',(23.749944559473,67.143954754101,
    -25.58951755339));
#778 = CARTESIAN_POINT('',(23.758628932568,67.103144903098,
    -25.58542881396));
#779 = CARTESIAN_POINT('',(23.766602517978,67.062050677255,
    -25.58213979787));
#780 = CARTESIAN_POINT('',(23.77384784809,67.020716637108,
    -25.57966645477));
#781 = CARTESIAN_POINT('',(23.780350803426,66.979190139714,
    -25.57802050032));
#782 = CARTESIAN_POINT('',(23.786100999844,66.937521417078,
    -25.57720890849));
#783 = CARTESIAN_POINT('',(23.793913119361,66.872162744559,
    -25.57724724814));
#784 = CARTESIAN_POINT('',(23.796488646595,66.848558592445,
    -25.57752809546));
#785 = CARTESIAN_POINT('',(23.798819226596,66.824954288874,
    -25.57807537029));
#786 = CARTESIAN_POINT('',(23.800905410172,66.801353940725,
    -25.57888823436));
#787 = CARTESIAN_POINT('',(23.8027478298,66.777762671122,-25.57996558665
    ));
#788 = CARTESIAN_POINT('',(23.804347199625,66.754186619429,
    -25.58130606328));
#789 = CARTESIAN_POINT('',(23.806987518841,66.708362064356,
    -25.58442276375));
#790 = CARTESIAN_POINT('',(23.808054442501,66.686106681685,
    -25.5861715368));
#791 = CARTESIAN_POINT('',(23.808905622646,66.663874429895,
    -25.58815292184));
#792 = CARTESIAN_POINT('',(23.809541922155,66.641672724127,
    -25.5903651269));
#793 = CARTESIAN_POINT('',(23.809964535851,66.619508772898,
    -25.59280599006));
#794 = CARTESIAN_POINT('',(23.810174965272,66.597389579643,-25.595473008
    ));
#795 = CARTESIAN_POINT('',(23.810174962979,66.575321930896,
    -25.59836340593));
#796 = ORIENTED_EDGE('',*,*,#797,.T.);
#797 = EDGE_CURVE('',#749,#798,#800,.T.);
#798 = VERTEX_POINT('',#799);
#799 = CARTESIAN_POINT('',(22.944541901916,64.59413593929,-26.7685));
#800 = B_SPLINE_CURVE_WITH_KNOTS('',7,(#801,#802,#803,#804,#805,#806,
    #807,#808,#809,#810,#811,#812,#813,#814,#815,#816,#817,#818,#819,
    #820),.UNSPECIFIED.,.F.,.F.,(8,6,6,8),(0.,0.293798208656,
    0.693409186361,1.),.UNSPECIFIED.);
#801 = CARTESIAN_POINT('',(23.810174962977,66.575321930896,
    -25.59836340594));
#802 = CARTESIAN_POINT('',(23.810174962977,66.44408937277,-25.6155520942
    ));
#803 = CARTESIAN_POINT('',(23.80273326785,66.31474391752,-25.64063188108
    ));
#804 = CARTESIAN_POINT('',(23.788235832517,66.188686522178,
    -25.67300328236));
#805 = CARTESIAN_POINT('',(23.767404349979,66.066766574044,
    -25.71173295935));
#806 = CARTESIAN_POINT('',(23.740999437434,65.949467386122,
    -25.75586807765));
#807 = CARTESIAN_POINT('',(23.709735997702,65.836980840735,
    -25.80454449756));
#808 = CARTESIAN_POINT('',(23.625851517795,65.582763498652,
    -25.92852758067));
#809 = CARTESIAN_POINT('',(23.56962915995,65.445197575317,
    -26.00705908648));
#810 = CARTESIAN_POINT('',(23.506904575839,65.316139577859,
    -26.09107821271));
#811 = CARTESIAN_POINT('',(23.438733106468,65.195190735882,
    -26.17934478525));
#812 = CARTESIAN_POINT('',(23.365940268463,65.08188737561,
    -26.27090556998));
#813 = CARTESIAN_POINT('',(23.289098712198,64.975731365306,
    -26.36510545607));
#814 = CARTESIAN_POINT('',(23.146684251979,64.799855035714,
    -26.53559954613));
#815 = CARTESIAN_POINT('',(23.082697202841,64.727461321828,
    -26.61090334756));
#816 = CARTESIAN_POINT('',(23.016734891911,64.658839000425,
    -26.68727578114));
#817 = CARTESIAN_POINT('',(22.948946602137,64.593841549353,
    -26.76453617381));
#818 = CARTESIAN_POINT('',(22.879454043491,64.532348999349,
    -26.84253376723));
#819 = CARTESIAN_POINT('',(22.808354351488,64.47425975947,
    -26.92114430696));
#820 = CARTESIAN_POINT('',(22.735719040772,64.419491127899,
    -27.0002694088));
#821 = ORIENTED_EDGE('',*,*,#822,.F.);
#822 = EDGE_CURVE('',#823,#798,#825,.T.);
#823 = VERTEX_POINT('',#824);
#824 = CARTESIAN_POINT('',(26.159139763193,49.,-26.7685));
#825 = B_SPLINE_CURVE_WITH_KNOTS('',5,(#826,#827,#828,#829,#830,#831,
    #832,#833,#834,#835,#836,#837,#838,#839,#840,#841,#842,#843,#844,
    #845,#846,#847,#848,#849,#850,#851,#852,#853,#854,#855),
  .UNSPECIFIED.,.F.,.F.,(6,4,4,4,4,4,4,6),(0.,9.647819458054E-02,
    0.200675151137,0.316263474226,0.446443471501,0.663389561126,
    0.900435256985,1.),.UNSPECIFIED.);
#826 = CARTESIAN_POINT('',(26.159139763193,49.,-26.7685));
#827 = CARTESIAN_POINT('',(26.031112095492,49.525311933857,-26.7685));
#828 = CARTESIAN_POINT('',(25.903907180888,50.050826091748,-26.7685));
#829 = CARTESIAN_POINT('',(25.777671796011,50.576576534184,-26.7685));
#830 = CARTESIAN_POINT('',(25.65254848909,51.102594526886,-26.7685));
#831 = CARTESIAN_POINT('',(25.394892187883,52.197330438401,-26.7685));
#832 = CARTESIAN_POINT('',(25.262567178659,52.766097506436,-26.7685));
#833 = CARTESIAN_POINT('',(25.131874842304,53.335245587393,-26.7685));
#834 = CARTESIAN_POINT('',(25.002982626628,53.904805801275,-26.7685));
#835 = CARTESIAN_POINT('',(24.73524282102,55.107118590007,-26.7685));
#836 = CARTESIAN_POINT('',(24.596847201001,55.739972183792,-26.7685));
#837 = CARTESIAN_POINT('',(24.461083642544,56.373401298926,-26.7685));
#838 = CARTESIAN_POINT('',(24.328159151852,57.007433759907,-26.7685));
#839 = CARTESIAN_POINT('',(24.051980408468,58.356862561224,-26.7685));
#840 = CARTESIAN_POINT('',(23.909540071852,59.072426099589,-26.7685));
#841 = CARTESIAN_POINT('',(23.771225680608,59.788807758293,-26.7685));
#842 = CARTESIAN_POINT('',(23.637291596446,60.506021703084,-26.7685));
#843 = CARTESIAN_POINT('',(23.292449718507,62.420699330437,-26.7685));
#844 = CARTESIAN_POINT('',(23.089735174527,63.619645567509,-26.7685));
#845 = CARTESIAN_POINT('',(22.900888457368,64.820902370438,-26.7685));
#846 = CARTESIAN_POINT('',(22.726766686597,66.024374251333,-26.7685));
#847 = CARTESIAN_POINT('',(22.394465608609,68.547046722335,-26.7685));
#848 = CARTESIAN_POINT('',(22.23925648732,69.866648627299,-26.7685));
#849 = CARTESIAN_POINT('',(22.103134226583,71.188412975503,-26.7685));
#850 = CARTESIAN_POINT('',(21.986510330864,72.512008571725,-26.7685));
#851 = CARTESIAN_POINT('',(21.848628653165,74.393572558118,-26.7685));
#852 = CARTESIAN_POINT('',(21.81128987381,74.950366437087,-26.7685));
#853 = CARTESIAN_POINT('',(21.777397762022,75.507384689179,-26.7685));
#854 = CARTESIAN_POINT('',(21.746942889563,76.064598301971,-26.7685));
#855 = CARTESIAN_POINT('',(21.719904458897,76.621977980724,-26.7685));
#856 = ORIENTED_EDGE('',*,*,#857,.T.);
#857 = EDGE_CURVE('',#823,#858,#860,.T.);
#858 = VERTEX_POINT('',#859);
#859 = CARTESIAN_POINT('',(5.780363886484,49.000000001667,
    -40.03360960019));
#860 = B_SPLINE_CURVE_WITH_KNOTS('',4,(#861,#862,#863,#864,#865,#866,
    #867,#868,#869,#870,#871,#872,#873,#874,#875,#876,#877,#878,#879,
    #880,#881,#882,#883,#884,#885,#886,#887,#888,#889,#890,#891,#892,
    #893,#894,#895,#896,#897,#898,#899,#900,#901,#902,#903,#904,#905,
    #906,#907,#908,#909,#910,#911,#912,#913,#914,#915,#916,#917,#918,
    #919),.UNSPECIFIED.,.F.,.F.,(5,3,3,3,3,3,3,3,3,3,3,3,3,3,3,3,3,3,3,5
    ),(0.,5.846839103861E-02,0.116772700217,0.17509610055,0.233216856466
    ,0.291517347496,0.349572031179,0.40776150941,0.465661016887,
    0.510820015029,0.555903443664,0.625266829379,0.694214015939,
    0.738929634327,0.783551781949,0.828084625589,0.872535301669,
    0.916913859436,0.955818954189,1.),.UNSPECIFIED.);
#861 = CARTESIAN_POINT('',(32.227986812885,49.,-11.21492753597));
#862 = CARTESIAN_POINT('',(32.146300724606,49.,-11.85841093893));
#863 = CARTESIAN_POINT('',(32.048352506631,49.,-12.49983018187));
#864 = CARTESIAN_POINT('',(31.934242132245,49.,-13.13857137006));
#865 = CARTESIAN_POINT('',(31.674341277177,49.,-14.40770816404));
#866 = CARTESIAN_POINT('',(31.528640527588,49.,-15.03812222031));
#867 = CARTESIAN_POINT('',(31.367145167579,49.,-15.66467565211));
#868 = CARTESIAN_POINT('',(31.012857956973,49.,-16.90909261937));
#869 = CARTESIAN_POINT('',(30.820055810983,49.,-17.52695327944));
#870 = CARTESIAN_POINT('',(30.611799622668,49.,-18.13977758078));
#871 = CARTESIAN_POINT('',(30.165577281702,49.,-19.35209506301));
#872 = CARTESIAN_POINT('',(29.927716818794,49.,-19.95162718151));
#873 = CARTESIAN_POINT('',(29.674927341699,49.,-20.54501925622));
#874 = CARTESIAN_POINT('',(29.139147040883,49.,-21.72022574392));
#875 = CARTESIAN_POINT('',(28.856065205522,49.,-22.30199867988));
#876 = CARTESIAN_POINT('',(28.558449381229,49.,-22.876473058));
#877 = CARTESIAN_POINT('',(27.936018596873,49.,-24.00733823845));
#878 = CARTESIAN_POINT('',(27.611323595193,49.,-24.56379506522));
#879 = CARTESIAN_POINT('',(27.272764936174,49.,-25.11192883926));
#880 = CARTESIAN_POINT('',(26.567713579707,49.,-26.19174262883));
#881 = CARTESIAN_POINT('',(26.201157866589,49.,-26.72338147951));
#882 = CARTESIAN_POINT('',(25.821288395665,49.,-27.24559260228));
#883 = CARTESIAN_POINT('',(25.037560115282,49.,-28.2675632356));
#884 = CARTESIAN_POINT('',(24.633830329199,49.,-28.76742166693));
#885 = CARTESIAN_POINT('',(24.217591256826,49.,-29.25691553828));
#886 = CARTESIAN_POINT('',(23.455094640427,49.,-30.10885045423));
#887 = CARTESIAN_POINT('',(23.113592281527,49.,-30.47554763359));
#888 = CARTESIAN_POINT('',(22.764879329431,49.,-30.83539613713));
#889 = CARTESIAN_POINT('',(22.054003456522,49.,-31.54033864484));
#890 = CARTESIAN_POINT('',(21.691864045276,49.,-31.8854563519));
#891 = CARTESIAN_POINT('',(21.322912536114,49.,-32.22328339505));
#892 = CARTESIAN_POINT('',(20.36952511851,49.,-33.06179259581));
#893 = CARTESIAN_POINT('',(19.776050571737,49.,-33.55219735995));
#894 = CARTESIAN_POINT('',(19.1676568176,49.,-34.02397998051));
#895 = CARTESIAN_POINT('',(17.926393494573,49.,-34.92600795524));
#896 = CARTESIAN_POINT('',(17.29369287466,49.,-35.35648607295));
#897 = CARTESIAN_POINT('',(16.647855290284,49.,-35.7670095792));
#898 = CARTESIAN_POINT('',(15.56296697294,49.,-36.40968697434));
#899 = CARTESIAN_POINT('',(15.131013330148,49.,-36.65382222935));
#900 = CARTESIAN_POINT('',(14.694149857543,49.,-36.88906219936));
#901 = CARTESIAN_POINT('',(13.812043634177,49.,-37.34090793097));
#902 = CARTESIAN_POINT('',(13.36682029649,49.,-37.55755172));
#903 = CARTESIAN_POINT('',(12.917222463008,49.,-37.76496846891));
#904 = CARTESIAN_POINT('',(12.010733069741,49.,-38.1606124292));
#905 = CARTESIAN_POINT('',(11.553857872366,49.,-38.34887733088));
#906 = CARTESIAN_POINT('',(11.09317025118,49.,-38.52761470354));
#907 = CARTESIAN_POINT('',(10.165602808471,49.,-38.86542090691));
#908 = CARTESIAN_POINT('',(9.698735915801,49.,-39.02452554234));
#909 = CARTESIAN_POINT('',(9.228644164439,49.,-39.17383770728));
#910 = CARTESIAN_POINT('',(8.283381324383,49.,-39.45239309047));
#911 = CARTESIAN_POINT('',(7.808219617266,49.,-39.58166859705));
#912 = CARTESIAN_POINT('',(7.330444012844,49.,-39.70092669019));
#913 = CARTESIAN_POINT('',(6.42950202889,49.,-39.90573938434));
#914 = CARTESIAN_POINT('',(6.006868083138,49.,-39.99363678266));
#915 = CARTESIAN_POINT('',(5.582676947762,49.,-40.07368536402));
#916 = CARTESIAN_POINT('',(4.673908645346,49.,-40.22776033752));
#917 = CARTESIAN_POINT('',(4.188943344807,49.,-40.29949801293));
#918 = CARTESIAN_POINT('',(3.702568800932,49.,-40.36096470294));
#919 = CARTESIAN_POINT('',(3.215111483863,49.,-40.41210987876));
#920 = ORIENTED_EDGE('',*,*,#921,.F.);
#921 = EDGE_CURVE('',#922,#858,#924,.T.);
#922 = VERTEX_POINT('',#923);
#923 = CARTESIAN_POINT('',(10.930062026599,-24.75696887005,
    -32.85538045229));
#924 = B_SPLINE_CURVE_WITH_KNOTS('',14,(#925,#926,#927,#928,#929,#930,
    #931,#932,#933,#934,#935,#936,#937,#938,#939,#940,#941,#942,#943,
    #944,#945,#946,#947,#948,#949,#950,#951,#952,#953,#954,#955,#956,
    #957,#958,#959,#960,#961,#962,#963,#964,#965,#966,#967,#968,#969,
    #970,#971,#972,#973,#974,#975,#976,#977,#978,#979,#980,#981,#982,
    #983,#984,#985,#986,#987,#988,#989,#990,#991,#992,#993,#994,#995,
    #996,#997,#998,#999,#1000,#1001,#1002,#1003,#1004,#1005,#1006,#1007,
    #1008,#1009,#1010,#1011,#1012,#1013,#1014,#1015,#1016,#1017,#1018,
    #1019,#1020,#1021,#1022,#1023,#1024,#1025,#1026,#1027,#1028,#1029,
    #1030,#1031,#1032,#1033,#1034,#1035,#1036,#1037,#1038,#1039,#1040,
    #1041,#1042,#1043,#1044,#1045,#1046,#1047,#1048,#1049,#1050,#1051,
    #1052,#1053,#1054,#1055,#1056,#1057,#1058,#1059,#1060,#1061,#1062,
    #1063,#1064,#1065,#1066,#1067,#1068,#1069,#1070,#1071,#1072,#1073,
    #1074,#1075,#1076,#1077,#1078,#1079,#1080,#1081,#1082,#1083,#1084,
    #1085,#1086,#1087,#1088,#1089,#1090,#1091,#1092,#1093,#1094,#1095),
  .UNSPECIFIED.,.F.,.F.,(15,13,13,13,13,13,13,13,13,13,13,13,13,15),(
    -10.54697855292,-7.329343497515,3.465109625716,13.36014703707,
    25.659612389207,41.050069985707,53.767557808115,65.867881003486,
    79.922581942736,85.833997188778,86.954070035043,88.429687326704,
    90.583742130679,94.371938159792),.UNSPECIFIED.);
#925 = CARTESIAN_POINT('',(-0.152410913507,-27.49596788472,
    -30.86438405933));
#926 = CARTESIAN_POINT('',(0.121331564417,-27.45971976464,-30.8803772437
    ));
#927 = CARTESIAN_POINT('',(0.39507404234,-27.42347164457,-30.89637042807
    ));
#928 = CARTESIAN_POINT('',(0.668816520264,-27.38722352449,
    -30.91236361244));
#929 = CARTESIAN_POINT('',(0.942558998189,-27.35097540442,
    -30.92835679681));
#930 = CARTESIAN_POINT('',(1.216301476113,-27.31472728435,
    -30.94434998118));
#931 = CARTESIAN_POINT('',(1.490043954038,-27.27847916428,
    -30.96034316556));
#932 = CARTESIAN_POINT('',(1.763786431962,-27.24223104421,
    -30.97633634994));
#933 = CARTESIAN_POINT('',(2.037528909887,-27.20598292415,
    -30.99232953431));
#934 = CARTESIAN_POINT('',(2.311271387813,-27.16973480408,
    -31.00832271869));
#935 = CARTESIAN_POINT('',(2.585013865738,-27.13348668402,
    -31.02431590308));
#936 = CARTESIAN_POINT('',(2.858756343664,-27.09723856395,
    -31.04030908746));
#937 = CARTESIAN_POINT('',(3.13249882159,-27.06099044389,-31.05630227184
    ));
#938 = CARTESIAN_POINT('',(3.406241299516,-27.02474232383,
    -31.07229545623));
#939 = CARTESIAN_POINT('',(4.598329175515,-26.86688978747,
    -31.14194223283));
#940 = CARTESIAN_POINT('',(5.423535312876,-26.71174109683,
    -31.25432970125));
#941 = CARTESIAN_POINT('',(6.196715167003,-26.53439703923,
    -31.39891492081));
#942 = CARTESIAN_POINT('',(6.949108271887,-26.33286732191,
    -31.56905131658));
#943 = CARTESIAN_POINT('',(7.679646149536,-26.1141925914,-31.75169721456
    ));
#944 = CARTESIAN_POINT('',(8.419996963976,-25.86364120125,
    -31.96092946903));
#945 = CARTESIAN_POINT('',(9.138469861032,-25.59345895401,-32.1837119138
    ));
#946 = CARTESIAN_POINT('',(9.842139336271,-25.30230440411,
    -32.42313794149));
#947 = CARTESIAN_POINT('',(10.549736991002,-24.98252561522,
    -32.68339891733));
#948 = CARTESIAN_POINT('',(11.234116959886,-24.64511170914,
    -32.94944279303));
#949 = CARTESIAN_POINT('',(11.905675730866,-24.28770962926,
    -33.23030910339));
#950 = CARTESIAN_POINT('',(12.564228805665,-23.91003758852,
    -33.51991636456));
#951 = CARTESIAN_POINT('',(13.207561157806,-23.5141693271,
    -33.81763837274));
#952 = CARTESIAN_POINT('',(14.412211989536,-22.72148487914,
    -34.40038581187));
#953 = CARTESIAN_POINT('',(14.975802869399,-22.32755040304,
    -34.6844003402));
#954 = CARTESIAN_POINT('',(15.526612855145,-21.91948574746,
    -34.97241233304));
#955 = CARTESIAN_POINT('',(16.064502597049,-21.49797885378,
    -35.26310945106));
#956 = CARTESIAN_POINT('',(16.589414327749,-21.06371068389,
    -35.55518944032));
#957 = CARTESIAN_POINT('',(17.101362089677,-20.61735221501,
    -35.84737259806));
#958 = CARTESIAN_POINT('',(17.600421949691,-20.15956141404,
    -36.13841421399));
#959 = CARTESIAN_POINT('',(18.086722232362,-19.69098024116,
    -36.4271170469));
#960 = CARTESIAN_POINT('',(18.56043373014,-19.21223161767,
    -36.71234375786));
#961 = CARTESIAN_POINT('',(19.021759938041,-18.7239164314,-36.9930293891
    ));
#962 = CARTESIAN_POINT('',(19.470927266034,-18.22661050814,
    -37.26819380168));
#963 = CARTESIAN_POINT('',(19.908175268781,-17.7208616095,
    -37.53695414497));
#964 = CARTESIAN_POINT('',(20.333746863906,-17.20718641321,
    -37.79853730528));
#965 = CARTESIAN_POINT('',(21.262641482093,-16.03832018186,
    -38.36770820985));
#966 = CARTESIAN_POINT('',(21.759745917498,-15.379056143,-38.67104300443
    ));
#967 = CARTESIAN_POINT('',(22.23968286523,-14.70914504797,-38.9610059249
    ));
#968 = CARTESIAN_POINT('',(22.70293024012,-14.02938283652,-39.236603002)
  );
#969 = CARTESIAN_POINT('',(23.149944733518,-13.34044647522,
    -39.49713475239));
#970 = CARTESIAN_POINT('',(23.58115334938,-12.64285799902,
    -39.74218598222));
#971 = CARTESIAN_POINT('',(23.9969446045,-11.93695784557,-39.97160774638
    ));
#972 = CARTESIAN_POINT('',(24.397659404922,-11.22288748329,
    -40.18549149074));
#973 = CARTESIAN_POINT('',(24.783581582996,-10.50058133192,
    -40.38413534124));
#974 = CARTESIAN_POINT('',(25.154928112197,-9.769767976583,
    -40.56800258076));
#975 = CARTESIAN_POINT('',(25.511838983486,-9.029980674922,
    -40.73767227387));
#976 = CARTESIAN_POINT('',(25.854366756463,-8.280577157142,
    -40.89378207301));
#977 = CARTESIAN_POINT('',(26.182465776008,-7.520768719494,
    -41.03696318183));
#978 = CARTESIAN_POINT('',(26.88828621678,-5.78475996716,-41.33144437503
    ));
#979 = CARTESIAN_POINT('',(27.257773610126,-4.802161562643,
    -41.47577064164));
#980 = CARTESIAN_POINT('',(27.603931191478,-3.800187779065,
    -41.6019247742));
#981 = CARTESIAN_POINT('',(27.926826040783,-2.7769270324,-41.71098988211
    ));
#982 = CARTESIAN_POINT('',(28.224078504869,-1.729477491496,
    -41.80397873007));
#983 = CARTESIAN_POINT('',(28.495975136856,-0.658447065362,
    -41.88166470489));
#984 = CARTESIAN_POINT('',(28.739972358728,0.441127150219,
    -41.94462215262));
#985 = CARTESIAN_POINT('',(28.953014683742,1.570089316409,
    -41.99349511137));
#986 = CARTESIAN_POINT('',(29.133853368048,2.724845142034,
    -42.02904849713));
#987 = CARTESIAN_POINT('',(29.278978891909,3.910291859185,
    -42.05214676898));
#988 = CARTESIAN_POINT('',(29.382930238583,5.128739329211,
    -42.06419718092));
#989 = CARTESIAN_POINT('',(29.445617110911,6.360582722159,
    -42.06761193207));
#990 = CARTESIAN_POINT('',(29.459797345171,7.63272642633,-42.06485608833
    ));
#991 = CARTESIAN_POINT('',(29.394003000294,9.96940764537,-42.05606512448
    ));
#992 = CARTESIAN_POINT('',(29.32996773196,11.031776719645,
    -42.05073802494));
#993 = CARTESIAN_POINT('',(29.230651277045,12.082513362958,
    -42.04619363299));
#994 = CARTESIAN_POINT('',(29.100871440489,13.119543765977,
    -42.04001672993));
#995 = CARTESIAN_POINT('',(28.93151626259,14.159608443799,
    -42.04189667571));
#996 = CARTESIAN_POINT('',(28.74296290418,15.168165943987,-42.0384309253
    ));
#997 = CARTESIAN_POINT('',(28.496610547611,16.218431102186,
    -42.05283962829));
#998 = CARTESIAN_POINT('',(28.245871705469,17.183648456525,
    -42.06507920563));
#999 = CARTESIAN_POINT('',(27.936826408513,18.209034948598,
    -42.09557526421));
#1000 = CARTESIAN_POINT('',(27.609351317,19.176541333498,-42.13171318013
    ));
#1001 = CARTESIAN_POINT('',(27.244031717984,20.151318417104,
    -42.17895430218));
#1002 = CARTESIAN_POINT('',(26.849804539601,21.105622811602,
    -42.23388801567));
#1003 = CARTESIAN_POINT('',(26.42627522571,22.045476870701,
    -42.29571785034));
#1004 = CARTESIAN_POINT('',(25.547012548238,23.845866550618,
    -42.42664210547));
#1005 = CARTESIAN_POINT('',(25.093798922065,24.708156267907,
    -42.49525116636));
#1006 = CARTESIAN_POINT('',(24.617760690507,25.553625935991,
    -42.56730891553));
#1007 = CARTESIAN_POINT('',(24.120673904956,26.381088863157,
    -42.64142798331));
#1008 = CARTESIAN_POINT('',(23.604471623377,27.189476562706,
    -42.7162186434));
#1009 = CARTESIAN_POINT('',(23.071186154835,27.977929528797,
    -42.79034407095));
#1010 = CARTESIAN_POINT('',(22.522836669366,28.745899547275,
    -42.86256577041));
#1011 = CARTESIAN_POINT('',(21.961317263283,29.49321277788,
    -42.93177517036));
#1012 = CARTESIAN_POINT('',(21.388321119785,30.220067042822,
    -42.99700936264));
#1013 = CARTESIAN_POINT('',(20.805317101638,30.926961196897,
    -43.05745125307));
#1014 = CARTESIAN_POINT('',(20.21357564378,31.614578618767,
    -43.11241633042));
#1015 = CARTESIAN_POINT('',(19.614221507386,32.283671300744,
    -43.16133054418));
#1016 = CARTESIAN_POINT('',(19.008271511916,32.935015217069,
    -43.20370577138));
#1017 = CARTESIAN_POINT('',(17.686126060483,34.306532509678,
    -43.28025751256));
#1018 = CARTESIAN_POINT('',(16.967963824315,35.020827807318,
    -43.31199916566));
#1019 = CARTESIAN_POINT('',(16.24335197726,35.713790542168,
    -43.33371361963));
#1020 = CARTESIAN_POINT('',(15.51360209722,36.386899291781,
    -43.34484951901));
#1021 = CARTESIAN_POINT('',(14.779758688187,37.041656695984,
    -43.34496143297));
#1022 = CARTESIAN_POINT('',(14.042639997942,37.67957024242,
    -43.33367280109));
#1023 = CARTESIAN_POINT('',(13.303006877863,38.302157272363,
    -43.31062365594));
#1024 = CARTESIAN_POINT('',(12.561701168639,38.910954377179,
    -43.27543037902));
#1025 = CARTESIAN_POINT('',(11.819685235944,39.507529709232,
    -43.2276654679));
#1026 = CARTESIAN_POINT('',(11.078004559839,40.093515453819,
    -43.16684644374));
#1027 = CARTESIAN_POINT('',(10.337785400997,40.670696006008,
    -43.09240368773));
#1028 = CARTESIAN_POINT('',(9.600469845716,41.241206117687,
    -43.0035781412));
#1029 = CARTESIAN_POINT('',(8.868580673097,41.807911635466,
    -42.89918053323));
#1030 = CARTESIAN_POINT('',(7.8440691949,42.613608719972,-42.72578814213
    ));
#1031 = CARTESIAN_POINT('',(7.542651228156,42.852267017273,
    -42.67130776939));
#1032 = CARTESIAN_POINT('',(7.243494789846,43.091094788631,
    -42.61368047852));
#1033 = CARTESIAN_POINT('',(6.947037752221,43.331632852387,
    -42.55210515699));
#1034 = CARTESIAN_POINT('',(6.654666451197,43.571442535465,
    -42.48775500302));
#1035 = CARTESIAN_POINT('',(6.364895602344,43.815476996577,
    -42.41842601229));
#1036 = CARTESIAN_POINT('',(6.081380443068,44.061362753072,
    -42.34486269349));
#1037 = CARTESIAN_POINT('',(5.806135004258,44.307952335453,
    -42.26754607792));
#1038 = CARTESIAN_POINT('',(5.53737096438,44.561446455624,-42.1838769358
    ));
#1039 = CARTESIAN_POINT('',(5.279629663225,44.821936594965,
    -42.09339476176));
#1040 = CARTESIAN_POINT('',(5.04159342215,45.084350358726,
    -41.99773373481));
#1041 = CARTESIAN_POINT('',(4.822207117196,45.361368487179,-41.891382865
    ));
#1042 = CARTESIAN_POINT('',(4.644068129865,45.645622037079,
    -41.77585793401));
#1043 = CARTESIAN_POINT('',(4.489494342386,45.989596386796,
    -41.6287167762));
#1044 = CARTESIAN_POINT('',(4.466602791297,46.044558747707,
    -41.60498795244));
#1045 = CARTESIAN_POINT('',(4.445520708065,46.099666768028,
    -41.5809755611));
#1046 = CARTESIAN_POINT('',(4.426311906377,46.154873669709,
    -41.55669905789));
#1047 = CARTESIAN_POINT('',(4.409021937067,46.210124040694,
    -41.53218417057));
#1048 = CARTESIAN_POINT('',(4.393676226951,46.26536507731,
    -41.50745761095));
#1049 = CARTESIAN_POINT('',(4.380280069941,46.320554623932,
    -41.48254311615));
#1050 = CARTESIAN_POINT('',(4.368820468609,46.375666013615,
    -41.45745880706));
#1051 = CARTESIAN_POINT('',(4.359269828192,46.430689704293,
    -41.43221588018));
#1052 = CARTESIAN_POINT('',(4.351591501403,46.485631717884,
    -41.40681861479));
#1053 = CARTESIAN_POINT('',(4.345747184904,46.540508873192,
    -41.38126571218));
#1054 = CARTESIAN_POINT('',(4.341706167452,46.59534082263,-41.3555529542
    ));
#1055 = CARTESIAN_POINT('',(4.339456429106,46.650138883217,
    -41.32967718882));
#1056 = CARTESIAN_POINT('',(4.338439455616,46.777024619376,
    -41.26934163197));
#1057 = CARTESIAN_POINT('',(4.34098012148,46.849074788979,
    -41.23476918872));
#1058 = CARTESIAN_POINT('',(4.346646130083,46.921146739193,
    -41.19987415995));
#1059 = CARTESIAN_POINT('',(4.355499718309,46.99327258818,
    -41.16463203989));
#1060 = CARTESIAN_POINT('',(4.367623771235,47.065431226255,
    -41.1290391533));
#1061 = CARTESIAN_POINT('',(4.383093620897,47.137565003413,
    -41.09310822963));
#1062 = CARTESIAN_POINT('',(4.401955702481,47.209593963956,
    -41.05686442969));
#1063 = CARTESIAN_POINT('',(4.424213052021,47.281427515482,
    -41.02034172539));
#1064 = CARTESIAN_POINT('',(4.449817666812,47.352973677426,
    -40.98357976171));
#1065 = CARTESIAN_POINT('',(4.47866970429,47.424145748749,-40.9466210571
    ));
#1066 = CARTESIAN_POINT('',(4.510623543249,47.494866547619,
    -40.90950868035));
#1067 = CARTESIAN_POINT('',(4.545500687177,47.565070097315,
    -40.87228428948));
#1068 = CARTESIAN_POINT('',(4.583109524382,47.634700847431,
    -40.83498661434));
#1069 = CARTESIAN_POINT('',(4.681899627404,47.804448087242,
    -40.74314812852));
#1070 = CARTESIAN_POINT('',(4.745886242957,47.903825340315,
    -40.68859233293));
#1071 = CARTESIAN_POINT('',(4.815065719087,48.001938500822,
    -40.63391509268));
#1072 = CARTESIAN_POINT('',(4.887776584849,48.098174200861,
    -40.5796030168));
#1073 = CARTESIAN_POINT('',(4.964883362832,48.193389243153,
    -40.52509221413));
#1074 = CARTESIAN_POINT('',(5.045753210744,48.287443523227,
    -40.47049702842));
#1075 = CARTESIAN_POINT('',(5.128917584644,48.379782421723,
    -40.41625976516));
#1076 = CARTESIAN_POINT('',(5.214064216718,48.470603235735,
    -40.36231705242));
#1077 = CARTESIAN_POINT('',(5.301900129784,48.560556495867,
    -40.30823913696));
#1078 = CARTESIAN_POINT('',(5.392649041235,48.649807726642,
    -40.25387862157));
#1079 = CARTESIAN_POINT('',(5.485786625594,48.738147760289,
    -40.19937812818));
#1080 = CARTESIAN_POINT('',(5.581307858738,48.825866302829,
    -40.1445891878));
#1081 = CARTESIAN_POINT('',(5.679538216956,48.913119483714,
    -40.08935048645));
#1082 = CARTESIAN_POINT('',(5.95767943121,49.152791115668,
    -39.93558173033));
#1083 = CARTESIAN_POINT('',(6.137449432033,49.307697211081,
    -39.83619692866));
#1084 = CARTESIAN_POINT('',(6.319673888951,49.464718287905,
    -39.73545519519));
#1085 = CARTESIAN_POINT('',(6.504352801965,49.623854346142,
    -39.6333565299));
#1086 = CARTESIAN_POINT('',(6.691486171075,49.78510538579,
    -39.52990093281));
#1087 = CARTESIAN_POINT('',(6.881073996281,49.94847140685,
    -39.42508840391));
#1088 = CARTESIAN_POINT('',(7.073116277582,50.113952409323,
    -39.31891894321));
#1089 = CARTESIAN_POINT('',(7.267613014979,50.281548393207,
    -39.21139255069));
#1090 = CARTESIAN_POINT('',(7.464564208472,50.451259358503,
    -39.10250922636));
#1091 = CARTESIAN_POINT('',(7.66396985806,50.623085305211,
    -38.99226897023));
#1092 = CARTESIAN_POINT('',(7.865829963745,50.79702623333,
    -38.88067178229));
#1093 = CARTESIAN_POINT('',(8.070144525525,50.973082142862,
    -38.76771766254));
#1094 = CARTESIAN_POINT('',(8.276913543401,51.151253033806,
    -38.65340661098));
#1095 = CARTESIAN_POINT('',(8.486137017372,51.331538906161,
    -38.53773862762));
#1096 = ORIENTED_EDGE('',*,*,#1097,.T.);
#1097 = EDGE_CURVE('',#922,#24,#1098,.T.);
#1098 = B_SPLINE_CURVE_WITH_KNOTS('',6,(#1099,#1100,#1101,#1102,#1103,
    #1104,#1105,#1106,#1107,#1108,#1109,#1110,#1111,#1112,#1113,#1114,
    #1115,#1116,#1117,#1118,#1119,#1120,#1121,#1122,#1123,#1124,#1125,
    #1126,#1127,#1128,#1129,#1130,#1131,#1132,#1133,#1134,#1135,#1136,
    #1137,#1138,#1139,#1140,#1141,#1142,#1143,#1144,#1145,#1146,#1147,
    #1148,#1149,#1150,#1151,#1152,#1153,#1154,#1155,#1156,#1157,#1158,
    #1159,#1160,#1161,#1162,#1163,#1164,#1165,#1166,#1167,#1168,#1169,
    #1170,#1171,#1172,#1173,#1174,#1175,#1176,#1177,#1178,#1179,#1180,
    #1181,#1182,#1183,#1184,#1185,#1186,#1187,#1188,#1189,#1190,#1191,
    #1192,#1193,#1194,#1195,#1196,#1197,#1198,#1199,#1200,#1201,#1202,
    #1203,#1204,#1205,#1206,#1207,#1208,#1209,#1210,#1211,#1212,#1213,
    #1214,#1215,#1216,#1217,#1218,#1219,#1220,#1221,#1222,#1223,#1224,
    #1225,#1226,#1227,#1228,#1229,#1230,#1231,#1232,#1233,#1234,#1235),
  .UNSPECIFIED.,.F.,.F.,(7,5,5,5,5,5,5,5,5,5,5,5,5,5,5,5,5,5,5,5,5,5,5,5
    ,5,5,5,7),(0.,5.440679819403E-02,0.131398695613,0.17136164252,
    0.208950644108,0.240263254427,0.272296634509,0.309927808282,
    0.356410837634,0.401143159502,0.43097491135,0.451560139724,
    0.465853536349,0.499976749863,0.527039537442,0.538385880427,
    0.554484386701,0.577671890436,0.611703110865,0.664057129527,
    0.705401696864,0.740400111411,0.772843574284,0.80506632979,
    0.841198594384,0.885223169899,0.958643061904,1.),.UNSPECIFIED.);
#1099 = CARTESIAN_POINT('',(-15.91828201076,-28.26736478941,
    0.54380604874));
#1100 = CARTESIAN_POINT('',(-15.8528263654,-28.17660078006,
    -0.319755815539));
#1101 = CARTESIAN_POINT('',(-15.78717800552,-28.08583834626,
    -1.183302689526));
#1102 = CARTESIAN_POINT('',(-15.72125606329,-27.99507812153,
    -2.046828545532));
#1103 = CARTESIAN_POINT('',(-15.65496445412,-27.90432088731,
    -2.910325948779));
#1104 = CARTESIAN_POINT('',(-15.58818607391,-27.81356761916,
    -3.773785617294));
#1105 = CARTESIAN_POINT('',(-15.42538537344,-27.5944005199,
    -5.859021276106));
#1106 = CARTESIAN_POINT('',(-15.3287305026,-27.46599210387,
    -7.080745745149));
#1107 = CARTESIAN_POINT('',(-15.23040528038,-27.33759739189,
    -8.302339828915));
#1108 = CARTESIAN_POINT('',(-15.12988369749,-27.2092211633,
    -9.523758055027));
#1109 = CARTESIAN_POINT('',(-15.02650272438,-27.08087001373,
    -10.74493767009));
#1110 = CARTESIAN_POINT('',(-14.86363925206,-26.88595082517,
    -12.59946986921));
#1111 = CARTESIAN_POINT('',(-14.80695714289,-26.81935733487,
    -13.23306460623));
#1112 = CARTESIAN_POINT('',(-14.74910497316,-26.75277477008,
    -13.86655539396));
#1113 = CARTESIAN_POINT('',(-14.68992497726,-26.68620493247,
    -14.49992509059));
#1114 = CARTESIAN_POINT('',(-14.62922375852,-26.61965017566,
    -15.13315130305));
#1115 = CARTESIAN_POINT('',(-14.50800051571,-26.4905294567,
    -16.3616528818));
#1116 = CARTESIAN_POINT('',(-14.44768232511,-26.42796155818,
    -16.95694667143));
#1117 = CARTESIAN_POINT('',(-14.3855955715,-26.36541228623,
    -17.55206324113));
#1118 = CARTESIAN_POINT('',(-14.32149579675,-26.30288502937,
    -18.14697035124));
#1119 = CARTESIAN_POINT('',(-14.25506957786,-26.24038448926,
    -18.74162326848));
#1120 = CARTESIAN_POINT('',(-14.12828620492,-26.12588002158,
    -19.83106050553));
#1121 = CARTESIAN_POINT('',(-14.06876770633,-26.0738662323,
    -20.32593865345));
#1122 = CARTESIAN_POINT('',(-14.00710744871,-26.0218791751,
    -20.82056246249));
#1123 = CARTESIAN_POINT('',(-13.94301549891,-25.96992392464,
    -21.31488365073));
#1124 = CARTESIAN_POINT('',(-13.87613303598,-25.91800737493,
    -21.80883662592));
#1125 = CARTESIAN_POINT('',(-13.73427876398,-25.81307567426,
    -22.80719506888));
#1126 = CARTESIAN_POINT('',(-13.65915679099,-25.76006348139,
    -23.3115723923));
#1127 = CARTESIAN_POINT('',(-13.58016947346,-25.70711085132,
    -23.81538301358));
#1128 = CARTESIAN_POINT('',(-13.4967407937,-25.6542314905,
    -24.31849652457));
#1129 = CARTESIAN_POINT('',(-13.40818912392,-25.60144398083,
    -24.82073613024));
#1130 = CARTESIAN_POINT('',(-13.2027427217,-25.48689539827,
    -25.91059309239));
#1131 = CARTESIAN_POINT('',(-13.08360477898,-25.42518104999,
    -26.497765894));
#1132 = CARTESIAN_POINT('',(-12.95501989042,-25.36366457192,
    -27.08305608627));
#1133 = CARTESIAN_POINT('',(-12.8155134625,-25.30240246493,
    -27.66592609944));
#1134 = CARTESIAN_POINT('',(-12.66347024324,-25.24147075735,
    -28.24565257211));
#1135 = CARTESIAN_POINT('',(-12.29189464212,-25.10622148673,
    -29.53246342497));
#1136 = CARTESIAN_POINT('',(-12.06491927395,-25.03213393138,
    -30.23735942814));
#1137 = CARTESIAN_POINT('',(-11.81319441997,-24.95887565003,
    -30.93436541616));
#1138 = CARTESIAN_POINT('',(-11.53359926702,-24.88670063929,
    -31.62106477281));
#1139 = CARTESIAN_POINT('',(-11.22339905086,-24.81592559278,
    -32.29444435965));
#1140 = CARTESIAN_POINT('',(-10.55050245292,-24.68051424388,
    -33.58279728424));
#1141 = CARTESIAN_POINT('',(-10.19023468176,-24.61574935261,
    -34.19899406369));
#1142 = CARTESIAN_POINT('',(-9.797884701084,-24.55296871393,
    -34.79631194069));
#1143 = CARTESIAN_POINT('',(-9.372279212094,-24.49256563806,
    -35.37100881872));
#1144 = CARTESIAN_POINT('',(-8.913074299312,-24.43497001565,
    -35.91899456125));
#1145 = CARTESIAN_POINT('',(-8.092847266423,-24.34438941324,
    -36.78081142511));
#1146 = CARTESIAN_POINT('',(-7.750064874938,-24.30959640221,
    -37.11184481253));
#1147 = CARTESIAN_POINT('',(-7.392884331641,-24.27638343416,
    -37.42784509516));
#1148 = CARTESIAN_POINT('',(-7.021713768814,-24.24488375462,
    -37.72754452649));
#1149 = CARTESIAN_POINT('',(-6.637165446452,-24.21522760818,
    -38.009703912));
#1150 = CARTESIAN_POINT('',(-5.966069803527,-24.16843325687,
    -38.45492242476));
#1151 = CARTESIAN_POINT('',(-5.6860864988,-24.15026384905,
    -38.62779279267));
#1152 = CARTESIAN_POINT('',(-5.400402429431,-24.1330718904,
    -38.79136335298));
#1153 = CARTESIAN_POINT('',(-5.109331975288,-24.11689595046,
    -38.9452671409));
#1154 = CARTESIAN_POINT('',(-4.813231571053,-24.1017719835,
    -39.08916207463));
#1155 = CARTESIAN_POINT('',(-4.303689617514,-24.07798481553,
    -39.31548186002));
#1156 = CARTESIAN_POINT('',(-4.09264428708,-24.06875971478,
    -39.40325283064));
#1157 = CARTESIAN_POINT('',(-3.879499435276,-24.06006860865,
    -39.48594318187));
#1158 = CARTESIAN_POINT('',(-3.664396385541,-24.05192162099,
    -39.56345659166));
#1159 = CARTESIAN_POINT('',(-3.447484256555,-24.04432797842,
    -39.63570527468));
#1160 = CARTESIAN_POINT('',(-2.707132434972,-24.02050830358,
    -39.8623343422));
#1161 = CARTESIAN_POINT('',(-2.175892567243,-24.00692056263,
    -39.99161306173));
#1162 = CARTESIAN_POINT('',(-1.637397079254,-23.99664843763,
    -40.08934580272));
#1163 = CARTESIAN_POINT('',(-1.093960555373,-23.98976866234,
    -40.15480249223));
#1164 = CARTESIAN_POINT('',(-0.548007092091,-23.98632365685,
    -40.18757952998));
#1165 = CARTESIAN_POINT('',(0.430888893742,-23.98630410325,
    -40.18776557009));
#1166 = CARTESIAN_POINT('',(0.863872445156,-23.9884555244,
    -40.16729616518));
#1167 = CARTESIAN_POINT('',(1.29561555191,-23.99276700396,
    -40.12627517723));
#1168 = CARTESIAN_POINT('',(1.72489937307,-23.99922261878,-40.0648541051
    ));
#1169 = CARTESIAN_POINT('',(2.150541482255,-24.00779107328,
    -39.98333070621));
#1170 = CARTESIAN_POINT('',(2.747843912752,-24.02288513795,
    -39.83972027382));
#1171 = CARTESIAN_POINT('',(2.923452005024,-24.02770736654,
    -39.79383983351));
#1172 = CARTESIAN_POINT('',(3.098137619929,-24.03288954853,
    -39.74453466544));
#1173 = CARTESIAN_POINT('',(3.271820343645,-24.03842790438,
    -39.69184072939));
#1174 = CARTESIAN_POINT('',(3.444422335456,-24.04431825121,
    -39.63579782282));
#1175 = CARTESIAN_POINT('',(3.859120659017,-24.05940629786,
    -39.49224464812));
#1176 = CARTESIAN_POINT('',(4.100046591525,-24.06895600384,
    -39.40138526496));
#1177 = CARTESIAN_POINT('',(4.338430837747,-24.07919195821,
    -39.3039966646));
#1178 = CARTESIAN_POINT('',(4.574071745464,-24.09009968238,
    -39.20021660146));
#1179 = CARTESIAN_POINT('',(4.80678129775,-24.10166338177,
    -39.09019535103));
#1180 = CARTESIAN_POINT('',(5.367095256675,-24.13144192414,
    -38.80687144599));
#1181 = CARTESIAN_POINT('',(5.691366064042,-24.1503435722,
    -38.62703427758));
#1182 = CARTESIAN_POINT('',(6.008673655127,-24.17051982588,
    -38.43507004675));
#1183 = CARTESIAN_POINT('',(6.318570091597,-24.19191550175,
    -38.23150378874));
#1184 = CARTESIAN_POINT('',(6.620678677417,-24.21447211749,
    -38.01689192579));
#1185 = CARTESIAN_POINT('',(7.346194912004,-24.27284839588,
    -37.46147873769));
#1186 = CARTESIAN_POINT('',(7.760271857272,-24.30993857982,
    -37.10858921005));
#1187 = CARTESIAN_POINT('',(8.155935508686,-24.3492063609,
    -36.73498122948));
#1188 = CARTESIAN_POINT('',(8.532596422832,-24.39045339678,
    -36.34254189753));
#1189 = CARTESIAN_POINT('',(8.889994557207,-24.43348308407,
    -35.93314177025));
#1190 = CARTESIAN_POINT('',(9.7484181822,-24.54674877822,-34.85549067593
    ));
#1191 = CARTESIAN_POINT('',(10.223167472672,-24.61915919841,
    -34.16655154795));
#1192 = CARTESIAN_POINT('',(10.65265097315,-24.69464905773,
    -33.44831351383));
#1193 = CARTESIAN_POINT('',(11.038867557496,-24.77259183006,
    -32.70673757126));
#1194 = CARTESIAN_POINT('',(11.385102078619,-24.85244977739,
    -31.94693995579));
#1195 = CARTESIAN_POINT('',(11.94035716359,-24.99805355441,
    -30.56161255534));
#1196 = CARTESIAN_POINT('',(12.162910776037,-25.06323289239,
    -29.94147257891));
#1197 = CARTESIAN_POINT('',(12.365006496498,-25.12914564834,
    -29.31435459664));
#1198 = CARTESIAN_POINT('',(12.548837062788,-25.19562576188,
    -28.68183856747));
#1199 = CARTESIAN_POINT('',(12.716635519477,-25.26254401047,
    -28.04515396169));
#1200 = CARTESIAN_POINT('',(13.000720026759,-25.38675882603,
    -26.86332893587));
#1201 = CARTESIAN_POINT('',(13.120951517231,-25.4439520204,
    -26.31917204033));
#1202 = CARTESIAN_POINT('',(13.232443907593,-25.50134020692,
    -25.77315991839));
#1203 = CARTESIAN_POINT('',(13.336365052555,-25.55888019448,
    -25.22570350606));
#1204 = CARTESIAN_POINT('',(13.433733788807,-25.61654027508,
    -24.67710448482));
#1205 = CARTESIAN_POINT('',(13.610412655735,-25.72784365854,
    -23.61812352955));
#1206 = CARTESIAN_POINT('',(13.690519554696,-25.7814714037,
    -23.10788961728));
#1207 = CARTESIAN_POINT('',(13.766433675015,-25.83516625156,
    -22.59701726541));
#1208 = CARTESIAN_POINT('',(13.838727463094,-25.88891485485,
    -22.08563346481));
#1209 = CARTESIAN_POINT('',(13.907870756452,-25.94270750087,
    -21.5738306256));
#1210 = CARTESIAN_POINT('',(14.040175393999,-26.05000199546,
    -20.55299170016));
#1211 = CARTESIAN_POINT('',(14.103373923225,-26.10350280838,
    -20.04396546741));
#1212 = CARTESIAN_POINT('',(14.164221908982,-26.15703357804,
    -19.5346542154));
#1213 = CARTESIAN_POINT('',(14.223016693106,-26.2105891955,
    -19.02510655226));
#1214 = CARTESIAN_POINT('',(14.279996073805,-26.26416589725,
    -18.51535828561));
#1215 = CARTESIAN_POINT('',(14.397438736172,-26.37785869084,
    -17.43364361159));
#1216 = CARTESIAN_POINT('',(14.457485838463,-26.43797930591,
    -16.8616341686));
#1217 = CARTESIAN_POINT('',(14.515778157866,-26.49811891597,
    -16.28944400033));
#1218 = CARTESIAN_POINT('',(14.572532167963,-26.55827452798,
    -15.71710158373));
#1219 = CARTESIAN_POINT('',(14.627921559095,-26.61844389742,
    -15.14462827388));
#1220 = CARTESIAN_POINT('',(14.748103554219,-26.7519520924,
    -13.8743826492));
#1221 = CARTESIAN_POINT('',(14.812307231711,-26.82529663657,
    -13.17655592521));
#1222 = CARTESIAN_POINT('',(14.874973766465,-26.89865582224,
    -12.47858989668));
#1223 = CARTESIAN_POINT('',(14.936314092874,-26.97202723851,
    -11.78050750181));
#1224 = CARTESIAN_POINT('',(14.996500226816,-27.04540904419,
    -11.08232625821));
#1225 = CARTESIAN_POINT('',(15.154380123802,-27.24119376583,
    -9.219559062023));
#1226 = CARTESIAN_POINT('',(15.250284329676,-27.36361240013,
    -8.054823559228));
#1227 = CARTESIAN_POINT('',(15.344082942484,-27.48604905952,
    -6.889916559296));
#1228 = CARTESIAN_POINT('',(15.436268892496,-27.60849909147,
    -5.72488232784));
#1229 = CARTESIAN_POINT('',(15.527233599607,-27.73095905958,
    -4.559753560207));
#1230 = CARTESIAN_POINT('',(15.668010306161,-27.92241174827,
    -2.738202904315));
#1231 = CARTESIAN_POINT('',(15.718445867398,-27.99139926383,
    -2.081830538437));
#1232 = CARTESIAN_POINT('',(15.768646759792,-28.06038868547,
    -1.425440037444));
#1233 = CARTESIAN_POINT('',(15.818660183825,-28.12937962495,
    -0.769035095277));
#1234 = CARTESIAN_POINT('',(15.868526785689,-28.19837175315,
    -0.112618843043));
#1235 = CARTESIAN_POINT('',(15.918282010762,-28.26736478941,
    0.54380604874));
#1236 = FACE_BOUND('',#1237,.F.);
#1237 = EDGE_LOOP('',(#1238,#1259,#1269,#1325));
#1238 = ORIENTED_EDGE('',*,*,#1239,.F.);
#1239 = EDGE_CURVE('',#1240,#1242,#1244,.T.);
#1240 = VERTEX_POINT('',#1241);
#1241 = CARTESIAN_POINT('',(19.180643514953,-23.65634312659,-16.2));
#1242 = VERTEX_POINT('',#1243);
#1243 = CARTESIAN_POINT('',(18.389779549995,-24.219282,-16.2));
#1244 = B_SPLINE_CURVE_WITH_KNOTS('',4,(#1245,#1246,#1247,#1248,#1249,
    #1250,#1251,#1252,#1253,#1254,#1255,#1256,#1257,#1258),
  .UNSPECIFIED.,.F.,.F.,(5,3,3,3,5),(0.,0.249819652264,0.499984652879,
    0.750061611373,1.),.UNSPECIFIED.);
#1245 = CARTESIAN_POINT('',(24.695196106318,-18.52296264825,-16.2));
#1246 = CARTESIAN_POINT('',(24.350200408419,-18.92823171138,-16.2));
#1247 = CARTESIAN_POINT('',(23.996382602898,-19.3259907029,-16.2));
#1248 = CARTESIAN_POINT('',(23.633983675777,-19.71594770814,-16.2));
#1249 = CARTESIAN_POINT('',(22.892031435015,-20.48023374139,-16.2));
#1250 = CARTESIAN_POINT('',(22.512455046409,-20.85454048528,-16.2));
#1251 = CARTESIAN_POINT('',(22.124795888509,-21.22046990216,-16.2));
#1252 = CARTESIAN_POINT('',(21.334010249915,-21.93492892924,-16.2));
#1253 = CARTESIAN_POINT('',(20.930889201694,-22.28346467948,-16.2));
#1254 = CARTESIAN_POINT('',(20.520249568118,-22.62311010891,-16.2));
#1255 = CARTESIAN_POINT('',(19.684757326757,-23.28395563427,-16.2));
#1256 = CARTESIAN_POINT('',(19.259912656672,-23.60516590394,-16.2));
#1257 = CARTESIAN_POINT('',(18.828149510981,-23.91701487928,-16.2));
#1258 = CARTESIAN_POINT('',(18.389779549995,-24.219282,-16.2));
#1259 = ORIENTED_EDGE('',*,*,#1260,.F.);
#1260 = EDGE_CURVE('',#1261,#1240,#1263,.T.);
#1261 = VERTEX_POINT('',#1262);
#1262 = CARTESIAN_POINT('',(18.982525563788,-24.02343275395,
    -14.77368166061));
#1263 = B_SPLINE_CURVE_WITH_KNOTS('',4,(#1264,#1265,#1266,#1267,#1268),
  .UNSPECIFIED.,.F.,.F.,(5,5),(0.,1.),.PIECEWISE_BEZIER_KNOTS.);
#1264 = CARTESIAN_POINT('',(18.982525563788,-24.02343275395,
    -14.77368166061));
#1265 = CARTESIAN_POINT('',(19.031461859116,-23.93275946407,
    -15.13062540661));
#1266 = CARTESIAN_POINT('',(19.080771777833,-23.84139389331,
    -15.48734177309));
#1267 = CARTESIAN_POINT('',(19.130486153666,-23.74927891033,
    -15.84380929045));
#1268 = CARTESIAN_POINT('',(19.180643514953,-23.65634312659,-16.2));
#1269 = ORIENTED_EDGE('',*,*,#1270,.T.);
#1270 = EDGE_CURVE('',#1261,#1271,#1273,.T.);
#1271 = VERTEX_POINT('',#1272);
#1272 = CARTESIAN_POINT('',(18.654274,-24.219282,-15.01986750521));
#1273 = B_SPLINE_CURVE_WITH_KNOTS('',8,(#1274,#1275,#1276,#1277,#1278,
    #1279,#1280,#1281,#1282,#1283,#1284,#1285,#1286,#1287,#1288,#1289,
    #1290,#1291,#1292,#1293,#1294,#1295,#1296,#1297,#1298,#1299,#1300,
    #1301,#1302,#1303,#1304,#1305,#1306,#1307,#1308,#1309,#1310,#1311,
    #1312,#1313,#1314,#1315,#1316,#1317,#1318,#1319,#1320,#1321,#1322,
    #1323,#1324),.UNSPECIFIED.,.F.,.F.,(9,7,7,7,7,7,7,9),(0.,
    6.872010548954E-02,0.302627464539,0.460195827337,0.689991409526,
    0.8457397362,0.927257571064,1.),.UNSPECIFIED.);
#1274 = CARTESIAN_POINT('',(18.982525563788,-24.02343275395,
    -14.77368166061));
#1275 = CARTESIAN_POINT('',(18.981276274623,-24.0257475423,
    -14.76456928369));
#1276 = CARTESIAN_POINT('',(18.97999295357,-24.02808072411,
    -14.75549518173));
#1277 = CARTESIAN_POINT('',(18.978674267701,-24.03043290412,
    -14.74646161656));
#1278 = CARTESIAN_POINT('',(18.977318745702,-24.03280473116,
    -14.73747120299));
#1279 = CARTESIAN_POINT('',(18.975924777874,-24.03519689813,
    -14.72852690878));
#1280 = CARTESIAN_POINT('',(18.97449061613,-24.03761014198,
    -14.71963205466));
#1281 = CARTESIAN_POINT('',(18.973014373998,-24.0400452438,
    -14.71079031434));
#1282 = CARTESIAN_POINT('',(18.966319115478,-24.05086876055,
    -14.67210496643));
#1283 = CARTESIAN_POINT('',(18.960672098933,-24.05943397956,
    -14.64309380385));
#1284 = CARTESIAN_POINT('',(18.95444045975,-24.06829784458,
    -14.61485366452));
#1285 = CARTESIAN_POINT('',(18.947493871235,-24.07752964263,
    -14.5875393746));
#1286 = CARTESIAN_POINT('',(18.939696586943,-24.08716552457,
    -14.56154344728));
#1287 = CARTESIAN_POINT('',(18.930874250301,-24.09721611165,
    -14.53759893917));
#1288 = CARTESIAN_POINT('',(18.920853685887,-24.10765375735,
    -14.51667839613));
#1289 = CARTESIAN_POINT('',(18.90156312831,-24.1257305565,
    -14.48933523395));
#1290 = CARTESIAN_POINT('',(18.893026840876,-24.13325427262,
    -14.48028425006));
#1291 = CARTESIAN_POINT('',(18.883834612043,-24.14080279795,
    -14.47408436043));
#1292 = CARTESIAN_POINT('',(18.874132755902,-24.14817008426,
    -14.47138227444));
#1293 = CARTESIAN_POINT('',(18.864104257857,-24.15518042074,
    -14.47246079538));
#1294 = CARTESIAN_POINT('',(18.853970546653,-24.16169589172,
    -14.47718388499));
#1295 = CARTESIAN_POINT('',(18.843988754276,-24.16761793011,
    -14.48500090986));
#1296 = CARTESIAN_POINT('',(18.820525198718,-24.1805614245,
    -14.50960729342));
#1297 = CARTESIAN_POINT('',(18.807363127422,-24.18693798114,
    -14.52904955063));
#1298 = CARTESIAN_POINT('',(18.794931802602,-24.19227825007,
    -14.5517538103));
#1299 = CARTESIAN_POINT('',(18.783217231183,-24.19675745276,
    -14.57666217208));
#1300 = CARTESIAN_POINT('',(18.772165912161,-24.20053612478,
    -14.60299367427));
#1301 = CARTESIAN_POINT('',(18.761701598391,-24.20373749706,
    -14.63031055238));
#1302 = CARTESIAN_POINT('',(18.751714409703,-24.2064667735,
    -14.65844349433));
#1303 = CARTESIAN_POINT('',(18.735527336528,-24.21038675875,
    -14.70721968386));
#1304 = CARTESIAN_POINT('',(18.729180665295,-24.21178102642,
    -14.72724469184));
#1305 = CARTESIAN_POINT('',(18.723007371713,-24.2130077432,
    -14.7475388943));
#1306 = CARTESIAN_POINT('',(18.716992596461,-24.21408388353,
    -14.76806191664));
#1307 = CARTESIAN_POINT('',(18.711124073208,-24.21502322656,
    -14.78878194826));
#1308 = CARTESIAN_POINT('',(18.705391049786,-24.21583741481,
    -14.80967390007));
#1309 = CARTESIAN_POINT('',(18.699783727732,-24.21653650185,
    -14.83071845794));
#1310 = CARTESIAN_POINT('',(18.691419518138,-24.2174390936,
    -14.86298940027));
#1311 = CARTESIAN_POINT('',(18.688589102868,-24.21771880529,
    -14.87407113317));
#1312 = CARTESIAN_POINT('',(18.685799628074,-24.21796977226,
    -14.88514745358));
#1313 = CARTESIAN_POINT('',(18.68304894502,-24.21819350414,
    -14.89621856509));
#1314 = CARTESIAN_POINT('',(18.680335102543,-24.21839137197,
    -14.90728465181));
#1315 = CARTESIAN_POINT('',(18.677656347056,-24.21856460822,
    -14.91834587842));
#1316 = CARTESIAN_POINT('',(18.675011122546,-24.21871430677,
    -14.9294023901));
#1317 = CARTESIAN_POINT('',(18.670066314002,-24.21895485508,
    -14.95031649412));
#1318 = CARTESIAN_POINT('',(18.667754517738,-24.21905060129,
    -14.96019882022));
#1319 = CARTESIAN_POINT('',(18.665462131611,-24.21912920352,
    -14.97010035366));
#1320 = CARTESIAN_POINT('',(18.663188632633,-24.21919117479,
    -14.98002021691));
#1321 = CARTESIAN_POINT('',(18.660933525003,-24.21923699926,
    -14.98995759209));
#1322 = CARTESIAN_POINT('',(18.658696340107,-24.21926713218,
    -14.99991172096));
#1323 = CARTESIAN_POINT('',(18.65647663652,-24.21928199993,
    -15.00988190497));
#1324 = CARTESIAN_POINT('',(18.654274,-24.219282,-15.01986750521));
#1325 = ORIENTED_EDGE('',*,*,#1326,.T.);
#1326 = EDGE_CURVE('',#1271,#1242,#1327,.T.);
#1327 = B_SPLINE_CURVE_WITH_KNOTS('',4,(#1328,#1329,#1330,#1331,#1332),
  .UNSPECIFIED.,.F.,.F.,(5,5),(0.,1.),.PIECEWISE_BEZIER_KNOTS.);
#1328 = CARTESIAN_POINT('',(18.654274,-24.219282,-15.01986750521));
#1329 = CARTESIAN_POINT('',(18.589146164356,-24.219282,-15.31512304823)
  );
#1330 = CARTESIAN_POINT('',(18.523376894534,-24.219282,-15.61023683543)
  );
#1331 = CARTESIAN_POINT('',(18.456934148202,-24.219282,-15.90519963006)
  );
#1332 = CARTESIAN_POINT('',(18.389779549995,-24.219282,-16.2));
#1333 = ( BOUNDED_SURFACE() B_SPLINE_SURFACE(6,10,(
    (#1334,#1335,#1336,#1337,#1338,#1339,#1340,#1341,#1342,#1343,#1344
      ,#1345,#1346,#1347,#1348,#1349,#1350,#1351,#1352,#1353,#1354,#1355
      ,#1356,#1357,#1358,#1359,#1360,#1361,#1362,#1363,#1364,#1365,#1366
      ,#1367,#1368,#1369,#1370,#1371,#1372,#1373,#1374,#1375,#1376,#1377
      ,#1378,#1379,#1380,#1381,#1382,#1383,#1384,#1385,#1386,#1387,#1388
      ,#1389,#1390,#1391,#1392,#1393,#1394,#1395,#1396,#1397,#1398,#1399
      ,#1400,#1401,#1402,#1403,#1404,#1405,#1406,#1407,#1408,#1409,#1410
      ,#1411,#1412,#1413,#1414,#1415,#1416,#1417,#1418,#1419,#1420,#1421
      ,#1422,#1423,#1424,#1425,#1426,#1427,#1428,#1429,#1430,#1431,#1432
      )
    ,(#1433,#1434,#1435,#1436,#1437,#1438,#1439,#1440,#1441,#1442,#1443
      ,#1444,#1445,#1446,#1447,#1448,#1449,#1450,#1451,#1452,#1453,#1454
      ,#1455,#1456,#1457,#1458,#1459,#1460,#1461,#1462,#1463,#1464,#1465
      ,#1466,#1467,#1468,#1469,#1470,#1471,#1472,#1473,#1474,#1475,#1476
      ,#1477,#1478,#1479,#1480,#1481,#1482,#1483,#1484,#1485,#1486,#1487
      ,#1488,#1489,#1490,#1491,#1492,#1493,#1494,#1495,#1496,#1497,#1498
      ,#1499,#1500,#1501,#1502,#1503,#1504,#1505,#1506,#1507,#1508,#1509
      ,#1510,#1511,#1512,#1513,#1514,#1515,#1516,#1517,#1518,#1519,#1520
      ,#1521,#1522,#1523,#1524,#1525,#1526,#1527,#1528,#1529,#1530,#1531
      )
    ,(#1532,#1533,#1534,#1535,#1536,#1537,#1538,#1539,#1540,#1541,#1542
      ,#1543,#1544,#1545,#1546,#1547,#1548,#1549,#1550,#1551,#1552,#1553
      ,#1554,#1555,#1556,#1557,#1558,#1559,#1560,#1561,#1562,#1563,#1564
      ,#1565,#1566,#1567,#1568,#1569,#1570,#1571,#1572,#1573,#1574,#1575
      ,#1576,#1577,#1578,#1579,#1580,#1581,#1582,#1583,#1584,#1585,#1586
      ,#1587,#1588,#1589,#1590,#1591,#1592,#1593,#1594,#1595,#1596,#1597
      ,#1598,#1599,#1600,#1601,#1602,#1603,#1604,#1605,#1606,#1607,#1608
      ,#1609,#1610,#1611,#1612,#1613,#1614,#1615,#1616,#1617,#1618,#1619
      ,#1620,#1621,#1622,#1623,#1624,#1625,#1626,#1627,#1628,#1629,#1630
      )
    ,(#1631,#1632,#1633,#1634,#1635,#1636,#1637,#1638,#1639,#1640,#1641
      ,#1642,#1643,#1644,#1645,#1646,#1647,#1648,#1649,#1650,#1651,#1652
      ,#1653,#1654,#1655,#1656,#1657,#1658,#1659,#1660,#1661,#1662,#1663
      ,#1664,#1665,#1666,#1667,#1668,#1669,#1670,#1671,#1672,#1673,#1674
      ,#1675,#1676,#1677,#1678,#1679,#1680,#1681,#1682,#1683,#1684,#1685
      ,#1686,#1687,#1688,#1689,#1690,#1691,#1692,#1693,#1694,#1695,#1696
      ,#1697,#1698,#1699,#1700,#1701,#1702,#1703,#1704,#1705,#1706,#1707
      ,#1708,#1709,#1710,#1711,#1712,#1713,#1714,#1715,#1716,#1717,#1718
      ,#1719,#1720,#1721,#1722,#1723,#1724,#1725,#1726,#1727,#1728,#1729
      )
    ,(#1730,#1731,#1732,#1733,#1734,#1735,#1736,#1737,#1738,#1739,#1740
      ,#1741,#1742,#1743,#1744,#1745,#1746,#1747,#1748,#1749,#1750,#1751
      ,#1752,#1753,#1754,#1755,#1756,#1757,#1758,#1759,#1760,#1761,#1762
      ,#1763,#1764,#1765,#1766,#1767,#1768,#1769,#1770,#1771,#1772,#1773
      ,#1774,#1775,#1776,#1777,#1778,#1779,#1780,#1781,#1782,#1783,#1784
      ,#1785,#1786,#1787,#1788,#1789,#1790,#1791,#1792,#1793,#1794,#1795
      ,#1796,#1797,#1798,#1799,#1800,#1801,#1802,#1803,#1804,#1805,#1806
      ,#1807,#1808,#1809,#1810,#1811,#1812,#1813,#1814,#1815,#1816,#1817
      ,#1818,#1819,#1820,#1821,#1822,#1823,#1824,#1825,#1826,#1827,#1828
      )
    ,(#1829,#1830,#1831,#1832,#1833,#1834,#1835,#1836,#1837,#1838,#1839
      ,#1840,#1841,#1842,#1843,#1844,#1845,#1846,#1847,#1848,#1849,#1850
      ,#1851,#1852,#1853,#1854,#1855,#1856,#1857,#1858,#1859,#1860,#1861
      ,#1862,#1863,#1864,#1865,#1866,#1867,#1868,#1869,#1870,#1871,#1872
      ,#1873,#1874,#1875,#1876,#1877,#1878,#1879,#1880,#1881,#1882,#1883
      ,#1884,#1885,#1886,#1887,#1888,#1889,#1890,#1891,#1892,#1893,#1894
      ,#1895,#1896,#1897,#1898,#1899,#1900,#1901,#1902,#1903,#1904,#1905
      ,#1906,#1907,#1908,#1909,#1910,#1911,#1912,#1913,#1914,#1915,#1916
      ,#1917,#1918,#1919,#1920,#1921,#1922,#1923,#1924,#1925,#1926,#1927
      )
    ,(#1928,#1929,#1930,#1931,#1932,#1933,#1934,#1935,#1936,#1937,#1938
      ,#1939,#1940,#1941,#1942,#1943,#1944,#1945,#1946,#1947,#1948,#1949
      ,#1950,#1951,#1952,#1953,#1954,#1955,#1956,#1957,#1958,#1959,#1960
      ,#1961,#1962,#1963,#1964,#1965,#1966,#1967,#1968,#1969,#1970,#1971
      ,#1972,#1973,#1974,#1975,#1976,#1977,#1978,#1979,#1980,#1981,#1982
      ,#1983,#1984,#1985,#1986,#1987,#1988,#1989,#1990,#1991,#1992,#1993
      ,#1994,#1995,#1996,#1997,#1998,#1999,#2000,#2001,#2002,#2003,#2004
      ,#2005,#2006,#2007,#2008,#2009,#2010,#2011,#2012,#2013,#2014,#2015
      ,#2016,#2017,#2018,#2019,#2020,#2021,#2022,#2023,#2024,#2025,#2026
)),.UNSPECIFIED.,.F.,.F.,.F.) B_SPLINE_SURFACE_WITH_KNOTS((7,7),(11,8,8,
    8,8,8,8,8,8,8,8,8,11),(0.129470751837,3.012121901753),(0.,
    0.128490846931,0.192736270397,0.256981693862,0.289104405595,
    0.321227117328,0.353349829061,0.385472540794,0.449717964259,
    0.513963387725,0.635472540794,0.756981693862,1.),.UNSPECIFIED.) 
GEOMETRIC_REPRESENTATION_ITEM() RATIONAL_B_SPLINE_SURFACE((
    (1.110326051105,1.110326051105,1.110326051105,1.110326051105
      ,1.110326051105,1.110326051105,1.110326051105,1.110326051105
      ,1.110326051105,1.110326051105,1.110326051105,1.110326051105
      ,1.110326051105,1.110326051105,1.110326051105,1.110326051105
      ,1.110326051105,1.110326051105,1.110326051105,1.110326051105
      ,1.110326051105,1.110326051105,1.110326051105,1.110326051105
      ,1.110326051105,1.110326051105,1.110326051105,1.110326051105
      ,1.110326051105,1.110326051105,1.110326051105,1.110326051105
      ,1.110326051105,1.110326051105,1.110326051105,1.110326051105
      ,1.110326051105,1.110326051105,1.110326051105,1.110326051105
      ,1.110326051105,1.110326051105,1.110326051105,1.110326051105
      ,1.110326051105,1.110326051105,1.110326051105,1.110326051105
      ,1.110326051105,1.110326051105,1.110326051105,1.110326051105
      ,1.110326051105,1.110326051105,1.110326051105,1.110326051105
      ,1.110326051105,1.110326051105,1.110326051105,1.110326051105
      ,1.110326051105,1.110326051105,1.110326051105,1.110326051105
      ,1.110326051105,1.110326051105,1.110326051105,1.110326051105
      ,1.110326051105,1.110326051105,1.110326051105,1.110326051105
      ,1.110326051105,1.110326051105,1.110326051105,1.110326051105
      ,1.110326051105,1.110326051105,1.110326051105,1.110326051105
      ,1.110326051105,1.110326051105,1.110326051105,1.110326051105
      ,1.110326051105,1.110326051105,1.110326051105,1.110326051105
      ,1.110326051105,1.110326051105,1.110326051105,1.110326051105
      ,1.110326051105,1.110326051105,1.110326051105,1.110326051105
      ,1.110326051105,1.110326051105,1.110326051105)
    ,(1.031342946072,1.031342946072,1.031342946072,1.031342946072
      ,1.031342946072,1.031342946072,1.031342946072,1.031342946072
      ,1.031342946072,1.031342946072,1.031342946072,1.031342946072
      ,1.031342946072,1.031342946072,1.031342946072,1.031342946072
      ,1.031342946072,1.031342946072,1.031342946072,1.031342946072
      ,1.031342946072,1.031342946072,1.031342946072,1.031342946072
      ,1.031342946072,1.031342946072,1.031342946072,1.031342946072
      ,1.031342946072,1.031342946072,1.031342946072,1.031342946072
      ,1.031342946072,1.031342946072,1.031342946072,1.031342946072
      ,1.031342946073,1.031342946072,1.031342946073,1.031342946072
      ,1.031342946072,1.031342946072,1.031342946072,1.031342946072
      ,1.031342946072,1.031342946072,1.031342946072,1.031342946072
      ,1.031342946072,1.031342946072,1.031342946072,1.031342946072
      ,1.031342946072,1.031342946072,1.031342946072,1.031342946072
      ,1.031342946072,1.031342946072,1.031342946072,1.031342946072
      ,1.031342946072,1.031342946072,1.031342946072,1.031342946072
      ,1.031342946072,1.031342946072,1.031342946072,1.031342946072
      ,1.031342946072,1.031342946072,1.031342946072,1.031342946072
      ,1.031342946072,1.031342946072,1.031342946072,1.031342946072
      ,1.031342946072,1.031342946072,1.031342946072,1.031342946072
      ,1.031342946072,1.031342946072,1.031342946072,1.031342946072
      ,1.031342946072,1.031342946072,1.031342946072,1.031342946072
      ,1.031342946072,1.031342946072,1.031342946072,1.031342946072
      ,1.031342946072,1.031342946072,1.031342946072,1.031342946072
      ,1.031342946072,1.031342946072,1.031342946072)
    ,(0.993329366875,0.993329366875,0.993329366875,0.993329366875
      ,0.993329366875,0.993329366876,0.993329366875,0.993329366875
      ,0.993329366875,0.993329366875,0.993329366875,0.993329366875
      ,0.993329366875,0.993329366875,0.993329366875,0.993329366875
      ,0.993329366875,0.993329366875,0.993329366875,0.993329366875
      ,0.993329366875,0.993329366875,0.993329366875,0.993329366875
      ,0.993329366875,0.993329366875,0.993329366875,0.993329366875
      ,0.993329366876,0.993329366875,0.993329366875,0.993329366875
      ,0.993329366875,0.993329366875,0.993329366875,0.993329366875
      ,0.993329366876,0.993329366875,0.993329366875,0.993329366875
      ,0.993329366875,0.993329366875,0.993329366875,0.993329366875
      ,0.993329366875,0.993329366875,0.993329366875,0.993329366875
      ,0.993329366875,0.993329366875,0.993329366875,0.993329366875
      ,0.993329366875,0.993329366875,0.993329366875,0.993329366875
      ,0.993329366875,0.993329366875,0.993329366875,0.993329366875
      ,0.993329366875,0.993329366875,0.993329366875,0.993329366875
      ,0.993329366875,0.993329366875,0.993329366875,0.993329366875
      ,0.993329366875,0.993329366875,0.993329366875,0.993329366875
      ,0.993329366875,0.993329366875,0.993329366875,0.993329366875
      ,0.993329366875,0.993329366875,0.993329366875,0.993329366875
      ,0.993329366875,0.993329366875,0.993329366875,0.993329366875
      ,0.993329366875,0.993329366875,0.993329366875,0.993329366875
      ,0.993329366875,0.993329366875,0.993329366875,0.993329366875
      ,0.993329366875,0.993329366875,0.993329366875,0.993329366875
      ,0.993329366875,0.993329366875,0.993329366875)
    ,(0.980167576933,0.980167576933,0.980167576933,0.980167576934
      ,0.980167576933,0.980167576934,0.980167576933,0.980167576934
      ,0.980167576933,0.980167576933,0.980167576933,0.980167576933
      ,0.980167576933,0.980167576933,0.980167576934,0.980167576933
      ,0.980167576933,0.980167576933,0.980167576933,0.980167576933
      ,0.980167576934,0.980167576933,0.980167576934,0.980167576933
      ,0.980167576933,0.980167576933,0.980167576933,0.980167576933
      ,0.980167576934,0.980167576933,0.980167576934,0.980167576933
      ,0.980167576933,0.980167576933,0.980167576933,0.980167576933
      ,0.980167576934,0.980167576933,0.980167576934,0.980167576933
      ,0.980167576933,0.980167576933,0.980167576933,0.980167576933
      ,0.980167576934,0.980167576933,0.980167576934,0.980167576933
      ,0.980167576933,0.980167576933,0.980167576933,0.980167576933
      ,0.980167576933,0.980167576934,0.980167576933,0.980167576933
      ,0.980167576933,0.980167576933,0.980167576933,0.980167576933
      ,0.980167576934,0.980167576933,0.980167576933,0.980167576933
      ,0.980167576933,0.980167576933,0.980167576933,0.980167576933
      ,0.980167576933,0.980167576933,0.980167576933,0.980167576933
      ,0.980167576933,0.980167576933,0.980167576933,0.980167576933
      ,0.980167576933,0.980167576933,0.980167576933,0.980167576933
      ,0.980167576933,0.980167576933,0.980167576933,0.980167576933
      ,0.980167576933,0.980167576934,0.980167576933,0.980167576933
      ,0.980167576933,0.980167576933,0.980167576933,0.980167576934
      ,0.980167576933,0.980167576934,0.980167576933,0.980167576934
      ,0.980167576933,0.980167576933,0.980167576933)
    ,(0.993329366875,0.993329366875,0.993329366875,0.993329366875
      ,0.993329366875,0.993329366875,0.993329366875,0.993329366875
      ,0.993329366875,0.993329366875,0.993329366875,0.993329366875
      ,0.993329366875,0.993329366875,0.993329366875,0.993329366875
      ,0.993329366875,0.993329366875,0.993329366875,0.993329366875
      ,0.993329366875,0.993329366875,0.993329366875,0.993329366875
      ,0.993329366875,0.993329366875,0.993329366875,0.993329366875
      ,0.993329366876,0.993329366875,0.993329366876,0.993329366875
      ,0.993329366875,0.993329366875,0.993329366875,0.993329366875
      ,0.993329366876,0.993329366875,0.993329366875,0.993329366875
      ,0.993329366875,0.993329366875,0.993329366875,0.993329366875
      ,0.993329366875,0.993329366875,0.993329366875,0.993329366875
      ,0.993329366875,0.993329366875,0.993329366875,0.993329366875
      ,0.993329366875,0.993329366875,0.993329366875,0.993329366875
      ,0.993329366875,0.993329366875,0.993329366875,0.993329366875
      ,0.993329366875,0.993329366875,0.993329366875,0.993329366875
      ,0.993329366875,0.993329366875,0.993329366875,0.993329366875
      ,0.993329366875,0.993329366875,0.993329366875,0.993329366875
      ,0.993329366875,0.993329366875,0.993329366875,0.993329366875
      ,0.993329366875,0.993329366875,0.993329366875,0.993329366875
      ,0.993329366875,0.993329366875,0.993329366875,0.993329366875
      ,0.993329366875,0.993329366875,0.993329366875,0.993329366875
      ,0.993329366875,0.993329366875,0.993329366875,0.993329366875
      ,0.993329366875,0.993329366875,0.993329366875,0.993329366875
      ,0.993329366875,0.993329366875,0.993329366875)
    ,(1.031342946072,1.031342946072,1.031342946072,1.031342946072
      ,1.031342946072,1.031342946072,1.031342946072,1.031342946072
      ,1.031342946072,1.031342946072,1.031342946072,1.031342946072
      ,1.031342946072,1.031342946072,1.031342946072,1.031342946072
      ,1.031342946072,1.031342946072,1.031342946072,1.031342946072
      ,1.031342946072,1.031342946072,1.031342946072,1.031342946072
      ,1.031342946072,1.031342946072,1.031342946072,1.031342946072
      ,1.031342946072,1.031342946072,1.031342946072,1.031342946072
      ,1.031342946072,1.031342946072,1.031342946072,1.031342946072
      ,1.031342946073,1.031342946072,1.031342946073,1.031342946072
      ,1.031342946072,1.031342946072,1.031342946072,1.031342946072
      ,1.031342946072,1.031342946072,1.031342946072,1.031342946072
      ,1.031342946072,1.031342946072,1.031342946072,1.031342946072
      ,1.031342946072,1.031342946072,1.031342946072,1.031342946072
      ,1.031342946072,1.031342946072,1.031342946072,1.031342946072
      ,1.031342946072,1.031342946072,1.031342946072,1.031342946072
      ,1.031342946072,1.031342946072,1.031342946072,1.031342946072
      ,1.031342946072,1.031342946072,1.031342946072,1.031342946072
      ,1.031342946072,1.031342946072,1.031342946072,1.031342946072
      ,1.031342946072,1.031342946072,1.031342946072,1.031342946072
      ,1.031342946072,1.031342946072,1.031342946072,1.031342946072
      ,1.031342946072,1.031342946072,1.031342946072,1.031342946072
      ,1.031342946072,1.031342946072,1.031342946072,1.031342946072
      ,1.031342946072,1.031342946072,1.031342946072,1.031342946072
      ,1.031342946072,1.031342946072,1.031342946072)
    ,(1.110326051105,1.110326051105,1.110326051105,1.110326051105
      ,1.110326051105,1.110326051105,1.110326051105,1.110326051105
      ,1.110326051105,1.110326051105,1.110326051105,1.110326051105
      ,1.110326051105,1.110326051105,1.110326051105,1.110326051105
      ,1.110326051105,1.110326051105,1.110326051105,1.110326051105
      ,1.110326051105,1.110326051105,1.110326051105,1.110326051105
      ,1.110326051105,1.110326051105,1.110326051105,1.110326051105
      ,1.110326051105,1.110326051105,1.110326051105,1.110326051105
      ,1.110326051105,1.110326051105,1.110326051105,1.110326051105
      ,1.110326051105,1.110326051105,1.110326051105,1.110326051105
      ,1.110326051105,1.110326051105,1.110326051105,1.110326051105
      ,1.110326051105,1.110326051105,1.110326051105,1.110326051105
      ,1.110326051105,1.110326051105,1.110326051105,1.110326051105
      ,1.110326051105,1.110326051105,1.110326051105,1.110326051105
      ,1.110326051105,1.110326051105,1.110326051105,1.110326051105
      ,1.110326051105,1.110326051105,1.110326051105,1.110326051105
      ,1.110326051105,1.110326051105,1.110326051105,1.110326051105
      ,1.110326051105,1.110326051105,1.110326051105,1.110326051105
      ,1.110326051105,1.110326051105,1.110326051105,1.110326051105
      ,1.110326051105,1.110326051105,1.110326051105,1.110326051105
      ,1.110326051105,1.110326051105,1.110326051105,1.110326051105
      ,1.110326051105,1.110326051105,1.110326051105,1.110326051105
      ,1.110326051105,1.110326051105,1.110326051105,1.110326051105
      ,1.110326051105,1.110326051105,1.110326051105,1.110326051105
      ,1.110326051105,1.110326051105,1.110326051105
))) REPRESENTATION_ITEM('') SURFACE() );
#1334 = CARTESIAN_POINT('',(-32.22798681288,-4.196053620783,1.));
#1335 = CARTESIAN_POINT('',(-32.22798681288,-3.838166432804,
    -1.405370742484));
#1336 = CARTESIAN_POINT('',(-32.22798681288,-3.499020686806,
    -3.678217601819));
#1337 = CARTESIAN_POINT('',(-32.22798681288,-3.176838464546,
    -5.822188401164));
#1338 = CARTESIAN_POINT('',(-32.22798681288,-2.86985638697,
    -7.841025235048));
#1339 = CARTESIAN_POINT('',(-32.22798681288,-2.576328542899,
    -9.738594527648));
#1340 = CARTESIAN_POINT('',(-32.22798681288,-2.294523720442,
    -11.51893021174));
#1341 = CARTESIAN_POINT('',(-32.22798681288,-2.022731686825,
    -13.18629879388));
#1342 = CARTESIAN_POINT('',(-32.22798681288,-1.759240338113,
    -14.74530313483));
#1343 = CARTESIAN_POINT('',(-32.22798681288,-1.373877004681,
    -16.92893045361));
#1344 = CARTESIAN_POINT('',(-32.22798681288,-0.999048405302,
    -18.89374089903));
#1345 = CARTESIAN_POINT('',(-32.22798681288,-0.875038513886,
    -19.52511482048));
#1346 = CARTESIAN_POINT('',(-32.22798681288,-0.751712654301,
    -20.1337316161));
#1347 = CARTESIAN_POINT('',(-32.22798681288,-0.628804867284,
    -20.72046423568));
#1348 = CARTESIAN_POINT('',(-32.22798681288,-0.506023929232,
    -21.28626868332));
#1349 = CARTESIAN_POINT('',(-32.22798681288,-0.383040118557,
    -21.8322024138));
#1350 = CARTESIAN_POINT('',(-32.22798681288,-0.259464577344,
    -22.35944938002));
#1351 = CARTESIAN_POINT('',(-32.22798681288,-1.016276732229E-02,
    -23.37925467028));
#1352 = CARTESIAN_POINT('',(-32.22798681288,0.24602825592,
    -24.33578878341));
#1353 = CARTESIAN_POINT('',(-32.22798681288,0.376493031823,
    -24.79976438366));
#1354 = CARTESIAN_POINT('',(-32.22798681288,0.51013712547,
    -25.25116031106));
#1355 = CARTESIAN_POINT('',(-32.22798681288,0.648003499471,
    -25.69189111385));
#1356 = CARTESIAN_POINT('',(-32.22798681288,0.791464539731,
    -26.12411312025));
#1357 = CARTESIAN_POINT('',(-32.22798681288,0.94238710082,
    -26.55016536066));
#1358 = CARTESIAN_POINT('',(-32.22798681288,1.103322523279,
    -26.97255903068));
#1359 = CARTESIAN_POINT('',(-32.22798681288,1.365211490388,
    -27.6040410558));
#1360 = CARTESIAN_POINT('',(-32.22798681288,1.668130858806,
    -28.23482550785));
#1361 = CARTESIAN_POINT('',(-32.22798681288,1.774235239656,
    -28.4451464416));
#1362 = CARTESIAN_POINT('',(-32.22798681288,1.886101558252,
    -28.6555917699));
#1363 = CARTESIAN_POINT('',(-32.22798681288,2.004414213973,
    -28.8661260106));
#1364 = CARTESIAN_POINT('',(-32.22798681288,2.129897214996,
    -29.0765805725));
#1365 = CARTESIAN_POINT('',(-32.22798681288,2.263287707114,
    -29.28661280805));
#1366 = CARTESIAN_POINT('',(-32.22798681288,2.405285493215,
    -29.49566801866));
#1367 = CARTESIAN_POINT('',(-32.22798681288,2.707668886931,
    -29.91025943644));
#1368 = CARTESIAN_POINT('',(-32.22798681288,3.048428829477,
    -30.31387917144));
#1369 = CARTESIAN_POINT('',(-32.22798681288,3.228803240462,
    -30.51196276826));
#1370 = CARTESIAN_POINT('',(-32.22798681289,3.419385480089,
    -30.7051348383));
#1371 = CARTESIAN_POINT('',(-32.22798681287,3.620130739921,
    -30.89203723614));
#1372 = CARTESIAN_POINT('',(-32.22798681289,3.830661328029,
    -31.07119686501));
#1373 = CARTESIAN_POINT('',(-32.22798681288,4.050225597821,
    -31.24115166308));
#1374 = CARTESIAN_POINT('',(-32.22798681288,4.277732761919,
    -31.40059878546));
#1375 = CARTESIAN_POINT('',(-32.22798681288,4.746001505474,
    -31.69640013018));
#1376 = CARTESIAN_POINT('',(-32.22798681288,5.235074751876,
    -31.94308342261));
#1377 = CARTESIAN_POINT('',(-32.22798681288,5.483386445728,
    -32.0534126153));
#1378 = CARTESIAN_POINT('',(-32.22798681288,5.733938194449,
    -32.15030230367));
#1379 = CARTESIAN_POINT('',(-32.22798681288,5.985201359089,
    -32.23367615293));
#1380 = CARTESIAN_POINT('',(-32.22798681288,6.235790449496,
    -32.30379217911));
#1381 = CARTESIAN_POINT('',(-32.22798681288,6.484548943051,
    -32.36116096816));
#1382 = CARTESIAN_POINT('',(-32.22798681288,6.730573347127,
    -32.40644709049));
#1383 = CARTESIAN_POINT('',(-32.22798681288,7.215822422414,
    -32.47435046663));
#1384 = CARTESIAN_POINT('',(-32.22798681288,7.68564966213,
    -32.50001602584));
#1385 = CARTESIAN_POINT('',(-32.22798681288,7.916252180445,
    -32.50306438272));
#1386 = CARTESIAN_POINT('',(-32.22798681288,8.142297720724,
    -32.49713068535));
#1387 = CARTESIAN_POINT('',(-32.22798681288,8.363721385062,
    -32.48298936787));
#1388 = CARTESIAN_POINT('',(-32.22798681288,8.580593384189,
    -32.46135333626));
#1389 = CARTESIAN_POINT('',(-32.22798681288,8.793077345676,
    -32.43286177487));
#1390 = CARTESIAN_POINT('',(-32.22798681288,9.001398596024,
    -32.39808034075));
#1391 = CARTESIAN_POINT('',(-32.22798681288,9.614664643872,
    -32.2763537501));
#1392 = CARTESIAN_POINT('',(-32.22798681288,10.195399946775,
    -32.10637686717));
#1393 = CARTESIAN_POINT('',(-32.22798681288,10.570376285981,
    -31.9750779527));
#1394 = CARTESIAN_POINT('',(-32.22798681288,10.935790327383,
    -31.82825440055));
#1395 = CARTESIAN_POINT('',(-32.22798681289,11.294055041907,
    -31.66757207169));
#1396 = CARTESIAN_POINT('',(-32.22798681288,11.647279590315,
    -31.49425367925));
#1397 = CARTESIAN_POINT('',(-32.22798681288,11.997296627994,
    -31.3092099913));
#1398 = CARTESIAN_POINT('',(-32.22798681288,12.345686143422,
    -31.11316325859));
#1399 = CARTESIAN_POINT('',(-32.22798681288,13.041954306701,
    -30.70024602707));
#1400 = CARTESIAN_POINT('',(-32.22798681288,13.741989421917,
    -30.2477033995));
#1401 = CARTESIAN_POINT('',(-32.22798681288,14.094145984829,
    -30.01203116438));
#1402 = CARTESIAN_POINT('',(-32.22798681289,14.449464060737,
    -29.76737755088));
#1403 = CARTESIAN_POINT('',(-32.22798681288,14.808827506746,
    -29.51411799055));
#1404 = CARTESIAN_POINT('',(-32.22798681289,15.173011406494,
    -29.25260455699));
#1405 = CARTESIAN_POINT('',(-32.22798681288,15.54270529251,
    -28.98317617112));
#1406 = CARTESIAN_POINT('',(-32.22798681288,15.918530289116,
    -28.70616475441));
#1407 = CARTESIAN_POINT('',(-32.22798681288,17.024525206623,
    -27.88426174328));
#1408 = CARTESIAN_POINT('',(-32.22798681288,18.190850512654,
    -27.00446986345));
#1409 = CARTESIAN_POINT('',(-32.22798681288,18.983123299074,
    -26.40641864337));
#1410 = CARTESIAN_POINT('',(-32.22798681288,19.807672281102,
    -25.78804014376));
#1411 = CARTESIAN_POINT('',(-32.22798681288,20.66710681069,
    -25.15159950487));
#1412 = CARTESIAN_POINT('',(-32.22798681288,21.563820400912,
    -24.49940340313));
#1413 = CARTESIAN_POINT('',(-32.22798681288,22.500060191868,
    -23.83379524946));
#1414 = CARTESIAN_POINT('',(-32.22798681288,23.477975108915,
    -23.15715538914));
#1415 = CARTESIAN_POINT('',(-32.22798681288,25.521313478889,
    -21.78663564669));
#1416 = CARTESIAN_POINT('',(-32.22798681288,27.747791804855,
    -20.39140910751));
#1417 = CARTESIAN_POINT('',(-32.22798681288,28.908846630433,
    -19.69006238878));
#1418 = CARTESIAN_POINT('',(-32.22798681288,30.119699245757,
    -18.9874567106));
#1419 = CARTESIAN_POINT('',(-32.22798681288,31.382303343195,
    -18.28609636497));
#1420 = CARTESIAN_POINT('',(-32.22798681288,32.698595207148,
    -17.58851523242));
#1421 = CARTESIAN_POINT('',(-32.22798681288,34.070499137287,
    -16.89727717043));
#1422 = CARTESIAN_POINT('',(-32.22798681288,35.499929659735,
    -16.2149764592));
#1423 = CARTESIAN_POINT('',(-32.22798681288,39.96651615847,
    -14.20276059079));
#1424 = CARTESIAN_POINT('',(-32.22798681288,44.985035012835,
    -12.31849335984));
#1425 = CARTESIAN_POINT('',(-32.22798681288,48.591171097153,
    -11.14041676788));
#1426 = CARTESIAN_POINT('',(-32.22798681288,52.472743971102,
    -10.06215214542));
#1427 = CARTESIAN_POINT('',(-32.22798681289,56.644524468118,
    -9.105863394974));
#1428 = CARTESIAN_POINT('',(-32.22798681288,61.120949628054,
    -8.294099086882));
#1429 = CARTESIAN_POINT('',(-32.22798681288,65.916050958947,
    -7.649655469074));
#1430 = CARTESIAN_POINT('',(-32.22798681288,71.043461396315,
    -7.195433584025));
#1431 = CARTESIAN_POINT('',(-32.22798681288,76.516467198088,
    -6.954350063798));
#1432 = CARTESIAN_POINT('',(-32.22798681288,82.348068390036,
    -6.94927275725));
#1433 = CARTESIAN_POINT('',(-30.05800360451,-20.86271151981,1.));
#1434 = CARTESIAN_POINT('',(-30.05800360451,-20.50482433183,
    -1.416956967077));
#1435 = CARTESIAN_POINT('',(-30.05800360451,-20.16566963646,
    -3.71020938489));
#1436 = CARTESIAN_POINT('',(-30.05800360451,-19.84344662378,
    -5.885021280799));
#1437 = CARTESIAN_POINT('',(-30.05800360451,-19.53633922751,
    -7.947118297024));
#1438 = CARTESIAN_POINT('',(-30.05800360451,-19.24250313718,
    -9.902833346804));
#1439 = CARTESIAN_POINT('',(-30.05800360451,-18.96001394728,
    -11.75930960209));
#1440 = CARTESIAN_POINT('',(-30.05800360451,-18.6868387593,
    -13.52481573227));
#1441 = CARTESIAN_POINT('',(-30.05800360451,-18.42063448948,
    -15.20921927736));
#1442 = CARTESIAN_POINT('',(-30.05800360451,-18.02754281474,
    -17.63259396955));
#1443 = CARTESIAN_POINT('',(-30.05800360451,-17.63366826073,
    -19.93791309822));
#1444 = CARTESIAN_POINT('',(-30.05800360451,-17.50172835047,
    -20.69527935935));
#1445 = CARTESIAN_POINT('',(-30.05800360451,-17.368474562,
    -21.44387073738));
#1446 = CARTESIAN_POINT('',(-30.05800360451,-17.23310026155,
    -22.18629024219));
#1447 = CARTESIAN_POINT('',(-30.05800360451,-17.09460420079,
    -22.92551346895));
#1448 = CARTESIAN_POINT('',(-30.05800360451,-16.95171106597,
    -23.66496428365));
#1449 = CARTESIAN_POINT('',(-30.05800360451,-16.80275083464,
    -24.40861552582));
#1450 = CARTESIAN_POINT('',(-30.05800360451,-16.48817022633,
    -25.91360311482));
#1451 = CARTESIAN_POINT('',(-30.05800360451,-16.12744948627,
    -27.47544816173));
#1452 = CARTESIAN_POINT('',(-30.05800360451,-15.93234919016,
    -28.27595594391));
#1453 = CARTESIAN_POINT('',(-30.05800360451,-15.71836188835,
    -29.10215623818));
#1454 = CARTESIAN_POINT('',(-30.05800360451,-15.48005057778,
    -29.96091253418));
#1455 = CARTESIAN_POINT('',(-30.05800360451,-15.21019412091,
    -30.85994376227));
#1456 = CARTESIAN_POINT('',(-30.05800360451,-14.89905479235,
    -31.80739533553));
#1457 = CARTESIAN_POINT('',(-30.05800360451,-14.5334835169,
    -32.8116188055));
#1458 = CARTESIAN_POINT('',(-30.05800360451,-13.8763003596,
    -34.4123270793));
#1459 = CARTESIAN_POINT('',(-30.05800360451,-13.00744111326,
    -36.1541443422));
#1460 = CARTESIAN_POINT('',(-30.05800360451,-12.6916108148,
    -36.75040385438));
#1461 = CARTESIAN_POINT('',(-30.05800360451,-12.34666580255,
    -37.36189716054));
#1462 = CARTESIAN_POINT('',(-30.05800360451,-11.96953624159,
    -37.98767829526));
#1463 = CARTESIAN_POINT('',(-30.05800360451,-11.55708304721,
    -38.62613241304));
#1464 = CARTESIAN_POINT('',(-30.05800360451,-11.10626052596,
    -39.27480465097));
#1465 = CARTESIAN_POINT('',(-30.05800360451,-10.61439062087,
    -39.93026454696));
#1466 = CARTESIAN_POINT('',(-30.05800360451,-9.544685178574,
    -41.24593372644));
#1467 = CARTESIAN_POINT('',(-30.05800360451,-8.299574464729,
    -42.5502928966));
#1468 = CARTESIAN_POINT('',(-30.05800360451,-7.632298864393,
    -43.19444304344));
#1469 = CARTESIAN_POINT('',(-30.05800360451,-6.92050437884,
    -43.82456846606));
#1470 = CARTESIAN_POINT('',(-30.05800360451,-6.165775863846,
    -44.43408245645));
#1471 = CARTESIAN_POINT('',(-30.05800360451,-5.371385171344,
    -45.01614948097));
#1472 = CARTESIAN_POINT('',(-30.05800360451,-4.54237373795,
    -45.56432147714));
#1473 = CARTESIAN_POINT('',(-30.05800360451,-3.685254192098,
    -46.07321179595));
#1474 = CARTESIAN_POINT('',(-30.05800360451,-1.929491435527,
    -47.0045718448));
#1475 = CARTESIAN_POINT('',(-30.05800360451,-0.121072406576,
    -47.75359071092));
#1476 = CARTESIAN_POINT('',(-30.05800360451,0.788703649515,
    -48.08014040634));
#1477 = CARTESIAN_POINT('',(-30.05800360451,1.696204222876,
    -48.35790910176));
#1478 = CARTESIAN_POINT('',(-30.0580036045,2.593931778937,
    -48.58773871032));
#1479 = CARTESIAN_POINT('',(-30.05800360451,3.475369445661,
    -48.77193393663));
#1480 = CARTESIAN_POINT('',(-30.05800360451,4.335316130026,
    -48.91379625074));
#1481 = CARTESIAN_POINT('',(-30.05800360451,5.169912714026,
    -49.01713321471));
#1482 = CARTESIAN_POINT('',(-30.05800360451,6.783099669145,
    -49.15474192406));
#1483 = CARTESIAN_POINT('',(-30.05800360451,8.277758672795,
    -49.16994720392));
#1484 = CARTESIAN_POINT('',(-30.05800360451,8.993827112597,
    -49.15088102829));
#1485 = CARTESIAN_POINT('',(-30.05800360451,9.678028078112,
    -49.10902026916));
#1486 = CARTESIAN_POINT('',(-30.05800360451,10.330591324975,
    -49.04794412556));
#1487 = CARTESIAN_POINT('',(-30.05800360451,10.952334412878,
    -48.97081799319));
#1488 = CARTESIAN_POINT('',(-30.05800360451,11.544453392649,
    -48.88037278665));
#1489 = CARTESIAN_POINT('',(-30.05800360451,12.108372050044,
    -48.7789342742));
#1490 = CARTESIAN_POINT('',(-30.05800360451,13.7201552467,
    -48.44751602635));
#1491 = CARTESIAN_POINT('',(-30.05800360451,15.106307461207,
    -48.04955957339));
#1492 = CARTESIAN_POINT('',(-30.05800360451,15.942827957324,
    -47.76781144691));
#1493 = CARTESIAN_POINT('',(-30.05800360451,16.705185728212,
    -47.47765017076));
#1494 = CARTESIAN_POINT('',(-30.05800360451,17.405114226735,
    -47.18352870025));
#1495 = CARTESIAN_POINT('',(-30.05800360451,18.052504281368,
    -46.88806339544));
#1496 = CARTESIAN_POINT('',(-30.05800360451,18.65565154806,
    -46.59263389427));
#1497 = CARTESIAN_POINT('',(-30.05800360451,19.221480503599,
    -46.29794909247));
#1498 = CARTESIAN_POINT('',(-30.05800360451,20.290137315268,
    -45.71061154383));
#1499 = CARTESIAN_POINT('',(-30.05800360451,21.252426803152,
    -45.12742028462));
#1500 = CARTESIAN_POINT('',(-30.05800360451,21.711888794301,
    -44.83688118059));
#1501 = CARTESIAN_POINT('',(-30.05800360451,22.153668585255,
    -44.5471664084));
#1502 = CARTESIAN_POINT('',(-30.0580036045,22.581067445939,
    -44.25795806249));
#1503 = CARTESIAN_POINT('',(-30.05800360451,22.996848123714,
    -43.96892451926));
#1504 = CARTESIAN_POINT('',(-30.05800360451,23.403354488523,
    -43.67974819846));
#1505 = CARTESIAN_POINT('',(-30.05800360451,23.802598619185,
    -43.39013948773));
#1506 = CARTESIAN_POINT('',(-30.05800360451,24.940990850707,
    -42.55080994963));
#1507 = CARTESIAN_POINT('',(-30.05800360451,26.046042217284,
    -41.70397734409));
#1508 = CARTESIAN_POINT('',(-30.05800360451,26.764978410421,
    -41.14537350936));
#1509 = CARTESIAN_POINT('',(-30.05800360452,27.487582778688,
    -40.58115247768));
#1510 = CARTESIAN_POINT('',(-30.0580036045,28.219905850606,-40.01087455)
  );
#1511 = CARTESIAN_POINT('',(-30.05800360451,28.967008287182,
    -39.4344910104));
#1512 = CARTESIAN_POINT('',(-30.05800360451,29.733287135409,
    -38.85225905472));
#1513 = CARTESIAN_POINT('',(-30.05800360451,30.522705168996,
    -38.2646996049));
#1514 = CARTESIAN_POINT('',(-30.05800360451,32.155137185441,
    -37.08039093844));
#1515 = CARTESIAN_POINT('',(-30.05800360451,33.908587890198,
    -35.88140844824));
#1516 = CARTESIAN_POINT('',(-30.05800360451,34.819024331028,
    -35.27917492373));
#1517 = CARTESIAN_POINT('',(-30.05800360451,35.766425249775,
    -34.67531743499));
#1518 = CARTESIAN_POINT('',(-30.05800360451,36.753935423441,
    -34.07112158175));
#1519 = CARTESIAN_POINT('',(-30.05800360451,37.784643295899,
    -33.468029354));
#1520 = CARTESIAN_POINT('',(-30.05800360451,38.861607132941,
    -32.86763612241));
#1521 = CARTESIAN_POINT('',(-30.05800360451,39.987865942968,
    -32.27169077922));
#1522 = CARTESIAN_POINT('',(-30.05800360451,43.523590906719,
    -30.50290534843));
#1523 = CARTESIAN_POINT('',(-30.05800360451,47.557125787633,
    -28.80975169533));
#1524 = CARTESIAN_POINT('',(-30.05800360451,50.491367160479,
    -27.73102360593));
#1525 = CARTESIAN_POINT('',(-30.05800360451,53.694395049544,
    -26.72117880011));
#1526 = CARTESIAN_POINT('',(-30.05800360451,57.189189014908,
    -25.80140481549));
#1527 = CARTESIAN_POINT('',(-30.05800360451,60.997484812575,
    -24.99501862498));
#1528 = CARTESIAN_POINT('',(-30.05800360451,65.139310319574,
    -24.32687902469));
#1529 = CARTESIAN_POINT('',(-30.05800360451,69.632890667686,
    -23.82270048892));
#1530 = CARTESIAN_POINT('',(-30.05800360451,74.494815281345,
    -23.50858220357));
#1531 = CARTESIAN_POINT('',(-30.05800360451,79.740267848924,
    -23.41064760448));
#1532 = CARTESIAN_POINT('',(-18.13008978365,-34.56438965191,1.));
#1533 = CARTESIAN_POINT('',(-18.13008978365,-34.20650246393,
    -1.426482015296));
#1534 = CARTESIAN_POINT('',(-18.13008978365,-33.86734041126,
    -3.736509865597));
#1535 = CARTESIAN_POINT('',(-18.13008978364,-33.54508386473,
    -5.936676261544));
#1536 = CARTESIAN_POINT('',(-18.13008978365,-33.23787344383,
    -8.034337522142));
#1537 = CARTESIAN_POINT('',(-18.13008978364,-32.9437839439,
    -10.03785426404));
#1538 = CARTESIAN_POINT('',(-18.13008978365,-32.66073213476,
    -11.95692576822));
#1539 = CARTESIAN_POINT('',(-18.13008978364,-32.38641985402,
    -13.8031108866));
#1540 = CARTESIAN_POINT('',(-18.13008978365,-32.11798528873,
    -15.59060525791));
#1541 = CARTESIAN_POINT('',(-18.13008978365,-31.71854013593,
    -18.2110765344));
#1542 = CARTESIAN_POINT('',(-18.13008978365,-31.30900788128,
    -20.79632823306));
#1543 = CARTESIAN_POINT('',(-18.13008978365,-31.17054869365,
    -21.65727293781));
#1544 = CARTESIAN_POINT('',(-18.13008978365,-31.02913314372,
    -22.52093757686));
#1545 = CARTESIAN_POINT('',(-18.13008978364,-30.88351010862,
    -23.39134744446));
#1546 = CARTESIAN_POINT('',(-18.13008978365,-30.73209462785,
    -24.27313844381));
#1547 = CARTESIAN_POINT('',(-18.13008978365,-30.57283401537,
    -25.17167987028));
#1548 = CARTESIAN_POINT('',(-18.13008978365,-30.40300500184,
    -26.09323731016));
#1549 = CARTESIAN_POINT('',(-18.13008978365,-30.03475862033,
    -27.99709381056));
#1550 = CARTESIAN_POINT('',(-18.13008978365,-29.58810388294,
    -30.05656565432));
#1551 = CARTESIAN_POINT('',(-18.13008978365,-29.33986665325,
    -31.13373692032));
#1552 = CARTESIAN_POINT('',(-18.13008978365,-29.05982911001,
    -32.26806430451));
#1553 = CARTESIAN_POINT('',(-18.13008978365,-28.73894190454,
    -33.47047982683));
#1554 = CARTESIAN_POINT('',(-18.13008978364,-28.36517563406,
    -34.7532754391));
#1555 = CARTESIAN_POINT('',(-18.13008978365,-27.92232192145,
    -36.12936998806));
#1556 = CARTESIAN_POINT('',(-18.13008978365,-27.388519282,
    -37.61191638846));
#1557 = CARTESIAN_POINT('',(-18.13008978365,-26.40636432805,
    -40.00942664723));
#1558 = CARTESIAN_POINT('',(-18.13008978365,-25.072245274,
    -42.66462522871));
#1559 = CARTESIAN_POINT('',(-18.13008978365,-24.58399906368,
    -43.57816527864));
#1560 = CARTESIAN_POINT('',(-18.13008978365,-24.04743979624,
    -44.51936057671));
#1561 = CARTESIAN_POINT('',(-18.13008978364,-23.45753656752,
    -45.48651664826));
#1562 = CARTESIAN_POINT('',(-18.13008978365,-22.80916485565,
    -46.47682968044));
#1563 = CARTESIAN_POINT('',(-18.13008978364,-22.0973811076,
    -47.4861083558));
#1564 = CARTESIAN_POINT('',(-18.13008978365,-21.31788094149,
    -48.50855804379));
#1565 = CARTESIAN_POINT('',(-18.13008978365,-19.61735918334,
    -50.56500426073));
#1566 = CARTESIAN_POINT('',(-18.13008978365,-17.62878068718,
    -52.60986232971));
#1567 = CARTESIAN_POINT('',(-18.13008978365,-16.56122307355,
    -53.6207242871));
#1568 = CARTESIAN_POINT('',(-18.13008978365,-15.42093941667,
    -54.61006955044));
#1569 = CARTESIAN_POINT('',(-18.13008978364,-14.21078064691,
    -55.56701300455));
#1570 = CARTESIAN_POINT('',(-18.13008978365,-12.93639790844,
    -56.48031065045));
#1571 = CARTESIAN_POINT('',(-18.13008978364,-11.60635927902,
    -57.33941542894));
#1572 = CARTESIAN_POINT('',(-18.13008978365,-10.23163468871,
    -58.13558339105));
#1573 = CARTESIAN_POINT('',(-18.13008978365,-7.417421661538,
    -59.58943696265));
#1574 = CARTESIAN_POINT('',(-18.13008978365,-4.52436698656,
    -60.75142646671));
#1575 = CARTESIAN_POINT('',(-18.13008978364,-3.070800337168,
    -61.25573127969));
#1576 = CARTESIAN_POINT('',(-18.13008978365,-1.623221399026,
    -61.68220080945));
#1577 = CARTESIAN_POINT('',(-18.13008978364,-0.19403474248,
    -62.03243186184));
#1578 = CARTESIAN_POINT('',(-18.13008978365,1.206024245637,
    -62.31041172636));
#1579 = CARTESIAN_POINT('',(-18.13008978364,2.56842942644,
    -62.52173626211));
#1580 = CARTESIAN_POINT('',(-18.13008978365,3.886891858991,
    -62.67279688801));
#1581 = CARTESIAN_POINT('',(-18.13008978365,6.427357808861,
    -62.86771042991));
#1582 = CARTESIAN_POINT('',(-18.13008978365,8.764532153861,
    -62.8743163024));
#1583 = CARTESIAN_POINT('',(-18.13008978365,9.879702671632,
    -62.8370697448));
#1584 = CARTESIAN_POINT('',(-18.13008978364,10.94055372555,
    -62.76567330797));
#1585 = CARTESIAN_POINT('',(-18.13008978365,11.947557306256,
    -62.6660119912));
#1586 = CARTESIAN_POINT('',(-18.13008978364,12.902145369858,
    -62.54326738485));
#1587 = CARTESIAN_POINT('',(-18.13008978365,13.806362723505,
    -62.4018900172));
#1588 = CARTESIAN_POINT('',(-18.13008978365,14.662618407643,
    -62.24565264598));
#1589 = CARTESIAN_POINT('',(-18.13008978365,17.095283671071,
    -61.7418466518));
#1590 = CARTESIAN_POINT('',(-18.13008978365,19.143570030996,
    -61.15646793891));
#1591 = CARTESIAN_POINT('',(-18.13008978365,20.359526495623,
    -60.75103534665));
#1592 = CARTESIAN_POINT('',(-18.13008978365,21.448212151256,
    -60.34303596702));
#1593 = CARTESIAN_POINT('',(-18.13008978364,22.429022829406,
    -59.93921402863));
#1594 = CARTESIAN_POINT('',(-18.13008978365,23.318246676287,
    -59.54333161032));
#1595 = CARTESIAN_POINT('',(-18.13008978365,24.129492587859,
    -59.15715380843));
#1596 = CARTESIAN_POINT('',(-18.13008978365,24.874078750732,
    -58.78137853952));
#1597 = CARTESIAN_POINT('',(-18.13008978365,26.248876687466,
    -58.05064985274));
#1598 = CARTESIAN_POINT('',(-18.13008978364,27.426765788949,
    -57.36005220708));
#1599 = CARTESIAN_POINT('',(-18.13008978365,27.974443692881,
    -57.02440698866));
#1600 = CARTESIAN_POINT('',(-18.13008978364,28.487303756636,
    -56.69764738742));
#1601 = CARTESIAN_POINT('',(-18.13008978365,28.970634607966,
    -56.37888550462));
#1602 = CARTESIAN_POINT('',(-18.13008978364,29.42883305475,
    -56.06722764838));
#1603 = CARTESIAN_POINT('',(-18.13008978365,29.865602999629,
    -55.76181652817));
#1604 = CARTESIAN_POINT('',(-18.13008978365,30.284100026634,
    -55.46185156791));
#1605 = CARTESIAN_POINT('',(-18.13008978365,31.449126126308,
    -54.60819566245));
#1606 = CARTESIAN_POINT('',(-18.13008978365,32.503804118605,
    -53.78845891322));
#1607 = CARTESIAN_POINT('',(-18.13008978365,33.162450216246,
    -53.2622848182));
#1608 = CARTESIAN_POINT('',(-18.13008978365,33.801245803305,
    -52.74258670157));
#1609 = CARTESIAN_POINT('',(-18.13008978365,34.429070403481,
    -52.22670121293));
#1610 = CARTESIAN_POINT('',(-18.13008978365,35.053177342994,
    -51.71264326558));
#1611 = CARTESIAN_POINT('',(-18.13008978365,35.679731109799,
    -51.19895497569));
#1612 = CARTESIAN_POINT('',(-18.13008978365,36.314185644293,
    -50.68462863115));
#1613 = CARTESIAN_POINT('',(-18.13008978365,37.608811087127,
    -49.65340429889));
#1614 = CARTESIAN_POINT('',(-18.13008978364,38.973385254507,
    -48.61575426124));
#1615 = CARTESIAN_POINT('',(-18.13008978365,39.677788040444,
    -48.09500180474));
#1616 = CARTESIAN_POINT('',(-18.13008978364,40.408605024261,
    -47.57232531318));
#1617 = CARTESIAN_POINT('',(-18.13008978365,41.169960174983,
    -47.048008498));
#1618 = CARTESIAN_POINT('',(-18.13008978364,41.965889128061,
    -46.52259570473));
#1619 = CARTESIAN_POINT('',(-18.13008978365,42.80038238412,
    -45.99688611001));
#1620 = CARTESIAN_POINT('',(-18.13008978365,43.677403389692,
    -45.47193361164));
#1621 = CARTESIAN_POINT('',(-18.13008978365,46.447866042598,
    -43.90327261634));
#1622 = CARTESIAN_POINT('',(-18.13008978365,49.671644495362,
    -42.36723364972));
#1623 = CARTESIAN_POINT('',(-18.13008978365,52.053520473119,
    -41.37018007558));
#1624 = CARTESIAN_POINT('',(-18.13008978365,54.698715769859,
    -40.41658327769));
#1625 = CARTESIAN_POINT('',(-18.13008978364,57.636958349079,
    -39.52682812297));
#1626 = CARTESIAN_POINT('',(-18.13008978365,60.895984249424,
    -38.72486328894));
#1627 = CARTESIAN_POINT('',(-18.13008978364,64.500750969698,
    -38.03724319492));
#1628 = CARTESIAN_POINT('',(-18.13008978365,68.473258891273,
    -37.49199524061));
#1629 = CARTESIAN_POINT('',(-18.13008978365,72.832812975536,
    -37.11783499302));
#1630 = CARTESIAN_POINT('',(-18.13008978365,77.5963921023,
    -36.94356230969));
#1631 = CARTESIAN_POINT('',(-4.681924646799E-13,-39.91501147846,1.));
#1632 = CARTESIAN_POINT('',(-4.732248508155E-13,-39.55712429048,
    -1.430201627625));
#1633 = CARTESIAN_POINT('',(-4.445211517343E-13,-39.21795936473,
    -3.746780426966));
#1634 = CARTESIAN_POINT('',(-5.0020049652E-13,-38.89568972295,
    -5.956847970788));
#1635 = CARTESIAN_POINT('',(-4.670819062985E-13,-38.58843907004,
    -8.068397371243));
#1636 = CARTESIAN_POINT('',(-3.842342602178E-13,-38.29425061153,
    -10.09058108041));
#1637 = CARTESIAN_POINT('',(-6.051562482165E-13,-38.01097909478,
    -12.03409656157));
#1638 = CARTESIAN_POINT('',(-3.500162973954E-13,-37.73622276965,
    -13.91178751092));
#1639 = CARTESIAN_POINT('',(-5.132124623054E-13,-37.46691725501,
    -15.73953972653));
#1640 = CARTESIAN_POINT('',(-4.32952121281E-13,-37.064991015,
    -18.43697889525));
#1641 = CARTESIAN_POINT('',(-4.868021319043E-13,-36.6493442951,
    -21.13154664298));
#1642 = CARTESIAN_POINT('',(-3.60561743103E-13,-36.50833927422,
    -22.03293961077));
#1643 = CARTESIAN_POINT('',(-7.041804714834E-13,-36.36373648703,
    -22.94154133681));
#1644 = CARTESIAN_POINT('',(-1.009977560706E-13,-36.2141112339,
    -23.86193252948));
#1645 = CARTESIAN_POINT('',(-8.513929497284E-13,-36.05765060976,
    -24.7993974564));
#1646 = CARTESIAN_POINT('',(-1.993453018705E-13,-35.89199835805,
    -25.76006511963));
#1647 = CARTESIAN_POINT('',(-5.545039355368E-13,-35.71401990762,
    -26.75109644259));
#1648 = CARTESIAN_POINT('',(-3.828317050529E-13,-35.32481658531,
    -28.81071464478));
#1649 = CARTESIAN_POINT('',(-5.353156942382E-13,-34.84460389121,
    -31.06451398442));
#1650 = CARTESIAN_POINT('',(-2.598405477881E-13,-34.57561623709,
    -32.24972469353));
#1651 = CARTESIAN_POINT('',(-7.828268970325E-13,-34.26978551288,
    -33.50437832658));
#1652 = CARTESIAN_POINT('',(-1.138632086138E-13,-33.91665171825,
    -34.84099569918));
#1653 = CARTESIAN_POINT('',(-7.478477585041E-13,-33.50230778193,
    -36.27365456691));
#1654 = CARTESIAN_POINT('',(-2.955687363188E-13,-33.00801848229,
    -37.81713784297));
#1655 = CARTESIAN_POINT('',(-5.289643016722E-13,-32.40852006458,
    -39.48647341525));
#1656 = CARTESIAN_POINT('',(-4.051725854869E-13,-31.29946086056,
    -42.19514162497));
#1657 = CARTESIAN_POINT('',(-5.12273736352E-13,-29.78365389513,
    -45.20702337855));
#1658 = CARTESIAN_POINT('',(-2.305966864968E-13,-29.22807780505,
    -46.24446417655));
#1659 = CARTESIAN_POINT('',(-9.25015655813E-13,-28.6166915415,
    -47.31441090618));
#1660 = CARTESIAN_POINT('',(1.151791123896E-13,-27.94369838615,
    -48.41487679353));
#1661 = CARTESIAN_POINT('',(-9.327327821175E-13,-27.203198487,
    -49.54259372392));
#1662 = CARTESIAN_POINT('',(-2.30931935666E-13,-26.38950716074,
    -50.6926922796));
#1663 = CARTESIAN_POINT('',(-5.150091709563E-13,-25.49768493175,
    -51.85845460216));
#1664 = CARTESIAN_POINT('',(-4.010319023787E-13,-23.55082403795,
    -54.20418055163));
#1665 = CARTESIAN_POINT('',(-5.295360662415E-13,-21.27191505051,
    -56.53820973765));
#1666 = CARTESIAN_POINT('',(-2.087647339136E-13,-20.04804390678,
    -57.69227577548));
#1667 = CARTESIAN_POINT('',(-9.209463949129E-13,-18.74043158471,
    -58.82189944135));
#1668 = CARTESIAN_POINT('',(7.217741215345E-14,-17.3524234276,
    -59.91451705551));
#1669 = CARTESIAN_POINT('',(-8.647249005354E-13,-15.89059971343,
    -60.95716307576));
#1670 = CARTESIAN_POINT('',(-2.615348206501E-13,-14.36490570334,
    -61.93768974985));
#1671 = CARTESIAN_POINT('',(-5.127735795734E-13,-12.78805194158,
    -62.84604207462));
#1672 = CARTESIAN_POINT('',(-4.077705463927E-13,-9.560505082912,
    -64.50393381001));
#1673 = CARTESIAN_POINT('',(-5.106384940192E-13,-6.243890964665,
    -65.82719186));
#1674 = CARTESIAN_POINT('',(-3.1338823362E-13,-4.577969464316,
    -66.40091155798));
#1675 = CARTESIAN_POINT('',(-6.836988947714E-13,-2.919485332023,
    -66.88545002805));
#1676 = CARTESIAN_POINT('',(-2.306802458193E-13,-1.28275937733,
    -67.28269886815));
#1677 = CARTESIAN_POINT('',(-6.170017179946E-13,0.319825647029,
    -67.59730243139));
#1678 = CARTESIAN_POINT('',(-4.055825162765E-13,1.878445143485,
    -67.8357525554));
#1679 = CARTESIAN_POINT('',(-4.464217343728E-13,3.385861304581,
    -68.00544967711));
#1680 = CARTESIAN_POINT('',(-5.183351238307E-13,6.288437587272,
    -68.22274124342));
#1681 = CARTESIAN_POINT('',(-3.549047260984E-13,8.954621337629,
    -68.2259889742));
#1682 = CARTESIAN_POINT('',(-8.896001569356E-13,10.225644610721,
    -68.18164282285));
#1683 = CARTESIAN_POINT('',(3.298596870231E-13,11.433580727108,
    -68.09871245271));
#1684 = CARTESIAN_POINT('',(-1.377234363246E-12,12.578996272257,
    -67.98398329769));
#1685 = CARTESIAN_POINT('',(2.516684232399E-13,13.663563129311,
    -67.84342428933));
#1686 = CARTESIAN_POINT('',(-7.946213262483E-13,14.689657551969,
    -67.68215747965));
#1687 = CARTESIAN_POINT('',(-4.100630804811E-13,15.660073331018,
    -67.50452068808));
#1688 = CARTESIAN_POINT('',(-4.660930231062E-13,18.413300022116,
    -66.93339581302));
#1689 = CARTESIAN_POINT('',(-5.052536745111E-13,20.720155396466,
    -66.27482711382));
#1690 = CARTESIAN_POINT('',(-2.273092407077E-13,22.084284833436,
    -65.8210946859));
#1691 = CARTESIAN_POINT('',(-9.325748416515E-13,23.300404303075,
    -65.36707852477));
#1692 = CARTESIAN_POINT('',(1.385104581639E-13,24.390901860935,
    -64.92041762084));
#1693 = CARTESIAN_POINT('',(-9.619928257475E-13,25.374563860181,
    -64.48532146577));
#1694 = CARTESIAN_POINT('',(-1.813344587897E-13,26.267074062208,
    -64.06370568074));
#1695 = CARTESIAN_POINT('',(-5.437643560175E-13,27.081466434654,
    -63.65626389485));
#1696 = CARTESIAN_POINT('',(-3.777707019382E-13,28.575815084082,
    -62.86953974927));
#1697 = CARTESIAN_POINT('',(-5.395104123071E-13,29.837897668085,
    -62.13699899634));
#1698 = CARTESIAN_POINT('',(-1.967136741235E-13,30.420024636124,
    -61.78373945667));
#1699 = CARTESIAN_POINT('',(-9.659154622468E-13,30.960642150866,
    -61.44251353467));
#1700 = CARTESIAN_POINT('',(1.940040873277E-13,31.465814920165,
    -61.11221074438));
#1701 = CARTESIAN_POINT('',(-1.045045161726E-12,31.94057786647,
    -60.79171790154));
#1702 = CARTESIAN_POINT('',(-1.231533402057E-13,32.389165996713,
    -60.47996695409));
#1703 = CARTESIAN_POINT('',(-5.584005705906E-13,32.815181443466,
    -60.17595779032));
#1704 = CARTESIAN_POINT('',(-3.098157984249E-13,33.990608295139,
    -59.31670731658));
#1705 = CARTESIAN_POINT('',(-6.154448914048E-13,35.025615056418,
    -58.50755172967));
#1706 = CARTESIAN_POINT('',(-1.154777824334E-14,35.660717359071,
    -57.99404172376));
#1707 = CARTESIAN_POINT('',(-1.206209293665E-12,36.266784904384,
    -57.4917301841));
#1708 = CARTESIAN_POINT('',(4.857101298202E-13,36.853801962704,
    -56.99708540542));
#1709 = CARTESIAN_POINT('',(-1.274719843494E-12,37.429878114698,
    -56.50736613187));
#1710 = CARTESIAN_POINT('',(2.818052583209E-14,38.001868049011,
    -56.02044472633));
#1711 = CARTESIAN_POINT('',(-5.829489587157E-13,38.575808019337,
    -55.53471653217));
#1712 = CARTESIAN_POINT('',(-3.49477926245E-13,39.738517122544,
    -54.56327293421));
#1713 = CARTESIAN_POINT('',(-5.192372862424E-13,40.95123169516,
    -53.58862459121));
#1714 = CARTESIAN_POINT('',(-3.230071633155E-13,41.575176586798,
    -53.09969118467));
#1715 = CARTESIAN_POINT('',(-5.877472903654E-13,42.221415702245,
    -52.60871656285));
#1716 = CARTESIAN_POINT('',(-3.533276805613E-13,42.894455393336,
    -52.1155931913));
#1717 = CARTESIAN_POINT('',(-4.901683101685E-13,43.598701181889,
    -51.62051487777));
#1718 = CARTESIAN_POINT('',(-4.511491193929E-13,44.338507614159,
    -51.12396987834));
#1719 = CARTESIAN_POINT('',(-4.423300124063E-13,45.118199137629,
    -50.62674068958));
#1720 = CARTESIAN_POINT('',(-4.798125473223E-13,47.589820350533,
    -49.13622998815));
#1721 = CARTESIAN_POINT('',(-4.009531440686E-13,50.497382032118,
    -47.66154564267));
#1722 = CARTESIAN_POINT('',(-5.955813419544E-13,52.663554625905,
    -46.69638666128));
#1723 = CARTESIAN_POINT('',(-2.191054339044E-13,55.090911551658,
    -45.76475518881));
#1724 = CARTESIAN_POINT('',(-7.014929618792E-13,57.811816081801,
    -44.88672264243));
#1725 = CARTESIAN_POINT('',(-2.690509628011E-13,60.856347416377,
    -44.08648438571));
#1726 = CARTESIAN_POINT('',(-5.435761036012E-13,64.251388113406,
    -43.39125699322));
#1727 = CARTESIAN_POINT('',(-4.184148413007E-13,68.020412821337,
    -42.82997108173));
#1728 = CARTESIAN_POINT('',(-4.602135341324E-13,72.183786941826,
    -42.4323639373));
#1729 = CARTESIAN_POINT('',(-4.513485271351E-13,76.759190392209,
    -42.22828058293));
#1730 = CARTESIAN_POINT('',(18.13008978365,-34.56438965191,1.));
#1731 = CARTESIAN_POINT('',(18.13008978365,-34.20650246393,
    -1.426482015296));
#1732 = CARTESIAN_POINT('',(18.13008978365,-33.86734041126,
    -3.736509865597));
#1733 = CARTESIAN_POINT('',(18.130089783649,-33.54508386473,
    -5.936676261545));
#1734 = CARTESIAN_POINT('',(18.13008978365,-33.23787344382,
    -8.034337522141));
#1735 = CARTESIAN_POINT('',(18.130089783649,-32.94378394391,
    -10.03785426404));
#1736 = CARTESIAN_POINT('',(18.130089783651,-32.66073213475,
    -11.95692576822));
#1737 = CARTESIAN_POINT('',(18.130089783649,-32.38641985403,
    -13.8031108866));
#1738 = CARTESIAN_POINT('',(18.13008978365,-32.11798528873,
    -15.59060525791));
#1739 = CARTESIAN_POINT('',(18.130089783649,-31.71854013593,
    -18.2110765344));
#1740 = CARTESIAN_POINT('',(18.13008978365,-31.30900788128,
    -20.79632823306));
#1741 = CARTESIAN_POINT('',(18.130089783649,-31.17054869365,
    -21.65727293781));
#1742 = CARTESIAN_POINT('',(18.130089783652,-31.02913314372,
    -22.52093757686));
#1743 = CARTESIAN_POINT('',(18.130089783647,-30.88351010862,
    -23.39134744446));
#1744 = CARTESIAN_POINT('',(18.130089783652,-30.73209462785,
    -24.27313844381));
#1745 = CARTESIAN_POINT('',(18.130089783649,-30.57283401537,
    -25.17167987028));
#1746 = CARTESIAN_POINT('',(18.13008978365,-30.40300500184,
    -26.09323731016));
#1747 = CARTESIAN_POINT('',(18.130089783649,-30.03475862033,
    -27.99709381056));
#1748 = CARTESIAN_POINT('',(18.13008978365,-29.58810388294,
    -30.05656565432));
#1749 = CARTESIAN_POINT('',(18.130089783648,-29.33986665325,
    -31.13373692032));
#1750 = CARTESIAN_POINT('',(18.130089783653,-29.05982911001,
    -32.26806430451));
#1751 = CARTESIAN_POINT('',(18.130089783646,-28.73894190453,
    -33.47047982683));
#1752 = CARTESIAN_POINT('',(18.130089783653,-28.36517563407,
    -34.7532754391));
#1753 = CARTESIAN_POINT('',(18.130089783648,-27.92232192145,
    -36.12936998806));
#1754 = CARTESIAN_POINT('',(18.13008978365,-27.388519282,-37.61191638846
    ));
#1755 = CARTESIAN_POINT('',(18.13008978365,-26.40636432805,
    -40.00942664723));
#1756 = CARTESIAN_POINT('',(18.130089783649,-25.072245274,
    -42.66462522871));
#1757 = CARTESIAN_POINT('',(18.130089783652,-24.58399906369,
    -43.57816527864));
#1758 = CARTESIAN_POINT('',(18.130089783645,-24.04743979623,
    -44.51936057671));
#1759 = CARTESIAN_POINT('',(18.130089783656,-23.45753656752,
    -45.48651664827));
#1760 = CARTESIAN_POINT('',(18.130089783645,-22.80916485565,
    -46.47682968044));
#1761 = CARTESIAN_POINT('',(18.130089783653,-22.0973811076,
    -47.4861083558));
#1762 = CARTESIAN_POINT('',(18.130089783649,-21.31788094149,
    -48.50855804379));
#1763 = CARTESIAN_POINT('',(18.13008978365,-19.61735918334,
    -50.56500426073));
#1764 = CARTESIAN_POINT('',(18.130089783649,-17.62878068718,
    -52.60986232971));
#1765 = CARTESIAN_POINT('',(18.130089783651,-16.56122307355,
    -53.6207242871));
#1766 = CARTESIAN_POINT('',(18.130089783648,-15.42093941666,
    -54.61006955044));
#1767 = CARTESIAN_POINT('',(18.130089783651,-14.21078064691,
    -55.56701300455));
#1768 = CARTESIAN_POINT('',(18.130089783649,-12.93639790844,
    -56.48031065045));
#1769 = CARTESIAN_POINT('',(18.13008978365,-11.60635927902,
    -57.33941542894));
#1770 = CARTESIAN_POINT('',(18.13008978365,-10.23163468871,
    -58.13558339105));
#1771 = CARTESIAN_POINT('',(18.13008978365,-7.417421661538,
    -59.58943696265));
#1772 = CARTESIAN_POINT('',(18.13008978365,-4.52436698656,
    -60.75142646671));
#1773 = CARTESIAN_POINT('',(18.130089783649,-3.070800337169,
    -61.2557312797));
#1774 = CARTESIAN_POINT('',(18.130089783651,-1.623221399025,
    -61.68220080944));
#1775 = CARTESIAN_POINT('',(18.130089783649,-0.194034742481,
    -62.03243186185));
#1776 = CARTESIAN_POINT('',(18.130089783651,1.206024245638,
    -62.31041172635));
#1777 = CARTESIAN_POINT('',(18.130089783649,2.56842942644,
    -62.52173626211));
#1778 = CARTESIAN_POINT('',(18.13008978365,3.886891858991,
    -62.67279688801));
#1779 = CARTESIAN_POINT('',(18.13008978365,6.427357808861,
    -62.86771042991));
#1780 = CARTESIAN_POINT('',(18.13008978365,8.764532153861,-62.8743163024
    ));
#1781 = CARTESIAN_POINT('',(18.130089783651,9.879702671632,
    -62.83706974481));
#1782 = CARTESIAN_POINT('',(18.130089783648,10.94055372555,
    -62.76567330796));
#1783 = CARTESIAN_POINT('',(18.130089783652,11.947557306256,
    -62.6660119912));
#1784 = CARTESIAN_POINT('',(18.130089783648,12.902145369858,
    -62.54326738485));
#1785 = CARTESIAN_POINT('',(18.130089783651,13.806362723505,
    -62.4018900172));
#1786 = CARTESIAN_POINT('',(18.13008978365,14.662618407643,
    -62.24565264598));
#1787 = CARTESIAN_POINT('',(18.13008978365,17.095283671071,
    -61.7418466518));
#1788 = CARTESIAN_POINT('',(18.13008978365,19.143570030996,
    -61.15646793891));
#1789 = CARTESIAN_POINT('',(18.130089783647,20.359526495625,
    -60.75103534665));
#1790 = CARTESIAN_POINT('',(18.130089783654,21.448212151253,
    -60.34303596702));
#1791 = CARTESIAN_POINT('',(18.130089783645,22.42902282941,
    -59.93921402863));
#1792 = CARTESIAN_POINT('',(18.130089783654,23.318246676284,
    -59.54333161033));
#1793 = CARTESIAN_POINT('',(18.130089783648,24.12949258786,
    -59.15715380843));
#1794 = CARTESIAN_POINT('',(18.13008978365,24.874078750732,
    -58.78137853952));
#1795 = CARTESIAN_POINT('',(18.130089783649,26.248876687466,
    -58.05064985274));
#1796 = CARTESIAN_POINT('',(18.13008978365,27.42676578895,
    -57.36005220708));
#1797 = CARTESIAN_POINT('',(18.13008978365,27.974443692878,
    -57.02440698865));
#1798 = CARTESIAN_POINT('',(18.13008978365,28.487303756642,
    -56.69764738743));
#1799 = CARTESIAN_POINT('',(18.13008978365,28.970634607959,
    -56.37888550461));
#1800 = CARTESIAN_POINT('',(18.13008978365,29.428833054756,
    -56.06722764839));
#1801 = CARTESIAN_POINT('',(18.13008978365,29.865602999626,
    -55.76181652816));
#1802 = CARTESIAN_POINT('',(18.13008978365,30.284100026635,
    -55.46185156791));
#1803 = CARTESIAN_POINT('',(18.13008978365,31.449126126308,
    -54.60819566245));
#1804 = CARTESIAN_POINT('',(18.13008978365,32.503804118606,
    -53.78845891323));
#1805 = CARTESIAN_POINT('',(18.130089783649,33.162450216246,
    -53.26228481819));
#1806 = CARTESIAN_POINT('',(18.13008978365,33.801245803306,
    -52.74258670157));
#1807 = CARTESIAN_POINT('',(18.130089783649,34.42907040348,
    -52.22670121293));
#1808 = CARTESIAN_POINT('',(18.13008978365,35.053177342995,
    -51.71264326558));
#1809 = CARTESIAN_POINT('',(18.130089783649,35.679731109798,
    -51.19895497568));
#1810 = CARTESIAN_POINT('',(18.13008978365,36.314185644293,
    -50.68462863115));
#1811 = CARTESIAN_POINT('',(18.13008978365,37.608811087127,
    -49.65340429889));
#1812 = CARTESIAN_POINT('',(18.13008978365,38.973385254507,
    -48.61575426124));
#1813 = CARTESIAN_POINT('',(18.13008978365,39.677788040445,
    -48.09500180474));
#1814 = CARTESIAN_POINT('',(18.13008978365,40.408605024259,
    -47.57232531318));
#1815 = CARTESIAN_POINT('',(18.13008978365,41.169960174987,
    -47.04800849799));
#1816 = CARTESIAN_POINT('',(18.13008978365,41.965889128058,
    -46.52259570473));
#1817 = CARTESIAN_POINT('',(18.13008978365,42.800382384122,
    -45.99688611001));
#1818 = CARTESIAN_POINT('',(18.13008978365,43.677403389691,
    -45.47193361164));
#1819 = CARTESIAN_POINT('',(18.13008978365,46.4478660426,-43.90327261634
    ));
#1820 = CARTESIAN_POINT('',(18.130089783649,49.671644495358,
    -42.36723364972));
#1821 = CARTESIAN_POINT('',(18.130089783652,52.053520473129,
    -41.37018007559));
#1822 = CARTESIAN_POINT('',(18.130089783647,54.698715769842,
    -40.41658327769));
#1823 = CARTESIAN_POINT('',(18.130089783654,57.6369583491,
    -39.52682812297));
#1824 = CARTESIAN_POINT('',(18.130089783647,60.895984249406,
    -38.72486328894));
#1825 = CARTESIAN_POINT('',(18.130089783652,64.500750969709,
    -38.03724319492));
#1826 = CARTESIAN_POINT('',(18.130089783649,68.473258891267,
    -37.49199524061));
#1827 = CARTESIAN_POINT('',(18.13008978365,72.832812975537,
    -37.11783499302));
#1828 = CARTESIAN_POINT('',(18.13008978365,77.5963921023,-36.94356230969
    ));
#1829 = CARTESIAN_POINT('',(30.058003604513,-20.86271151981,1.));
#1830 = CARTESIAN_POINT('',(30.058003604514,-20.50482433183,
    -1.416956967077));
#1831 = CARTESIAN_POINT('',(30.058003604512,-20.16566963646,
    -3.71020938489));
#1832 = CARTESIAN_POINT('',(30.058003604515,-19.84344662378,
    -5.885021280799));
#1833 = CARTESIAN_POINT('',(30.05800360451,-19.53633922751,
    -7.947118297024));
#1834 = CARTESIAN_POINT('',(30.058003604517,-19.24250313718,
    -9.902833346804));
#1835 = CARTESIAN_POINT('',(30.05800360451,-18.96001394728,
    -11.75930960209));
#1836 = CARTESIAN_POINT('',(30.058003604515,-18.6868387593,
    -13.52481573227));
#1837 = CARTESIAN_POINT('',(30.058003604513,-18.42063448948,
    -15.20921927736));
#1838 = CARTESIAN_POINT('',(30.058003604514,-18.02754281474,
    -17.63259396955));
#1839 = CARTESIAN_POINT('',(30.058003604514,-17.63366826073,
    -19.93791309822));
#1840 = CARTESIAN_POINT('',(30.058003604512,-17.50172835047,
    -20.69527935935));
#1841 = CARTESIAN_POINT('',(30.058003604517,-17.368474562,
    -21.44387073738));
#1842 = CARTESIAN_POINT('',(30.058003604509,-17.23310026156,
    -22.1862902422));
#1843 = CARTESIAN_POINT('',(30.058003604518,-17.09460420078,
    -22.92551346895));
#1844 = CARTESIAN_POINT('',(30.058003604511,-16.95171106598,
    -23.66496428365));
#1845 = CARTESIAN_POINT('',(30.058003604514,-16.80275083464,
    -24.40861552582));
#1846 = CARTESIAN_POINT('',(30.058003604513,-16.48817022634,
    -25.91360311482));
#1847 = CARTESIAN_POINT('',(30.058003604513,-16.12744948627,
    -27.47544816173));
#1848 = CARTESIAN_POINT('',(30.058003604516,-15.93234919016,
    -28.27595594391));
#1849 = CARTESIAN_POINT('',(30.058003604509,-15.71836188835,
    -29.10215623818));
#1850 = CARTESIAN_POINT('',(30.058003604518,-15.48005057778,
    -29.96091253418));
#1851 = CARTESIAN_POINT('',(30.058003604511,-15.21019412091,
    -30.85994376227));
#1852 = CARTESIAN_POINT('',(30.058003604515,-14.89905479235,
    -31.80739533553));
#1853 = CARTESIAN_POINT('',(30.058003604513,-14.5334835169,
    -32.8116188055));
#1854 = CARTESIAN_POINT('',(30.058003604513,-13.8763003596,
    -34.4123270793));
#1855 = CARTESIAN_POINT('',(30.058003604513,-13.00744111326,
    -36.1541443422));
#1856 = CARTESIAN_POINT('',(30.058003604513,-12.6916108148,
    -36.75040385439));
#1857 = CARTESIAN_POINT('',(30.058003604515,-12.34666580255,
    -37.36189716054));
#1858 = CARTESIAN_POINT('',(30.058003604511,-11.96953624159,
    -37.98767829526));
#1859 = CARTESIAN_POINT('',(30.058003604515,-11.55708304721,
    -38.62613241304));
#1860 = CARTESIAN_POINT('',(30.058003604513,-11.10626052596,
    -39.27480465097));
#1861 = CARTESIAN_POINT('',(30.058003604513,-10.61439062087,
    -39.93026454696));
#1862 = CARTESIAN_POINT('',(30.058003604514,-9.544685178574,
    -41.24593372644));
#1863 = CARTESIAN_POINT('',(30.058003604512,-8.299574464729,
    -42.5502928966));
#1864 = CARTESIAN_POINT('',(30.058003604517,-7.632298864393,
    -43.19444304344));
#1865 = CARTESIAN_POINT('',(30.058003604506,-6.920504378841,
    -43.82456846606));
#1866 = CARTESIAN_POINT('',(30.058003604522,-6.165775863846,
    -44.43408245645));
#1867 = CARTESIAN_POINT('',(30.058003604506,-5.371385171345,
    -45.01614948096));
#1868 = CARTESIAN_POINT('',(30.058003604517,-4.54237373795,
    -45.56432147714));
#1869 = CARTESIAN_POINT('',(30.058003604512,-3.685254192098,
    -46.07321179595));
#1870 = CARTESIAN_POINT('',(30.058003604514,-1.929491435527,
    -47.0045718448));
#1871 = CARTESIAN_POINT('',(30.058003604513,-0.121072406576,
    -47.75359071092));
#1872 = CARTESIAN_POINT('',(30.058003604514,0.788703649515,
    -48.08014040634));
#1873 = CARTESIAN_POINT('',(30.058003604513,1.696204222876,
    -48.35790910176));
#1874 = CARTESIAN_POINT('',(30.058003604514,2.593931778937,
    -48.58773871032));
#1875 = CARTESIAN_POINT('',(30.058003604513,3.475369445661,
    -48.77193393663));
#1876 = CARTESIAN_POINT('',(30.058003604513,4.335316130026,
    -48.91379625074));
#1877 = CARTESIAN_POINT('',(30.058003604514,5.169912714026,
    -49.01713321471));
#1878 = CARTESIAN_POINT('',(30.058003604513,6.783099669145,
    -49.15474192406));
#1879 = CARTESIAN_POINT('',(30.058003604514,8.277758672795,
    -49.16994720392));
#1880 = CARTESIAN_POINT('',(30.058003604511,8.993827112597,
    -49.15088102829));
#1881 = CARTESIAN_POINT('',(30.058003604517,9.678028078112,
    -49.10902026917));
#1882 = CARTESIAN_POINT('',(30.05800360451,10.330591324974,
    -49.04794412555));
#1883 = CARTESIAN_POINT('',(30.058003604516,10.952334412878,
    -48.9708179932));
#1884 = CARTESIAN_POINT('',(30.058003604512,11.544453392649,
    -48.88037278664));
#1885 = CARTESIAN_POINT('',(30.058003604514,12.108372050044,
    -48.7789342742));
#1886 = CARTESIAN_POINT('',(30.058003604512,13.7201552467,
    -48.44751602635));
#1887 = CARTESIAN_POINT('',(30.058003604515,15.106307461207,
    -48.0495595734));
#1888 = CARTESIAN_POINT('',(30.058003604509,15.942827957324,
    -47.76781144691));
#1889 = CARTESIAN_POINT('',(30.058003604521,16.705185728211,
    -47.47765017076));
#1890 = CARTESIAN_POINT('',(30.058003604504,17.405114226737,
    -47.18352870024));
#1891 = CARTESIAN_POINT('',(30.05800360452,18.052504281367,
    -46.88806339544));
#1892 = CARTESIAN_POINT('',(30.05800360451,18.655651548061,
    -46.59263389427));
#1893 = CARTESIAN_POINT('',(30.058003604514,19.221480503599,
    -46.29794909247));
#1894 = CARTESIAN_POINT('',(30.058003604512,20.290137315268,
    -45.71061154383));
#1895 = CARTESIAN_POINT('',(30.058003604514,21.252426803152,
    -45.12742028462));
#1896 = CARTESIAN_POINT('',(30.05800360451,21.711888794301,
    -44.83688118059));
#1897 = CARTESIAN_POINT('',(30.058003604519,22.153668585255,
    -44.5471664084));
#1898 = CARTESIAN_POINT('',(30.058003604507,22.581067445939,
    -44.25795806249));
#1899 = CARTESIAN_POINT('',(30.058003604518,22.996848123714,
    -43.96892451926));
#1900 = CARTESIAN_POINT('',(30.058003604511,23.403354488523,
    -43.67974819846));
#1901 = CARTESIAN_POINT('',(30.058003604514,23.802598619185,
    -43.39013948773));
#1902 = CARTESIAN_POINT('',(30.058003604513,24.940990850708,
    -42.55080994963));
#1903 = CARTESIAN_POINT('',(30.058003604513,26.046042217284,
    -41.70397734409));
#1904 = CARTESIAN_POINT('',(30.058003604515,26.764978410423,
    -41.14537350936));
#1905 = CARTESIAN_POINT('',(30.05800360451,27.487582778686,
    -40.58115247767));
#1906 = CARTESIAN_POINT('',(30.058003604517,28.21990585061,
    -40.01087455001));
#1907 = CARTESIAN_POINT('',(30.05800360451,28.967008287178,
    -39.43449101039));
#1908 = CARTESIAN_POINT('',(30.058003604515,29.733287135411,
    -38.85225905472));
#1909 = CARTESIAN_POINT('',(30.058003604513,30.522705168995,
    -38.2646996049));
#1910 = CARTESIAN_POINT('',(30.058003604514,32.155137185442,
    -37.08039093844));
#1911 = CARTESIAN_POINT('',(30.058003604513,33.908587890198,
    -35.88140844824));
#1912 = CARTESIAN_POINT('',(30.058003604515,34.819024331028,
    -35.27917492373));
#1913 = CARTESIAN_POINT('',(30.058003604511,35.766425249776,
    -34.67531743499));
#1914 = CARTESIAN_POINT('',(30.058003604516,36.753935423441,
    -34.07112158175));
#1915 = CARTESIAN_POINT('',(30.058003604512,37.784643295899,
    -33.468029354));
#1916 = CARTESIAN_POINT('',(30.058003604514,38.861607132941,
    -32.86763612241));
#1917 = CARTESIAN_POINT('',(30.058003604513,39.987865942968,
    -32.27169077922));
#1918 = CARTESIAN_POINT('',(30.058003604513,43.523590906719,
    -30.50290534843));
#1919 = CARTESIAN_POINT('',(30.058003604513,47.557125787634,
    -28.80975169533));
#1920 = CARTESIAN_POINT('',(30.058003604513,50.49136716048,
    -27.73102360593));
#1921 = CARTESIAN_POINT('',(30.058003604514,53.694395049542,
    -26.72117880011));
#1922 = CARTESIAN_POINT('',(30.058003604512,57.189189014912,
    -25.80140481549));
#1923 = CARTESIAN_POINT('',(30.058003604515,60.99748481257,
    -24.99501862498));
#1924 = CARTESIAN_POINT('',(30.058003604512,65.139310319578,
    -24.32687902469));
#1925 = CARTESIAN_POINT('',(30.058003604514,69.632890667684,
    -23.82270048892));
#1926 = CARTESIAN_POINT('',(30.058003604513,74.494815281345,
    -23.50858220357));
#1927 = CARTESIAN_POINT('',(30.058003604513,79.740267848924,
    -23.41064760448));
#1928 = CARTESIAN_POINT('',(32.227986812885,-4.196053620783,1.));
#1929 = CARTESIAN_POINT('',(32.227986812886,-3.838166432804,
    -1.405370742484));
#1930 = CARTESIAN_POINT('',(32.227986812885,-3.499020686807,
    -3.678217601819));
#1931 = CARTESIAN_POINT('',(32.227986812887,-3.176838464547,
    -5.822188401164));
#1932 = CARTESIAN_POINT('',(32.227986812882,-2.86985638697,
    -7.841025235048));
#1933 = CARTESIAN_POINT('',(32.22798681289,-2.5763285429,-9.738594527647
    ));
#1934 = CARTESIAN_POINT('',(32.227986812881,-2.294523720441,
    -11.51893021174));
#1935 = CARTESIAN_POINT('',(32.227986812888,-2.022731686826,
    -13.18629879388));
#1936 = CARTESIAN_POINT('',(32.227986812884,-1.759240338114,
    -14.74530313483));
#1937 = CARTESIAN_POINT('',(32.227986812886,-1.373877004681,
    -16.92893045361));
#1938 = CARTESIAN_POINT('',(32.227986812885,-0.999048405302,
    -18.89374089903));
#1939 = CARTESIAN_POINT('',(32.227986812886,-0.875038513886,
    -19.52511482048));
#1940 = CARTESIAN_POINT('',(32.227986812885,-0.751712654302,
    -20.1337316161));
#1941 = CARTESIAN_POINT('',(32.227986812886,-0.628804867283,
    -20.72046423568));
#1942 = CARTESIAN_POINT('',(32.227986812885,-0.506023929232,
    -21.28626868332));
#1943 = CARTESIAN_POINT('',(32.227986812886,-0.383040118557,
    -21.8322024138));
#1944 = CARTESIAN_POINT('',(32.227986812885,-0.259464577345,
    -22.35944938002));
#1945 = CARTESIAN_POINT('',(32.227986812886,-1.016276732253E-02,
    -23.37925467028));
#1946 = CARTESIAN_POINT('',(32.227986812885,0.246028255919,
    -24.33578878341));
#1947 = CARTESIAN_POINT('',(32.227986812887,0.376493031823,
    -24.79976438366));
#1948 = CARTESIAN_POINT('',(32.227986812882,0.510137125469,
    -25.25116031106));
#1949 = CARTESIAN_POINT('',(32.227986812889,0.648003499472,
    -25.69189111385));
#1950 = CARTESIAN_POINT('',(32.227986812883,0.79146453973,
    -26.12411312025));
#1951 = CARTESIAN_POINT('',(32.227986812886,0.942387100821,
    -26.55016536066));
#1952 = CARTESIAN_POINT('',(32.227986812885,1.103322523278,
    -26.97255903068));
#1953 = CARTESIAN_POINT('',(32.227986812885,1.365211490387,
    -27.6040410558));
#1954 = CARTESIAN_POINT('',(32.227986812885,1.668130858805,
    -28.23482550785));
#1955 = CARTESIAN_POINT('',(32.227986812885,1.774235239656,
    -28.4451464416));
#1956 = CARTESIAN_POINT('',(32.227986812887,1.886101558252,
    -28.6555917699));
#1957 = CARTESIAN_POINT('',(32.227986812882,2.004414213972,
    -28.8661260106));
#1958 = CARTESIAN_POINT('',(32.227986812889,2.129897214996,
    -29.0765805725));
#1959 = CARTESIAN_POINT('',(32.227986812883,2.263287707114,
    -29.28661280805));
#1960 = CARTESIAN_POINT('',(32.227986812886,2.405285493215,
    -29.49566801866));
#1961 = CARTESIAN_POINT('',(32.227986812885,2.707668886931,
    -29.91025943644));
#1962 = CARTESIAN_POINT('',(32.227986812886,3.048428829477,
    -30.31387917144));
#1963 = CARTESIAN_POINT('',(32.227986812884,3.228803240462,
    -30.51196276826));
#1964 = CARTESIAN_POINT('',(32.227986812888,3.419385480089,
    -30.7051348383));
#1965 = CARTESIAN_POINT('',(32.227986812881,3.620130739921,
    -30.89203723614));
#1966 = CARTESIAN_POINT('',(32.22798681289,3.830661328028,
    -31.07119686501));
#1967 = CARTESIAN_POINT('',(32.227986812882,4.050225597821,
    -31.24115166308));
#1968 = CARTESIAN_POINT('',(32.227986812886,4.277732761919,
    -31.40059878546));
#1969 = CARTESIAN_POINT('',(32.227986812885,4.746001505474,
    -31.69640013018));
#1970 = CARTESIAN_POINT('',(32.227986812886,5.235074751876,
    -31.94308342261));
#1971 = CARTESIAN_POINT('',(32.227986812884,5.483386445728,
    -32.0534126153));
#1972 = CARTESIAN_POINT('',(32.227986812888,5.733938194449,
    -32.15030230367));
#1973 = CARTESIAN_POINT('',(32.227986812882,5.985201359089,
    -32.23367615293));
#1974 = CARTESIAN_POINT('',(32.227986812888,6.235790449496,
    -32.30379217911));
#1975 = CARTESIAN_POINT('',(32.227986812884,6.484548943051,
    -32.36116096816));
#1976 = CARTESIAN_POINT('',(32.227986812886,6.730573347127,
    -32.40644709049));
#1977 = CARTESIAN_POINT('',(32.227986812885,7.215822422414,
    -32.47435046663));
#1978 = CARTESIAN_POINT('',(32.227986812886,7.68564966213,
    -32.50001602584));
#1979 = CARTESIAN_POINT('',(32.227986812884,7.916252180445,
    -32.50306438272));
#1980 = CARTESIAN_POINT('',(32.227986812888,8.142297720724,
    -32.49713068535));
#1981 = CARTESIAN_POINT('',(32.227986812882,8.363721385062,
    -32.48298936787));
#1982 = CARTESIAN_POINT('',(32.227986812888,8.580593384189,
    -32.46135333626));
#1983 = CARTESIAN_POINT('',(32.227986812884,8.793077345676,
    -32.43286177487));
#1984 = CARTESIAN_POINT('',(32.227986812886,9.001398596024,
    -32.39808034075));
#1985 = CARTESIAN_POINT('',(32.227986812885,9.614664643872,
    -32.2763537501));
#1986 = CARTESIAN_POINT('',(32.227986812886,10.195399946775,
    -32.10637686717));
#1987 = CARTESIAN_POINT('',(32.227986812883,10.57037628598,
    -31.97507795271));
#1988 = CARTESIAN_POINT('',(32.227986812889,10.935790327384,
    -31.82825440055));
#1989 = CARTESIAN_POINT('',(32.227986812881,11.294055041906,
    -31.6675720717));
#1990 = CARTESIAN_POINT('',(32.227986812889,11.647279590316,
    -31.49425367925));
#1991 = CARTESIAN_POINT('',(32.227986812884,11.997296627994,
    -31.30920999131));
#1992 = CARTESIAN_POINT('',(32.227986812886,12.345686143422,
    -31.11316325859));
#1993 = CARTESIAN_POINT('',(32.227986812884,13.041954306701,
    -30.70024602707));
#1994 = CARTESIAN_POINT('',(32.227986812886,13.741989421917,
    -30.2477033995));
#1995 = CARTESIAN_POINT('',(32.227986812881,14.094145984829,
    -30.01203116438));
#1996 = CARTESIAN_POINT('',(32.227986812894,14.449464060738,
    -29.76737755088));
#1997 = CARTESIAN_POINT('',(32.227986812875,14.808827506744,
    -29.51411799055));
#1998 = CARTESIAN_POINT('',(32.227986812894,15.173011406496,
    -29.25260455699));
#1999 = CARTESIAN_POINT('',(32.227986812881,15.54270529251,
    -28.98317617112));
#2000 = CARTESIAN_POINT('',(32.227986812886,15.918530289116,
    -28.70616475441));
#2001 = CARTESIAN_POINT('',(32.227986812885,17.024525206624,
    -27.88426174328));
#2002 = CARTESIAN_POINT('',(32.227986812886,18.190850512654,
    -27.00446986345));
#2003 = CARTESIAN_POINT('',(32.227986812884,18.983123299075,
    -26.40641864337));
#2004 = CARTESIAN_POINT('',(32.227986812887,19.8076722811,
    -25.78804014376));
#2005 = CARTESIAN_POINT('',(32.227986812883,20.667106810692,
    -25.15159950487));
#2006 = CARTESIAN_POINT('',(32.227986812888,21.56382040091,
    -24.49940340313));
#2007 = CARTESIAN_POINT('',(32.227986812883,22.500060191869,
    -23.83379524946));
#2008 = CARTESIAN_POINT('',(32.227986812886,23.477975108915,
    -23.15715538914));
#2009 = CARTESIAN_POINT('',(32.227986812885,25.521313478889,
    -21.78663564669));
#2010 = CARTESIAN_POINT('',(32.227986812885,27.747791804854,
    -20.39140910751));
#2011 = CARTESIAN_POINT('',(32.227986812886,28.908846630435,
    -19.69006238878));
#2012 = CARTESIAN_POINT('',(32.227986812884,30.119699245753,
    -18.9874567106));
#2013 = CARTESIAN_POINT('',(32.227986812887,31.3823033432,
    -18.28609636497));
#2014 = CARTESIAN_POINT('',(32.227986812884,32.698595207144,
    -17.58851523242));
#2015 = CARTESIAN_POINT('',(32.227986812886,34.070499137289,
    -16.89727717043));
#2016 = CARTESIAN_POINT('',(32.227986812885,35.499929659735,
    -16.2149764592));
#2017 = CARTESIAN_POINT('',(32.227986812886,39.96651615847,
    -14.20276059079));
#2018 = CARTESIAN_POINT('',(32.227986812885,44.985035012835,
    -12.31849335984));
#2019 = CARTESIAN_POINT('',(32.227986812886,48.591171097155,
    -11.14041676788));
#2020 = CARTESIAN_POINT('',(32.227986812885,52.4727439711,
    -10.06215214542));
#2021 = CARTESIAN_POINT('',(32.227986812886,56.64452446812,
    -9.105863394974));
#2022 = CARTESIAN_POINT('',(32.227986812885,61.120949628054,
    -8.294099086883));
#2023 = CARTESIAN_POINT('',(32.227986812885,65.916050958947,
    -7.649655469074));
#2024 = CARTESIAN_POINT('',(32.227986812885,71.043461396315,
    -7.195433584025));
#2025 = CARTESIAN_POINT('',(32.227986812885,76.516467198088,
    -6.954350063798));
#2026 = CARTESIAN_POINT('',(32.227986812885,82.348068390036,
    -6.94927275725));
#2027 = ADVANCED_FACE('',(#2028,#2528,#2539),#2550,.T.);
#2028 = FACE_BOUND('',#2029,.T.);
#2029 = EDGE_LOOP('',(#2030,#2041,#2049,#2057,#2066,#2074,#2083,#2091,
    #2100,#2108,#2116,#2125,#2133,#2141,#2150,#2158,#2167,#2175,#2184,
    #2192,#2201,#2209,#2217,#2226,#2234,#2243,#2251,#2259,#2268,#2310,
    #2345,#2368,#2423,#2429,#2430,#2453,#2488));
#2030 = ORIENTED_EDGE('',*,*,#2031,.T.);
#2031 = EDGE_CURVE('',#2032,#2034,#2036,.T.);
#2032 = VERTEX_POINT('',#2033);
#2033 = CARTESIAN_POINT('',(31.789948634457,71.029801279372,
    -9.599999999867));
#2034 = VERTEX_POINT('',#2035);
#2035 = CARTESIAN_POINT('',(17.060213535368,79.691020549718,-9.6));
#2036 = CIRCLE('',#2037,16.855699308226);
#2037 = AXIS2_PLACEMENT_3D('',#2038,#2039,#2040);
#2038 = CARTESIAN_POINT('',(17.060213535368,62.835321241491,-9.6));
#2039 = DIRECTION('',(-1.224646799147E-16,0.,1.));
#2040 = DIRECTION('',(-1.,0.,-1.224646799147E-16));
#2041 = ORIENTED_EDGE('',*,*,#2042,.T.);
#2042 = EDGE_CURVE('',#2034,#2043,#2045,.T.);
#2043 = VERTEX_POINT('',#2044);
#2044 = CARTESIAN_POINT('',(16.056190909825,79.691020549718,-9.6));
#2045 = LINE('',#2046,#2047);
#2046 = CARTESIAN_POINT('',(-8.530106767684,79.691020549718,-9.6));
#2047 = VECTOR('',#2048,1.);
#2048 = DIRECTION('',(-1.,0.,0.));
#2049 = ORIENTED_EDGE('',*,*,#2050,.F.);
#2050 = EDGE_CURVE('',#2051,#2043,#2053,.T.);
#2051 = VERTEX_POINT('',#2052);
#2052 = CARTESIAN_POINT('',(16.056190909829,73.091129166732,-9.6));
#2053 = LINE('',#2054,#2055);
#2054 = CARTESIAN_POINT('',(16.056190909825,73.091129166752,-9.6));
#2055 = VECTOR('',#2056,1.);
#2056 = DIRECTION('',(0.,1.,0.));
#2057 = ORIENTED_EDGE('',*,*,#2058,.F.);
#2058 = EDGE_CURVE('',#2059,#2051,#2061,.T.);
#2059 = VERTEX_POINT('',#2060);
#2060 = CARTESIAN_POINT('',(16.571998145643,72.575321930896,-9.6));
#2061 = CIRCLE('',#2062,0.515807235825);
#2062 = AXIS2_PLACEMENT_3D('',#2063,#2064,#2065);
#2063 = CARTESIAN_POINT('',(16.571998145654,73.091129166721,-9.6));
#2064 = DIRECTION('',(-0.,0.,-1.));
#2065 = DIRECTION('',(-7.251725896995E-12,-1.,0.));
#2066 = ORIENTED_EDGE('',*,*,#2067,.F.);
#2067 = EDGE_CURVE('',#2068,#2059,#2070,.T.);
#2068 = VERTEX_POINT('',#2069);
#2069 = CARTESIAN_POINT('',(21.110174962979,72.575321930896,-9.6));
#2070 = LINE('',#2071,#2072);
#2071 = CARTESIAN_POINT('',(21.110174962979,72.575321930896,-9.6));
#2072 = VECTOR('',#2073,1.);
#2073 = DIRECTION('',(-1.,0.,0.));
#2074 = ORIENTED_EDGE('',*,*,#2075,.F.);
#2075 = EDGE_CURVE('',#2076,#2068,#2078,.T.);
#2076 = VERTEX_POINT('',#2077);
#2077 = CARTESIAN_POINT('',(21.110174962979,60.575321930896,-9.6));
#2078 = CIRCLE('',#2079,6.);
#2079 = AXIS2_PLACEMENT_3D('',#2080,#2081,#2082);
#2080 = CARTESIAN_POINT('',(21.110174962979,66.575321930896,-9.6));
#2081 = DIRECTION('',(-0.,0.,1.));
#2082 = DIRECTION('',(6.860497997772E-16,-1.,0.));
#2083 = ORIENTED_EDGE('',*,*,#2084,.F.);
#2084 = EDGE_CURVE('',#2085,#2076,#2087,.T.);
#2085 = VERTEX_POINT('',#2086);
#2086 = CARTESIAN_POINT('',(16.571998145651,60.575321930896,-9.6));
#2087 = LINE('',#2088,#2089);
#2088 = CARTESIAN_POINT('',(16.571998145643,60.575321930896,-9.6));
#2089 = VECTOR('',#2090,1.);
#2090 = DIRECTION('',(1.,0.,0.));
#2091 = ORIENTED_EDGE('',*,*,#2092,.F.);
#2092 = EDGE_CURVE('',#2093,#2085,#2095,.T.);
#2093 = VERTEX_POINT('',#2094);
#2094 = CARTESIAN_POINT('',(16.056190909824,60.059514695039,-9.6));
#2095 = CIRCLE('',#2096,0.515807235825);
#2096 = AXIS2_PLACEMENT_3D('',#2097,#2098,#2099);
#2097 = CARTESIAN_POINT('',(16.571998145654,60.05951469507,-9.6));
#2098 = DIRECTION('',(0.,0.,-1.));
#2099 = DIRECTION('',(-1.,2.029710620932E-11,0.));
#2100 = ORIENTED_EDGE('',*,*,#2101,.F.);
#2101 = EDGE_CURVE('',#2102,#2093,#2104,.T.);
#2102 = VERTEX_POINT('',#2103);
#2103 = CARTESIAN_POINT('',(16.056190909824,55.712084631548,-9.6));
#2104 = LINE('',#2105,#2106);
#2105 = CARTESIAN_POINT('',(16.056190909824,56.73047,-9.6));
#2106 = VECTOR('',#2107,1.);
#2107 = DIRECTION('',(0.,1.,0.));
#2108 = ORIENTED_EDGE('',*,*,#2109,.F.);
#2109 = EDGE_CURVE('',#2110,#2102,#2112,.T.);
#2110 = VERTEX_POINT('',#2111);
#2111 = CARTESIAN_POINT('',(24.523306930705,47.089297562899,-9.6));
#2112 = LINE('',#2113,#2114);
#2113 = CARTESIAN_POINT('',(24.523306930705,47.089297562899,-9.6));
#2114 = VECTOR('',#2115,1.);
#2115 = DIRECTION('',(-0.700636715563,0.71351817973,0.));
#2116 = ORIENTED_EDGE('',*,*,#2117,.F.);
#2117 = EDGE_CURVE('',#2118,#2110,#2120,.T.);
#2118 = VERTEX_POINT('',#2119);
#2119 = CARTESIAN_POINT('',(24.690887329386,46.597138109754,-9.6));
#2120 = CIRCLE('',#2121,0.600000291294);
#2121 = AXIS2_PLACEMENT_3D('',#2122,#2123,#2124);
#2122 = CARTESIAN_POINT('',(24.095195815024,46.66891532947,-9.6));
#2123 = DIRECTION('',(0.,0.,1.));
#2124 = DIRECTION('',(-0.700636721034,0.713518174358,0.));
#2125 = ORIENTED_EDGE('',*,*,#2126,.F.);
#2126 = EDGE_CURVE('',#2127,#2118,#2129,.T.);
#2127 = VERTEX_POINT('',#2128);
#2128 = CARTESIAN_POINT('',(21.926612290314,23.655943247744,-9.6));
#2129 = LINE('',#2130,#2131);
#2130 = CARTESIAN_POINT('',(21.926612290314,23.655943247744,-9.6));
#2131 = VECTOR('',#2132,1.);
#2132 = DIRECTION('',(0.119628641447,0.9928187086,0.));
#2133 = ORIENTED_EDGE('',*,*,#2134,.F.);
#2134 = EDGE_CURVE('',#2135,#2127,#2137,.T.);
#2135 = VERTEX_POINT('',#2136);
#2136 = CARTESIAN_POINT('',(24.465822498729,-13.66899060525,-9.6));
#2137 = LINE('',#2138,#2139);
#2138 = CARTESIAN_POINT('',(24.465822498729,-13.66899060525,-9.6));
#2139 = VECTOR('',#2140,1.);
#2140 = DIRECTION('',(-6.787298601705E-02,0.997693969997,0.));
#2141 = ORIENTED_EDGE('',*,*,#2142,.F.);
#2142 = EDGE_CURVE('',#2143,#2135,#2145,.T.);
#2143 = VERTEX_POINT('',#2144);
#2144 = CARTESIAN_POINT('',(24.395337611281,-13.99411867198,-9.6));
#2145 = CIRCLE('',#2146,0.598964534826);
#2146 = AXIS2_PLACEMENT_3D('',#2147,#2148,#2149);
#2147 = CARTESIAN_POINT('',(23.868239194091,-13.70964411674,-9.6));
#2148 = DIRECTION('',(0.,0.,1.));
#2149 = DIRECTION('',(-6.777569915724E-02,0.997700583644,0.));
#2150 = ORIENTED_EDGE('',*,*,#2151,.F.);
#2151 = EDGE_CURVE('',#2152,#2143,#2154,.T.);
#2152 = VERTEX_POINT('',#2153);
#2153 = CARTESIAN_POINT('',(18.982525563788,-24.02343275395,-9.6));
#2154 = LINE('',#2155,#2156);
#2155 = CARTESIAN_POINT('',(18.982525563788,-24.02343275395,-9.6));
#2156 = VECTOR('',#2157,1.);
#2157 = DIRECTION('',(0.47494390518,0.880016071974,0.));
#2158 = ORIENTED_EDGE('',*,*,#2159,.F.);
#2159 = EDGE_CURVE('',#2160,#2152,#2162,.T.);
#2160 = VERTEX_POINT('',#2161);
#2161 = CARTESIAN_POINT('',(18.654274,-24.219282,-9.6));
#2162 = CIRCLE('',#2163,0.373006328227);
#2163 = AXIS2_PLACEMENT_3D('',#2164,#2165,#2166);
#2164 = CARTESIAN_POINT('',(18.654274,-23.84627567177,-9.6));
#2165 = DIRECTION('',(0.,-0.,1.));
#2166 = DIRECTION('',(0.444377638485,0.895839558411,0.));
#2167 = ORIENTED_EDGE('',*,*,#2168,.F.);
#2168 = EDGE_CURVE('',#2169,#2160,#2171,.T.);
#2169 = VERTEX_POINT('',#2170);
#2170 = CARTESIAN_POINT('',(-18.654274,-24.219282,-9.6));
#2171 = LINE('',#2172,#2173);
#2172 = CARTESIAN_POINT('',(-18.654274,-24.219282,-9.6));
#2173 = VECTOR('',#2174,1.);
#2174 = DIRECTION('',(1.,-9.522519286466E-17,0.));
#2175 = ORIENTED_EDGE('',*,*,#2176,.F.);
#2176 = EDGE_CURVE('',#2177,#2169,#2179,.T.);
#2177 = VERTEX_POINT('',#2178);
#2178 = CARTESIAN_POINT('',(-19.11993778487,-23.93900477592,-9.6));
#2179 = CIRCLE('',#2180,0.52697482618);
#2180 = AXIS2_PLACEMENT_3D('',#2181,#2182,#2183);
#2181 = CARTESIAN_POINT('',(-18.654274,-23.69230717382,-9.6));
#2182 = DIRECTION('',(0.,-0.,1.));
#2183 = DIRECTION('',(1.,1.224646799147E-16,0.));
#2184 = ORIENTED_EDGE('',*,*,#2185,.F.);
#2185 = EDGE_CURVE('',#2186,#2177,#2188,.T.);
#2186 = VERTEX_POINT('',#2187);
#2187 = CARTESIAN_POINT('',(-24.39413769218,-13.9834808063,-9.6));
#2188 = LINE('',#2189,#2190);
#2189 = CARTESIAN_POINT('',(-24.39413769218,-13.9834808063,-9.6));
#2190 = VECTOR('',#2191,1.);
#2191 = DIRECTION('',(0.468139254193,-0.883654705574,0.));
#2192 = ORIENTED_EDGE('',*,*,#2193,.F.);
#2193 = EDGE_CURVE('',#2194,#2186,#2196,.T.);
#2194 = VERTEX_POINT('',#2195);
#2195 = CARTESIAN_POINT('',(-24.46256670537,-13.66190473324,-9.6));
#2196 = CIRCLE('',#2197,0.600022117203);
#2197 = AXIS2_PLACEMENT_3D('',#2198,#2199,#2200);
#2198 = CARTESIAN_POINT('',(-23.86392532487,-13.70258689985,-9.6));
#2199 = DIRECTION('',(-0.,0.,1.));
#2200 = DIRECTION('',(0.444377638485,-0.895839558411,0.));
#2201 = ORIENTED_EDGE('',*,*,#2202,.F.);
#2202 = EDGE_CURVE('',#2203,#2194,#2205,.T.);
#2203 = VERTEX_POINT('',#2204);
#2204 = CARTESIAN_POINT('',(-21.92653970019,23.655938290158,-9.6));
#2205 = LINE('',#2206,#2207);
#2206 = CARTESIAN_POINT('',(-21.92653970019,23.655938290158,-9.6));
#2207 = VECTOR('',#2208,1.);
#2208 = DIRECTION('',(-6.780111173076E-02,-0.997698856994,0.));
#2209 = ORIENTED_EDGE('',*,*,#2210,.F.);
#2210 = EDGE_CURVE('',#2211,#2203,#2213,.T.);
#2211 = VERTEX_POINT('',#2212);
#2212 = CARTESIAN_POINT('',(-27.46199100571,69.594420996982,-9.6));
#2213 = LINE('',#2214,#2215);
#2214 = CARTESIAN_POINT('',(-27.46199100571,69.594420996982,-9.6));
#2215 = VECTOR('',#2216,1.);
#2216 = DIRECTION('',(0.119631674144,-0.992818343173,0.));
#2217 = ORIENTED_EDGE('',*,*,#2218,.F.);
#2218 = EDGE_CURVE('',#2219,#2211,#2221,.T.);
#2219 = VERTEX_POINT('',#2220);
#2220 = CARTESIAN_POINT('',(-27.20490298319,70.161526176069,-9.6));
#2221 = CIRCLE('',#2222,0.599999999382);
#2222 = AXIS2_PLACEMENT_3D('',#2223,#2224,#2225);
#2223 = CARTESIAN_POINT('',(-26.86630000042,69.666200001395,-9.6));
#2224 = DIRECTION('',(-0.,0.,1.));
#2225 = DIRECTION('',(0.119631667825,-0.992818343935,0.));
#2226 = ORIENTED_EDGE('',*,*,#2227,.F.);
#2227 = EDGE_CURVE('',#2228,#2219,#2230,.T.);
#2228 = VERTEX_POINT('',#2229);
#2229 = CARTESIAN_POINT('',(-18.95865498314,75.798628175192,-9.6));
#2230 = LINE('',#2231,#2232);
#2231 = CARTESIAN_POINT('',(-18.95865498314,75.798628175192,-9.6));
#2232 = VECTOR('',#2233,1.);
#2233 = DIRECTION('',(-0.825543625308,-0.564338305198,0.));
#2234 = ORIENTED_EDGE('',*,*,#2235,.F.);
#2235 = EDGE_CURVE('',#2236,#2228,#2238,.T.);
#2236 = VERTEX_POINT('',#2237);
#2237 = CARTESIAN_POINT('',(-18.62005200001,75.903302000009,-9.6));
#2238 = CIRCLE('',#2239,0.600000000014);
#2239 = AXIS2_PLACEMENT_3D('',#2240,#2241,#2242);
#2240 = CARTESIAN_POINT('',(-18.62005200001,75.303301999995,-9.6));
#2241 = DIRECTION('',(0.,0.,1.));
#2242 = DIRECTION('',(-0.825543625266,-0.56433830526,0.));
#2243 = ORIENTED_EDGE('',*,*,#2244,.F.);
#2244 = EDGE_CURVE('',#2245,#2236,#2247,.T.);
#2245 = VERTEX_POINT('',#2246);
#2246 = CARTESIAN_POINT('',(-17.608782,75.903302,-9.6));
#2247 = LINE('',#2248,#2249);
#2248 = CARTESIAN_POINT('',(-17.608782,75.903302,-9.6));
#2249 = VECTOR('',#2250,1.);
#2250 = DIRECTION('',(-1.,9.358953830502E-12,0.));
#2251 = ORIENTED_EDGE('',*,*,#2252,.F.);
#2252 = EDGE_CURVE('',#2253,#2245,#2255,.T.);
#2253 = VERTEX_POINT('',#2254);
#2254 = CARTESIAN_POINT('',(-17.608782,79.682091608804,-9.6));
#2255 = LINE('',#2256,#2257);
#2256 = CARTESIAN_POINT('',(-17.608782,85.217613,-9.6));
#2257 = VECTOR('',#2258,1.);
#2258 = DIRECTION('',(0.,-1.,0.));
#2259 = ORIENTED_EDGE('',*,*,#2260,.T.);
#2260 = EDGE_CURVE('',#2253,#2261,#2263,.T.);
#2261 = VERTEX_POINT('',#2262);
#2262 = CARTESIAN_POINT('',(-31.78994802792,71.029802369618,
    -9.599999999867));
#2263 = CIRCLE('',#2264,16.855699308226);
#2264 = AXIS2_PLACEMENT_3D('',#2265,#2266,#2267);
#2265 = CARTESIAN_POINT('',(-17.06021353536,62.835321241491,-9.6));
#2266 = DIRECTION('',(-1.224646799147E-16,0.,1.));
#2267 = DIRECTION('',(-1.,0.,-1.224646799147E-16));
#2268 = ORIENTED_EDGE('',*,*,#2269,.T.);
#2269 = EDGE_CURVE('',#2261,#2270,#2272,.T.);
#2270 = VERTEX_POINT('',#2271);
#2271 = CARTESIAN_POINT('',(-29.86402406177,58.227079522931,
    -9.600000007829));
#2272 = B_SPLINE_CURVE_WITH_KNOTS('',8,(#2273,#2274,#2275,#2276,#2277,
    #2278,#2279,#2280,#2281,#2282,#2283,#2284,#2285,#2286,#2287,#2288,
    #2289,#2290,#2291,#2292,#2293,#2294,#2295,#2296,#2297,#2298,#2299,
    #2300,#2301,#2302,#2303,#2304,#2305,#2306,#2307,#2308,#2309),
  .UNSPECIFIED.,.F.,.F.,(9,7,7,7,7,9),(0.,0.180188715119,0.192103788187,
    0.431605125756,0.672778701181,1.),.UNSPECIFIED.);
#2273 = CARTESIAN_POINT('',(-31.83126528181,73.479665933639,-9.6));
#2274 = CARTESIAN_POINT('',(-31.83269029038,73.177286762242,-9.6));
#2275 = CARTESIAN_POINT('',(-31.83227876914,72.871221542366,-9.6));
#2276 = CARTESIAN_POINT('',(-31.82996533216,72.561744558497,-9.6));
#2277 = CARTESIAN_POINT('',(-31.82568583586,72.249106829158,-9.6));
#2278 = CARTESIAN_POINT('',(-31.81937719143,71.933534280628,-9.6));
#2279 = CARTESIAN_POINT('',(-31.81097729763,71.615227710717,-9.6));
#2280 = CARTESIAN_POINT('',(-31.80042509374,71.29436454258,-9.6));
#2281 = CARTESIAN_POINT('',(-31.78681668286,70.949726488194,-9.6));
#2282 = CARTESIAN_POINT('',(-31.7859631257,70.928341051557,-9.6));
#2283 = CARTESIAN_POINT('',(-31.78509891728,70.906939763415,-9.6));
#2284 = CARTESIAN_POINT('',(-31.78422748647,70.885542058069,-9.6));
#2285 = CARTESIAN_POINT('',(-31.78334270998,70.864113635596,-9.6));
#2286 = CARTESIAN_POINT('',(-31.78245111272,70.842691308688,-9.6));
#2287 = CARTESIAN_POINT('',(-31.78154915257,70.82125536936,-9.6));
#2288 = CARTESIAN_POINT('',(-31.76227964868,70.368549553458,-9.6));
#2289 = CARTESIAN_POINT('',(-31.73950661295,69.930524851192,-9.6));
#2290 = CARTESIAN_POINT('',(-31.71223338506,69.486058873923,-9.6));
#2291 = CARTESIAN_POINT('',(-31.68039144488,69.035541717079,-9.6));
#2292 = CARTESIAN_POINT('',(-31.64392949093,68.579425593133,-9.6));
#2293 = CARTESIAN_POINT('',(-31.60281514899,68.118226278422,-9.6));
#2294 = CARTESIAN_POINT('',(-31.55703609481,67.652521836049,-9.6));
#2295 = CARTESIAN_POINT('',(-31.45581293747,66.710096756001,-9.6));
#2296 = CARTESIAN_POINT('',(-31.40030361266,66.23332221505,-9.6));
#2297 = CARTESIAN_POINT('',(-31.34008082548,65.753272803837,-9.6));
#2298 = CARTESIAN_POINT('',(-31.27517381653,65.270656286621,-9.6));
#2299 = CARTESIAN_POINT('',(-31.20563321137,64.786235376092,-9.6));
#2300 = CARTESIAN_POINT('',(-31.1315305537,64.300819358285,-9.6));
#2301 = CARTESIAN_POINT('',(-31.0529570183,63.81525234645,-9.6));
#2302 = CARTESIAN_POINT('',(-30.85749516029,62.672554056819,-9.6));
#2303 = CARTESIAN_POINT('',(-30.73694028254,62.016030828636,-9.6));
#2304 = CARTESIAN_POINT('',(-30.60862750755,61.362980014034,-9.6));
#2305 = CARTESIAN_POINT('',(-30.47288967336,60.71563754336,-9.6));
#2306 = CARTESIAN_POINT('',(-30.33011426768,60.076257835219,-9.6));
#2307 = CARTESIAN_POINT('',(-30.18073241636,59.44703294178,-9.6));
#2308 = CARTESIAN_POINT('',(-30.02520712967,58.830017254191,-9.6));
#2309 = CARTESIAN_POINT('',(-29.86402372449,58.227078275527,-9.6));
#2310 = ORIENTED_EDGE('',*,*,#2311,.F.);
#2311 = EDGE_CURVE('',#2312,#2270,#2314,.T.);
#2312 = VERTEX_POINT('',#2313);
#2313 = CARTESIAN_POINT('',(-29.81110541097,-7.993518107004,
    -9.5999999926));
#2314 = B_SPLINE_CURVE_WITH_KNOTS('',8,(#2315,#2316,#2317,#2318,#2319,
    #2320,#2321,#2322,#2323,#2324,#2325,#2326,#2327,#2328,#2329,#2330,
    #2331,#2332,#2333,#2334,#2335,#2336,#2337,#2338,#2339,#2340,#2341,
    #2342,#2343,#2344),.UNSPECIFIED.,.F.,.F.,(9,7,7,7,9),(0.,
    0.454114442744,0.662790721318,0.841189709517,1.),.UNSPECIFIED.);
#2315 = CARTESIAN_POINT('',(-32.15968103654,-18.94085028709,-9.6));
#2316 = CARTESIAN_POINT('',(-31.00221806167,-14.13557663264,-9.6));
#2317 = CARTESIAN_POINT('',(-29.96554213799,-9.301918988826,-9.6));
#2318 = CARTESIAN_POINT('',(-29.0510816645,-4.442385258648,-9.6));
#2319 = CARTESIAN_POINT('',(-28.26191001355,0.440120336203,-9.6));
#2320 = CARTESIAN_POINT('',(-27.6026248819,5.342273064346,-9.6));
#2321 = CARTESIAN_POINT('',(-27.07962986558,10.260352673091,-9.6));
#2322 = CARTESIAN_POINT('',(-26.70141954083,15.190276489453,-9.6));
#2323 = CARTESIAN_POINT('',(-26.37862660523,22.396719748769,-9.6));
#2324 = CARTESIAN_POINT('',(-26.31016813475,24.667052962904,-9.6));
#2325 = CARTESIAN_POINT('',(-26.27606057925,26.938369068069,-9.6));
#2326 = CARTESIAN_POINT('',(-26.27766032268,29.210106005709,-9.6));
#2327 = CARTESIAN_POINT('',(-26.31651060509,31.481578126914,-9.6));
#2328 = CARTESIAN_POINT('',(-26.39437663249,33.751975580832,-9.6));
#2329 = CARTESIAN_POINT('',(-26.51330564862,36.020363036859,-9.6));
#2330 = CARTESIAN_POINT('',(-26.81455440596,40.2223130586,-9.6));
#2331 = CARTESIAN_POINT('',(-26.98516368313,42.15656797414,-9.6));
#2332 = CARTESIAN_POINT('',(-27.18904765078,44.087844827955,-9.6));
#2333 = CARTESIAN_POINT('',(-27.42790726501,46.015330229064,-9.6));
#2334 = CARTESIAN_POINT('',(-27.70366821867,47.937990020768,-9.6));
#2335 = CARTESIAN_POINT('',(-28.01851624187,49.854564065606,-9.6));
#2336 = CARTESIAN_POINT('',(-28.37496910133,51.763555737292,-9.6));
#2337 = CARTESIAN_POINT('',(-29.13303125094,55.354278924288,-9.6));
#2338 = CARTESIAN_POINT('',(-29.52532562553,57.037669370067,-9.6));
#2339 = CARTESIAN_POINT('',(-29.95502770488,58.712312865049,-9.6));
#2340 = CARTESIAN_POINT('',(-30.42450903867,60.376664758413,-9.6));
#2341 = CARTESIAN_POINT('',(-30.93642670694,62.028691218158,-9.6));
#2342 = CARTESIAN_POINT('',(-31.4937611595,63.665857094626,-9.6));
#2343 = CARTESIAN_POINT('',(-32.09991629548,65.285094275567,-9.6));
#2344 = CARTESIAN_POINT('',(-32.75894641738,66.882729150466,-9.6));
#2345 = ORIENTED_EDGE('',*,*,#2346,.F.);
#2346 = EDGE_CURVE('',#2347,#2312,#2349,.T.);
#2347 = VERTEX_POINT('',#2348);
#2348 = CARTESIAN_POINT('',(-29.1442358943,-12.79343326024,
    -9.600000000011));
#2349 = B_SPLINE_CURVE_WITH_KNOTS('',5,(#2350,#2351,#2352,#2353,#2354,
    #2355,#2356,#2357,#2358,#2359,#2360,#2361,#2362,#2363,#2364,#2365,
    #2366,#2367),.UNSPECIFIED.,.F.,.F.,(6,4,4,4,6),(0.,0.250020827322,
    0.500074220754,0.75008908002,1.),.UNSPECIFIED.);
#2350 = CARTESIAN_POINT('',(-29.1442361805,-12.79343280423,-9.6));
#2351 = CARTESIAN_POINT('',(-29.25298073123,-12.57272132463,-9.6));
#2352 = CARTESIAN_POINT('',(-29.35355600999,-12.34659954627,-9.6));
#2353 = CARTESIAN_POINT('',(-29.44542127531,-12.11568842584,-9.6));
#2354 = CARTESIAN_POINT('',(-29.52812492797,-11.88071097568,-9.6));
#2355 = CARTESIAN_POINT('',(-29.67456784522,-11.40415607772,-9.6));
#2356 = CARTESIAN_POINT('',(-29.73830469054,-11.16257764754,-9.6));
#2357 = CARTESIAN_POINT('',(-29.79222550172,-10.91849526922,-9.6));
#2358 = CARTESIAN_POINT('',(-29.83613079108,-10.67274760704,-9.6));
#2359 = CARTESIAN_POINT('',(-29.90378512468,-10.1796376148,-9.6));
#2360 = CARTESIAN_POINT('',(-29.92753727627,-9.932275403954,-9.6));
#2361 = CARTESIAN_POINT('',(-29.94115573166,-9.684925681602,-9.6));
#2362 = CARTESIAN_POINT('',(-29.94471847861,-9.438425539831,-9.6));
#2363 = CARTESIAN_POINT('',(-29.93213846391,-8.948789782271,-9.6));
#2364 = CARTESIAN_POINT('',(-29.91600385321,-8.705652700885,-9.6));
#2365 = CARTESIAN_POINT('',(-29.89022375782,-8.464927135513,-9.6));
#2366 = CARTESIAN_POINT('',(-29.85512111373,-8.227338136544,-9.6));
#2367 = CARTESIAN_POINT('',(-29.81110540986,-7.993518108931,-9.6));
#2368 = ORIENTED_EDGE('',*,*,#2369,.F.);
#2369 = EDGE_CURVE('',#2370,#2347,#2372,.T.);
#2370 = VERTEX_POINT('',#2371);
#2371 = CARTESIAN_POINT('',(-15.12162335006,-27.20120781198,-9.6));
#2372 = B_SPLINE_CURVE_WITH_KNOTS('',4,(#2373,#2374,#2375,#2376,#2377,
    #2378,#2379,#2380,#2381,#2382,#2383,#2384,#2385,#2386,#2387,#2388,
    #2389,#2390,#2391,#2392,#2393,#2394,#2395,#2396,#2397,#2398,#2399,
    #2400,#2401,#2402,#2403,#2404,#2405,#2406,#2407,#2408,#2409,#2410,
    #2411,#2412,#2413,#2414,#2415,#2416,#2417,#2418,#2419,#2420,#2421,
    #2422),.UNSPECIFIED.,.F.,.F.,(5,3,3,3,3,3,3,3,3,3,3,3,3,3,3,3,5),(0.
    ,8.633509627863E-02,0.172476629853,0.258627608418,0.344790849817,
    0.394376192421,0.443966726873,0.493562718876,0.542964319376,
    0.600173214402,0.657189476643,0.714412848997,0.771442513034,
    0.828677695753,0.885716815424,0.942958404458,1.),.UNSPECIFIED.);
#2373 = CARTESIAN_POINT('',(-3.139636861686,-30.78684544653,-9.6));
#2374 = CARTESIAN_POINT('',(-4.079132667446,-30.69552196409,-9.6));
#2375 = CARTESIAN_POINT('',(-5.01508751042,-30.56776284556,-9.6));
#2376 = CARTESIAN_POINT('',(-5.945378807056,-30.40377626906,-9.6));
#2377 = CARTESIAN_POINT('',(-7.788399839915,-30.00470572624,-9.6));
#2378 = CARTESIAN_POINT('',(-8.701165708564,-29.76978165822,-9.6));
#2379 = CARTESIAN_POINT('',(-9.604152090279,-29.49969680889,-9.6));
#2380 = CARTESIAN_POINT('',(-11.38666117585,-28.89055162205,-9.6));
#2381 = CARTESIAN_POINT('',(-12.26618267228,-28.55148323126,-9.6));
#2382 = CARTESIAN_POINT('',(-13.13192048773,-28.17862585186,-9.6));
#2383 = CARTESIAN_POINT('',(-14.83213678552,-27.36711116939,-9.6));
#2384 = CARTESIAN_POINT('',(-15.66661210126,-26.92844385527,-9.6));
#2385 = CARTESIAN_POINT('',(-16.48348690499,-26.45781387123,-9.6));
#2386 = CARTESIAN_POINT('',(-17.7399149669,-25.66777353748,-9.6));
#2387 = CARTESIAN_POINT('',(-18.19243453845,-25.36898256033,-9.6));
#2388 = CARTESIAN_POINT('',(-18.63819393968,-25.06019702717,-9.6));
#2389 = CARTESIAN_POINT('',(-19.51558903832,-24.42307924851,-9.6));
#2390 = CARTESIAN_POINT('',(-19.94722332414,-24.09474490447,-9.6));
#2391 = CARTESIAN_POINT('',(-20.37144663667,-23.7568897368,-9.6));
#2392 = CARTESIAN_POINT('',(-21.20450130223,-23.06261752878,-9.6));
#2393 = CARTESIAN_POINT('',(-21.6133310241,-22.70619838992,-9.6));
#2394 = CARTESIAN_POINT('',(-22.01413219529,-22.34077439293,-9.6));
#2395 = CARTESIAN_POINT('',(-22.79755939443,-21.59394096847,-9.6));
#2396 = CARTESIAN_POINT('',(-23.18025056505,-21.21259974663,-9.6));
#2397 = CARTESIAN_POINT('',(-23.55440202377,-20.82287641183,-9.6));
#2398 = CARTESIAN_POINT('',(-24.34282887641,-19.96438421548,-9.6));
#2399 = CARTESIAN_POINT('',(-24.75410072022,-19.49285674499,-9.6));
#2400 = CARTESIAN_POINT('',(-25.15314673662,-19.0109389011,-9.6));
#2401 = CARTESIAN_POINT('',(-25.92472855719,-18.02895184077,-9.6));
#2402 = CARTESIAN_POINT('',(-26.29734920841,-17.52894906283,-9.6));
#2403 = CARTESIAN_POINT('',(-26.65707536859,-17.0195907727,-9.6));
#2404 = CARTESIAN_POINT('',(-27.35132395988,-15.98129807228,-9.6));
#2405 = CARTESIAN_POINT('',(-27.68575018794,-15.45229912086,-9.6));
#2406 = CARTESIAN_POINT('',(-28.00650867077,-14.9149029545,-9.6));
#2407 = CARTESIAN_POINT('',(-28.61905205423,-13.82623871127,-9.6));
#2408 = CARTESIAN_POINT('',(-28.910931441,-13.27502359356,-9.6));
#2409 = CARTESIAN_POINT('',(-29.18864105165,-12.71653553201,-9.6));
#2410 = CARTESIAN_POINT('',(-29.7161593144,-11.58408392945,-9.6));
#2411 = CARTESIAN_POINT('',(-29.96586388333,-11.01007170918,-9.6));
#2412 = CARTESIAN_POINT('',(-30.20078162758,-10.42985112986,-9.6));
#2413 = CARTESIAN_POINT('',(-30.63986161011,-9.260154810059,-9.6));
#2414 = CARTESIAN_POINT('',(-30.84412650428,-8.6707174167,-9.6));
#2415 = CARTESIAN_POINT('',(-31.03328092039,-8.076258777218,-9.6));
#2416 = CARTESIAN_POINT('',(-31.38165011327,-6.876344276905,-9.6));
#2417 = CARTESIAN_POINT('',(-31.54075627627,-6.270856700219,-9.6));
#2418 = CARTESIAN_POINT('',(-31.68430568062,-5.661493561435,-9.6));
#2419 = CARTESIAN_POINT('',(-31.93959597548,-4.438362137905,-9.6));
#2420 = CARTESIAN_POINT('',(-32.05144627999,-3.824616512078,-9.6));
#2421 = CARTESIAN_POINT('',(-32.14760230502,-3.208217203406,-9.6));
#2422 = CARTESIAN_POINT('',(-32.22798681288,-2.589768047207,-9.6));
#2423 = ORIENTED_EDGE('',*,*,#2424,.T.);
#2424 = EDGE_CURVE('',#2370,#24,#2425,.T.);
#2425 = LINE('',#2426,#2427);
#2426 = CARTESIAN_POINT('',(-27.966648,-27.20120781198,-9.6));
#2427 = VECTOR('',#2428,1.);
#2428 = DIRECTION('',(1.,1.287155652949E-17,0.));
#2429 = ORIENTED_EDGE('',*,*,#21,.F.);
#2430 = ORIENTED_EDGE('',*,*,#2431,.T.);
#2431 = EDGE_CURVE('',#22,#2432,#2434,.T.);
#2432 = VERTEX_POINT('',#2433);
#2433 = CARTESIAN_POINT('',(29.811104623261,-7.993513922501,
    -9.599999992601));
#2434 = B_SPLINE_CURVE_WITH_KNOTS('',5,(#2435,#2436,#2437,#2438,#2439,
    #2440,#2441,#2442,#2443,#2444,#2445,#2446,#2447,#2448,#2449,#2450,
    #2451,#2452),.UNSPECIFIED.,.F.,.F.,(6,4,4,4,6),(0.,0.250020828397,
    0.500074223618,0.750089084,1.),.UNSPECIFIED.);
#2435 = CARTESIAN_POINT('',(29.144236030593,-12.79343323836,-9.6));
#2436 = CARTESIAN_POINT('',(29.252980544866,-12.57272185936,-9.6));
#2437 = CARTESIAN_POINT('',(29.353555790303,-12.34660017548,-9.6));
#2438 = CARTESIAN_POINT('',(29.445421026589,-12.11568913745,-9.6));
#2439 = CARTESIAN_POINT('',(29.528124655557,-11.88071174961,-9.6));
#2440 = CARTESIAN_POINT('',(29.674567536391,-11.40415691614,-9.6));
#2441 = CARTESIAN_POINT('',(29.738304368933,-11.1625784881,-9.6));
#2442 = CARTESIAN_POINT('',(29.792225172677,-10.91849607258,-9.6));
#2443 = CARTESIAN_POINT('',(29.836130458927,-10.67274832268,-9.6));
#2444 = CARTESIAN_POINT('',(29.903784788252,-10.17963803226,-9.6));
#2445 = CARTESIAN_POINT('',(29.927536938735,-9.932275611005,-9.6));
#2446 = CARTESIAN_POINT('',(29.941155390811,-9.684925605381,-9.6));
#2447 = CARTESIAN_POINT('',(29.944718126574,-9.438425096399,-9.6));
#2448 = CARTESIAN_POINT('',(29.932138056022,-8.948788423747,-9.6));
#2449 = CARTESIAN_POINT('',(29.916003401057,-8.705650794509,-9.6));
#2450 = CARTESIAN_POINT('',(29.890223236171,-8.464924579356,-9.6));
#2451 = CARTESIAN_POINT('',(29.855120485062,-8.227334821892,-9.6));
#2452 = CARTESIAN_POINT('',(29.811104622152,-7.993513924429,-9.6));
#2453 = ORIENTED_EDGE('',*,*,#2454,.T.);
#2454 = EDGE_CURVE('',#2432,#2455,#2457,.T.);
#2455 = VERTEX_POINT('',#2456);
#2456 = CARTESIAN_POINT('',(29.864024442431,58.227080946864,
    -9.600000007829));
#2457 = B_SPLINE_CURVE_WITH_KNOTS('',8,(#2458,#2459,#2460,#2461,#2462,
    #2463,#2464,#2465,#2466,#2467,#2468,#2469,#2470,#2471,#2472,#2473,
    #2474,#2475,#2476,#2477,#2478,#2479,#2480,#2481,#2482,#2483,#2484,
    #2485,#2486,#2487),.UNSPECIFIED.,.F.,.F.,(9,7,7,7,9),(0.,
    0.454114331226,0.662790280888,0.84118900663,1.),.UNSPECIFIED.);
#2458 = CARTESIAN_POINT('',(32.159735301916,-18.94107557236,-9.6));
#2459 = CARTESIAN_POINT('',(31.002264582145,-14.13579149983,-9.6));
#2460 = CARTESIAN_POINT('',(29.965581438506,-9.302123183708,-9.6));
#2461 = CARTESIAN_POINT('',(29.051114240009,-4.442578553701,-9.6));
#2462 = CARTESIAN_POINT('',(28.261936341854,0.439938146296,-9.6));
#2463 = CARTESIAN_POINT('',(27.602645432784,5.342102164582,-9.6));
#2464 = CARTESIAN_POINT('',(27.079645109439,10.260193231982,-9.6));
#2465 = CARTESIAN_POINT('',(26.701429957548,15.190128661811,-9.6));
#2466 = CARTESIAN_POINT('',(26.378630849286,22.396586066216,-9.6));
#2467 = CARTESIAN_POINT('',(26.31017054662,24.666921691861,-9.6));
#2468 = CARTESIAN_POINT('',(26.276061175277,26.938240235556,-9.6));
#2469 = CARTESIAN_POINT('',(26.277659116813,29.209979639749,-9.6));
#2470 = CARTESIAN_POINT('',(26.316507608732,31.481454257029,-9.6));
#2471 = CARTESIAN_POINT('',(26.394371854272,33.751854238556,-9.6));
#2472 = CARTESIAN_POINT('',(26.513299094002,36.020244256318,-9.6));
#2473 = CARTESIAN_POINT('',(26.81454457406,40.222199302492,-9.6));
#2474 = CARTESIAN_POINT('',(26.985152356715,42.156456670733,-9.6));
#2475 = CARTESIAN_POINT('',(27.189034835995,44.087736005833,-9.6));
#2476 = CARTESIAN_POINT('',(27.42789296604,46.015223919599,-9.6));
#2477 = CARTESIAN_POINT('',(27.703652437526,47.937886258288,-9.6));
#2478 = CARTESIAN_POINT('',(28.018498978246,49.854462888201,-9.6));
#2479 = CARTESIAN_POINT('',(28.374950352433,51.763457188364,-9.6));
#2480 = CARTESIAN_POINT('',(29.133011788907,55.35419540901,-9.6));
#2481 = CARTESIAN_POINT('',(29.525307352477,57.037598155548,-9.6));
#2482 = CARTESIAN_POINT('',(29.955011067666,58.712253884831,-9.6));
#2483 = CARTESIAN_POINT('',(30.424494525974,60.376617923933,-9.6));
#2484 = CARTESIAN_POINT('',(30.936414856415,62.028656406659,-9.6));
#2485 = CARTESIAN_POINT('',(31.493752565775,63.665834137065,-9.6));
#2486 = CARTESIAN_POINT('',(32.099911621416,65.285082943862,-9.6));
#2487 = CARTESIAN_POINT('',(32.758946413735,66.882729141619,-9.6));
#2488 = ORIENTED_EDGE('',*,*,#2489,.F.);
#2489 = EDGE_CURVE('',#2032,#2455,#2490,.T.);
#2490 = B_SPLINE_CURVE_WITH_KNOTS('',8,(#2491,#2492,#2493,#2494,#2495,
    #2496,#2497,#2498,#2499,#2500,#2501,#2502,#2503,#2504,#2505,#2506,
    #2507,#2508,#2509,#2510,#2511,#2512,#2513,#2514,#2515,#2516,#2517,
    #2518,#2519,#2520,#2521,#2522,#2523,#2524,#2525,#2526,#2527),
  .UNSPECIFIED.,.F.,.F.,(9,7,7,7,7,9),(0.,0.180188778225,0.192103855321,
    0.431605211113,0.672778794401,1.),.UNSPECIFIED.);
#2491 = CARTESIAN_POINT('',(31.83126530666,73.479656443377,-9.6));
#2492 = CARTESIAN_POINT('',(31.832690340377,73.177277365308,-9.6));
#2493 = CARTESIAN_POINT('',(31.832278848726,72.871212296363,-9.6));
#2494 = CARTESIAN_POINT('',(31.829965445461,72.561735513673,-9.6));
#2495 = CARTESIAN_POINT('',(31.825685987277,72.249098028297,-9.6));
#2496 = CARTESIAN_POINT('',(31.81937738615,71.933525759157,-9.6));
#2497 = CARTESIAN_POINT('',(31.81097754195,71.615219496911,-9.6));
#2498 = CARTESIAN_POINT('',(31.800425395346,71.294356657755,-9.6));
#2499 = CARTESIAN_POINT('',(31.786817055338,70.949718969741,-9.6));
#2500 = CARTESIAN_POINT('',(31.785963502594,70.928333556124,-9.6));
#2501 = CARTESIAN_POINT('',(31.785099298784,70.906932291178,-9.6));
#2502 = CARTESIAN_POINT('',(31.784227872193,70.88553460853,-9.6));
#2503 = CARTESIAN_POINT('',(31.78334310072,70.864106210285,-9.6));
#2504 = CARTESIAN_POINT('',(31.782451507687,70.842683905261,-9.6));
#2505 = CARTESIAN_POINT('',(31.781549552335,70.821247990338,-9.6));
#2506 = CARTESIAN_POINT('',(31.762280154065,70.368542773004,-9.6));
#2507 = CARTESIAN_POINT('',(31.739507240581,69.930518357122,-9.6));
#2508 = CARTESIAN_POINT('',(31.712234138578,69.486052926728,-9.6));
#2509 = CARTESIAN_POINT('',(31.6803923122,69.035536653574,-9.6));
#2510 = CARTESIAN_POINT('',(31.643930441617,68.57942160794,-9.6));
#2511 = CARTESIAN_POINT('',(31.602816133808,68.118223380452,-9.6));
#2512 = CARTESIAN_POINT('',(31.557037054077,67.652519900201,-9.6));
#2513 = CARTESIAN_POINT('',(31.455813755253,66.710096386284,-9.6));
#2514 = CARTESIAN_POINT('',(31.400304314524,66.233322456527,-9.6));
#2515 = CARTESIAN_POINT('',(31.340081373494,65.753273400752,-9.6));
#2516 = CARTESIAN_POINT('',(31.275174200167,65.270657002588,-9.6));
#2517 = CARTESIAN_POINT('',(31.205633451476,64.786236055505,-9.6));
#2518 = CARTESIAN_POINT('',(31.131530695361,64.300819952676,-9.6));
#2519 = CARTESIAN_POINT('',(31.052957116651,63.815252899571,-9.6));
#2520 = CARTESIAN_POINT('',(30.857495305763,62.672554894964,-9.6));
#2521 = CARTESIAN_POINT('',(30.736940564141,62.01603205595,-9.6));
#2522 = CARTESIAN_POINT('',(30.608628008612,61.362981866221,-9.6));
#2523 = CARTESIAN_POINT('',(30.472890413128,60.715640200927,-9.6));
#2524 = CARTESIAN_POINT('',(30.33011518737,60.076261233544,-9.6));
#2525 = CARTESIAN_POINT('',(30.180733416275,59.447036785032,-9.6));
#2526 = CARTESIAN_POINT('',(30.025208126951,58.830021204843,-9.6));
#2527 = CARTESIAN_POINT('',(29.864024659378,58.227082023638,-9.6));
#2528 = FACE_BOUND('',#2529,.T.);
#2529 = EDGE_LOOP('',(#2530));
#2530 = ORIENTED_EDGE('',*,*,#2531,.F.);
#2531 = EDGE_CURVE('',#2532,#2532,#2534,.T.);
#2532 = VERTEX_POINT('',#2533);
#2533 = CARTESIAN_POINT('',(24.432337121007,-10.20201699501,-9.6));
#2534 = CIRCLE('',#2535,2.3);
#2535 = AXIS2_PLACEMENT_3D('',#2536,#2537,#2538);
#2536 = CARTESIAN_POINT('',(26.732337121007,-10.20201699501,-9.6));
#2537 = DIRECTION('',(0.,0.,1.));
#2538 = DIRECTION('',(-1.,1.224646799147E-16,0.));
#2539 = FACE_BOUND('',#2540,.T.);
#2540 = EDGE_LOOP('',(#2541));
#2541 = ORIENTED_EDGE('',*,*,#2542,.F.);
#2542 = EDGE_CURVE('',#2543,#2543,#2545,.T.);
#2543 = VERTEX_POINT('',#2544);
#2544 = CARTESIAN_POINT('',(-29.032337121,-10.20201699501,-9.6));
#2545 = CIRCLE('',#2546,2.3);
#2546 = AXIS2_PLACEMENT_3D('',#2547,#2548,#2549);
#2547 = CARTESIAN_POINT('',(-26.732337121,-10.20201699501,-9.6));
#2548 = DIRECTION('',(0.,0.,1.));
#2549 = DIRECTION('',(-1.,1.224646799147E-16,0.));
#2550 = PLANE('',#2551);
#2551 = AXIS2_PLACEMENT_3D('',#2552,#2553,#2554);
#2552 = CARTESIAN_POINT('',(0.,0.,-9.6));
#2553 = DIRECTION('',(0.,0.,1.));
#2554 = DIRECTION('',(1.,0.,0.));
#2555 = ADVANCED_FACE('',(#2556),#2626,.T.);
#2556 = FACE_BOUND('',#2557,.T.);
#2557 = EDGE_LOOP('',(#2558,#2559,#2570,#2625));
#2558 = ORIENTED_EDGE('',*,*,#78,.F.);
#2559 = ORIENTED_EDGE('',*,*,#2560,.F.);
#2560 = EDGE_CURVE('',#2561,#79,#2563,.T.);
#2561 = VERTEX_POINT('',#2562);
#2562 = CARTESIAN_POINT('',(30.667711582927,4.690801803143,
    -34.14470234027));
#2563 = B_SPLINE_CURVE_WITH_KNOTS('',5,(#2564,#2565,#2566,#2567,#2568,
    #2569),.UNSPECIFIED.,.F.,.F.,(6,6),(0.,1.),
  .PIECEWISE_BEZIER_KNOTS.);
#2564 = CARTESIAN_POINT('',(30.667711582927,4.690801803143,
    -34.14470234027));
#2565 = CARTESIAN_POINT('',(30.957737403402,4.70777857131,
    -35.05495111199));
#2566 = CARTESIAN_POINT('',(31.103117112445,4.739186999182,
    -36.01109003237));
#2567 = CARTESIAN_POINT('',(31.093697836893,4.782669508185,
    -36.98219509097));
#2568 = CARTESIAN_POINT('',(30.929674856709,4.835029289819,
    -37.93440161435));
#2569 = CARTESIAN_POINT('',(30.621565347126,4.892497170069,
    -38.83701658756));
#2570 = ORIENTED_EDGE('',*,*,#2571,.T.);
#2571 = EDGE_CURVE('',#2561,#2432,#2572,.T.);
#2572 = B_SPLINE_CURVE_WITH_KNOTS('',11,(#2573,#2574,#2575,#2576,#2577,
    #2578,#2579,#2580,#2581,#2582,#2583,#2584,#2585,#2586,#2587,#2588,
    #2589,#2590,#2591,#2592,#2593,#2594,#2595,#2596,#2597,#2598,#2599,
    #2600,#2601,#2602,#2603,#2604,#2605,#2606,#2607,#2608,#2609,#2610,
    #2611,#2612,#2613,#2614,#2615,#2616,#2617,#2618,#2619,#2620,#2621,
    #2622,#2623,#2624),.UNSPECIFIED.,.F.,.F.,(12,10,10,10,10,12),(
    -3.950138972391,5.70727970923,15.364698390851,25.022117072471,
    34.679535754092,36.206776449779),.UNSPECIFIED.);
#2573 = CARTESIAN_POINT('',(30.740326901911,5.735966343306,
    -34.0043109178));
#2574 = CARTESIAN_POINT('',(30.692661154444,4.966997055784,
    -34.1307903857));
#2575 = CARTESIAN_POINT('',(30.635618489196,4.198996563752,
    -34.22020260312));
#2576 = CARTESIAN_POINT('',(30.569567903783,3.43237201438,
    -34.27105586211));
#2577 = CARTESIAN_POINT('',(30.494946217131,2.668106420529,
    -34.28144265669));
#2578 = CARTESIAN_POINT('',(30.412361599817,1.908170112051,
    -34.2492337192));
#2579 = CARTESIAN_POINT('',(30.322637370749,1.155503425039,
    -34.17227772554));
#2580 = CARTESIAN_POINT('',(30.226811665234,0.413739592412,
    -34.04859843158));
#2581 = CARTESIAN_POINT('',(30.126108574682,-0.313163200719,
    -33.87658099755));
#2582 = CARTESIAN_POINT('',(30.02189636392,-1.021211633444,
    -33.6551392639));
#2583 = CARTESIAN_POINT('',(29.915648366414,-1.706419973827,
    -33.38385573531));
#2584 = CARTESIAN_POINT('',(29.70219595834,-3.022453523339,
    -32.74231633527));
#2585 = CARTESIAN_POINT('',(29.594974397019,-3.653425378156,
    -32.37200228276));
#2586 = CARTESIAN_POINT('',(29.48891854984,-4.252558802405,-31.953143545
    ));
#2587 = CARTESIAN_POINT('',(29.385179253374,-4.818527973113,
    -31.48470459563));
#2588 = CARTESIAN_POINT('',(29.28617173397,-5.342787986055,
    -30.9734498421));
#2589 = CARTESIAN_POINT('',(29.192039894687,-5.830468425179,
    -30.41504978066));
#2590 = CARTESIAN_POINT('',(29.105266506418,-6.27243173883,
    -29.8202207774));
#2591 = CARTESIAN_POINT('',(29.02594479363,-6.674228854885,
    -29.18762468097));
#2592 = CARTESIAN_POINT('',(28.955297262707,-7.034241470583,
    -28.52353680898));
#2593 = CARTESIAN_POINT('',(28.893855946101,-7.355167548441,
    -27.8313540536));
#2594 = CARTESIAN_POINT('',(28.790412811312,-7.922942034306,
    -26.39917852425));
#2595 = CARTESIAN_POINT('',(28.7484098879,-8.169808589218,
    -25.65915351782));
#2596 = CARTESIAN_POINT('',(28.716606036039,-8.381883307549,
    -24.89933947615));
#2597 = CARTESIAN_POINT('',(28.695356489952,-8.56180398237,
    -24.12311422361));
#2598 = CARTESIAN_POINT('',(28.684775665551,-8.712149363716,
    -23.33542366105));
#2599 = CARTESIAN_POINT('',(28.684905091649,-8.83527249808,
    -22.53766396463));
#2600 = CARTESIAN_POINT('',(28.695596578984,-8.932845586477,
    -21.73270803374));
#2601 = CARTESIAN_POINT('',(28.716569696623,-9.006081006156,
    -20.9239430756));
#2602 = CARTESIAN_POINT('',(28.747587696913,-9.05618823203,
    -20.11046815664));
#2603 = CARTESIAN_POINT('',(28.788252450526,-9.083817475091,
    -19.29531106852));
#2604 = CARTESIAN_POINT('',(28.888068292533,-9.095349081525,
    -17.66284083007));
#2605 = CARTESIAN_POINT('',(28.947214984083,-9.079255548773,
    -16.84563069477));
#2606 = CARTESIAN_POINT('',(29.015199918041,-9.041838194715,
    -16.02848126783));
#2607 = CARTESIAN_POINT('',(29.09154802664,-8.983497879958,
    -15.21244978403));
#2608 = CARTESIAN_POINT('',(29.175745510603,-8.904457705945,
    -14.39843713763));
#2609 = CARTESIAN_POINT('',(29.267243834139,-8.804783011012,
    -13.58719993729));
#2610 = CARTESIAN_POINT('',(29.365446044093,-8.684432977809,
    -12.77946026803));
#2611 = CARTESIAN_POINT('',(29.469689538576,-8.543312358361,
    -11.97602095577));
#2612 = CARTESIAN_POINT('',(29.579239424391,-8.381291827627,
    -11.17779413663));
#2613 = CARTESIAN_POINT('',(29.693306588918,-8.19816547196,
    -10.38565092659));
#2614 = CARTESIAN_POINT('',(29.829733405739,-7.961149976702,
    -9.475755811152));
#2615 = CARTESIAN_POINT('',(29.848941085292,-7.927780307981,
    -9.347650690682));
#2616 = CARTESIAN_POINT('',(29.86872766192,-7.893404916338,
    -9.21568463119));
#2617 = CARTESIAN_POINT('',(29.889093135622,-7.858023801772,
    -9.079857632676));
#2618 = CARTESIAN_POINT('',(29.910037506399,-7.821636964285,
    -8.940169695141));
#2619 = CARTESIAN_POINT('',(29.931560774251,-7.784244403875,
    -8.796620818584));
#2620 = CARTESIAN_POINT('',(29.953662939177,-7.745846120542,
    -8.649211003005));
#2621 = CARTESIAN_POINT('',(29.976344001178,-7.706442114288,
    -8.497940248404));
#2622 = CARTESIAN_POINT('',(29.999603960254,-7.666032385111,
    -8.342808554781));
#2623 = CARTESIAN_POINT('',(30.023442816404,-7.624616933013,
    -8.183815922137));
#2624 = CARTESIAN_POINT('',(30.047860569629,-7.582195757991,
    -8.020962350471));
#2625 = ORIENTED_EDGE('',*,*,#2431,.F.);
#2626 = ( BOUNDED_SURFACE() B_SPLINE_SURFACE(2,11,(
    (#2627,#2628,#2629,#2630,#2631,#2632,#2633,#2634,#2635,#2636,#2637
      ,#2638,#2639,#2640,#2641,#2642,#2643,#2644,#2645,#2646,#2647,#2648
      ,#2649,#2650,#2651,#2652,#2653,#2654,#2655,#2656,#2657,#2658,#2659
      ,#2660,#2661,#2662,#2663,#2664,#2665,#2666,#2667,#2668,#2669,#2670
      ,#2671,#2672,#2673,#2674,#2675,#2676,#2677,#2678)
    ,(#2679,#2680,#2681,#2682,#2683,#2684,#2685,#2686,#2687,#2688,#2689
      ,#2690,#2691,#2692,#2693,#2694,#2695,#2696,#2697,#2698,#2699,#2700
      ,#2701,#2702,#2703,#2704,#2705,#2706,#2707,#2708,#2709,#2710,#2711
      ,#2712,#2713,#2714,#2715,#2716,#2717,#2718,#2719,#2720,#2721,#2722
      ,#2723,#2724,#2725,#2726,#2727,#2728,#2729,#2730)
    ,(#2731,#2732,#2733,#2734,#2735,#2736,#2737,#2738,#2739,#2740,#2741
      ,#2742,#2743,#2744,#2745,#2746,#2747,#2748,#2749,#2750,#2751,#2752
      ,#2753,#2754,#2755,#2756,#2757,#2758,#2759,#2760,#2761,#2762,#2763
      ,#2764,#2765,#2766,#2767,#2768,#2769,#2770,#2771,#2772,#2773,#2774
      ,#2775,#2776,#2777,#2778,#2779,#2780,#2781,#2782
)),.UNSPECIFIED.,.F.,.F.,.F.) B_SPLINE_SURFACE_WITH_KNOTS((3,3),(12,10,
    10,10,10,12),(0.,38.629674726482),(-3.950138972391,5.70727970923,
    15.364698390851,25.022117072471,34.679535754092,36.206776449779),
.UNSPECIFIED.) GEOMETRIC_REPRESENTATION_ITEM() RATIONAL_B_SPLINE_SURFACE
((
    (1.,1.,1.,1.,1.,1.,1.,1.,1.,1.,1.,1.,1.,1.,1.,1.,1.,1.,1.,1.,1.,1.
      ,1.,1.,1.,1.,1.,1.,1.,1.,1.,1.,1.,1.,1.,1.,1.,1.,1.,1.,1.,1.,1.,1.
      ,1.,1.,1.,1.,1.,1.,1.,1.)
    ,(0.948677912479,0.949391654535,0.950141308586,0.950922695059
      ,0.951728190918,0.952545475137,0.953357835409,0.954145472351
      ,0.954887237358,0.955562240396,0.956150763882,0.957117073964
      ,0.957495220404,0.957748963078,0.957868161581,0.957828508812
      ,0.957647204922,0.957296144266,0.956811267858,0.956195381479
      ,0.955483004832,0.953926631782,0.953082826833,0.952205628131
      ,0.951331439642,0.950498554487,0.949735902077,0.949064226748
      ,0.948496251556,0.94803621898,0.947690587415,0.947228351536
      ,0.947112010791,0.947111147149,0.947224645618,0.947449815431
      ,0.947782776338,0.948218865638,0.94875293902,0.949379438871
      ,0.950092103139,0.951008291845,0.951108374691,0.951183436826
      ,0.951233478249,0.95125849896,0.95125849896,0.951233478249
      ,0.951183436826,0.951108374691,0.951008291845,0.950883188288)
    ,(1.,1.,1.,1.,1.,1.,1.,1.,1.,1.,1.,1.,1.,1.,1.,1.,1.,1.,1.,1.,1.,1.
      ,1.,1.,1.,1.,1.,1.,1.,1.,1.,1.,1.,1.,1.,1.,1.,1.,1.,1.,1.,1.,1.,1.
,1.,1.,1.,1.,1.,1.,1.,1.))) REPRESENTATION_ITEM('') SURFACE() );
#2627 = CARTESIAN_POINT('',(30.763762538857,6.451923358061,
    -38.69357050308));
#2628 = CARTESIAN_POINT('',(30.684466619319,5.482203719848,
    -38.81836950252));
#2629 = CARTESIAN_POINT('',(30.591548538065,4.502051459517,
    -38.89654210357));
#2630 = CARTESIAN_POINT('',(30.485383782771,3.513890728804,
    -38.92443681853));
#2631 = CARTESIAN_POINT('',(30.366638712228,2.520765909134,
    -38.8986905438));
#2632 = CARTESIAN_POINT('',(30.236195497001,1.526072817188,
    -38.81609228817));
#2633 = CARTESIAN_POINT('',(30.09515705431,0.533598569834,
    -38.67357287468));
#2634 = CARTESIAN_POINT('',(29.944893519743,-0.452283893613,
    -38.46831005474));
#2635 = CARTESIAN_POINT('',(29.787091793354,-1.426420634251,
    -38.1979384656));
#2636 = CARTESIAN_POINT('',(29.6237697037,-2.382834883535,
    -37.86085387122));
#2637 = CARTESIAN_POINT('',(29.457216327461,-3.314992562737,
    -37.4566011177));
#2638 = CARTESIAN_POINT('',(29.122423686793,-5.118065745217,
    -36.51606936594));
#2639 = CARTESIAN_POINT('',(28.954193336383,-5.988938546552,
    -35.97979682591));
#2640 = CARTESIAN_POINT('',(28.787537884812,-6.822605296434,
    -35.37849599739));
#2641 = CARTESIAN_POINT('',(28.625156710869,-7.612097238747,
    -34.71597233093));
#2642 = CARTESIAN_POINT('',(28.468992988199,-8.353709597871,
    -33.99217998885));
#2643 = CARTESIAN_POINT('',(28.323153000356,-9.035499124432,
    -33.22404178143));
#2644 = CARTESIAN_POINT('',(28.18702012387,-9.665774605444,
    -32.40334655645));
#2645 = CARTESIAN_POINT('',(28.064946658161,-10.23179761632,
    -31.55529702221));
#2646 = CARTESIAN_POINT('',(27.95615314462,-10.74370625721,
    -30.67653650263));
#2647 = CARTESIAN_POINT('',(27.862388462395,-11.20063207913,
    -29.77819805436));
#2648 = CARTESIAN_POINT('',(27.705901738516,-12.01300871519,
    -27.95016500103));
#2649 = CARTESIAN_POINT('',(27.643207340814,-12.36835526228,
    -27.02054758417));
#2650 = CARTESIAN_POINT('',(27.596747025418,-12.67611999225,
    -26.08083567977));
#2651 = CARTESIAN_POINT('',(27.567063733284,-12.94032730832,
    -25.13310334789));
#2652 = CARTESIAN_POINT('',(27.554438298811,-13.16407070775,
    -24.18252119278));
#2653 = CARTESIAN_POINT('',(27.559060694074,-13.35050368428,
    -23.22789381087));
#2654 = CARTESIAN_POINT('',(27.580800636761,-13.50164400058,
    -22.27058690781));
#2655 = CARTESIAN_POINT('',(27.61919640584,-13.61875432101,
    -21.31461354173));
#2656 = CARTESIAN_POINT('',(27.673729528929,-13.7037275811,
    -20.35807744394));
#2657 = CARTESIAN_POINT('',(27.743777006444,-13.75725285629,
    -19.40335929576));
#2658 = CARTESIAN_POINT('',(27.91336083172,-13.80318588332,
    -17.49883765638));
#2659 = CARTESIAN_POINT('',(28.012901932474,-13.79557985011,
    -16.5490627306));
#2660 = CARTESIAN_POINT('',(28.126435285153,-13.758193394,
    -15.60274085838));
#2661 = CARTESIAN_POINT('',(28.253112719672,-13.69158574337,
    -14.66075749303));
#2662 = CARTESIAN_POINT('',(28.392019920652,-13.59611422464,
    -13.72390781443));
#2663 = CARTESIAN_POINT('',(28.542181045596,-13.47197007328,
    -12.79293719221));
#2664 = CARTESIAN_POINT('',(28.702550991202,-13.31921541813,
    -11.86860154499));
#2665 = CARTESIAN_POINT('',(28.872003414726,-13.13781778775,
    -10.95171845564));
#2666 = CARTESIAN_POINT('',(29.04932263094,-12.92767849584,
    -10.04317990956));
#2667 = CARTESIAN_POINT('',(29.233207491939,-12.68865125468,
    -9.143897516017));
#2668 = CARTESIAN_POINT('',(29.452198047747,-12.37814896586,
    -8.114024126726));
#2669 = CARTESIAN_POINT('',(29.482100727616,-12.33575055965,
    -7.973397175249));
#2670 = CARTESIAN_POINT('',(29.512003407485,-12.29335215345,
    -7.832770223773));
#2671 = CARTESIAN_POINT('',(29.541906087354,-12.25095374724,
    -7.692143272297));
#2672 = CARTESIAN_POINT('',(29.571808767222,-12.20855534103,
    -7.55151632082));
#2673 = CARTESIAN_POINT('',(29.601711447091,-12.16615693482,
    -7.410889369344));
#2674 = CARTESIAN_POINT('',(29.631614126959,-12.12375852861,
    -7.270262417868));
#2675 = CARTESIAN_POINT('',(29.661516806828,-12.0813601224,
    -7.129635466391));
#2676 = CARTESIAN_POINT('',(29.691419486696,-12.03896171619,
    -6.989008514915));
#2677 = CARTESIAN_POINT('',(29.721322166564,-11.99656330999,
    -6.848381563438));
#2678 = CARTESIAN_POINT('',(29.751224846432,-11.95416490378,
    -6.707754611962));
#2679 = CARTESIAN_POINT('',(31.539888651475,6.027623837142,
    -36.35512918646));
#2680 = CARTESIAN_POINT('',(31.464395876,5.150652582513,-36.4844737862)
  );
#2681 = CARTESIAN_POINT('',(31.376737111935,4.269116013273,
    -36.57162507184));
#2682 = CARTESIAN_POINT('',(31.277364925083,3.384534555232,
    -36.61394343118));
#2683 = CARTESIAN_POINT('',(31.16696938439,2.498982351273,
    -36.60876024382));
#2684 = CARTESIAN_POINT('',(31.046507908078,1.615169571306,
    -36.55338236132));
#2685 = CARTESIAN_POINT('',(30.917224001339,0.736466217917,
    -36.44518145865));
#2686 = CARTESIAN_POINT('',(30.780651202963,-0.133123700252,
    -36.28175159703));
#2687 = CARTESIAN_POINT('',(30.638598378659,-0.989032971895,
    -36.06111997383));
#2688 = CARTESIAN_POINT('',(30.493111986252,-1.826246781304,
    -35.78199665717));
#2689 = CARTESIAN_POINT('',(30.346410148178,-2.639467459007,
    -35.44404886048));
#2690 = CARTESIAN_POINT('',(30.055301711813,-4.206415186875,
    -34.65271838063));
#2691 = CARTESIAN_POINT('',(29.910819635812,-4.960594251742,
    -34.19925302537));
#2692 = CARTESIAN_POINT('',(29.769673494176,-5.680272035639,
    -33.6887973581));
#2693 = CARTESIAN_POINT('',(29.63396025351,-6.36127814328,
    -33.12281817352));
#2694 = CARTESIAN_POINT('',(29.506232103827,-6.997598036155,-32.50470564
    ));
#2695 = CARTESIAN_POINT('',(29.388395116964,-7.585585136806,
    -31.8410202603));
#2696 = CARTESIAN_POINT('',(29.281789689062,-8.125066367899,
    -31.13305501004));
#2697 = CARTESIAN_POINT('',(29.188130735811,-8.612150725362,
    -30.39310523129));
#2698 = CARTESIAN_POINT('',(29.107568612598,-9.051224705985,
    -29.62272804578));
#2699 = CARTESIAN_POINT('',(29.040711527247,-9.443082899962,
    -28.82930314617));
#2700 = CARTESIAN_POINT('',(28.934351423255,-10.1391292828,
    -27.20304409987));
#2701 = CARTESIAN_POINT('',(28.894889063631,-10.44322462463,
    -26.36994691066));
#2702 = CARTESIAN_POINT('',(28.8692844193,-10.70569423793,-25.5225026382
    ));
#2703 = CARTESIAN_POINT('',(28.857423642663,-10.92971770263,
    -24.66354805302));
#2704 = CARTESIAN_POINT('',(28.858900943487,-11.11801618658,
    -23.7980724927));
#2705 = CARTESIAN_POINT('',(28.873369008267,-11.27325638767,
    -22.92605845467));
#2706 = CARTESIAN_POINT('',(28.900352023393,-11.39724233844,
    -22.04944775743));
#2707 = CARTESIAN_POINT('',(28.939269648942,-11.49120740507,
    -21.17174900854));
#2708 = CARTESIAN_POINT('',(28.98967143158,-11.5567088776,
    -20.29141192538));
#2709 = CARTESIAN_POINT('',(29.050938855106,-11.59442721958,
    -19.41101164764));
#2710 = CARTESIAN_POINT('',(29.194058248591,-11.61585909132,
    -17.65062473896));
#2711 = CARTESIAN_POINT('',(29.275882187064,-11.59953436276,
    -16.77112866861));
#2712 = CARTESIAN_POINT('',(29.367341738478,-11.55689856048,
    -15.89343714253));
#2713 = CARTESIAN_POINT('',(29.467781018372,-11.4884956435,
    -15.01838340937));
#2714 = CARTESIAN_POINT('',(29.576520152529,-11.39468153786,
    -14.14669155165));
#2715 = CARTESIAN_POINT('',(29.692852194341,-11.27565120392,
    -13.27901191239));
#2716 = CARTESIAN_POINT('',(29.816026972781,-11.13147869527,
    -12.41599728592));
#2717 = CARTESIAN_POINT('',(29.945232750658,-10.96215623783,
    -11.55837422875));
#2718 = CARTESIAN_POINT('',(30.079586705209,-10.76761819932,
    -10.70696305679));
#2719 = CARTESIAN_POINT('',(30.218145356348,-10.54773560064,
    -9.862599512889));
#2720 = CARTESIAN_POINT('',(30.382349170513,-10.263485027,
    -8.893722772338));
#2721 = CARTESIAN_POINT('',(30.405078213363,-10.22413914761,
    -8.759611143662));
#2722 = CARTESIAN_POINT('',(30.428134972944,-10.18422596307,
    -8.623565838108));
#2723 = CARTESIAN_POINT('',(30.451521191093,-10.14374245811,
    -8.485576578059));
#2724 = CARTESIAN_POINT('',(30.47523866118,-10.10268552827,
    -8.345632781813));
#2725 = CARTESIAN_POINT('',(30.499289228571,-10.06105197906,
    -8.203723560881));
#2726 = CARTESIAN_POINT('',(30.523674791104,-10.01883852517,
    -8.05983771716));
#2727 = CARTESIAN_POINT('',(30.548397299588,-9.976041789579,
    -7.913963739993));
#2728 = CARTESIAN_POINT('',(30.573458758325,-9.93265830267,
    -7.766089803093));
#2729 = CARTESIAN_POINT('',(30.59886122565,-9.888684501296,
    -7.616203761355));
#2730 = CARTESIAN_POINT('',(30.624606814494,-9.844116727796,
    -7.464293147528));
#2731 = CARTESIAN_POINT('',(30.740326901911,5.735966343306,
    -34.0043109178));
#2732 = CARTESIAN_POINT('',(30.692661154444,4.966997055784,
    -34.1307903857));
#2733 = CARTESIAN_POINT('',(30.635618489196,4.198996563752,
    -34.22020260312));
#2734 = CARTESIAN_POINT('',(30.569567903783,3.43237201438,
    -34.27105586211));
#2735 = CARTESIAN_POINT('',(30.494946217131,2.668106420529,
    -34.28144265669));
#2736 = CARTESIAN_POINT('',(30.412361599817,1.908170112051,
    -34.2492337192));
#2737 = CARTESIAN_POINT('',(30.322637370749,1.155503425039,
    -34.17227772554));
#2738 = CARTESIAN_POINT('',(30.226811665234,0.413739592412,
    -34.04859843158));
#2739 = CARTESIAN_POINT('',(30.126108574682,-0.313163200719,
    -33.87658099755));
#2740 = CARTESIAN_POINT('',(30.02189636392,-1.021211633444,
    -33.6551392639));
#2741 = CARTESIAN_POINT('',(29.915648366414,-1.706419973827,
    -33.38385573531));
#2742 = CARTESIAN_POINT('',(29.70219595834,-3.022453523339,
    -32.74231633527));
#2743 = CARTESIAN_POINT('',(29.594974397019,-3.653425378156,
    -32.37200228276));
#2744 = CARTESIAN_POINT('',(29.48891854984,-4.252558802405,-31.953143545
    ));
#2745 = CARTESIAN_POINT('',(29.385179253374,-4.818527973113,
    -31.48470459563));
#2746 = CARTESIAN_POINT('',(29.28617173397,-5.342787986055,
    -30.9734498421));
#2747 = CARTESIAN_POINT('',(29.192039894687,-5.830468425179,
    -30.41504978066));
#2748 = CARTESIAN_POINT('',(29.105266506418,-6.27243173883,
    -29.8202207774));
#2749 = CARTESIAN_POINT('',(29.02594479363,-6.674228854885,
    -29.18762468097));
#2750 = CARTESIAN_POINT('',(28.955297262707,-7.034241470583,
    -28.52353680898));
#2751 = CARTESIAN_POINT('',(28.893855946101,-7.355167548441,
    -27.8313540536));
#2752 = CARTESIAN_POINT('',(28.790412811312,-7.922942034306,
    -26.39917852425));
#2753 = CARTESIAN_POINT('',(28.7484098879,-8.169808589218,
    -25.65915351782));
#2754 = CARTESIAN_POINT('',(28.716606036039,-8.381883307549,
    -24.89933947615));
#2755 = CARTESIAN_POINT('',(28.695356489952,-8.56180398237,
    -24.12311422361));
#2756 = CARTESIAN_POINT('',(28.684775665551,-8.712149363716,
    -23.33542366105));
#2757 = CARTESIAN_POINT('',(28.684905091649,-8.83527249808,
    -22.53766396463));
#2758 = CARTESIAN_POINT('',(28.695596578984,-8.932845586477,
    -21.73270803374));
#2759 = CARTESIAN_POINT('',(28.716569696623,-9.006081006156,
    -20.9239430756));
#2760 = CARTESIAN_POINT('',(28.747587696913,-9.05618823203,
    -20.11046815664));
#2761 = CARTESIAN_POINT('',(28.788252450526,-9.083817475091,
    -19.29531106852));
#2762 = CARTESIAN_POINT('',(28.888068292533,-9.095349081525,
    -17.66284083007));
#2763 = CARTESIAN_POINT('',(28.947214984083,-9.079255548773,
    -16.84563069477));
#2764 = CARTESIAN_POINT('',(29.015199918041,-9.041838194715,
    -16.02848126783));
#2765 = CARTESIAN_POINT('',(29.09154802664,-8.983497879958,
    -15.21244978403));
#2766 = CARTESIAN_POINT('',(29.175745510603,-8.904457705945,
    -14.39843713763));
#2767 = CARTESIAN_POINT('',(29.267243834139,-8.804783011012,
    -13.58719993729));
#2768 = CARTESIAN_POINT('',(29.365446044093,-8.684432977809,
    -12.77946026803));
#2769 = CARTESIAN_POINT('',(29.469689538576,-8.543312358361,
    -11.97602095577));
#2770 = CARTESIAN_POINT('',(29.579239424391,-8.381291827627,
    -11.17779413663));
#2771 = CARTESIAN_POINT('',(29.693306588918,-8.19816547196,
    -10.38565092659));
#2772 = CARTESIAN_POINT('',(29.829733405739,-7.961149976702,
    -9.475755811152));
#2773 = CARTESIAN_POINT('',(29.848941085292,-7.927780307981,
    -9.347650690682));
#2774 = CARTESIAN_POINT('',(29.86872766192,-7.893404916338,
    -9.21568463119));
#2775 = CARTESIAN_POINT('',(29.889093135622,-7.858023801772,
    -9.079857632676));
#2776 = CARTESIAN_POINT('',(29.910037506399,-7.821636964285,
    -8.940169695141));
#2777 = CARTESIAN_POINT('',(29.931560774251,-7.784244403875,
    -8.796620818584));
#2778 = CARTESIAN_POINT('',(29.953662939177,-7.745846120542,
    -8.649211003005));
#2779 = CARTESIAN_POINT('',(29.976344001178,-7.706442114288,
    -8.497940248404));
#2780 = CARTESIAN_POINT('',(29.999603960254,-7.666032385111,
    -8.342808554781));
#2781 = CARTESIAN_POINT('',(30.023442816404,-7.624616933013,
    -8.183815922137));
#2782 = CARTESIAN_POINT('',(30.047860569629,-7.582195757991,
    -8.020962350471));
#2783 = ADVANCED_FACE('',(#2784),#3036,.F.);
#2784 = FACE_BOUND('',#2785,.F.);
#2785 = EDGE_LOOP('',(#2786,#2928,#2929,#2930,#2979,#2989));
#2786 = ORIENTED_EDGE('',*,*,#2787,.F.);
#2787 = EDGE_CURVE('',#2370,#2788,#2790,.T.);
#2788 = VERTEX_POINT('',#2789);
#2789 = CARTESIAN_POINT('',(-10.93005929629,-24.75696825957,
    -32.85538593537));
#2790 = B_SPLINE_CURVE_WITH_KNOTS('',6,(#2791,#2792,#2793,#2794,#2795,
    #2796,#2797,#2798,#2799,#2800,#2801,#2802,#2803,#2804,#2805,#2806,
    #2807,#2808,#2809,#2810,#2811,#2812,#2813,#2814,#2815,#2816,#2817,
    #2818,#2819,#2820,#2821,#2822,#2823,#2824,#2825,#2826,#2827,#2828,
    #2829,#2830,#2831,#2832,#2833,#2834,#2835,#2836,#2837,#2838,#2839,
    #2840,#2841,#2842,#2843,#2844,#2845,#2846,#2847,#2848,#2849,#2850,
    #2851,#2852,#2853,#2854,#2855,#2856,#2857,#2858,#2859,#2860,#2861,
    #2862,#2863,#2864,#2865,#2866,#2867,#2868,#2869,#2870,#2871,#2872,
    #2873,#2874,#2875,#2876,#2877,#2878,#2879,#2880,#2881,#2882,#2883,
    #2884,#2885,#2886,#2887,#2888,#2889,#2890,#2891,#2892,#2893,#2894,
    #2895,#2896,#2897,#2898,#2899,#2900,#2901,#2902,#2903,#2904,#2905,
    #2906,#2907,#2908,#2909,#2910,#2911,#2912,#2913,#2914,#2915,#2916,
    #2917,#2918,#2919,#2920,#2921,#2922,#2923,#2924,#2925,#2926,#2927),
  .UNSPECIFIED.,.F.,.F.,(7,5,5,5,5,5,5,5,5,5,5,5,5,5,5,5,5,5,5,5,5,5,5,5
    ,5,5,5,7),(0.,5.440679819403E-02,0.131398695613,0.17136164252,
    0.208950644108,0.240263254427,0.272296634509,0.309927808282,
    0.356410837634,0.401143159502,0.43097491135,0.451560139724,
    0.465853536349,0.499976749863,0.527039537442,0.538385880427,
    0.554484386701,0.577671890436,0.611703110865,0.664057129527,
    0.705401696864,0.740400111411,0.772843574284,0.80506632979,
    0.841198594384,0.885223169899,0.958643061904,1.),.UNSPECIFIED.);
#2791 = CARTESIAN_POINT('',(-15.91828201076,-28.26736478941,
    0.54380604874));
#2792 = CARTESIAN_POINT('',(-15.8528263654,-28.17660078006,
    -0.319755815539));
#2793 = CARTESIAN_POINT('',(-15.78717800552,-28.08583834626,
    -1.183302689526));
#2794 = CARTESIAN_POINT('',(-15.72125606329,-27.99507812153,
    -2.046828545532));
#2795 = CARTESIAN_POINT('',(-15.65496445412,-27.90432088731,
    -2.910325948779));
#2796 = CARTESIAN_POINT('',(-15.58818607391,-27.81356761916,
    -3.773785617294));
#2797 = CARTESIAN_POINT('',(-15.42538537344,-27.5944005199,
    -5.859021276106));
#2798 = CARTESIAN_POINT('',(-15.3287305026,-27.46599210387,
    -7.080745745149));
#2799 = CARTESIAN_POINT('',(-15.23040528038,-27.33759739189,
    -8.302339828915));
#2800 = CARTESIAN_POINT('',(-15.12988369749,-27.2092211633,
    -9.523758055027));
#2801 = CARTESIAN_POINT('',(-15.02650272438,-27.08087001373,
    -10.74493767009));
#2802 = CARTESIAN_POINT('',(-14.86363925206,-26.88595082517,
    -12.59946986921));
#2803 = CARTESIAN_POINT('',(-14.80695714289,-26.81935733487,
    -13.23306460623));
#2804 = CARTESIAN_POINT('',(-14.74910497316,-26.75277477008,
    -13.86655539396));
#2805 = CARTESIAN_POINT('',(-14.68992497726,-26.68620493247,
    -14.49992509059));
#2806 = CARTESIAN_POINT('',(-14.62922375852,-26.61965017566,
    -15.13315130305));
#2807 = CARTESIAN_POINT('',(-14.50800051571,-26.4905294567,
    -16.3616528818));
#2808 = CARTESIAN_POINT('',(-14.44768232511,-26.42796155818,
    -16.95694667143));
#2809 = CARTESIAN_POINT('',(-14.3855955715,-26.36541228623,
    -17.55206324113));
#2810 = CARTESIAN_POINT('',(-14.32149579675,-26.30288502937,
    -18.14697035124));
#2811 = CARTESIAN_POINT('',(-14.25506957786,-26.24038448926,
    -18.74162326848));
#2812 = CARTESIAN_POINT('',(-14.12828620492,-26.12588002158,
    -19.83106050553));
#2813 = CARTESIAN_POINT('',(-14.06876770633,-26.0738662323,
    -20.32593865345));
#2814 = CARTESIAN_POINT('',(-14.00710744871,-26.0218791751,
    -20.82056246249));
#2815 = CARTESIAN_POINT('',(-13.94301549891,-25.96992392464,
    -21.31488365073));
#2816 = CARTESIAN_POINT('',(-13.87613303598,-25.91800737493,
    -21.80883662592));
#2817 = CARTESIAN_POINT('',(-13.73427876398,-25.81307567426,
    -22.80719506888));
#2818 = CARTESIAN_POINT('',(-13.65915679099,-25.76006348139,
    -23.3115723923));
#2819 = CARTESIAN_POINT('',(-13.58016947346,-25.70711085132,
    -23.81538301358));
#2820 = CARTESIAN_POINT('',(-13.4967407937,-25.6542314905,
    -24.31849652457));
#2821 = CARTESIAN_POINT('',(-13.40818912392,-25.60144398083,
    -24.82073613024));
#2822 = CARTESIAN_POINT('',(-13.2027427217,-25.48689539827,
    -25.91059309239));
#2823 = CARTESIAN_POINT('',(-13.08360477898,-25.42518104999,
    -26.497765894));
#2824 = CARTESIAN_POINT('',(-12.95501989042,-25.36366457192,
    -27.08305608627));
#2825 = CARTESIAN_POINT('',(-12.8155134625,-25.30240246493,
    -27.66592609944));
#2826 = CARTESIAN_POINT('',(-12.66347024324,-25.24147075735,
    -28.24565257211));
#2827 = CARTESIAN_POINT('',(-12.29189464212,-25.10622148673,
    -29.53246342497));
#2828 = CARTESIAN_POINT('',(-12.06491927395,-25.03213393138,
    -30.23735942814));
#2829 = CARTESIAN_POINT('',(-11.81319441997,-24.95887565003,
    -30.93436541616));
#2830 = CARTESIAN_POINT('',(-11.53359926702,-24.88670063929,
    -31.62106477281));
#2831 = CARTESIAN_POINT('',(-11.22339905086,-24.81592559278,
    -32.29444435965));
#2832 = CARTESIAN_POINT('',(-10.55050245292,-24.68051424388,
    -33.58279728424));
#2833 = CARTESIAN_POINT('',(-10.19023468176,-24.61574935261,
    -34.19899406369));
#2834 = CARTESIAN_POINT('',(-9.797884701084,-24.55296871393,
    -34.79631194069));
#2835 = CARTESIAN_POINT('',(-9.372279212094,-24.49256563806,
    -35.37100881872));
#2836 = CARTESIAN_POINT('',(-8.913074299312,-24.43497001565,
    -35.91899456125));
#2837 = CARTESIAN_POINT('',(-8.092847266423,-24.34438941324,
    -36.78081142511));
#2838 = CARTESIAN_POINT('',(-7.750064874938,-24.30959640221,
    -37.11184481253));
#2839 = CARTESIAN_POINT('',(-7.392884331641,-24.27638343416,
    -37.42784509516));
#2840 = CARTESIAN_POINT('',(-7.021713768814,-24.24488375462,
    -37.72754452649));
#2841 = CARTESIAN_POINT('',(-6.637165446452,-24.21522760818,
    -38.009703912));
#2842 = CARTESIAN_POINT('',(-5.966069803527,-24.16843325687,
    -38.45492242476));
#2843 = CARTESIAN_POINT('',(-5.6860864988,-24.15026384905,
    -38.62779279267));
#2844 = CARTESIAN_POINT('',(-5.400402429431,-24.1330718904,
    -38.79136335298));
#2845 = CARTESIAN_POINT('',(-5.109331975288,-24.11689595046,
    -38.9452671409));
#2846 = CARTESIAN_POINT('',(-4.813231571053,-24.1017719835,
    -39.08916207463));
#2847 = CARTESIAN_POINT('',(-4.303689617514,-24.07798481553,
    -39.31548186002));
#2848 = CARTESIAN_POINT('',(-4.09264428708,-24.06875971478,
    -39.40325283064));
#2849 = CARTESIAN_POINT('',(-3.879499435276,-24.06006860865,
    -39.48594318187));
#2850 = CARTESIAN_POINT('',(-3.664396385541,-24.05192162099,
    -39.56345659166));
#2851 = CARTESIAN_POINT('',(-3.447484256555,-24.04432797842,
    -39.63570527468));
#2852 = CARTESIAN_POINT('',(-2.707132434972,-24.02050830358,
    -39.8623343422));
#2853 = CARTESIAN_POINT('',(-2.175892567243,-24.00692056263,
    -39.99161306173));
#2854 = CARTESIAN_POINT('',(-1.637397079254,-23.99664843763,
    -40.08934580272));
#2855 = CARTESIAN_POINT('',(-1.093960555373,-23.98976866234,
    -40.15480249223));
#2856 = CARTESIAN_POINT('',(-0.548007092091,-23.98632365685,
    -40.18757952998));
#2857 = CARTESIAN_POINT('',(0.430888893742,-23.98630410325,
    -40.18776557009));
#2858 = CARTESIAN_POINT('',(0.863872445156,-23.9884555244,
    -40.16729616518));
#2859 = CARTESIAN_POINT('',(1.29561555191,-23.99276700396,
    -40.12627517723));
#2860 = CARTESIAN_POINT('',(1.72489937307,-23.99922261878,-40.0648541051
    ));
#2861 = CARTESIAN_POINT('',(2.150541482255,-24.00779107328,
    -39.98333070621));
#2862 = CARTESIAN_POINT('',(2.747843912752,-24.02288513795,
    -39.83972027382));
#2863 = CARTESIAN_POINT('',(2.923452005024,-24.02770736654,
    -39.79383983351));
#2864 = CARTESIAN_POINT('',(3.098137619929,-24.03288954853,
    -39.74453466544));
#2865 = CARTESIAN_POINT('',(3.271820343645,-24.03842790438,
    -39.69184072939));
#2866 = CARTESIAN_POINT('',(3.444422335456,-24.04431825121,
    -39.63579782282));
#2867 = CARTESIAN_POINT('',(3.859120659017,-24.05940629786,
    -39.49224464812));
#2868 = CARTESIAN_POINT('',(4.100046591525,-24.06895600384,
    -39.40138526496));
#2869 = CARTESIAN_POINT('',(4.338430837747,-24.07919195821,
    -39.3039966646));
#2870 = CARTESIAN_POINT('',(4.574071745464,-24.09009968238,
    -39.20021660146));
#2871 = CARTESIAN_POINT('',(4.80678129775,-24.10166338177,
    -39.09019535103));
#2872 = CARTESIAN_POINT('',(5.367095256675,-24.13144192414,
    -38.80687144599));
#2873 = CARTESIAN_POINT('',(5.691366064042,-24.1503435722,
    -38.62703427758));
#2874 = CARTESIAN_POINT('',(6.008673655127,-24.17051982588,
    -38.43507004675));
#2875 = CARTESIAN_POINT('',(6.318570091597,-24.19191550175,
    -38.23150378874));
#2876 = CARTESIAN_POINT('',(6.620678677417,-24.21447211749,
    -38.01689192579));
#2877 = CARTESIAN_POINT('',(7.346194912004,-24.27284839588,
    -37.46147873769));
#2878 = CARTESIAN_POINT('',(7.760271857272,-24.30993857982,
    -37.10858921005));
#2879 = CARTESIAN_POINT('',(8.155935508686,-24.3492063609,
    -36.73498122948));
#2880 = CARTESIAN_POINT('',(8.532596422832,-24.39045339678,
    -36.34254189753));
#2881 = CARTESIAN_POINT('',(8.889994557207,-24.43348308407,
    -35.93314177025));
#2882 = CARTESIAN_POINT('',(9.7484181822,-24.54674877822,-34.85549067593
    ));
#2883 = CARTESIAN_POINT('',(10.223167472672,-24.61915919841,
    -34.16655154795));
#2884 = CARTESIAN_POINT('',(10.65265097315,-24.69464905773,
    -33.44831351383));
#2885 = CARTESIAN_POINT('',(11.038867557496,-24.77259183006,
    -32.70673757126));
#2886 = CARTESIAN_POINT('',(11.385102078619,-24.85244977739,
    -31.94693995579));
#2887 = CARTESIAN_POINT('',(11.94035716359,-24.99805355441,
    -30.56161255534));
#2888 = CARTESIAN_POINT('',(12.162910776037,-25.06323289239,
    -29.94147257891));
#2889 = CARTESIAN_POINT('',(12.365006496498,-25.12914564834,
    -29.31435459664));
#2890 = CARTESIAN_POINT('',(12.548837062788,-25.19562576188,
    -28.68183856747));
#2891 = CARTESIAN_POINT('',(12.716635519477,-25.26254401047,
    -28.04515396169));
#2892 = CARTESIAN_POINT('',(13.000720026759,-25.38675882603,
    -26.86332893587));
#2893 = CARTESIAN_POINT('',(13.120951517231,-25.4439520204,
    -26.31917204033));
#2894 = CARTESIAN_POINT('',(13.232443907593,-25.50134020692,
    -25.77315991839));
#2895 = CARTESIAN_POINT('',(13.336365052555,-25.55888019448,
    -25.22570350606));
#2896 = CARTESIAN_POINT('',(13.433733788807,-25.61654027508,
    -24.67710448482));
#2897 = CARTESIAN_POINT('',(13.610412655735,-25.72784365854,
    -23.61812352955));
#2898 = CARTESIAN_POINT('',(13.690519554696,-25.7814714037,
    -23.10788961728));
#2899 = CARTESIAN_POINT('',(13.766433675015,-25.83516625156,
    -22.59701726541));
#2900 = CARTESIAN_POINT('',(13.838727463094,-25.88891485485,
    -22.08563346481));
#2901 = CARTESIAN_POINT('',(13.907870756452,-25.94270750087,
    -21.5738306256));
#2902 = CARTESIAN_POINT('',(14.040175393999,-26.05000199546,
    -20.55299170016));
#2903 = CARTESIAN_POINT('',(14.103373923225,-26.10350280838,
    -20.04396546741));
#2904 = CARTESIAN_POINT('',(14.164221908982,-26.15703357804,
    -19.5346542154));
#2905 = CARTESIAN_POINT('',(14.223016693106,-26.2105891955,
    -19.02510655226));
#2906 = CARTESIAN_POINT('',(14.279996073805,-26.26416589725,
    -18.51535828561));
#2907 = CARTESIAN_POINT('',(14.397438736172,-26.37785869084,
    -17.43364361159));
#2908 = CARTESIAN_POINT('',(14.457485838463,-26.43797930591,
    -16.8616341686));
#2909 = CARTESIAN_POINT('',(14.515778157866,-26.49811891597,
    -16.28944400033));
#2910 = CARTESIAN_POINT('',(14.572532167963,-26.55827452798,
    -15.71710158373));
#2911 = CARTESIAN_POINT('',(14.627921559095,-26.61844389742,
    -15.14462827388));
#2912 = CARTESIAN_POINT('',(14.748103554219,-26.7519520924,
    -13.8743826492));
#2913 = CARTESIAN_POINT('',(14.812307231711,-26.82529663657,
    -13.17655592521));
#2914 = CARTESIAN_POINT('',(14.874973766465,-26.89865582224,
    -12.47858989668));
#2915 = CARTESIAN_POINT('',(14.936314092874,-26.97202723851,
    -11.78050750181));
#2916 = CARTESIAN_POINT('',(14.996500226816,-27.04540904419,
    -11.08232625821));
#2917 = CARTESIAN_POINT('',(15.154380123802,-27.24119376583,
    -9.219559062023));
#2918 = CARTESIAN_POINT('',(15.250284329676,-27.36361240013,
    -8.054823559228));
#2919 = CARTESIAN_POINT('',(15.344082942484,-27.48604905952,
    -6.889916559296));
#2920 = CARTESIAN_POINT('',(15.436268892496,-27.60849909147,
    -5.72488232784));
#2921 = CARTESIAN_POINT('',(15.527233599607,-27.73095905958,
    -4.559753560207));
#2922 = CARTESIAN_POINT('',(15.668010306161,-27.92241174827,
    -2.738202904315));
#2923 = CARTESIAN_POINT('',(15.718445867398,-27.99139926383,
    -2.081830538437));
#2924 = CARTESIAN_POINT('',(15.768646759792,-28.06038868547,
    -1.425440037444));
#2925 = CARTESIAN_POINT('',(15.818660183825,-28.12937962495,
    -0.769035095277));
#2926 = CARTESIAN_POINT('',(15.868526785689,-28.19837175315,
    -0.112618843043));
#2927 = CARTESIAN_POINT('',(15.918282010762,-28.26736478941,
    0.54380604874));
#2928 = ORIENTED_EDGE('',*,*,#2424,.T.);
#2929 = ORIENTED_EDGE('',*,*,#1097,.F.);
#2930 = ORIENTED_EDGE('',*,*,#2931,.T.);
#2931 = EDGE_CURVE('',#922,#2932,#2934,.T.);
#2932 = VERTEX_POINT('',#2933);
#2933 = CARTESIAN_POINT('',(0.997272605258,-24.36320405632,
    -36.60180205377));
#2934 = B_SPLINE_CURVE_WITH_KNOTS('',8,(#2935,#2936,#2937,#2938,#2939,
    #2940,#2941,#2942,#2943,#2944,#2945,#2946,#2947,#2948,#2949,#2950,
    #2951,#2952,#2953,#2954,#2955,#2956,#2957,#2958,#2959,#2960,#2961,
    #2962,#2963,#2964,#2965,#2966,#2967,#2968,#2969,#2970,#2971,#2972,
    #2973,#2974,#2975,#2976,#2977,#2978),.UNSPECIFIED.,.F.,.F.,(9,7,7,7,
    7,7,9),(0.,0.313774117074,0.471983100951,0.629725633699,
    0.817564246075,0.908515813301,1.),.UNSPECIFIED.);
#2935 = CARTESIAN_POINT('',(10.930062113184,-24.75696891586,
    -32.85537967083));
#2936 = CARTESIAN_POINT('',(10.779139131699,-24.72614922453,
    -33.14860944656));
#2937 = CARTESIAN_POINT('',(10.607076464699,-24.69607887922,
    -33.43470967101));
#2938 = CARTESIAN_POINT('',(10.413480932806,-24.66689810356,
    -33.71234620574));
#2939 = CARTESIAN_POINT('',(10.198096824155,-24.63875296624,
    -33.98012929978));
#2940 = CARTESIAN_POINT('',(9.960843644491,-24.61179107823,
    -34.23665452872));
#2941 = CARTESIAN_POINT('',(9.701847156834,-24.58615428937,
    -34.48057228136));
#2942 = CARTESIAN_POINT('',(9.421438759264,-24.56197016332,
    -34.71066887059));
#2943 = CARTESIAN_POINT('',(8.968158451595,-24.52793560894,
    -35.03448602502));
#2944 = CARTESIAN_POINT('',(8.810897288689,-24.51692331081,
    -35.13926104292));
#2945 = CARTESIAN_POINT('',(8.648376364751,-24.50632061959,
    -35.24013891137));
#2946 = CARTESIAN_POINT('',(8.480667010021,-24.49613961927,
    -35.33700465889));
#2947 = CARTESIAN_POINT('',(8.307848492175,-24.48639071255,
    -35.42975931047));
#2948 = CARTESIAN_POINT('',(8.130005399797,-24.47708239796,
    -35.51832200794));
#2949 = CARTESIAN_POINT('',(7.947224197978,-24.46822108495,
    -35.60263176947));
#2950 = CARTESIAN_POINT('',(7.572506923336,-24.45142560463,
    -35.76243009039));
#2951 = CARTESIAN_POINT('',(7.380598855413,-24.44348876516,
    -35.83794407379));
#2952 = CARTESIAN_POINT('',(7.183949538082,-24.43600459235,
    -35.90915122148));
#2953 = CARTESIAN_POINT('',(6.982638600466,-24.42897501841,
    -35.9760331499));
#2954 = CARTESIAN_POINT('',(6.776740786343,-24.42239962149,
    -36.03859387267));
#2955 = CARTESIAN_POINT('',(6.566319138566,-24.4162754932,-36.0968610612
    ));
#2956 = CARTESIAN_POINT('',(6.351411096563,-24.41059709595,
    -36.15088740209));
#2957 = CARTESIAN_POINT('',(5.870743375318,-24.39911518398,
    -36.26013049729));
#2958 = CARTESIAN_POINT('',(5.603102602792,-24.39349446145,
    -36.31360809991));
#2959 = CARTESIAN_POINT('',(5.32906988545,-24.38847997774,
    -36.36131772546));
#2960 = CARTESIAN_POINT('',(5.048520632449,-24.38405190194,
    -36.40344805244));
#2961 = CARTESIAN_POINT('',(4.761160179885,-24.38018476567,
    -36.44024139628));
#2962 = CARTESIAN_POINT('',(4.466378660173,-24.37684629896,
    -36.47200478528));
#2963 = CARTESIAN_POINT('',(4.163026092777,-24.37400012724,
    -36.4990843004));
#2964 = CARTESIAN_POINT('',(3.697426440962,-24.37045154402,
    -36.53284681444));
#2965 = CARTESIAN_POINT('',(3.543103548875,-24.36940060188,
    -36.54284586099));
#2966 = CARTESIAN_POINT('',(3.386151551186,-24.36845218532,
    -36.55186944178));
#2967 = CARTESIAN_POINT('',(3.226331628074,-24.3676020443,
    -36.55995799322));
#2968 = CARTESIAN_POINT('',(3.063369268617,-24.36684597313,
    -36.56715152993));
#2969 = CARTESIAN_POINT('',(2.896950564695,-24.36617986252,
    -36.57348914899));
#2970 = CARTESIAN_POINT('',(2.726713542537,-24.36559971955,
    -36.57900884064));
#2971 = CARTESIAN_POINT('',(2.376733758559,-24.36460067443,
    -36.58851412009));
#2972 = CARTESIAN_POINT('',(2.196943704926,-24.36418275024,
    -36.59249040314));
#2973 = CARTESIAN_POINT('',(2.012431273263,-24.36384388567,
    -36.59571448412));
#2974 = CARTESIAN_POINT('',(1.822693608743,-24.36358030954,
    -36.59822224348));
#2975 = CARTESIAN_POINT('',(1.627149062358,-24.36338819647,
    -36.60005007724));
#2976 = CARTESIAN_POINT('',(1.425084269323,-24.36326393071,
    -36.60123238703));
#2977 = CARTESIAN_POINT('',(1.215559270611,-24.36320405632,
    -36.60180205378));
#2978 = CARTESIAN_POINT('',(0.997272605258,-24.36320405632,
    -36.60180205377));
#2979 = ORIENTED_EDGE('',*,*,#2980,.F.);
#2980 = EDGE_CURVE('',#2981,#2932,#2983,.T.);
#2981 = VERTEX_POINT('',#2982);
#2982 = CARTESIAN_POINT('',(-0.997134789479,-24.36320405632,
    -36.60180205377));
#2983 = B_SPLINE_CURVE_WITH_KNOTS('',4,(#2984,#2985,#2986,#2987,#2988),
  .UNSPECIFIED.,.F.,.F.,(5,5),(0.,1.),.PIECEWISE_BEZIER_KNOTS.);
#2984 = CARTESIAN_POINT('',(-25.90498088648,-24.36320405632,
    -36.60180205377));
#2985 = CARTESIAN_POINT('',(-12.95249044033,-24.36320405632,
    -36.60180205377));
#2986 = CARTESIAN_POINT('',(5.809565312428E-09,-24.36320405632,
    -36.60180205377));
#2987 = CARTESIAN_POINT('',(12.952490451956,-24.36320405632,
    -36.60180205377));
#2988 = CARTESIAN_POINT('',(25.904980898103,-24.36320405632,
    -36.60180205377));
#2989 = ORIENTED_EDGE('',*,*,#2990,.T.);
#2990 = EDGE_CURVE('',#2981,#2788,#2991,.T.);
#2991 = B_SPLINE_CURVE_WITH_KNOTS('',8,(#2992,#2993,#2994,#2995,#2996,
    #2997,#2998,#2999,#3000,#3001,#3002,#3003,#3004,#3005,#3006,#3007,
    #3008,#3009,#3010,#3011,#3012,#3013,#3014,#3015,#3016,#3017,#3018,
    #3019,#3020,#3021,#3022,#3023,#3024,#3025,#3026,#3027,#3028,#3029,
    #3030,#3031,#3032,#3033,#3034,#3035),.UNSPECIFIED.,.F.,.F.,(9,7,7,7,
    7,7,9),(0.,9.1576219632E-02,0.182526431462,0.370359003394,
    0.528097416216,0.685310492591,1.),.UNSPECIFIED.);
#2992 = CARTESIAN_POINT('',(-0.997134789495,-24.36320405632,
    -36.60180205377));
#2993 = CARTESIAN_POINT('',(-1.215657171623,-24.36320405632,
    -36.60180205377));
#2994 = CARTESIAN_POINT('',(-1.425437579987,-24.36326387507,
    -36.60123291638));
#2995 = CARTESIAN_POINT('',(-1.627660749556,-24.3633886036,
    -36.60004620368));
#2996 = CARTESIAN_POINT('',(-1.823401235521,-24.3635810733,
    -36.59821497681));
#2997 = CARTESIAN_POINT('',(-2.013306088363,-24.36384526879,
    -36.59570132463));
#2998 = CARTESIAN_POINT('',(-2.197996026082,-24.36418479369,
    -36.59247096098));
#2999 = CARTESIAN_POINT('',(-2.377951723582,-24.36460359404,
    -36.58848634178));
#3000 = CARTESIAN_POINT('',(-2.728070527527,-24.36560425824,
    -36.57896565791));
#3001 = CARTESIAN_POINT('',(-2.898288960514,-24.36618498109,
    -36.57344044905));
#3002 = CARTESIAN_POINT('',(-3.06468817727,-24.3668517121,
    -36.56709692726));
#3003 = CARTESIAN_POINT('',(-3.227630740017,-24.36760843827,
    -36.55989715872));
#3004 = CARTESIAN_POINT('',(-3.387431936399,-24.36845925968,
    -36.55180213368));
#3005 = CARTESIAN_POINT('',(-3.544367189086,-24.36940837793,
    -36.54277187676));
#3006 = CARTESIAN_POINT('',(-3.698675357282,-24.3704600454,
    -36.53276592914));
#3007 = CARTESIAN_POINT('',(-4.164229484272,-24.37401089339,
    -36.49898186726));
#3008 = CARTESIAN_POINT('',(-4.467557024974,-24.37685867757,
    -36.47188701074));
#3009 = CARTESIAN_POINT('',(-4.76231854447,-24.38019887577,
    -36.44010714772));
#3010 = CARTESIAN_POINT('',(-5.049651515997,-24.38406793112,
    -36.40329554495));
#3011 = CARTESIAN_POINT('',(-5.330173017257,-24.38849791922,
    -36.36114702367));
#3012 = CARTESIAN_POINT('',(-5.604177409102,-24.39351432101,
    -36.31341914877));
#3013 = CARTESIAN_POINT('',(-5.871788858964,-24.39913693767,
    -36.25992352472));
#3014 = CARTESIAN_POINT('',(-6.352401691563,-24.41062229393,
    -36.15064765938));
#3015 = CARTESIAN_POINT('',(-6.56728454438,-24.41630225918,
    -36.09660639989));
#3016 = CARTESIAN_POINT('',(-6.777679936205,-24.42242792682,
    -36.03832456545));
#3017 = CARTESIAN_POINT('',(-6.983550461342,-24.42900482405,
    -35.97574956818));
#3018 = CARTESIAN_POINT('',(-7.18483337049,-24.43603585055,
    -35.90885381959));
#3019 = CARTESIAN_POINT('',(-7.381454390313,-24.44352142359,
    -35.83763334951));
#3020 = CARTESIAN_POINT('',(-7.573334358676,-24.4514596108,
    -35.76210654333));
#3021 = CARTESIAN_POINT('',(-7.946820021475,-24.46820495897,
    -35.60278519795));
#3022 = CARTESIAN_POINT('',(-8.128458386389,-24.47700915316,
    -35.51901888569));
#3023 = CARTESIAN_POINT('',(-8.305221526629,-24.48625473919,
    -35.43105301055));
#3024 = CARTESIAN_POINT('',(-8.477024696476,-24.49593544393,
    -35.33894725754));
#3025 = CARTESIAN_POINT('',(-8.643784844532,-24.50604295487,
    -35.2427807147));
#3026 = CARTESIAN_POINT('',(-8.80542400774,-24.51656709816,
    -35.14265017988));
#3027 = CARTESIAN_POINT('',(-8.961871903057,-24.5274960545,
    -35.0386681062));
#3028 = CARTESIAN_POINT('',(-9.415712619094,-24.56147669371,
    -34.71536392033));
#3029 = CARTESIAN_POINT('',(-9.697313112092,-24.58570573705,
    -34.48483997165));
#3030 = CARTESIAN_POINT('',(-9.957382151128,-24.61139783055,
    -34.24039603045));
#3031 = CARTESIAN_POINT('',(-10.19558251386,-24.63842443635,
    -33.98325505288));
#3032 = CARTESIAN_POINT('',(-10.41178542848,-24.66664250011,
    -33.71477811011));
#3033 = CARTESIAN_POINT('',(-10.60607108962,-24.69590310355,
    -33.43638206482));
#3034 = CARTESIAN_POINT('',(-10.7786969372,-24.72605886775,
    -33.14946913384));
#3035 = CARTESIAN_POINT('',(-10.93005957391,-24.75696831418,
    -32.8553853954));
#3036 = PLANE('',#3037);
#3037 = AXIS2_PLACEMENT_3D('',#3038,#3039,#3040);
#3038 = CARTESIAN_POINT('',(-55.933296,-21.50714258854,-63.77541176186)
  );
#3039 = DIRECTION('',(-1.280104479605E-17,0.994521895368,0.104528463268)
  );
#3040 = DIRECTION('',(1.217938055845E-16,0.104528463268,-0.994521895368)
  );
#3041 = ADVANCED_FACE('',(#3042),#3119,.F.);
#3042 = FACE_BOUND('',#3043,.F.);
#3043 = EDGE_LOOP('',(#3044,#3055,#3110,#3118));
#3044 = ORIENTED_EDGE('',*,*,#3045,.F.);
#3045 = EDGE_CURVE('',#3046,#79,#3048,.T.);
#3046 = VERTEX_POINT('',#3047);
#3047 = CARTESIAN_POINT('',(31.055431588552,5.385177109306,
    -36.39102644529));
#3048 = B_SPLINE_CURVE_WITH_KNOTS('',5,(#3049,#3050,#3051,#3052,#3053,
    #3054),.UNSPECIFIED.,.F.,.F.,(6,6),(0.,1.),
  .PIECEWISE_BEZIER_KNOTS.);
#3049 = CARTESIAN_POINT('',(31.055431814919,5.385176907153,
    -36.39102644528));
#3050 = CARTESIAN_POINT('',(31.05414646798,5.283697138902,-36.8897513903
    ));
#3051 = CARTESIAN_POINT('',(31.009692980282,5.182720441147,
    -37.38847302086));
#3052 = CARTESIAN_POINT('',(30.922080712491,5.083227651046,
    -37.88239994254));
#3053 = CARTESIAN_POINT('',(30.792157546042,4.986184660289,
    -38.36675345645));
#3054 = CARTESIAN_POINT('',(30.621565347126,4.892497170069,
    -38.83701658756));
#3055 = ORIENTED_EDGE('',*,*,#3056,.T.);
#3056 = EDGE_CURVE('',#3046,#3057,#3059,.T.);
#3057 = VERTEX_POINT('',#3058);
#3058 = CARTESIAN_POINT('',(31.33458958034,12.04788804035,
    -34.67804691736));
#3059 = ( BOUNDED_CURVE() B_SPLINE_CURVE(13,(#3060,#3061,#3062,#3063,
    #3064,#3065,#3066,#3067,#3068,#3069,#3070,#3071,#3072,#3073,#3074,
    #3075,#3076,#3077,#3078,#3079,#3080,#3081,#3082,#3083,#3084,#3085,
    #3086,#3087,#3088,#3089,#3090,#3091,#3092,#3093,#3094,#3095,#3096,
    #3097,#3098,#3099,#3100,#3101,#3102,#3103,#3104,#3105,#3106,#3107,
#3108,#3109),.UNSPECIFIED.,.F.,.F.) B_SPLINE_CURVE_WITH_KNOTS((14,12,12,
    12,14),(-1.891584720168,3.088253024222,8.068090768612,
13.047928513002,18.027766257392),.UNSPECIFIED.) CURVE() 
GEOMETRIC_REPRESENTATION_ITEM() RATIONAL_B_SPLINE_CURVE((1.,1.,
    0.999999999999,1.000000000002,0.999999999996,1.000000000007,
    0.999999999992,1.000000000008,0.999999999994,1.000000000004,
    0.999999999998,1.000000000001,1.,1.,0.999999999999,1.000000000003,
    0.999999999995,1.000000000008,0.999999999991,1.000000000009,
    0.999999999993,1.000000000005,0.999999999998,1.000000000001,1.,1.,1.
    ,0.999999999999,1.000000000003,0.999999999996,1.000000000006,
    0.999999999994,1.000000000004,0.999999999997,1.000000000001,1.,1.,1.
    ,1.,1.000000000001,0.999999999997,1.000000000003,0.999999999996,
    1.000000000003,0.999999999998,1.000000000001,0.999999999999,1.,1.,1.
)) REPRESENTATION_ITEM('') );
#3060 = CARTESIAN_POINT('',(31.078406792061,1.526498626213,
    -34.29729490981));
#3061 = CARTESIAN_POINT('',(31.072793920552,1.749748678192,
    -34.51102032773));
#3062 = CARTESIAN_POINT('',(31.067491761694,1.982446815712,
    -34.71847863255));
#3063 = CARTESIAN_POINT('',(31.062556195222,2.226974470202,
    -34.92010504773));
#3064 = CARTESIAN_POINT('',(31.058125521913,2.473354589374,
    -35.10979640697));
#3065 = CARTESIAN_POINT('',(31.054055360894,2.754017350395,
    -35.30424704854));
#3066 = CARTESIAN_POINT('',(31.050990075166,2.999757984581,
    -35.46355724413));
#3067 = CARTESIAN_POINT('',(31.048020366522,3.318268508864,
    -35.65019876345));
#3068 = CARTESIAN_POINT('',(31.046548832757,3.594467055965,
    -35.79069012481));
#3069 = CARTESIAN_POINT('',(31.045536773136,3.912156515759,
    -35.94064675343));
#3070 = CARTESIAN_POINT('',(31.045819621618,4.230086138251,
    -36.06787023001));
#3071 = CARTESIAN_POINT('',(31.047187504836,4.560433653786,
    -36.18241820795));
#3072 = CARTESIAN_POINT('',(31.04982246936,4.899668893079,
    -36.28014831628));
#3073 = CARTESIAN_POINT('',(31.057710794813,5.593545314087,
    -36.44063645815));
#3074 = CARTESIAN_POINT('',(31.062966482645,5.94821338048,
    -36.50336341241));
#3075 = CARTESIAN_POINT('',(31.069588054785,6.308965013743,
    -36.54745813529));
#3076 = CARTESIAN_POINT('',(31.077620537138,6.674480208513,
    -36.57198813126));
#3077 = CARTESIAN_POINT('',(31.087033587589,7.041932221271,
    -36.57644148925));
#3078 = CARTESIAN_POINT('',(31.097795823207,7.409530098872,-36.560569642
    ));
#3079 = CARTESIAN_POINT('',(31.109813248077,7.775055572476,
    -36.52473761293));
#3080 = CARTESIAN_POINT('',(31.122934881805,8.135871832644,
    -36.46986965622));
#3081 = CARTESIAN_POINT('',(31.137024832012,8.490553141851,
    -36.39705856888));
#3082 = CARTESIAN_POINT('',(31.151960152849,8.838459576804,
    -36.30750134055));
#3083 = CARTESIAN_POINT('',(31.167575876929,9.177939569219,
    -36.20266873645));
#3084 = CARTESIAN_POINT('',(31.183771409008,9.509051468374,
    -36.08376605695));
#3085 = CARTESIAN_POINT('',(31.217099896324,10.153766938912,
    -35.82037101331));
#3086 = CARTESIAN_POINT('',(31.234233798086,10.467396157029,
    -35.67587268497));
#3087 = CARTESIAN_POINT('',(31.251735867714,10.772144242989,
    -35.51979392473));
#3088 = CARTESIAN_POINT('',(31.26951703529,11.068049150236,
    -35.35330351519));
#3089 = CARTESIAN_POINT('',(31.287504533932,11.35533692948,
    -35.17749329996));
#3090 = CARTESIAN_POINT('',(31.305643674917,11.634397894938,
    -34.99334536146));
#3091 = CARTESIAN_POINT('',(31.323897203577,11.905744351209,
    -34.80171230388));
#3092 = CARTESIAN_POINT('',(31.3422424108,12.169955775988,
    -34.60332100994));
#3093 = CARTESIAN_POINT('',(31.360666661659,12.42762032656,
    -34.39880002753));
#3094 = CARTESIAN_POINT('',(31.379162489105,12.679284509095,
    -34.18872053093));
#3095 = CARTESIAN_POINT('',(31.397723887377,12.925425823345,
    -33.97363058834));
#3096 = CARTESIAN_POINT('',(31.416345926223,13.166466165985,
    -33.75405225632));
#3097 = CARTESIAN_POINT('',(31.453714661095,13.639227332611,
    -33.30674936137));
#3098 = CARTESIAN_POINT('',(31.472462141696,13.870955812504,
    -33.07901414267));
#3099 = CARTESIAN_POINT('',(31.491261665122,14.098329029755,
    -32.84777016589));
#3100 = CARTESIAN_POINT('',(31.510161384307,14.322242722684,
    -32.61283796003));
#3101 = CARTESIAN_POINT('',(31.529052948991,14.54178841882,
    -32.37587173697));
#3102 = CARTESIAN_POINT('',(31.54811392081,14.759256089416,-32.13520209)
  );
#3103 = CARTESIAN_POINT('',(31.567223196969,14.973434170635,
    -31.89233400556));
#3104 = CARTESIAN_POINT('',(31.586330629137,15.184013115873,
    -31.64830838964));
#3105 = CARTESIAN_POINT('',(31.605573539484,15.392788436802,
    -31.40188266605));
#3106 = CARTESIAN_POINT('',(31.624876033077,15.59894738363,
    -31.15367576725));
#3107 = CARTESIAN_POINT('',(31.644270618608,15.803075389044,
    -30.90378885186));
#3108 = CARTESIAN_POINT('',(31.663751400333,16.005205403631,
    -30.65225124162));
#3109 = CARTESIAN_POINT('',(31.683321441275,16.205496021645,
    -30.39913999355));
#3110 = ORIENTED_EDGE('',*,*,#3111,.T.);
#3111 = EDGE_CURVE('',#3057,#136,#3112,.T.);
#3112 = B_SPLINE_CURVE_WITH_KNOTS('',4,(#3113,#3114,#3115,#3116,#3117),
  .UNSPECIFIED.,.F.,.F.,(5,5),(0.,19.919472958974),
  .PIECEWISE_BEZIER_KNOTS.);
#3113 = CARTESIAN_POINT('',(31.334589951817,12.047887680781,
    -34.67804691736));
#3114 = CARTESIAN_POINT('',(31.359799646964,12.412622696149,
    -35.19454516247));
#3115 = CARTESIAN_POINT('',(31.314079084457,12.784538329307,
    -35.71707533297));
#3116 = CARTESIAN_POINT('',(31.193637747289,13.152493458365,
    -36.2304848707));
#3117 = CARTESIAN_POINT('',(31.006918621404,13.505992910829,
    -36.72111163284));
#3118 = ORIENTED_EDGE('',*,*,#135,.F.);
#3119 = ( BOUNDED_SURFACE() B_SPLINE_SURFACE(2,13,(
    (#3120,#3121,#3122,#3123,#3124,#3125,#3126,#3127,#3128,#3129,#3130
      ,#3131,#3132,#3133,#3134,#3135,#3136,#3137,#3138,#3139,#3140,#3141
      ,#3142,#3143,#3144,#3145,#3146,#3147,#3148,#3149,#3150,#3151,#3152
      ,#3153,#3154,#3155,#3156,#3157,#3158,#3159,#3160,#3161,#3162,#3163
      ,#3164,#3165,#3166,#3167,#3168,#3169)
    ,(#3170,#3171,#3172,#3173,#3174,#3175,#3176,#3177,#3178,#3179,#3180
      ,#3181,#3182,#3183,#3184,#3185,#3186,#3187,#3188,#3189,#3190,#3191
      ,#3192,#3193,#3194,#3195,#3196,#3197,#3198,#3199,#3200,#3201,#3202
      ,#3203,#3204,#3205,#3206,#3207,#3208,#3209,#3210,#3211,#3212,#3213
      ,#3214,#3215,#3216,#3217,#3218,#3219)
    ,(#3220,#3221,#3222,#3223,#3224,#3225,#3226,#3227,#3228,#3229,#3230
      ,#3231,#3232,#3233,#3234,#3235,#3236,#3237,#3238,#3239,#3240,#3241
      ,#3242,#3243,#3244,#3245,#3246,#3247,#3248,#3249,#3250,#3251,#3252
      ,#3253,#3254,#3255,#3256,#3257,#3258,#3259,#3260,#3261,#3262,#3263
      ,#3264,#3265,#3266,#3267,#3268,#3269
)),.UNSPECIFIED.,.F.,.F.,.F.) B_SPLINE_SURFACE_WITH_KNOTS((3,3),(14,12,
    12,12,14),(0.,19.91935097756),(-1.891584720168,3.088253024222,
    8.068090768612,13.047928513002,18.027766257392),.UNSPECIFIED.) 
GEOMETRIC_REPRESENTATION_ITEM() RATIONAL_B_SPLINE_SURFACE((
    (1.,1.,0.999999999999,1.000000000002,0.999999999996,1.000000000007
      ,0.999999999992,1.000000000008,0.999999999994,1.000000000004
      ,0.999999999998,1.000000000001,1.,1.,0.999999999999,1.000000000003
      ,0.999999999995,1.000000000008,0.999999999991,1.000000000009
      ,0.999999999993,1.000000000005,0.999999999998,1.000000000001,1.,1.
      ,1.,0.999999999999,1.000000000003,0.999999999996,1.000000000006
      ,0.999999999994,1.000000000004,0.999999999997,1.000000000001,1.,1.
      ,1.,1.,1.000000000001,0.999999999997,1.000000000003,0.999999999996
      ,1.000000000003,0.999999999998,1.000000000001,0.999999999999,1.,1.
      ,1.)
    ,(0.984273586039,0.984391088134,0.984509079555,0.984627727617
      ,0.984742164422,0.984865276709,0.984965017955,0.98509264899
      ,0.985185817171,0.98529282979,0.985385024015,0.985471689889
      ,0.98554924891,0.985685534978,0.985744236929,0.985792756068
      ,0.985830638955,0.98585781609,0.985874460784,0.985881385819
      ,0.985879848808,0.985871077996,0.985856406412,0.985837593747
      ,0.985815875405,0.985769821891,0.985745455347,0.985721294714
      ,0.985698769305,0.985679363625,0.985664612811,0.985656013416
      ,0.985654918175,0.985662457302,0.985679506855,0.985706698323
      ,0.985744441211,0.985841368565,0.985900562503,0.985970566289
      ,0.986052082287,0.986142335015,0.9862464967,0.986357945657
      ,0.986478171336,0.986612203092,0.986750342824,0.986898511227
      ,0.987053516475,0.987215487977)
    ,(1.,1.,0.999999999999,1.000000000002,0.999999999996,1.000000000007
      ,0.999999999992,1.000000000008,0.999999999994,1.000000000004
      ,0.999999999998,1.000000000001,1.,1.,0.999999999999,1.000000000003
      ,0.999999999995,1.000000000008,0.999999999991,1.000000000009
      ,0.999999999993,1.000000000005,0.999999999998,1.000000000001,1.,1.
      ,1.,0.999999999999,1.000000000003,0.999999999996,1.000000000006
      ,0.999999999994,1.000000000004,0.999999999997,1.000000000001,1.,1.
      ,1.,1.,1.000000000001,0.999999999997,1.000000000003,0.999999999996
      ,1.000000000003,0.999999999998,1.000000000001,0.999999999999,1.,1.
,1.))) REPRESENTATION_ITEM('') SURFACE() );
#3120 = CARTESIAN_POINT('',(30.655177255841,-0.2630380928,
    -36.20508796777));
#3121 = CARTESIAN_POINT('',(30.647241897172,2.914608107365E-02,
    -36.46931938781));
#3122 = CARTESIAN_POINT('',(30.639702893765,0.335382205853,
    -36.72738282515));
#3123 = CARTESIAN_POINT('',(30.632642219235,0.657918118116,
    -36.97928856269));
#3124 = CARTESIAN_POINT('',(30.626276667697,0.988011829579,
    -37.21848252419));
#3125 = CARTESIAN_POINT('',(30.620403298684,1.353361972568,
    -37.46044933763));
#3126 = CARTESIAN_POINT('',(30.615865106034,1.69839227415,
    -37.66865339337));
#3127 = CARTESIAN_POINT('',(30.61172438948,2.102138846163,
    -37.89399494518));
#3128 = CARTESIAN_POINT('',(30.609317724608,2.490259378367,
    -38.08119655644));
#3129 = CARTESIAN_POINT('',(30.607897141721,2.907524519922,
    -38.26607261465));
#3130 = CARTESIAN_POINT('',(30.608139762522,3.33735924772,
    -38.42897016507));
#3131 = CARTESIAN_POINT('',(30.609999308263,3.781140049995,
    -38.57365760769));
#3132 = CARTESIAN_POINT('',(30.613659835298,4.237490611297,
    -38.69714682001));
#3133 = CARTESIAN_POINT('',(30.624734246054,5.170653880329,
    -38.89906017413));
#3134 = CARTESIAN_POINT('',(30.632150551613,5.647546103273,
    -38.9774735418));
#3135 = CARTESIAN_POINT('',(30.641520863182,6.132174789393,
    -39.03183643692));
#3136 = CARTESIAN_POINT('',(30.652911098014,6.622756867452,
    -39.06095510919));
#3137 = CARTESIAN_POINT('',(30.666281368759,7.11513395041,
    -39.06405048225));
#3138 = CARTESIAN_POINT('',(30.681552429106,7.606103752688,
    -39.04101416225));
#3139 = CARTESIAN_POINT('',(30.698590805238,8.092791231517,
    -38.99240914741));
#3140 = CARTESIAN_POINT('',(30.717191233,8.57186832446,-38.91944782896)
  );
#3141 = CARTESIAN_POINT('',(30.737117666086,9.040575232079,
    -38.82385878434));
#3142 = CARTESIAN_POINT('',(30.758160929552,9.497519718981,
    -38.70752299332));
#3143 = CARTESIAN_POINT('',(30.780136880805,9.941663042655,
    -38.5722306425));
#3144 = CARTESIAN_POINT('',(30.802838623411,10.371797890252,
    -38.42005007917));
#3145 = CARTESIAN_POINT('',(30.849411206843,11.203738076565,
    -38.08542277799));
#3146 = CARTESIAN_POINT('',(30.873278008642,11.60548117814,
    -37.90300275937));
#3147 = CARTESIAN_POINT('',(30.897581770433,11.992745055748,
    -37.70722038611));
#3148 = CARTESIAN_POINT('',(30.922184842859,12.36537523194,
    -37.49988589367));
#3149 = CARTESIAN_POINT('',(30.946982979015,12.723548846439,
    -37.28265366419));
#3150 = CARTESIAN_POINT('',(30.971909371563,13.067759166924,
    -37.05695683675));
#3151 = CARTESIAN_POINT('',(30.996926924563,13.398694514425,
    -36.82402288904));
#3152 = CARTESIAN_POINT('',(31.022017328319,13.717112399447,
    -36.58491491326));
#3153 = CARTESIAN_POINT('',(31.047172374264,14.023766699861,
    -36.34056374454));
#3154 = CARTESIAN_POINT('',(31.072389815881,14.319402739696,
    -36.09177653748));
#3155 = CARTESIAN_POINT('',(31.09767295042,14.604792164198,
    -35.83922782156));
#3156 = CARTESIAN_POINT('',(31.123029965081,14.880736534482,
    -35.58345950354));
#3157 = CARTESIAN_POINT('',(31.173901955257,15.415114665981,
    -35.06641393738));
#3158 = CARTESIAN_POINT('',(31.199418459835,15.673563815019,
    -34.8051222807));
#3159 = CARTESIAN_POINT('',(31.22500761408,15.923900463518,
    -34.54166824609));
#3160 = CARTESIAN_POINT('',(31.250763149696,16.167413007568,
    -34.27554353202));
#3161 = CARTESIAN_POINT('',(31.276412013639,16.40277088274,
    -34.00977824185));
#3162 = CARTESIAN_POINT('',(31.30252215322,16.634612808559,
    -33.73910664675));
#3163 = CARTESIAN_POINT('',(31.328497466106,16.859099563837,
    -33.46943339613));
#3164 = CARTESIAN_POINT('',(31.354455594528,17.077483207769,
    -33.1998858803));
#3165 = CARTESIAN_POINT('',(31.380935563729,17.294080794595,
    -32.92536288759));
#3166 = CARTESIAN_POINT('',(31.407133906513,17.503555504465,
    -32.65348592937));
#3167 = CARTESIAN_POINT('',(31.433588635121,17.71011211851,
    -32.37924036355));
#3168 = CARTESIAN_POINT('',(31.460064751942,17.912378764442,
    -32.1048158203));
#3169 = CARTESIAN_POINT('',(31.486603935101,18.110955647157,
    -31.82979767642));
#3170 = CARTESIAN_POINT('',(31.101446946955,0.610084314989,
    -35.28294366084));
#3171 = CARTESIAN_POINT('',(31.092856515699,0.868531159554,
    -35.52243096535));
#3172 = CARTESIAN_POINT('',(31.08461420647,1.138760694185,
    -35.75567876773));
#3173 = CARTESIAN_POINT('',(31.076786578095,1.423088048938,
    -35.98290849567));
#3174 = CARTESIAN_POINT('',(31.069626049509,1.71215312807,
    -36.19778634443));
#3175 = CARTESIAN_POINT('',(31.062761974754,2.036004327083,
    -36.41639709356));
#3176 = CARTESIAN_POINT('',(31.057427859006,2.332327064607,
    -36.60055456955));
#3177 = CARTESIAN_POINT('',(31.051919454799,2.694273738643,
    -36.80682671847));
#3178 = CARTESIAN_POINT('',(31.048554525694,3.027473612186,
    -36.97103542452));
#3179 = CARTESIAN_POINT('',(31.045707359668,3.39585364883,
    -37.13867688437));
#3180 = CARTESIAN_POINT('',(31.044568515321,3.770741820414,
    -37.28397254778));
#3181 = CARTESIAN_POINT('',(31.04487000476,4.158801749455,
    -37.41376552661));
#3182 = CARTESIAN_POINT('',(31.046849082087,4.55760457753,
    -37.52450852765));
#3183 = CARTESIAN_POINT('',(31.054289332446,5.373091865033,
    -37.70587058519));
#3184 = CARTESIAN_POINT('',(31.059752920979,5.789843238407,
    -37.77647801071));
#3185 = CARTESIAN_POINT('',(31.067036315705,6.21351558293,
    -37.82570464437));
#3186 = CARTESIAN_POINT('',(31.076202097037,6.642555141551,
    -37.85248500994));
#3187 = CARTESIAN_POINT('',(31.087216230656,7.073460926666,
    -37.85617057818));
#3188 = CARTESIAN_POINT('',(31.100020486005,7.503725420557,
    -37.83658233512));
#3189 = CARTESIAN_POINT('',(31.114488539132,7.930796180959,
    -37.79418371966));
#3190 = CARTESIAN_POINT('',(31.130422779433,8.351685043271,
    -37.73004321008));
#3191 = CARTESIAN_POINT('',(31.147617825896,8.764288785518,
    -37.64557462293));
#3192 = CARTESIAN_POINT('',(31.165886703137,9.167584983463,
    -37.54232041047));
#3193 = CARTESIAN_POINT('',(31.185027931499,9.560231916147,
    -37.42191160148));
#3194 = CARTESIAN_POINT('',(31.204868171231,9.94164533267,
    -37.28599014525));
#3195 = CARTESIAN_POINT('',(31.245646191648,10.681480956784,
    -36.9861490724));
#3196 = CARTESIAN_POINT('',(31.266583023034,11.039885136515,
    -36.8222380417));
#3197 = CARTESIAN_POINT('',(31.287920659314,11.386559528729,
    -36.64582558393));
#3198 = CARTESIAN_POINT('',(31.309523370007,11.721439999002,
    -36.45840653003));
#3199 = CARTESIAN_POINT('',(31.331279580848,12.044723986004,
    -36.26135880487));
#3200 = CARTESIAN_POINT('',(31.35310489464,12.35685106605,
    -36.05589375038));
#3201 = CARTESIAN_POINT('',(31.374939207121,12.658420706417,
    -35.84305429754));
#3202 = CARTESIAN_POINT('',(31.396741340612,12.950101427761,
    -35.62373782002));
#3203 = CARTESIAN_POINT('',(31.418483624734,13.232565102294,
    -35.39872596858));
#3204 = CARTESIAN_POINT('',(31.440147863909,13.50645968876,
    -35.16870921502));
#3205 = CARTESIAN_POINT('',(31.461723146966,13.772413354229,
    -34.93429922748));
#3206 = CARTESIAN_POINT('',(31.483204973696,14.031042630551,
    -34.69602753797));
#3207 = CARTESIAN_POINT('',(31.52598131967,14.534766647321,
    -34.21266472627));
#3208 = CARTESIAN_POINT('',(31.5472759481,14.779863363392,
    -33.96757217298));
#3209 = CARTESIAN_POINT('',(31.568467402815,15.018674323952,
    -33.71964828469));
#3210 = CARTESIAN_POINT('',(31.589616491978,15.252298236304,
    -33.46854303263));
#3211 = CARTESIAN_POINT('',(31.610573114373,15.479615316355,
    -33.21661849267));
#3212 = CARTESIAN_POINT('',(31.631635222767,15.704111686105,
    -32.96036020336));
#3213 = CARTESIAN_POINT('',(31.652540587524,15.923245432319,
    -32.70352559397));
#3214 = CARTESIAN_POINT('',(31.673302070226,16.137505150399,
    -32.44617677783));
#3215 = CARTESIAN_POINT('',(31.694184827616,16.349964778773,
    -32.18509955836));
#3216 = CARTESIAN_POINT('',(31.71489072327,16.557524147138,
    -31.9244867272));
#3217 = CARTESIAN_POINT('',(31.735619170571,16.762603054217,
    -31.66183045459));
#3218 = CARTESIAN_POINT('',(31.756296604812,16.9645267301,
    -31.39826043155));
#3219 = CARTESIAN_POINT('',(31.776943828574,17.163679291043,
    -31.1336031884));
#3220 = CARTESIAN_POINT('',(31.078406792061,1.526498626213,
    -34.29729490981));
#3221 = CARTESIAN_POINT('',(31.072793920552,1.749748678192,
    -34.51102032773));
#3222 = CARTESIAN_POINT('',(31.067491761694,1.982446815712,
    -34.71847863255));
#3223 = CARTESIAN_POINT('',(31.062556195222,2.226974470202,
    -34.92010504773));
#3224 = CARTESIAN_POINT('',(31.058125521913,2.473354589374,
    -35.10979640697));
#3225 = CARTESIAN_POINT('',(31.054055360894,2.754017350395,
    -35.30424704854));
#3226 = CARTESIAN_POINT('',(31.050990075166,2.999757984581,
    -35.46355724413));
#3227 = CARTESIAN_POINT('',(31.048020366522,3.318268508864,
    -35.65019876345));
#3228 = CARTESIAN_POINT('',(31.046548832757,3.594467055965,
    -35.79069012481));
#3229 = CARTESIAN_POINT('',(31.045536773136,3.912156515759,
    -35.94064675343));
#3230 = CARTESIAN_POINT('',(31.045819621618,4.230086138251,
    -36.06787023001));
#3231 = CARTESIAN_POINT('',(31.047187504836,4.560433653786,
    -36.18241820795));
#3232 = CARTESIAN_POINT('',(31.04982246936,4.899668893079,
    -36.28014831628));
#3233 = CARTESIAN_POINT('',(31.057710794813,5.593545314087,
    -36.44063645815));
#3234 = CARTESIAN_POINT('',(31.062966482645,5.94821338048,
    -36.50336341241));
#3235 = CARTESIAN_POINT('',(31.069588054785,6.308965013743,
    -36.54745813529));
#3236 = CARTESIAN_POINT('',(31.077620537138,6.674480208513,
    -36.57198813126));
#3237 = CARTESIAN_POINT('',(31.087033587589,7.041932221271,
    -36.57644148925));
#3238 = CARTESIAN_POINT('',(31.097795823207,7.409530098872,-36.560569642
    ));
#3239 = CARTESIAN_POINT('',(31.109813248077,7.775055572476,
    -36.52473761293));
#3240 = CARTESIAN_POINT('',(31.122934881805,8.135871832644,
    -36.46986965622));
#3241 = CARTESIAN_POINT('',(31.137024832012,8.490553141851,
    -36.39705856888));
#3242 = CARTESIAN_POINT('',(31.151960152849,8.838459576804,
    -36.30750134055));
#3243 = CARTESIAN_POINT('',(31.167575876929,9.177939569219,
    -36.20266873645));
#3244 = CARTESIAN_POINT('',(31.183771409008,9.509051468374,
    -36.08376605695));
#3245 = CARTESIAN_POINT('',(31.217099896324,10.153766938912,
    -35.82037101331));
#3246 = CARTESIAN_POINT('',(31.234233798086,10.467396157029,
    -35.67587268497));
#3247 = CARTESIAN_POINT('',(31.251735867714,10.772144242989,
    -35.51979392473));
#3248 = CARTESIAN_POINT('',(31.26951703529,11.068049150236,
    -35.35330351519));
#3249 = CARTESIAN_POINT('',(31.287504533932,11.35533692948,
    -35.17749329996));
#3250 = CARTESIAN_POINT('',(31.305643674917,11.634397894938,
    -34.99334536146));
#3251 = CARTESIAN_POINT('',(31.323897203577,11.905744351209,
    -34.80171230388));
#3252 = CARTESIAN_POINT('',(31.3422424108,12.169955775988,
    -34.60332100994));
#3253 = CARTESIAN_POINT('',(31.360666661659,12.42762032656,
    -34.39880002753));
#3254 = CARTESIAN_POINT('',(31.379162489105,12.679284509095,
    -34.18872053093));
#3255 = CARTESIAN_POINT('',(31.397723887377,12.925425823345,
    -33.97363058834));
#3256 = CARTESIAN_POINT('',(31.416345926223,13.166466165985,
    -33.75405225632));
#3257 = CARTESIAN_POINT('',(31.453714661095,13.639227332611,
    -33.30674936137));
#3258 = CARTESIAN_POINT('',(31.472462141696,13.870955812504,
    -33.07901414267));
#3259 = CARTESIAN_POINT('',(31.491261665122,14.098329029755,
    -32.84777016589));
#3260 = CARTESIAN_POINT('',(31.510161384307,14.322242722684,
    -32.61283796003));
#3261 = CARTESIAN_POINT('',(31.529052948991,14.54178841882,
    -32.37587173697));
#3262 = CARTESIAN_POINT('',(31.54811392081,14.759256089416,-32.13520209)
  );
#3263 = CARTESIAN_POINT('',(31.567223196969,14.973434170635,
    -31.89233400556));
#3264 = CARTESIAN_POINT('',(31.586330629137,15.184013115873,
    -31.64830838964));
#3265 = CARTESIAN_POINT('',(31.605573539484,15.392788436802,
    -31.40188266605));
#3266 = CARTESIAN_POINT('',(31.624876033077,15.59894738363,
    -31.15367576725));
#3267 = CARTESIAN_POINT('',(31.644270618608,15.803075389044,
    -30.90378885186));
#3268 = CARTESIAN_POINT('',(31.663751400333,16.005205403631,
    -30.65225124162));
#3269 = CARTESIAN_POINT('',(31.683321441275,16.205496021645,
    -30.39913999355));
#3270 = ADVANCED_FACE('',(#3271),#3477,.T.);
#3271 = FACE_BOUND('',#3272,.T.);
#3272 = EDGE_LOOP('',(#3273,#3274,#3450,#3476));
#3273 = ORIENTED_EDGE('',*,*,#2931,.T.);
#3274 = ORIENTED_EDGE('',*,*,#3275,.T.);
#3275 = EDGE_CURVE('',#2932,#3276,#3278,.T.);
#3276 = VERTEX_POINT('',#3277);
#3277 = CARTESIAN_POINT('',(2.806599709669,49.,-40.32320306413));
#3278 = B_SPLINE_CURVE_WITH_KNOTS('',14,(#3279,#3280,#3281,#3282,#3283,
    #3284,#3285,#3286,#3287,#3288,#3289,#3290,#3291,#3292,#3293,#3294,
    #3295,#3296,#3297,#3298,#3299,#3300,#3301,#3302,#3303,#3304,#3305,
    #3306,#3307,#3308,#3309,#3310,#3311,#3312,#3313,#3314,#3315,#3316,
    #3317,#3318,#3319,#3320,#3321,#3322,#3323,#3324,#3325,#3326,#3327,
    #3328,#3329,#3330,#3331,#3332,#3333,#3334,#3335,#3336,#3337,#3338,
    #3339,#3340,#3341,#3342,#3343,#3344,#3345,#3346,#3347,#3348,#3349,
    #3350,#3351,#3352,#3353,#3354,#3355,#3356,#3357,#3358,#3359,#3360,
    #3361,#3362,#3363,#3364,#3365,#3366,#3367,#3368,#3369,#3370,#3371,
    #3372,#3373,#3374,#3375,#3376,#3377,#3378,#3379,#3380,#3381,#3382,
    #3383,#3384,#3385,#3386,#3387,#3388,#3389,#3390,#3391,#3392,#3393,
    #3394,#3395,#3396,#3397,#3398,#3399,#3400,#3401,#3402,#3403,#3404,
    #3405,#3406,#3407,#3408,#3409,#3410,#3411,#3412,#3413,#3414,#3415,
    #3416,#3417,#3418,#3419,#3420,#3421,#3422,#3423,#3424,#3425,#3426,
    #3427,#3428,#3429,#3430,#3431,#3432,#3433,#3434,#3435,#3436,#3437,
    #3438,#3439,#3440,#3441,#3442,#3443,#3444,#3445,#3446,#3447,#3448,
    #3449),.UNSPECIFIED.,.F.,.F.,(15,13,13,13,13,13,13,13,13,13,13,13,13
    ,15),(-10.54697855292,-7.329343497515,3.465109625716,13.36014703707,
    25.659612389207,41.050069985707,53.767557808115,65.867881003486,
    79.922581942736,85.833997188778,86.954070035043,88.429687326704,
    90.583742130679,94.371938159792),.UNSPECIFIED.);
#3279 = CARTESIAN_POINT('',(-2.642699073529,-25.20384012992,
    -35.58256261429));
#3280 = CARTESIAN_POINT('',(-2.361625855901,-25.13892745836,
    -35.66126677301));
#3281 = CARTESIAN_POINT('',(-2.083794982977,-25.0747635926,
    -35.73906303302));
#3282 = CARTESIAN_POINT('',(-1.809206454756,-25.01134853264,
    -35.81595139432));
#3283 = CARTESIAN_POINT('',(-1.537860271239,-24.9486822785,
    -35.89193185691));
#3284 = CARTESIAN_POINT('',(-1.269756432424,-24.88676483015,
    -35.96700442079));
#3285 = CARTESIAN_POINT('',(-1.004894938313,-24.82559618762,
    -36.04116908596));
#3286 = CARTESIAN_POINT('',(-0.743275788905,-24.76517635089,
    -36.11442585242));
#3287 = CARTESIAN_POINT('',(-0.484898984201,-24.70550531996,
    -36.18677472017));
#3288 = CARTESIAN_POINT('',(-0.2297645242,-24.64658309484,
    -36.25821568921));
#3289 = CARTESIAN_POINT('',(2.212759109836E-02,-24.58840967552,
    -36.32874875954));
#3290 = CARTESIAN_POINT('',(0.270777361693,-24.53098506201,
    -36.39837393116));
#3291 = CARTESIAN_POINT('',(0.516184787585,-24.47430925431,
    -36.46709120408));
#3292 = CARTESIAN_POINT('',(0.758349868773,-24.41838225241,
    -36.53490057828));
#3293 = CARTESIAN_POINT('',(1.798805481003,-24.17809342665,
    -36.8262416899));
#3294 = CARTESIAN_POINT('',(2.472405214449,-23.97472576393,
    -37.06993184981));
#3295 = CARTESIAN_POINT('',(3.046700320656,-23.76504658034,
    -37.31723453752));
#3296 = CARTESIAN_POINT('',(3.539931198476,-23.55593452242,
    -37.56099775174));
#3297 = CARTESIAN_POINT('',(3.973171064128,-23.33641050196,
    -37.81088945635));
#3298 = CARTESIAN_POINT('',(4.352678148584,-23.13340101412,
    -38.04191375464));
#3299 = CARTESIAN_POINT('',(4.730669878116,-22.90222767342,
    -38.29778102358));
#3300 = CARTESIAN_POINT('',(5.090815692961,-22.66809885822,
    -38.55454541191));
#3301 = CARTESIAN_POINT('',(5.440518086528,-22.42517634473,
    -38.81870976361));
#3302 = CARTESIAN_POINT('',(5.819166209642,-22.12067955313,
    -39.13934674601));
#3303 = CARTESIAN_POINT('',(6.154336968523,-21.83628235019,
    -39.43348458165));
#3304 = CARTESIAN_POINT('',(6.499758388202,-21.51636463844,
    -39.75676768739));
#3305 = CARTESIAN_POINT('',(6.833377101007,-21.18279106163,
    -40.08532706085));
#3306 = CARTESIAN_POINT('',(7.459704957647,-20.50872497601,
    -40.73182259118));
#3307 = CARTESIAN_POINT('',(7.753037603433,-20.17155690402,
    -41.04790116347));
#3308 = CARTESIAN_POINT('',(8.040114827987,-19.81981906242,
    -41.36972705725));
#3309 = CARTESIAN_POINT('',(8.32093427997,-19.45370558677,
    -41.69618319311));
#3310 = CARTESIAN_POINT('',(8.595525740632,-19.07339594673,
    -42.0261718394));
#3311 = CARTESIAN_POINT('',(8.863947577452,-18.67906295076,
    -42.35861531136));
#3312 = CARTESIAN_POINT('',(9.126283191476,-18.27088073219,
    -42.69245663864));
#3313 = CARTESIAN_POINT('',(9.382637473699,-17.84903276285,
    -43.02666027846));
#3314 = CARTESIAN_POINT('',(9.633133250428,-17.41371983189,
    -43.36021277262));
#3315 = CARTESIAN_POINT('',(9.877907740114,-16.96516806229,
    -43.69212346367));
#3316 = CARTESIAN_POINT('',(10.117108999962,-16.50363689236,
    -44.02142515762));
#3317 = CARTESIAN_POINT('',(10.350892380326,-16.02942708505,
    -44.347174828));
#3318 = CARTESIAN_POINT('',(10.579416974077,-15.54288871853,
    -44.66845429272));
#3319 = CARTESIAN_POINT('',(11.080557967632,-14.42484732228,
    -45.37705314417));
#3320 = CARTESIAN_POINT('',(11.350414626786,-13.78682709022,
    -45.76147752474));
#3321 = CARTESIAN_POINT('',(11.612714535232,-13.13109219547,
    -46.13599565617));
#3322 = CARTESIAN_POINT('',(11.867779231473,-12.45849991928,
    -46.49903846318));
#3323 = CARTESIAN_POINT('',(12.115922898721,-11.77003091561,
    -46.8491588775));
#3324 = CARTESIAN_POINT('',(12.357428858362,-11.06677520381,
    -47.18506662704));
#3325 = CARTESIAN_POINT('',(12.59252895522,-10.34991434639,
    -47.50565510174));
#3326 = CARTESIAN_POINT('',(12.82138584457,-9.620699830682,
    -47.81002032976));
#3327 = CARTESIAN_POINT('',(13.044078167728,-8.880427628982,
    -48.09747201975));
#3328 = CARTESIAN_POINT('',(13.26058863116,-8.13040896656,
    -48.36753671918));
#3329 = CARTESIAN_POINT('',(13.470794974507,-7.371937268283,
    -48.61995303999));
#3330 = CARTESIAN_POINT('',(13.674463839834,-6.606251308964,
    -48.85465899259));
#3331 = CARTESIAN_POINT('',(13.87124753319,-5.834494548906,
    -49.0717713985));
#3332 = CARTESIAN_POINT('',(14.297727243368,-4.085622314349,
    -49.52155184259));
#3333 = CARTESIAN_POINT('',(14.523269132172,-3.105647773768,
    -49.74441203028));
#3334 = CARTESIAN_POINT('',(14.736465586602,-2.119964350289,
    -49.94062881738));
#3335 = CARTESIAN_POINT('',(14.936000349009,-1.129943302467,
    -50.11110254236));
#3336 = CARTESIAN_POINT('',(15.120937479559,-0.138025345089,
    -50.25692032164));
#3337 = CARTESIAN_POINT('',(15.289019911351,0.854733504143,
    -50.37932028394));
#3338 = CARTESIAN_POINT('',(15.439058081987,1.847027488527,
    -50.47997157251));
#3339 = CARTESIAN_POINT('',(15.569574562919,2.838184895157,
    -50.56034125944));
#3340 = CARTESIAN_POINT('',(15.677951627835,3.826924653249,
    -50.62165373899));
#3341 = CARTESIAN_POINT('',(15.762727160317,4.809604681761,
    -50.66565309011));
#3342 = CARTESIAN_POINT('',(15.823441791357,5.785505976516,
    -50.6942519317));
#3343 = CARTESIAN_POINT('',(15.857032605111,6.758976652313,
    -50.70833134516));
#3344 = CARTESIAN_POINT('',(15.864256220498,7.71438045326,
    -50.71014751631));
#3345 = CARTESIAN_POINT('',(15.826899244094,9.449185312644,
    -50.69323842124));
#3346 = CARTESIAN_POINT('',(15.790872235345,10.230306658887,
    -50.67805924306));
#3347 = CARTESIAN_POINT('',(15.737658524144,11.014199171574,
    -50.65595440683));
#3348 = CARTESIAN_POINT('',(15.663973382204,11.799661680465,
    -50.62458673477));
#3349 = CARTESIAN_POINT('',(15.578152250304,12.576911545292,
    -50.58886013121));
#3350 = CARTESIAN_POINT('',(15.466991371695,13.360867163323,
    -50.53984180532));
#3351 = CARTESIAN_POINT('',(15.353845407493,14.115394807066,
    -50.4914458807));
#3352 = CARTESIAN_POINT('',(15.211216575051,14.900028955919,
    -50.42708797704));
#3353 = CARTESIAN_POINT('',(15.06748665933,15.643730911022,
    -50.36258597334));
#3354 = CARTESIAN_POINT('',(14.904518221461,16.402959219584,
    -50.28709933931));
#3355 = CARTESIAN_POINT('',(14.733247659234,17.145865415229,
    -50.20661476924));
#3356 = CARTESIAN_POINT('',(14.55073578002,17.885723650758,
    -50.11896602017));
#3357 = CARTESIAN_POINT('',(14.358554446083,18.619706067966,
    -50.024831387));
#3358 = CARTESIAN_POINT('',(13.964857120994,20.043791398537,
    -49.82818752489));
#3359 = CARTESIAN_POINT('',(13.76425915818,20.734253365694,
    -49.72631394845));
#3360 = CARTESIAN_POINT('',(13.555270693216,21.421649303658,
    -49.61842547387));
#3361 = CARTESIAN_POINT('',(13.337925670008,22.107032594098,
    -49.50443492637));
#3362 = CARTESIAN_POINT('',(13.112062448902,22.791424587131,
    -49.38421479115));
#3363 = CARTESIAN_POINT('',(12.877395091374,23.475658554232,
    -49.25762548202));
#3364 = CARTESIAN_POINT('',(12.633601676253,24.160312355563,
    -49.12453990185));
#3365 = CARTESIAN_POINT('',(12.380407031012,24.845701991395,
    -48.98486200374));
#3366 = CARTESIAN_POINT('',(12.117644359642,25.531913134054,
    -48.8385378393));
#3367 = CARTESIAN_POINT('',(11.845287441095,26.218852884822,
    -48.68555871662));
#3368 = CARTESIAN_POINT('',(11.563452158346,26.906308895548,
    -48.52595682079));
#3369 = CARTESIAN_POINT('',(11.272373308387,27.594008140896,
    -48.3597947797));
#3370 = CARTESIAN_POINT('',(10.972369744983,28.281672556888,
    -48.18715144571));
#3371 = CARTESIAN_POINT('',(10.305430829788,29.767500430747,
    -47.80014472216));
#3372 = CARTESIAN_POINT('',(9.935510338908,30.565602747098,-47.58353447)
  );
#3373 = CARTESIAN_POINT('',(9.554634044949,31.362940774714,
    -47.35843751054));
#3374 = CARTESIAN_POINT('',(9.163546992724,32.159267624379,
    -47.12495840819));
#3375 = CARTESIAN_POINT('',(8.763054171217,32.954395976224,
    -46.88321821362));
#3376 = CARTESIAN_POINT('',(8.353997746352,33.748229194168,
    -46.63333634729));
#3377 = CARTESIAN_POINT('',(7.937265566316,34.540838095362,
    -46.37538491121));
#3378 = CARTESIAN_POINT('',(7.513798774621,35.33251416489,
    -46.10935338469));
#3379 = CARTESIAN_POINT('',(7.084587738969,36.123779607823,
    -45.83513573742));
#3380 = CARTESIAN_POINT('',(6.650666981659,36.915384523127,
    -45.55252653552));
#3381 = CARTESIAN_POINT('',(6.213141154536,37.708371041007,
    -45.26118662647));
#3382 = CARTESIAN_POINT('',(5.773295578452,38.504334156296,
    -44.96051352574));
#3383 = CARTESIAN_POINT('',(5.332866241195,39.306058594383,
    -44.64932571379));
#3384 = CARTESIAN_POINT('',(4.710216097418,40.460583901045,
    -44.18893571577));
#3385 = CARTESIAN_POINT('',(4.526233017901,40.80438064914,
    -44.05033126467));
#3386 = CARTESIAN_POINT('',(4.342939840653,41.150326965921,
    -43.90935187898));
#3387 = CARTESIAN_POINT('',(4.160148174737,41.499824594686,
    -43.76535274936));
#3388 = CARTESIAN_POINT('',(3.979163697725,41.851270837006,
    -43.61905228987));
#3389 = CARTESIAN_POINT('',(3.799078868019,42.208504434731,
    -43.4687072204));
#3390 = CARTESIAN_POINT('',(3.621066100445,42.570653679822,
    -43.3146634859));
#3391 = CARTESIAN_POINT('',(3.446389726545,42.937317563663,-43.15707072)
  );
#3392 = CARTESIAN_POINT('',(3.274622232613,43.313486175841,
    -42.99364552146));
#3393 = CARTESIAN_POINT('',(3.107204932611,43.70121756782,
    -42.82334531556));
#3394 = CARTESIAN_POINT('',(2.947703365763,44.098839394,-42.64676760447)
  );
#3395 = CARTESIAN_POINT('',(2.796425570632,44.516518402837,
    -42.45918552712));
#3396 = CARTESIAN_POINT('',(2.661273560838,44.958835683606,
    -42.25801161718));
#3397 = CARTESIAN_POINT('',(2.533825279272,45.517097001649,
    -42.0006848803));
#3398 = CARTESIAN_POINT('',(2.514532794788,45.606987103306,
    -41.95915326802));
#3399 = CARTESIAN_POINT('',(2.496323847623,45.697855365257,
    -41.91707016819));
#3400 = CARTESIAN_POINT('',(2.479285511566,45.789701247209,
    -41.87443236165));
#3401 = CARTESIAN_POINT('',(2.46351392932,45.882505628833,-41.8312451626
    ));
#3402 = CARTESIAN_POINT('',(2.449110512309,45.976229276528,
    -41.78752331557));
#3403 = CARTESIAN_POINT('',(2.43617805685,46.070812155634,-41.7432914879
    ));
#3404 = CARTESIAN_POINT('',(2.424816768481,46.166173596229,
    -41.69858434554));
#3405 = CARTESIAN_POINT('',(2.41512020499,46.262213300726,
    -41.65344622818));
#3406 = CARTESIAN_POINT('',(2.407171126675,46.358813208204,
    -41.60793040605));
#3407 = CARTESIAN_POINT('',(2.401037264428,46.455840198893,
    -41.56209793461));
#3408 = CARTESIAN_POINT('',(2.396766997343,46.553149654847,
    -41.51601609488));
#3409 = CARTESIAN_POINT('',(2.394384945341,46.650589863397,
    -41.46975642683));
#3410 = CARTESIAN_POINT('',(2.39323208993,46.876347866794,
    -41.36231094149));
#3411 = CARTESIAN_POINT('',(2.395847516,47.004645885703,-41.30104988836)
  );
#3412 = CARTESIAN_POINT('',(2.401750431293,47.132485947268,
    -41.2398068804));
#3413 = CARTESIAN_POINT('',(2.410862789627,47.259498833632,
    -41.17876132893));
#3414 = CARTESIAN_POINT('',(2.423037159615,47.385369665541,
    -41.11806949448));
#3415 = CARTESIAN_POINT('',(2.438079027659,47.509843135906,
    -41.05786109678));
#3416 = CARTESIAN_POINT('',(2.455766069329,47.632725864236,
    -40.9982374746));
#3417 = CARTESIAN_POINT('',(2.475864380262,47.753885779924,
    -40.93927119603));
#3418 = CARTESIAN_POINT('',(2.498141678331,47.873248651647,
    -40.88100724821));
#3419 = CARTESIAN_POINT('',(2.522377463741,47.99079163471,
    -40.82346566286));
#3420 = CARTESIAN_POINT('',(2.548370150082,48.106533957224,
    -40.76664571551));
#3421 = CARTESIAN_POINT('',(2.5759411554,48.220524646545,-40.7105315842)
  );
#3422 = CARTESIAN_POINT('',(2.604935961148,48.332827365247,-40.655099549
    ));
#3423 = CARTESIAN_POINT('',(2.679432836404,48.605061757829,
    -40.52037115822));
#3424 = CARTESIAN_POINT('',(2.726414146426,48.763176779582,
    -40.44180823703));
#3425 = CARTESIAN_POINT('',(2.775546036537,48.917815822863,
    -40.36467790832));
#3426 = CARTESIAN_POINT('',(2.82691940138,49.069768376084,
    -40.28860521082));
#3427 = CARTESIAN_POINT('',(2.879755448719,49.218754833076,
    -40.2137489723));
#3428 = CARTESIAN_POINT('',(2.933843623527,49.365050765269,
    -40.1399888192));
#3429 = CARTESIAN_POINT('',(2.989403122539,49.509319399352,
    -40.06700453543));
#3430 = CARTESIAN_POINT('',(3.046318177544,49.651765574584,
    -39.99470160578));
#3431 = CARTESIAN_POINT('',(3.1040437344,49.792080118697,-39.92324590185
    ));
#3432 = CARTESIAN_POINT('',(3.162142612929,49.930080562251,
    -39.85274401638));
#3433 = CARTESIAN_POINT('',(3.220565180336,50.0660061121,-39.78308804463
    ));
#3434 = CARTESIAN_POINT('',(3.279236217333,50.200011932131,
    -39.71420607358));
#3435 = CARTESIAN_POINT('',(3.337740022751,50.331838748527,-39.646243067
    ));
#3436 = CARTESIAN_POINT('',(3.498495647437,50.68981357172,
    -39.46115581369));
#3437 = CARTESIAN_POINT('',(3.600977659085,50.918023191581,
    -39.34316234325));
#3438 = CARTESIAN_POINT('',(3.703459670734,51.146232811442,
    -39.22516887281));
#3439 = CARTESIAN_POINT('',(3.805941682382,51.374442431303,
    -39.10717540236));
#3440 = CARTESIAN_POINT('',(3.90842369403,51.602652051164,
    -38.98918193192));
#3441 = CARTESIAN_POINT('',(4.010905705678,51.830861671026,
    -38.87118846148));
#3442 = CARTESIAN_POINT('',(4.113387717326,52.059071290887,
    -38.75319499104));
#3443 = CARTESIAN_POINT('',(4.215869728975,52.287280910748,
    -38.6352015206));
#3444 = CARTESIAN_POINT('',(4.318351740623,52.515490530609,
    -38.51720805016));
#3445 = CARTESIAN_POINT('',(4.420833752271,52.74370015047,
    -38.39921457972));
#3446 = CARTESIAN_POINT('',(4.523315763919,52.971909770332,
    -38.28122110927));
#3447 = CARTESIAN_POINT('',(4.625797775567,53.200119390193,
    -38.16322763883));
#3448 = CARTESIAN_POINT('',(4.728279787216,53.428329010054,
    -38.04523416839));
#3449 = CARTESIAN_POINT('',(4.830761798864,53.656538629915,
    -37.92724069795));
#3450 = ORIENTED_EDGE('',*,*,#3451,.F.);
#3451 = EDGE_CURVE('',#858,#3276,#3452,.T.);
#3452 = B_SPLINE_CURVE_WITH_KNOTS('',8,(#3453,#3454,#3455,#3456,#3457,
    #3458,#3459,#3460,#3461,#3462,#3463,#3464,#3465,#3466,#3467,#3468,
    #3469,#3470,#3471,#3472,#3473,#3474,#3475),.UNSPECIFIED.,.F.,.F.,(9,
    7,7,9),(0.,0.298107614436,0.649086769726,1.),.UNSPECIFIED.);
#3453 = CARTESIAN_POINT('',(5.780363884549,49.,-40.03360960126));
#3454 = CARTESIAN_POINT('',(5.625137920354,49.,-40.0631996695));
#3455 = CARTESIAN_POINT('',(5.476925917963,49.,-40.08981097436));
#3456 = CARTESIAN_POINT('',(5.334973988974,49.,-40.11382691101));
#3457 = CARTESIAN_POINT('',(5.198507440679,49.,-40.13557894907));
#3458 = CARTESIAN_POINT('',(5.066972938368,49.,-40.15531545284));
#3459 = CARTESIAN_POINT('',(4.939824725319,49.,-40.1732547683));
#3460 = CARTESIAN_POINT('',(4.816626990596,49.,-40.18957132565));
#3461 = CARTESIAN_POINT('',(4.556134139655,49.,-40.22188934511));
#3462 = CARTESIAN_POINT('',(4.420214962765,49.,-40.23732156744));
#3463 = CARTESIAN_POINT('',(4.288600361757,49.,-40.25095261802));
#3464 = CARTESIAN_POINT('',(4.160777783447,49.,-40.26296988172));
#3465 = CARTESIAN_POINT('',(4.036326371526,49.,-40.27352174325));
#3466 = CARTESIAN_POINT('',(3.914894319586,49.,-40.28272901218));
#3467 = CARTESIAN_POINT('',(3.79618125813,49.,-40.29069230593));
#3468 = CARTESIAN_POINT('',(3.563691929474,49.,-40.30429719767));
#3469 = CARTESIAN_POINT('',(3.449914860229,49.,-40.30993929466));
#3470 = CARTESIAN_POINT('',(3.338334129275,49.,-40.31450549149));
#3471 = CARTESIAN_POINT('',(3.228728577622,49.,-40.31806365074));
#3472 = CARTESIAN_POINT('',(3.120907914371,49.,-40.32066950542));
#3473 = CARTESIAN_POINT('',(3.014706537172,49.,-40.32236955717));
#3474 = CARTESIAN_POINT('',(2.909979484581,49.,-40.32320305528));
#3475 = CARTESIAN_POINT('',(2.806600520337,49.,-40.32320305632));
#3476 = ORIENTED_EDGE('',*,*,#921,.F.);
#3477 = ( BOUNDED_SURFACE() B_SPLINE_SURFACE(2,14,(
    (#3478,#3479,#3480,#3481,#3482,#3483,#3484,#3485,#3486,#3487,#3488
      ,#3489,#3490,#3491,#3492,#3493,#3494,#3495,#3496,#3497,#3498,#3499
      ,#3500,#3501,#3502,#3503,#3504,#3505,#3506,#3507,#3508,#3509,#3510
      ,#3511,#3512,#3513,#3514,#3515,#3516,#3517,#3518,#3519,#3520,#3521
      ,#3522,#3523,#3524,#3525,#3526,#3527,#3528,#3529,#3530,#3531,#3532
      ,#3533,#3534,#3535,#3536,#3537,#3538,#3539,#3540,#3541,#3542,#3543
      ,#3544,#3545,#3546,#3547,#3548,#3549,#3550,#3551,#3552,#3553,#3554
      ,#3555,#3556,#3557,#3558,#3559,#3560,#3561,#3562,#3563,#3564,#3565
      ,#3566,#3567,#3568,#3569,#3570,#3571,#3572,#3573,#3574,#3575,#3576
      ,#3577,#3578,#3579,#3580,#3581,#3582,#3583,#3584,#3585,#3586,#3587
      ,#3588,#3589,#3590,#3591,#3592,#3593,#3594,#3595,#3596,#3597,#3598
      ,#3599,#3600,#3601,#3602,#3603,#3604,#3605,#3606,#3607,#3608,#3609
      ,#3610,#3611,#3612,#3613,#3614,#3615,#3616,#3617,#3618,#3619,#3620
      ,#3621,#3622,#3623,#3624,#3625,#3626,#3627,#3628,#3629,#3630,#3631
      ,#3632,#3633,#3634,#3635,#3636,#3637,#3638,#3639,#3640,#3641,#3642
      ,#3643,#3644,#3645,#3646,#3647,#3648)
    ,(#3649,#3650,#3651,#3652,#3653,#3654,#3655,#3656,#3657,#3658,#3659
      ,#3660,#3661,#3662,#3663,#3664,#3665,#3666,#3667,#3668,#3669,#3670
      ,#3671,#3672,#3673,#3674,#3675,#3676,#3677,#3678,#3679,#3680,#3681
      ,#3682,#3683,#3684,#3685,#3686,#3687,#3688,#3689,#3690,#3691,#3692
      ,#3693,#3694,#3695,#3696,#3697,#3698,#3699,#3700,#3701,#3702,#3703
      ,#3704,#3705,#3706,#3707,#3708,#3709,#3710,#3711,#3712,#3713,#3714
      ,#3715,#3716,#3717,#3718,#3719,#3720,#3721,#3722,#3723,#3724,#3725
      ,#3726,#3727,#3728,#3729,#3730,#3731,#3732,#3733,#3734,#3735,#3736
      ,#3737,#3738,#3739,#3740,#3741,#3742,#3743,#3744,#3745,#3746,#3747
      ,#3748,#3749,#3750,#3751,#3752,#3753,#3754,#3755,#3756,#3757,#3758
      ,#3759,#3760,#3761,#3762,#3763,#3764,#3765,#3766,#3767,#3768,#3769
      ,#3770,#3771,#3772,#3773,#3774,#3775,#3776,#3777,#3778,#3779,#3780
      ,#3781,#3782,#3783,#3784,#3785,#3786,#3787,#3788,#3789,#3790,#3791
      ,#3792,#3793,#3794,#3795,#3796,#3797,#3798,#3799,#3800,#3801,#3802
      ,#3803,#3804,#3805,#3806,#3807,#3808,#3809,#3810,#3811,#3812,#3813
      ,#3814,#3815,#3816,#3817,#3818,#3819)
    ,(#3820,#3821,#3822,#3823,#3824,#3825,#3826,#3827,#3828,#3829,#3830
      ,#3831,#3832,#3833,#3834,#3835,#3836,#3837,#3838,#3839,#3840,#3841
      ,#3842,#3843,#3844,#3845,#3846,#3847,#3848,#3849,#3850,#3851,#3852
      ,#3853,#3854,#3855,#3856,#3857,#3858,#3859,#3860,#3861,#3862,#3863
      ,#3864,#3865,#3866,#3867,#3868,#3869,#3870,#3871,#3872,#3873,#3874
      ,#3875,#3876,#3877,#3878,#3879,#3880,#3881,#3882,#3883,#3884,#3885
      ,#3886,#3887,#3888,#3889,#3890,#3891,#3892,#3893,#3894,#3895,#3896
      ,#3897,#3898,#3899,#3900,#3901,#3902,#3903,#3904,#3905,#3906,#3907
      ,#3908,#3909,#3910,#3911,#3912,#3913,#3914,#3915,#3916,#3917,#3918
      ,#3919,#3920,#3921,#3922,#3923,#3924,#3925,#3926,#3927,#3928,#3929
      ,#3930,#3931,#3932,#3933,#3934,#3935,#3936,#3937,#3938,#3939,#3940
      ,#3941,#3942,#3943,#3944,#3945,#3946,#3947,#3948,#3949,#3950,#3951
      ,#3952,#3953,#3954,#3955,#3956,#3957,#3958,#3959,#3960,#3961,#3962
      ,#3963,#3964,#3965,#3966,#3967,#3968,#3969,#3970,#3971,#3972,#3973
      ,#3974,#3975,#3976,#3977,#3978,#3979,#3980,#3981,#3982,#3983,#3984
      ,#3985,#3986,#3987,#3988,#3989,#3990
)),.UNSPECIFIED.,.F.,.F.,.F.) B_SPLINE_SURFACE_WITH_KNOTS((3,3),(15,13,
    13,13,13,13,13,13,13,13,13,13,13,15),(0.,97.913085628194),(
    -10.54697855292,-7.329343497515,3.465109625716,13.36014703707,
    25.659612389207,41.050069985707,53.767557808115,65.867881003486,
    79.922581942736,85.833997188778,86.954070035043,88.429687326704,
    90.583742130679,94.371938159792),.UNSPECIFIED.) 
GEOMETRIC_REPRESENTATION_ITEM() RATIONAL_B_SPLINE_SURFACE((
    (1.,1.,1.,1.,1.,1.,1.,1.,1.,1.,1.,1.,1.,1.,1.,1.,1.,1.,1.,1.,1.,1.
      ,1.,1.,1.,1.,1.,1.,1.,1.,1.,1.,1.,1.,1.,1.,1.,1.,1.,1.,1.,1.,1.,1.
      ,1.,1.,1.,1.,1.,1.,1.,1.,1.,1.,1.,1.,1.,1.,1.,1.,1.,1.,1.,1.,1.,1.
      ,1.,1.,1.,1.,1.,1.,1.,1.,1.,1.,1.,1.,1.,1.,1.,1.,1.,1.,1.,1.,1.,1.
      ,1.,1.,1.,1.,1.,1.,1.,1.,1.,1.,1.,1.,1.,1.,1.,1.,1.,1.,1.,1.,1.,1.
      ,1.,1.,1.,1.,1.,1.,1.,1.,1.,1.,1.,1.,1.,1.,1.,1.,1.,1.,1.,1.,1.,1.
      ,1.,1.,1.,1.,1.,1.,1.,1.,1.,1.,1.,1.,1.,1.,1.,1.,1.,1.,1.,1.,1.,1.
      ,1.,1.,1.,1.,1.,1.,1.,1.,1.,1.,1.,1.,1.,1.,1.,1.,1.)
    ,(0.974971271515,0.97545423936,0.97586290446,0.976197266815
      ,0.976457326424,0.976643083288,0.976754537406,0.976791688779
      ,0.976754537406,0.976643083288,0.976457326424,0.976197266815
      ,0.97586290446,0.97545423936,0.973351021338,0.971857190929
      ,0.970406296977,0.968942352866,0.967375603028,0.965791518331
      ,0.964047052321,0.96226441977,0.960387125199,0.958204842553
      ,0.956101212853,0.953816011124,0.951461954095,0.946786611148
      ,0.944480980516,0.942111419279,0.939682997155,0.937200312292
      ,0.934667602503,0.932088855697,0.929467921466,0.926808621257
      ,0.92411486003,0.921390736579,0.918640654877,0.915869434759
      ,0.909618185928,0.906129712792,0.902626804352,0.899120953089
      ,0.89562524365,0.892154173142,0.888723390743,0.885349357399
      ,0.882048924592,0.878838833332,0.875735132238,0.872752515676
      ,0.869903581242,0.863812491991,0.860651718332,0.857737866863
      ,0.855080351893,0.852701123922,0.850593814834,0.848760509456
      ,0.847206529905,0.845924212272,0.844912324978,0.844185309144
      ,0.843742945679,0.843618162712,0.844022557083,0.844438598532
      ,0.845148625247,0.846061441963,0.847446730549,0.848885423364
      ,0.851078035772,0.853289210406,0.856229504223,0.859402356268
      ,0.863019023376,0.866948296079,0.871167901487,0.879865158559
      ,0.884320828016,0.888949150266,0.893707091954,0.898552033332
      ,0.903443140205,0.908342729421,0.913217307577,0.918038096832
      ,0.922781003574,0.927426118948,0.931956981924,0.936359970103
      ,0.945577431283,0.950343474466,0.954905703577,0.959251650732
      ,0.963372760289,0.967263540677,0.970920639154,0.974342101642
      ,0.977526933964,0.98047494301,0.983186689317,0.985663244669
      ,0.98790530262,0.990754668321,0.991556440159,0.992316575181
      ,0.993034204423,0.993709296481,0.994344006185,0.994933234256
      ,0.995476039662,0.995977182375,0.99643125767,0.996827923965
      ,0.997174377383,0.99744449414,0.99767242212,0.99770590914
      ,0.997736509686,0.997764180776,0.997788906311,0.997810698406
      ,0.997829596107,0.997845661572,0.997858973613,0.997869618718
      ,0.997877679425,0.997883220179,0.997886270546,0.99788751117
      ,0.997883888839,0.997875939724,0.997863560766,0.99784659758
      ,0.997824886966,0.997798290647,0.99776671835,0.99773014258
      ,0.997688602584,0.997642199797,0.997591082962,0.997535424149
      ,0.997387741854,0.997290907835,0.997184647809,0.997071470745
      ,0.996949414206,0.996819106732,0.996682834908,0.996540999887
      ,0.996392086901,0.996235238865,0.996071016462,0.995899294727
      ,0.995718993981,0.995197737555,0.994916558985,0.994686503791
      ,0.994507571974,0.994379763532,0.994303078468,0.99427751678
      ,0.994303078468,0.994379763532,0.994507571974,0.994686503791
      ,0.994916558985,0.995197737555,0.995530039502)
    ,(1.,1.,1.,1.,1.,1.,1.,1.,1.,1.,1.,1.,1.,1.,1.,1.,1.,1.,1.,1.,1.,1.
      ,1.,1.,1.,1.,1.,1.,1.,1.,1.,1.,1.,1.,1.,1.,1.,1.,1.,1.,1.,1.,1.,1.
      ,1.,1.,1.,1.,1.,1.,1.,1.,1.,1.,1.,1.,1.,1.,1.,1.,1.,1.,1.,1.,1.,1.
      ,1.,1.,1.,1.,1.,1.,1.,1.,1.,1.,1.,1.,1.,1.,1.,1.,1.,1.,1.,1.,1.,1.
      ,1.,1.,1.,1.,1.,1.,1.,1.,1.,1.,1.,1.,1.,1.,1.,1.,1.,1.,1.,1.,1.,1.
      ,1.,1.,1.,1.,1.,1.,1.,1.,1.,1.,1.,1.,1.,1.,1.,1.,1.,1.,1.,1.,1.,1.
      ,1.,1.,1.,1.,1.,1.,1.,1.,1.,1.,1.,1.,1.,1.,1.,1.,1.,1.,1.,1.,1.,1.
      ,1.,1.,1.,1.,1.,1.,1.,1.,1.,1.,1.,1.,1.,1.,1.,1.,1.
))) REPRESENTATION_ITEM('') SURFACE() );
#3478 = CARTESIAN_POINT('',(-0.152410913507,-27.49596788472,
    -30.86438405933));
#3479 = CARTESIAN_POINT('',(0.121331564417,-27.45971976464,
    -30.8803772437));
#3480 = CARTESIAN_POINT('',(0.39507404234,-27.42347164457,
    -30.89637042807));
#3481 = CARTESIAN_POINT('',(0.668816520264,-27.38722352449,
    -30.91236361244));
#3482 = CARTESIAN_POINT('',(0.942558998189,-27.35097540442,
    -30.92835679681));
#3483 = CARTESIAN_POINT('',(1.216301476113,-27.31472728435,
    -30.94434998118));
#3484 = CARTESIAN_POINT('',(1.490043954038,-27.27847916428,
    -30.96034316556));
#3485 = CARTESIAN_POINT('',(1.763786431962,-27.24223104421,
    -30.97633634994));
#3486 = CARTESIAN_POINT('',(2.037528909887,-27.20598292415,
    -30.99232953431));
#3487 = CARTESIAN_POINT('',(2.311271387813,-27.16973480408,
    -31.00832271869));
#3488 = CARTESIAN_POINT('',(2.585013865738,-27.13348668402,
    -31.02431590308));
#3489 = CARTESIAN_POINT('',(2.858756343664,-27.09723856395,
    -31.04030908746));
#3490 = CARTESIAN_POINT('',(3.13249882159,-27.06099044389,
    -31.05630227184));
#3491 = CARTESIAN_POINT('',(3.406241299516,-27.02474232383,
    -31.07229545623));
#3492 = CARTESIAN_POINT('',(4.598329175515,-26.86688978747,
    -31.14194223283));
#3493 = CARTESIAN_POINT('',(5.423535312876,-26.71174109683,
    -31.25432970125));
#3494 = CARTESIAN_POINT('',(6.196715167003,-26.53439703923,
    -31.39891492081));
#3495 = CARTESIAN_POINT('',(6.949108271887,-26.33286732191,
    -31.56905131658));
#3496 = CARTESIAN_POINT('',(7.679646149536,-26.1141925914,
    -31.75169721456));
#3497 = CARTESIAN_POINT('',(8.419996963976,-25.86364120125,
    -31.96092946903));
#3498 = CARTESIAN_POINT('',(9.138469861032,-25.59345895401,
    -32.1837119138));
#3499 = CARTESIAN_POINT('',(9.842139336271,-25.30230440411,
    -32.42313794149));
#3500 = CARTESIAN_POINT('',(10.549736991002,-24.98252561522,
    -32.68339891733));
#3501 = CARTESIAN_POINT('',(11.234116959886,-24.64511170914,
    -32.94944279303));
#3502 = CARTESIAN_POINT('',(11.905675730866,-24.28770962926,
    -33.23030910339));
#3503 = CARTESIAN_POINT('',(12.564228805665,-23.91003758852,
    -33.51991636456));
#3504 = CARTESIAN_POINT('',(13.207561157806,-23.5141693271,
    -33.81763837274));
#3505 = CARTESIAN_POINT('',(14.412211989536,-22.72148487914,
    -34.40038581187));
#3506 = CARTESIAN_POINT('',(14.975802869399,-22.32755040304,
    -34.6844003402));
#3507 = CARTESIAN_POINT('',(15.526612855145,-21.91948574746,
    -34.97241233304));
#3508 = CARTESIAN_POINT('',(16.064502597049,-21.49797885378,
    -35.26310945106));
#3509 = CARTESIAN_POINT('',(16.589414327749,-21.06371068389,
    -35.55518944032));
#3510 = CARTESIAN_POINT('',(17.101362089677,-20.61735221501,
    -35.84737259806));
#3511 = CARTESIAN_POINT('',(17.600421949691,-20.15956141404,
    -36.13841421399));
#3512 = CARTESIAN_POINT('',(18.086722232362,-19.69098024116,
    -36.4271170469));
#3513 = CARTESIAN_POINT('',(18.56043373014,-19.21223161767,
    -36.71234375786));
#3514 = CARTESIAN_POINT('',(19.021759938041,-18.7239164314,
    -36.9930293891));
#3515 = CARTESIAN_POINT('',(19.470927266034,-18.22661050814,
    -37.26819380168));
#3516 = CARTESIAN_POINT('',(19.908175268781,-17.7208616095,
    -37.53695414497));
#3517 = CARTESIAN_POINT('',(20.333746863906,-17.20718641321,
    -37.79853730528));
#3518 = CARTESIAN_POINT('',(21.262641482093,-16.03832018186,
    -38.36770820985));
#3519 = CARTESIAN_POINT('',(21.759745917498,-15.379056143,
    -38.67104300443));
#3520 = CARTESIAN_POINT('',(22.23968286523,-14.70914504797,
    -38.9610059249));
#3521 = CARTESIAN_POINT('',(22.70293024012,-14.02938283652,-39.236603002
    ));
#3522 = CARTESIAN_POINT('',(23.149944733518,-13.34044647522,
    -39.49713475239));
#3523 = CARTESIAN_POINT('',(23.58115334938,-12.64285799902,
    -39.74218598222));
#3524 = CARTESIAN_POINT('',(23.9969446045,-11.93695784557,
    -39.97160774638));
#3525 = CARTESIAN_POINT('',(24.397659404922,-11.22288748329,
    -40.18549149074));
#3526 = CARTESIAN_POINT('',(24.783581582996,-10.50058133192,
    -40.38413534124));
#3527 = CARTESIAN_POINT('',(25.154928112197,-9.769767976583,
    -40.56800258076));
#3528 = CARTESIAN_POINT('',(25.511838983486,-9.029980674922,
    -40.73767227387));
#3529 = CARTESIAN_POINT('',(25.854366756463,-8.280577157142,
    -40.89378207301));
#3530 = CARTESIAN_POINT('',(26.182465776008,-7.520768719494,
    -41.03696318183));
#3531 = CARTESIAN_POINT('',(26.88828621678,-5.78475996716,
    -41.33144437503));
#3532 = CARTESIAN_POINT('',(27.257773610126,-4.802161562643,
    -41.47577064164));
#3533 = CARTESIAN_POINT('',(27.603931191478,-3.800187779065,
    -41.6019247742));
#3534 = CARTESIAN_POINT('',(27.926826040783,-2.7769270324,
    -41.71098988211));
#3535 = CARTESIAN_POINT('',(28.224078504869,-1.729477491496,
    -41.80397873007));
#3536 = CARTESIAN_POINT('',(28.495975136856,-0.658447065362,
    -41.88166470489));
#3537 = CARTESIAN_POINT('',(28.739972358728,0.441127150219,
    -41.94462215262));
#3538 = CARTESIAN_POINT('',(28.953014683742,1.570089316409,
    -41.99349511137));
#3539 = CARTESIAN_POINT('',(29.133853368048,2.724845142034,
    -42.02904849713));
#3540 = CARTESIAN_POINT('',(29.278978891909,3.910291859185,
    -42.05214676898));
#3541 = CARTESIAN_POINT('',(29.382930238583,5.128739329211,
    -42.06419718092));
#3542 = CARTESIAN_POINT('',(29.445617110911,6.360582722159,
    -42.06761193207));
#3543 = CARTESIAN_POINT('',(29.459797345171,7.63272642633,
    -42.06485608833));
#3544 = CARTESIAN_POINT('',(29.394003000294,9.96940764537,
    -42.05606512448));
#3545 = CARTESIAN_POINT('',(29.32996773196,11.031776719645,
    -42.05073802494));
#3546 = CARTESIAN_POINT('',(29.230651277045,12.082513362958,
    -42.04619363299));
#3547 = CARTESIAN_POINT('',(29.100871440489,13.119543765977,
    -42.04001672993));
#3548 = CARTESIAN_POINT('',(28.93151626259,14.159608443799,
    -42.04189667571));
#3549 = CARTESIAN_POINT('',(28.74296290418,15.168165943987,
    -42.0384309253));
#3550 = CARTESIAN_POINT('',(28.496610547611,16.218431102186,
    -42.05283962829));
#3551 = CARTESIAN_POINT('',(28.245871705469,17.183648456525,
    -42.06507920563));
#3552 = CARTESIAN_POINT('',(27.936826408513,18.209034948598,
    -42.09557526421));
#3553 = CARTESIAN_POINT('',(27.609351317,19.176541333498,-42.13171318013
    ));
#3554 = CARTESIAN_POINT('',(27.244031717984,20.151318417104,
    -42.17895430218));
#3555 = CARTESIAN_POINT('',(26.849804539601,21.105622811602,
    -42.23388801567));
#3556 = CARTESIAN_POINT('',(26.42627522571,22.045476870701,
    -42.29571785034));
#3557 = CARTESIAN_POINT('',(25.547012548238,23.845866550618,
    -42.42664210547));
#3558 = CARTESIAN_POINT('',(25.093798922065,24.708156267907,
    -42.49525116636));
#3559 = CARTESIAN_POINT('',(24.617760690507,25.553625935991,
    -42.56730891553));
#3560 = CARTESIAN_POINT('',(24.120673904956,26.381088863157,
    -42.64142798331));
#3561 = CARTESIAN_POINT('',(23.604471623377,27.189476562706,
    -42.7162186434));
#3562 = CARTESIAN_POINT('',(23.071186154835,27.977929528797,
    -42.79034407095));
#3563 = CARTESIAN_POINT('',(22.522836669366,28.745899547275,
    -42.86256577041));
#3564 = CARTESIAN_POINT('',(21.961317263283,29.49321277788,
    -42.93177517036));
#3565 = CARTESIAN_POINT('',(21.388321119785,30.220067042822,
    -42.99700936264));
#3566 = CARTESIAN_POINT('',(20.805317101638,30.926961196897,
    -43.05745125307));
#3567 = CARTESIAN_POINT('',(20.21357564378,31.614578618767,
    -43.11241633042));
#3568 = CARTESIAN_POINT('',(19.614221507386,32.283671300744,
    -43.16133054418));
#3569 = CARTESIAN_POINT('',(19.008271511916,32.935015217069,
    -43.20370577138));
#3570 = CARTESIAN_POINT('',(17.686126060483,34.306532509678,
    -43.28025751256));
#3571 = CARTESIAN_POINT('',(16.967963824315,35.020827807318,
    -43.31199916566));
#3572 = CARTESIAN_POINT('',(16.24335197726,35.713790542168,
    -43.33371361963));
#3573 = CARTESIAN_POINT('',(15.51360209722,36.386899291781,
    -43.34484951901));
#3574 = CARTESIAN_POINT('',(14.779758688187,37.041656695984,
    -43.34496143297));
#3575 = CARTESIAN_POINT('',(14.042639997942,37.67957024242,
    -43.33367280109));
#3576 = CARTESIAN_POINT('',(13.303006877863,38.302157272363,
    -43.31062365594));
#3577 = CARTESIAN_POINT('',(12.561701168639,38.910954377179,
    -43.27543037902));
#3578 = CARTESIAN_POINT('',(11.819685235944,39.507529709232,
    -43.2276654679));
#3579 = CARTESIAN_POINT('',(11.078004559839,40.093515453819,
    -43.16684644374));
#3580 = CARTESIAN_POINT('',(10.337785400997,40.670696006008,
    -43.09240368773));
#3581 = CARTESIAN_POINT('',(9.600469845716,41.241206117687,
    -43.0035781412));
#3582 = CARTESIAN_POINT('',(8.868580673097,41.807911635466,
    -42.89918053323));
#3583 = CARTESIAN_POINT('',(7.8440691949,42.613608719972,-42.72578814213
    ));
#3584 = CARTESIAN_POINT('',(7.542651228156,42.852267017273,
    -42.67130776939));
#3585 = CARTESIAN_POINT('',(7.243494789846,43.091094788631,
    -42.61368047852));
#3586 = CARTESIAN_POINT('',(6.947037752221,43.331632852387,
    -42.55210515699));
#3587 = CARTESIAN_POINT('',(6.654666451197,43.571442535465,
    -42.48775500302));
#3588 = CARTESIAN_POINT('',(6.364895602344,43.815476996577,
    -42.41842601229));
#3589 = CARTESIAN_POINT('',(6.081380443068,44.061362753072,
    -42.34486269349));
#3590 = CARTESIAN_POINT('',(5.806135004258,44.307952335453,
    -42.26754607792));
#3591 = CARTESIAN_POINT('',(5.53737096438,44.561446455624,-42.1838769358
    ));
#3592 = CARTESIAN_POINT('',(5.279629663225,44.821936594965,
    -42.09339476176));
#3593 = CARTESIAN_POINT('',(5.04159342215,45.084350358726,
    -41.99773373481));
#3594 = CARTESIAN_POINT('',(4.822207117196,45.361368487179,-41.891382865
    ));
#3595 = CARTESIAN_POINT('',(4.644068129865,45.645622037079,
    -41.77585793401));
#3596 = CARTESIAN_POINT('',(4.489494342386,45.989596386796,
    -41.6287167762));
#3597 = CARTESIAN_POINT('',(4.466602791297,46.044558747707,
    -41.60498795244));
#3598 = CARTESIAN_POINT('',(4.445520708065,46.099666768028,
    -41.5809755611));
#3599 = CARTESIAN_POINT('',(4.426311906377,46.154873669709,
    -41.55669905789));
#3600 = CARTESIAN_POINT('',(4.409021937067,46.210124040694,
    -41.53218417057));
#3601 = CARTESIAN_POINT('',(4.393676226951,46.26536507731,
    -41.50745761095));
#3602 = CARTESIAN_POINT('',(4.380280069941,46.320554623932,
    -41.48254311615));
#3603 = CARTESIAN_POINT('',(4.368820468609,46.375666013615,
    -41.45745880706));
#3604 = CARTESIAN_POINT('',(4.359269828192,46.430689704293,
    -41.43221588018));
#3605 = CARTESIAN_POINT('',(4.351591501403,46.485631717884,
    -41.40681861479));
#3606 = CARTESIAN_POINT('',(4.345747184904,46.540508873192,
    -41.38126571218));
#3607 = CARTESIAN_POINT('',(4.341706167452,46.59534082263,-41.3555529542
    ));
#3608 = CARTESIAN_POINT('',(4.339456429106,46.650138883217,
    -41.32967718882));
#3609 = CARTESIAN_POINT('',(4.338439455616,46.777024619376,
    -41.26934163197));
#3610 = CARTESIAN_POINT('',(4.34098012148,46.849074788979,
    -41.23476918872));
#3611 = CARTESIAN_POINT('',(4.346646130083,46.921146739193,
    -41.19987415995));
#3612 = CARTESIAN_POINT('',(4.355499718309,46.99327258818,
    -41.16463203989));
#3613 = CARTESIAN_POINT('',(4.367623771235,47.065431226255,
    -41.1290391533));
#3614 = CARTESIAN_POINT('',(4.383093620897,47.137565003413,
    -41.09310822963));
#3615 = CARTESIAN_POINT('',(4.401955702481,47.209593963956,
    -41.05686442969));
#3616 = CARTESIAN_POINT('',(4.424213052021,47.281427515482,
    -41.02034172539));
#3617 = CARTESIAN_POINT('',(4.449817666812,47.352973677426,
    -40.98357976171));
#3618 = CARTESIAN_POINT('',(4.47866970429,47.424145748749,-40.9466210571
    ));
#3619 = CARTESIAN_POINT('',(4.510623543249,47.494866547619,
    -40.90950868035));
#3620 = CARTESIAN_POINT('',(4.545500687177,47.565070097315,
    -40.87228428948));
#3621 = CARTESIAN_POINT('',(4.583109524382,47.634700847431,
    -40.83498661434));
#3622 = CARTESIAN_POINT('',(4.681899627404,47.804448087242,
    -40.74314812852));
#3623 = CARTESIAN_POINT('',(4.745886242957,47.903825340315,
    -40.68859233293));
#3624 = CARTESIAN_POINT('',(4.815065719087,48.001938500822,
    -40.63391509268));
#3625 = CARTESIAN_POINT('',(4.887776584849,48.098174200861,
    -40.5796030168));
#3626 = CARTESIAN_POINT('',(4.964883362832,48.193389243153,
    -40.52509221413));
#3627 = CARTESIAN_POINT('',(5.045753210744,48.287443523227,
    -40.47049702842));
#3628 = CARTESIAN_POINT('',(5.128917584644,48.379782421723,
    -40.41625976516));
#3629 = CARTESIAN_POINT('',(5.214064216718,48.470603235735,
    -40.36231705242));
#3630 = CARTESIAN_POINT('',(5.301900129784,48.560556495867,
    -40.30823913696));
#3631 = CARTESIAN_POINT('',(5.392649041235,48.649807726642,
    -40.25387862157));
#3632 = CARTESIAN_POINT('',(5.485786625594,48.738147760289,
    -40.19937812818));
#3633 = CARTESIAN_POINT('',(5.581307858738,48.825866302829,
    -40.1445891878));
#3634 = CARTESIAN_POINT('',(5.679538216956,48.913119483714,
    -40.08935048645));
#3635 = CARTESIAN_POINT('',(5.95767943121,49.152791115668,
    -39.93558173033));
#3636 = CARTESIAN_POINT('',(6.137449432033,49.307697211081,
    -39.83619692866));
#3637 = CARTESIAN_POINT('',(6.319673888951,49.464718287905,
    -39.73545519519));
#3638 = CARTESIAN_POINT('',(6.504352801965,49.623854346142,
    -39.6333565299));
#3639 = CARTESIAN_POINT('',(6.691486171075,49.78510538579,
    -39.52990093281));
#3640 = CARTESIAN_POINT('',(6.881073996281,49.94847140685,
    -39.42508840391));
#3641 = CARTESIAN_POINT('',(7.073116277582,50.113952409323,
    -39.31891894321));
#3642 = CARTESIAN_POINT('',(7.267613014979,50.281548393207,
    -39.21139255069));
#3643 = CARTESIAN_POINT('',(7.464564208472,50.451259358503,
    -39.10250922636));
#3644 = CARTESIAN_POINT('',(7.66396985806,50.623085305211,
    -38.99226897023));
#3645 = CARTESIAN_POINT('',(7.865829963745,50.79702623333,
    -38.88067178229));
#3646 = CARTESIAN_POINT('',(8.070144525525,50.973082142862,
    -38.76771766254));
#3647 = CARTESIAN_POINT('',(8.276913543401,51.151253033806,
    -38.65340661098));
#3648 = CARTESIAN_POINT('',(8.486137017372,51.331538906161,
    -38.53773862762));
#3649 = CARTESIAN_POINT('',(-1.379185604341,-26.82291037019,
    -33.49272808514));
#3650 = CARTESIAN_POINT('',(-1.09516681453,-26.78724380997,
    -33.5455016737));
#3651 = CARTESIAN_POINT('',(-0.813579067476,-26.75188253566,
    -33.59782354971));
#3652 = CARTESIAN_POINT('',(-0.534355011347,-26.71681808933,
    -33.64970622783));
#3653 = CARTESIAN_POINT('',(-0.257428475991,-26.68204216146,
    -33.70116200316));
#3654 = CARTESIAN_POINT('',(1.726557942787E-02,-26.64754658434,
    -33.75220296094));
#3655 = CARTESIAN_POINT('',(0.289791117411,-26.61332332567,
    -33.80284098606));
#3656 = CARTESIAN_POINT('',(0.560211071804,-26.57936448233,
    -33.85308777227));
#3657 = CARTESIAN_POINT('',(0.828587396259,-26.54566227431,
    -33.90295483118));
#3658 = CARTESIAN_POINT('',(1.094981111555,-26.51220903872,
    -33.95245350109));
#3659 = CARTESIAN_POINT('',(1.359452351856,-26.47899722402,
    -34.00159495554));
#3660 = CARTESIAN_POINT('',(1.622060409971,-26.44601938434,
    -34.05039021172));
#3661 = CARTESIAN_POINT('',(1.882863781702,-26.41326817387,
    -34.09885013877));
#3662 = CARTESIAN_POINT('',(2.14192020934,-26.38073634144,
    -34.14698546578));
#3663 = CARTESIAN_POINT('',(3.264560045419,-26.23975728389,
    -34.3555833999));
#3664 = CARTESIAN_POINT('',(4.019111758764,-26.10117108888,
    -34.55467867601));
#3665 = CARTESIAN_POINT('',(4.699419548436,-25.94664971744,
    -34.77195236854));
#3666 = CARTESIAN_POINT('',(5.331322610195,-25.78004790751,
    -35.00119905654));
#3667 = CARTESIAN_POINT('',(5.925031132069,-25.60209099484,
    -35.24195261138));
#3668 = CARTESIAN_POINT('',(6.500905331225,-25.41560689049,
    -35.48799769161));
#3669 = CARTESIAN_POINT('',(7.066334017905,-25.20941907954,
    -35.7562060346));
#3670 = CARTESIAN_POINT('',(7.618446647605,-24.99056659581,
    -36.03574084264));
#3671 = CARTESIAN_POINT('',(8.169473137938,-24.75430079934,
    -36.33203318102));
#3672 = CARTESIAN_POINT('',(8.722646449994,-24.48732477848,
    -36.66395216441));
#3673 = CARTESIAN_POINT('',(9.252055007899,-24.21558510981,
    -36.9917092563));
#3674 = CARTESIAN_POINT('',(9.78084288365,-23.92023234084,
    -37.34211932194));
#3675 = CARTESIAN_POINT('',(10.298364334436,-23.60916953913,
    -37.70221770974));
#3676 = CARTESIAN_POINT('',(11.275550538627,-22.97843769852,
    -38.41468945639));
#3677 = CARTESIAN_POINT('',(11.736459862622,-22.66145080584,
    -38.76529989508));
#3678 = CARTESIAN_POINT('',(12.189577347936,-22.33007811573,
    -39.12368625884));
#3679 = CARTESIAN_POINT('',(12.634817428393,-21.98448493754,
    -39.48865020232));
#3680 = CARTESIAN_POINT('',(13.072150317197,-21.62483247342,
    -39.85900735722));
#3681 = CARTESIAN_POINT('',(13.501595962842,-21.25127795477,
    -40.23359050668));
#3682 = CARTESIAN_POINT('',(13.923217592176,-20.86397493391,
    -40.61125270592));
#3683 = CARTESIAN_POINT('',(14.337114839232,-20.46307376853,
    -40.99087032359));
#3684 = CARTESIAN_POINT('',(14.743416457182,-20.04872234195,
    -41.37134598503));
#3685 = CARTESIAN_POINT('',(15.142272613614,-19.62106705929,
    -41.75161140367));
#3686 = CARTESIAN_POINT('',(15.533846769533,-19.18025415857,
    -42.13063009654));
#3687 = CARTESIAN_POINT('',(15.918307141618,-18.72643138092,
    -42.50739998144));
#3688 = CARTESIAN_POINT('',(16.295817749881,-18.25975003661,
    -42.88095586408));
#3689 = CARTESIAN_POINT('',(17.130487459615,-17.18040319142,
    -43.71270906827));
#3690 = CARTESIAN_POINT('',(17.583883774724,-16.56043282019,
    -44.16864819754));
#3691 = CARTESIAN_POINT('',(18.027005590193,-15.92074273285,
    -44.61637161117));
#3692 = CARTESIAN_POINT('',(18.460112433894,-15.26164115974,
    -45.05415318084));
#3693 = CARTESIAN_POINT('',(18.883413251896,-14.58344584678,
    -45.48037705451));
#3694 = CARTESIAN_POINT('',(19.297046151521,-13.88647552043,
    -45.89355327602));
#3695 = CARTESIAN_POINT('',(19.701060719257,-13.17104478987,
    -46.2923303958));
#3696 = CARTESIAN_POINT('',(20.095403238491,-12.43746201026,
    -46.67550517924));
#3697 = CARTESIAN_POINT('',(20.479905141686,-11.68602959812,
    -47.04202944076));
#3698 = CARTESIAN_POINT('',(20.854275029148,-10.91704620569,
    -47.3910139522));
#3699 = CARTESIAN_POINT('',(21.218094579263,-10.1308101281,
    -47.72172929532));
#3700 = CARTESIAN_POINT('',(21.570818642527,-9.327623232346,
    -48.03360345315));
#3701 = CARTESIAN_POINT('',(21.911779766291,-8.507794656317,
    -48.32621587323));
#3702 = CARTESIAN_POINT('',(22.654047644855,-6.617980399365,
    -48.94339491863));
#3703 = CARTESIAN_POINT('',(23.047619628351,-5.539350333385,
    -49.25617111172));
#3704 = CARTESIAN_POINT('',(23.41928965718,-4.43651696216,
    -49.53708218037));
#3705 = CARTESIAN_POINT('',(23.767391620184,-3.310823240725,
    -49.78600595957));
#3706 = CARTESIAN_POINT('',(24.089481819526,-2.162197794544,
    -50.00314216922));
#3707 = CARTESIAN_POINT('',(24.383640238209,-0.993058478349,
    -50.18898530004));
#3708 = CARTESIAN_POINT('',(24.647121563851,0.196146259605,
    -50.34442822993));
#3709 = CARTESIAN_POINT('',(24.876981959826,1.404623755743,
    -50.4705300818));
#3710 = CARTESIAN_POINT('',(25.070654979632,2.629341748537,
    -50.56847881196));
#3711 = CARTESIAN_POINT('',(25.224852939246,3.868457607543,
    -50.63983997566));
#3712 = CARTESIAN_POINT('',(25.335752435965,5.120754966698,
    -50.68649701087));
#3713 = CARTESIAN_POINT('',(25.40106215394,6.379939818875,
    -50.71027854609));
#3714 = CARTESIAN_POINT('',(25.416387652229,7.646148741018,
    -50.71350121505));
#3715 = CARTESIAN_POINT('',(25.348235691456,9.956350547142,
    -50.68607447025));
#3716 = CARTESIAN_POINT('',(25.281448724823,10.99939281482,
    -50.66139796042));
#3717 = CARTESIAN_POINT('',(25.178164792915,12.03595967265,
    -50.62409605807));
#3718 = CARTESIAN_POINT('',(25.040624200454,13.064065505184,
    -50.57458443157));
#3719 = CARTESIAN_POINT('',(24.864153270231,14.082017754972,
    -50.51261989457));
#3720 = CARTESIAN_POINT('',(24.659231797905,15.08701928143,
    -50.43867577459));
#3721 = CARTESIAN_POINT('',(24.407447812623,16.079476654655,
    -50.35374411884));
#3722 = CARTESIAN_POINT('',(24.132868360371,17.050760830988,
    -50.25716944751));
#3723 = CARTESIAN_POINT('',(23.813359226201,18.007200924438,
    -50.15125952031));
#3724 = CARTESIAN_POINT('',(23.467497805892,18.940671931143,
    -50.03545979855));
#3725 = CARTESIAN_POINT('',(23.089741552303,19.853951290588,
    -49.91131524778));
#3726 = CARTESIAN_POINT('',(22.686119323313,20.744911668293,
    -49.77926167156));
#3727 = CARTESIAN_POINT('',(22.259004468993,21.61370227087,
    -49.64011153415));
#3728 = CARTESIAN_POINT('',(21.390143438811,23.258004435638,
    -49.35731393291));
#3729 = CARTESIAN_POINT('',(20.951041227757,24.035294912461,
    -49.21451728843));
#3730 = CARTESIAN_POINT('',(20.496834716312,24.792622652735,
    -49.06662964573));
#3731 = CARTESIAN_POINT('',(20.029880276336,25.530721499762,
    -48.91409324437));
#3732 = CARTESIAN_POINT('',(19.552331159696,26.250559237084,
    -48.75728423984));
#3733 = CARTESIAN_POINT('',(19.066086125438,26.953259156687,
    -48.59652057385));
#3734 = CARTESIAN_POINT('',(18.572749132536,27.640043833132,
    -48.43206695576));
#3735 = CARTESIAN_POINT('',(18.073617384763,28.312184929493,
    -48.26414043399));
#3736 = CARTESIAN_POINT('',(17.569703644975,28.970952158479,
    -48.09291795971));
#3737 = CARTESIAN_POINT('',(17.061788678193,29.617562354902,
    -47.91854554715));
#3738 = CARTESIAN_POINT('',(16.550490903688,30.253136271736,
    -47.7411471698));
#3739 = CARTESIAN_POINT('',(16.036332705124,30.8786762627,
    -47.56083035125));
#3740 = CARTESIAN_POINT('',(15.519776212712,31.495082716395,
    -47.3776845411));
#3741 = CARTESIAN_POINT('',(14.404728283719,32.802718315027,
    -46.9779277762));
#3742 = CARTESIAN_POINT('',(13.805101856317,33.491881299036,
    -46.76023439223));
#3743 = CARTESIAN_POINT('',(13.20276144852,34.172013959622,
    -46.53877519835));
#3744 = CARTESIAN_POINT('',(12.598252552313,34.844349972533,
    -46.31355911482));
#3745 = CARTESIAN_POINT('',(11.992016679066,35.509984194716,
    -46.08457521862));
#3746 = CARTESIAN_POINT('',(11.384423441556,36.169915115691,
    -45.85178552252));
#3747 = CARTESIAN_POINT('',(10.775874664095,36.825120878594,
    -45.61509796851));
#3748 = CARTESIAN_POINT('',(10.166881889311,37.476619529511,
    -45.37434592628));
#3749 = CARTESIAN_POINT('',(9.558080325879,38.12550117519,-45.1292812531
    ));
#3750 = CARTESIAN_POINT('',(8.950200635967,38.772956251466,
    -44.87956917586));
#3751 = CARTESIAN_POINT('',(8.344075722086,39.420360347897,
    -44.62475470296));
#3752 = CARTESIAN_POINT('',(7.740813579344,40.069512564342,
    -44.36415168033));
#3753 = CARTESIAN_POINT('',(7.142319952193,40.723161430059,
    -44.09658677742));
#3754 = CARTESIAN_POINT('',(6.305002382593,41.663975123435,
    -43.70387616878));
#3755 = CARTESIAN_POINT('',(6.0590390145,41.943688745583,-43.58618883089
    ));
#3756 = CARTESIAN_POINT('',(5.814837175322,42.225233297798,
    -43.46680696518));
#3757 = CARTESIAN_POINT('',(5.57250804767,42.510097904078,
    -43.34502720951));
#3758 = CARTESIAN_POINT('',(5.333388735947,42.796222990352,
    -43.22181402274));
#3759 = CARTESIAN_POINT('',(5.096251040132,43.088006209601,
    -43.09512128108));
#3760 = CARTESIAN_POINT('',(4.863521673445,43.383864601443,
    -42.96564351086));
#3761 = CARTESIAN_POINT('',(4.636828764918,43.683014655313,
    -42.83373118917));
#3762 = CARTESIAN_POINT('',(4.415027763642,43.991003787009,-42.696807896
    ));
#3763 = CARTESIAN_POINT('',(4.201119672772,44.308962349112,
    -42.55427435723));
#3764 = CARTESIAN_POINT('',(4.001247787726,44.633626331691,
    -42.40753753028));
#3765 = CARTESIAN_POINT('',(3.814996115578,44.97634362545,
    -42.25127599326));
#3766 = CARTESIAN_POINT('',(3.657693727264,45.336004303082,
    -42.08568452965));
#3767 = CARTESIAN_POINT('',(3.516186194156,45.783962121177,
    -41.87738611422));
#3768 = CARTESIAN_POINT('',(3.49502632093,45.855908772232,
    -41.84387203157));
#3769 = CARTESIAN_POINT('',(3.475319904285,45.92845549973,
    -41.81001808591));
#3770 = CARTESIAN_POINT('',(3.457142354729,46.001578937853,
    -41.77583368359));
#3771 = CARTESIAN_POINT('',(3.44056438971,46.07524174201,-41.74133492007
    ));
#3772 = CARTESIAN_POINT('',(3.425649203854,46.149397462527,
    -41.70654233188));
#3773 = CARTESIAN_POINT('',(3.412450527533,46.223994267706,
    -41.67147918194));
#3774 = CARTESIAN_POINT('',(3.401011582667,46.298977505155,
    -41.63617027733));
#3775 = CARTESIAN_POINT('',(3.39136492219,46.374291120412,
    -41.60064131859));
#3776 = CARTESIAN_POINT('',(3.383533168722,46.449877914722,
    -41.56491877994));
#3777 = CARTESIAN_POINT('',(3.377530636568,46.525678663242,
    -41.52903031943));
#3778 = CARTESIAN_POINT('',(3.373365851271,46.601630078295,
    -41.49300571854));
#3779 = CARTESIAN_POINT('',(3.37104495684,46.677661631533,-41.4568783503
    ));
#3780 = CARTESIAN_POINT('',(3.369958224506,46.853854756929,
    -41.37300790435));
#3781 = CARTESIAN_POINT('',(3.372542414089,46.954012234198,
    -41.32521942369));
#3782 = CARTESIAN_POINT('',(3.378340290674,47.054008671369,
    -41.27739526894));
#3783 = CARTESIAN_POINT('',(3.387344537649,47.153676972578,
    -41.22961560771));
#3784 = CARTESIAN_POINT('',(3.399523744747,47.252851028905,
    -41.18196093538));
#3785 = CARTESIAN_POINT('',(3.414819284544,47.351376197617,
    -41.13450700117));
#3786 = CARTESIAN_POINT('',(3.433144131607,47.449117184894,
    -41.08732096097));
#3787 = CARTESIAN_POINT('',(3.454383630028,47.545963323179,
    -41.04045875337));
#3788 = CARTESIAN_POINT('',(3.478398199221,47.641831272375,
    -40.99396369557));
#3789 = CARTESIAN_POINT('',(3.505027991054,47.736665126971,
    -40.94786629552));
#3790 = CARTESIAN_POINT('',(3.534099488346,47.830433959395,
    -40.90218527765));
#3791 = CARTESIAN_POINT('',(3.565434059101,47.923126785048,
    -40.85692981916));
#3792 = CARTESIAN_POINT('',(3.59885846248,48.01474496814,-40.81210299465
    ));
#3793 = CARTESIAN_POINT('',(3.685840585723,48.237489135901,
    -40.70288826544));
#3794 = CARTESIAN_POINT('',(3.741556431422,48.367399068068,
    -40.63898970195));
#3795 = CARTESIAN_POINT('',(3.800974389273,48.495055653991,
    -40.57600387855));
#3796 = CARTESIAN_POINT('',(3.863300476663,48.620512602185,
    -40.51391986174));
#3797 = CARTESIAN_POINT('',(3.928586725849,48.744083869912,
    -40.4525879994));
#3798 = CARTESIAN_POINT('',(3.996410401582,48.86582756631,
    -40.39198900367));
#3799 = CARTESIAN_POINT('',(4.066138351939,48.985766483648,
    -40.33212319282));
#3800 = CARTESIAN_POINT('',(4.137555618256,49.104096697097,
    -40.27290072629));
#3801 = CARTESIAN_POINT('',(4.210750936843,49.221009610336,
    -40.21422991008));
#3802 = CARTESIAN_POINT('',(4.285622952251,49.336506925208,
    -40.15611381247));
#3803 = CARTESIAN_POINT('',(4.361883599888,49.450594444185,
    -40.09855557009));
#3804 = CARTESIAN_POINT('',(4.439494775292,49.5634970328,-40.041447935)
  );
#3805 = CARTESIAN_POINT('',(4.518418460255,49.675176098318,
    -39.98481217564));
#3806 = CARTESIAN_POINT('',(4.739597602537,49.980275682981,
    -39.82968968077));
#3807 = CARTESIAN_POINT('',(4.882113221562,50.176864998427,
    -39.72973731568));
#3808 = CARTESIAN_POINT('',(5.0260948662,50.375476583248,-39.62875676344
    ));
#3809 = CARTESIAN_POINT('',(5.171521349399,50.576081211538,
    -39.52676288345));
#3810 = CARTESIAN_POINT('',(5.318371020985,50.778649018549,
    -39.42377085991));
#3811 = CARTESIAN_POINT('',(5.466621778374,50.98314951547,
    -39.31979619433));
#3812 = CARTESIAN_POINT('',(5.616251077649,51.189551604704,
    -39.21485469773));
#3813 = CARTESIAN_POINT('',(5.767235944977,51.39782359562,
    -39.10896248264));
#3814 = CARTESIAN_POINT('',(5.919552988371,51.607933220771,
    -39.00213595488));
#3815 = CARTESIAN_POINT('',(6.073178409761,51.819847652558,
    -38.89439180507));
#3816 = CARTESIAN_POINT('',(6.22808801739,52.033533520312,
    -38.78574699993));
#3817 = CARTESIAN_POINT('',(6.38425723849,52.248956927796,-38.6762187734
    ));
#3818 = CARTESIAN_POINT('',(6.541661132256,52.466083471088,
    -38.56582461755));
#3819 = CARTESIAN_POINT('',(6.700274403069,52.684878256833,
    -38.4545822733));
#3820 = CARTESIAN_POINT('',(-2.642699073529,-25.20384012992,
    -35.58256261429));
#3821 = CARTESIAN_POINT('',(-2.361625855901,-25.13892745836,
    -35.66126677301));
#3822 = CARTESIAN_POINT('',(-2.083794982977,-25.0747635926,
    -35.73906303302));
#3823 = CARTESIAN_POINT('',(-1.809206454756,-25.01134853264,
    -35.81595139432));
#3824 = CARTESIAN_POINT('',(-1.537860271239,-24.9486822785,
    -35.89193185691));
#3825 = CARTESIAN_POINT('',(-1.269756432424,-24.88676483015,
    -35.96700442079));
#3826 = CARTESIAN_POINT('',(-1.004894938313,-24.82559618762,
    -36.04116908596));
#3827 = CARTESIAN_POINT('',(-0.743275788905,-24.76517635089,
    -36.11442585242));
#3828 = CARTESIAN_POINT('',(-0.484898984201,-24.70550531996,
    -36.18677472017));
#3829 = CARTESIAN_POINT('',(-0.2297645242,-24.64658309484,
    -36.25821568921));
#3830 = CARTESIAN_POINT('',(2.212759109836E-02,-24.58840967552,
    -36.32874875954));
#3831 = CARTESIAN_POINT('',(0.270777361693,-24.53098506201,
    -36.39837393116));
#3832 = CARTESIAN_POINT('',(0.516184787585,-24.47430925431,
    -36.46709120408));
#3833 = CARTESIAN_POINT('',(0.758349868773,-24.41838225241,
    -36.53490057828));
#3834 = CARTESIAN_POINT('',(1.798805481003,-24.17809342665,
    -36.8262416899));
#3835 = CARTESIAN_POINT('',(2.472405214449,-23.97472576393,
    -37.06993184981));
#3836 = CARTESIAN_POINT('',(3.046700320656,-23.76504658034,
    -37.31723453752));
#3837 = CARTESIAN_POINT('',(3.539931198476,-23.55593452242,
    -37.56099775174));
#3838 = CARTESIAN_POINT('',(3.973171064128,-23.33641050196,
    -37.81088945635));
#3839 = CARTESIAN_POINT('',(4.352678148584,-23.13340101412,
    -38.04191375464));
#3840 = CARTESIAN_POINT('',(4.730669878116,-22.90222767342,
    -38.29778102358));
#3841 = CARTESIAN_POINT('',(5.090815692961,-22.66809885822,
    -38.55454541191));
#3842 = CARTESIAN_POINT('',(5.440518086528,-22.42517634473,
    -38.81870976361));
#3843 = CARTESIAN_POINT('',(5.819166209642,-22.12067955313,
    -39.13934674601));
#3844 = CARTESIAN_POINT('',(6.154336968523,-21.83628235019,
    -39.43348458165));
#3845 = CARTESIAN_POINT('',(6.499758388202,-21.51636463844,
    -39.75676768739));
#3846 = CARTESIAN_POINT('',(6.833377101007,-21.18279106163,
    -40.08532706085));
#3847 = CARTESIAN_POINT('',(7.459704957647,-20.50872497601,
    -40.73182259118));
#3848 = CARTESIAN_POINT('',(7.753037603433,-20.17155690402,
    -41.04790116347));
#3849 = CARTESIAN_POINT('',(8.040114827987,-19.81981906242,
    -41.36972705725));
#3850 = CARTESIAN_POINT('',(8.32093427997,-19.45370558677,
    -41.69618319311));
#3851 = CARTESIAN_POINT('',(8.595525740632,-19.07339594673,
    -42.0261718394));
#3852 = CARTESIAN_POINT('',(8.863947577452,-18.67906295076,
    -42.35861531136));
#3853 = CARTESIAN_POINT('',(9.126283191476,-18.27088073219,
    -42.69245663864));
#3854 = CARTESIAN_POINT('',(9.382637473699,-17.84903276285,
    -43.02666027846));
#3855 = CARTESIAN_POINT('',(9.633133250428,-17.41371983189,
    -43.36021277262));
#3856 = CARTESIAN_POINT('',(9.877907740114,-16.96516806229,
    -43.69212346367));
#3857 = CARTESIAN_POINT('',(10.117108999962,-16.50363689236,
    -44.02142515762));
#3858 = CARTESIAN_POINT('',(10.350892380326,-16.02942708505,
    -44.347174828));
#3859 = CARTESIAN_POINT('',(10.579416974077,-15.54288871853,
    -44.66845429272));
#3860 = CARTESIAN_POINT('',(11.080557967632,-14.42484732228,
    -45.37705314417));
#3861 = CARTESIAN_POINT('',(11.350414626786,-13.78682709022,
    -45.76147752474));
#3862 = CARTESIAN_POINT('',(11.612714535232,-13.13109219547,
    -46.13599565617));
#3863 = CARTESIAN_POINT('',(11.867779231473,-12.45849991928,
    -46.49903846318));
#3864 = CARTESIAN_POINT('',(12.115922898721,-11.77003091561,
    -46.8491588775));
#3865 = CARTESIAN_POINT('',(12.357428858362,-11.06677520381,
    -47.18506662704));
#3866 = CARTESIAN_POINT('',(12.59252895522,-10.34991434639,
    -47.50565510174));
#3867 = CARTESIAN_POINT('',(12.82138584457,-9.620699830682,
    -47.81002032976));
#3868 = CARTESIAN_POINT('',(13.044078167728,-8.880427628982,
    -48.09747201975));
#3869 = CARTESIAN_POINT('',(13.26058863116,-8.13040896656,
    -48.36753671918));
#3870 = CARTESIAN_POINT('',(13.470794974507,-7.371937268283,
    -48.61995303999));
#3871 = CARTESIAN_POINT('',(13.674463839834,-6.606251308964,
    -48.85465899259));
#3872 = CARTESIAN_POINT('',(13.87124753319,-5.834494548906,
    -49.0717713985));
#3873 = CARTESIAN_POINT('',(14.297727243368,-4.085622314349,
    -49.52155184259));
#3874 = CARTESIAN_POINT('',(14.523269132172,-3.105647773768,
    -49.74441203028));
#3875 = CARTESIAN_POINT('',(14.736465586602,-2.119964350289,
    -49.94062881738));
#3876 = CARTESIAN_POINT('',(14.936000349009,-1.129943302467,
    -50.11110254236));
#3877 = CARTESIAN_POINT('',(15.120937479559,-0.138025345089,
    -50.25692032164));
#3878 = CARTESIAN_POINT('',(15.289019911351,0.854733504143,
    -50.37932028394));
#3879 = CARTESIAN_POINT('',(15.439058081987,1.847027488527,
    -50.47997157251));
#3880 = CARTESIAN_POINT('',(15.569574562919,2.838184895157,
    -50.56034125944));
#3881 = CARTESIAN_POINT('',(15.677951627835,3.826924653249,
    -50.62165373899));
#3882 = CARTESIAN_POINT('',(15.762727160317,4.809604681761,
    -50.66565309011));
#3883 = CARTESIAN_POINT('',(15.823441791357,5.785505976516,
    -50.6942519317));
#3884 = CARTESIAN_POINT('',(15.857032605111,6.758976652313,
    -50.70833134516));
#3885 = CARTESIAN_POINT('',(15.864256220498,7.71438045326,
    -50.71014751631));
#3886 = CARTESIAN_POINT('',(15.826899244094,9.449185312644,
    -50.69323842124));
#3887 = CARTESIAN_POINT('',(15.790872235345,10.230306658887,
    -50.67805924306));
#3888 = CARTESIAN_POINT('',(15.737658524144,11.014199171574,
    -50.65595440683));
#3889 = CARTESIAN_POINT('',(15.663973382204,11.799661680465,
    -50.62458673477));
#3890 = CARTESIAN_POINT('',(15.578152250304,12.576911545292,
    -50.58886013121));
#3891 = CARTESIAN_POINT('',(15.466991371695,13.360867163323,
    -50.53984180532));
#3892 = CARTESIAN_POINT('',(15.353845407493,14.115394807066,
    -50.4914458807));
#3893 = CARTESIAN_POINT('',(15.211216575051,14.900028955919,
    -50.42708797704));
#3894 = CARTESIAN_POINT('',(15.06748665933,15.643730911022,
    -50.36258597334));
#3895 = CARTESIAN_POINT('',(14.904518221461,16.402959219584,
    -50.28709933931));
#3896 = CARTESIAN_POINT('',(14.733247659234,17.145865415229,
    -50.20661476924));
#3897 = CARTESIAN_POINT('',(14.55073578002,17.885723650758,
    -50.11896602017));
#3898 = CARTESIAN_POINT('',(14.358554446083,18.619706067966,
    -50.024831387));
#3899 = CARTESIAN_POINT('',(13.964857120994,20.043791398537,
    -49.82818752489));
#3900 = CARTESIAN_POINT('',(13.76425915818,20.734253365694,
    -49.72631394845));
#3901 = CARTESIAN_POINT('',(13.555270693216,21.421649303658,
    -49.61842547387));
#3902 = CARTESIAN_POINT('',(13.337925670008,22.107032594098,
    -49.50443492637));
#3903 = CARTESIAN_POINT('',(13.112062448902,22.791424587131,
    -49.38421479115));
#3904 = CARTESIAN_POINT('',(12.877395091374,23.475658554232,
    -49.25762548202));
#3905 = CARTESIAN_POINT('',(12.633601676253,24.160312355563,
    -49.12453990185));
#3906 = CARTESIAN_POINT('',(12.380407031012,24.845701991395,
    -48.98486200374));
#3907 = CARTESIAN_POINT('',(12.117644359642,25.531913134054,
    -48.8385378393));
#3908 = CARTESIAN_POINT('',(11.845287441095,26.218852884822,
    -48.68555871662));
#3909 = CARTESIAN_POINT('',(11.563452158346,26.906308895548,
    -48.52595682079));
#3910 = CARTESIAN_POINT('',(11.272373308387,27.594008140896,
    -48.3597947797));
#3911 = CARTESIAN_POINT('',(10.972369744983,28.281672556888,
    -48.18715144571));
#3912 = CARTESIAN_POINT('',(10.305430829788,29.767500430747,
    -47.80014472216));
#3913 = CARTESIAN_POINT('',(9.935510338908,30.565602747098,-47.58353447)
  );
#3914 = CARTESIAN_POINT('',(9.554634044949,31.362940774714,
    -47.35843751054));
#3915 = CARTESIAN_POINT('',(9.163546992724,32.159267624379,
    -47.12495840819));
#3916 = CARTESIAN_POINT('',(8.763054171217,32.954395976224,
    -46.88321821362));
#3917 = CARTESIAN_POINT('',(8.353997746352,33.748229194168,
    -46.63333634729));
#3918 = CARTESIAN_POINT('',(7.937265566316,34.540838095362,
    -46.37538491121));
#3919 = CARTESIAN_POINT('',(7.513798774621,35.33251416489,
    -46.10935338469));
#3920 = CARTESIAN_POINT('',(7.084587738969,36.123779607823,
    -45.83513573742));
#3921 = CARTESIAN_POINT('',(6.650666981659,36.915384523127,
    -45.55252653552));
#3922 = CARTESIAN_POINT('',(6.213141154536,37.708371041007,
    -45.26118662647));
#3923 = CARTESIAN_POINT('',(5.773295578452,38.504334156296,
    -44.96051352574));
#3924 = CARTESIAN_POINT('',(5.332866241195,39.306058594383,
    -44.64932571379));
#3925 = CARTESIAN_POINT('',(4.710216097418,40.460583901045,
    -44.18893571577));
#3926 = CARTESIAN_POINT('',(4.526233017901,40.80438064914,
    -44.05033126467));
#3927 = CARTESIAN_POINT('',(4.342939840653,41.150326965921,
    -43.90935187898));
#3928 = CARTESIAN_POINT('',(4.160148174737,41.499824594686,
    -43.76535274936));
#3929 = CARTESIAN_POINT('',(3.979163697725,41.851270837006,
    -43.61905228987));
#3930 = CARTESIAN_POINT('',(3.799078868019,42.208504434731,
    -43.4687072204));
#3931 = CARTESIAN_POINT('',(3.621066100445,42.570653679822,
    -43.3146634859));
#3932 = CARTESIAN_POINT('',(3.446389726545,42.937317563663,-43.15707072)
  );
#3933 = CARTESIAN_POINT('',(3.274622232613,43.313486175841,
    -42.99364552146));
#3934 = CARTESIAN_POINT('',(3.107204932611,43.70121756782,
    -42.82334531556));
#3935 = CARTESIAN_POINT('',(2.947703365763,44.098839394,-42.64676760447)
  );
#3936 = CARTESIAN_POINT('',(2.796425570632,44.516518402837,
    -42.45918552712));
#3937 = CARTESIAN_POINT('',(2.661273560838,44.958835683606,
    -42.25801161718));
#3938 = CARTESIAN_POINT('',(2.533825279272,45.517097001649,
    -42.0006848803));
#3939 = CARTESIAN_POINT('',(2.514532794788,45.606987103306,
    -41.95915326802));
#3940 = CARTESIAN_POINT('',(2.496323847623,45.697855365257,
    -41.91707016819));
#3941 = CARTESIAN_POINT('',(2.479285511566,45.789701247209,
    -41.87443236165));
#3942 = CARTESIAN_POINT('',(2.46351392932,45.882505628833,-41.8312451626
    ));
#3943 = CARTESIAN_POINT('',(2.449110512309,45.976229276528,
    -41.78752331557));
#3944 = CARTESIAN_POINT('',(2.43617805685,46.070812155634,-41.7432914879
    ));
#3945 = CARTESIAN_POINT('',(2.424816768481,46.166173596229,
    -41.69858434554));
#3946 = CARTESIAN_POINT('',(2.41512020499,46.262213300726,
    -41.65344622818));
#3947 = CARTESIAN_POINT('',(2.407171126675,46.358813208204,
    -41.60793040605));
#3948 = CARTESIAN_POINT('',(2.401037264428,46.455840198893,
    -41.56209793461));
#3949 = CARTESIAN_POINT('',(2.396766997343,46.553149654847,
    -41.51601609488));
#3950 = CARTESIAN_POINT('',(2.394384945341,46.650589863397,
    -41.46975642683));
#3951 = CARTESIAN_POINT('',(2.39323208993,46.876347866794,
    -41.36231094149));
#3952 = CARTESIAN_POINT('',(2.395847516,47.004645885703,-41.30104988836)
  );
#3953 = CARTESIAN_POINT('',(2.401750431293,47.132485947268,
    -41.2398068804));
#3954 = CARTESIAN_POINT('',(2.410862789627,47.259498833632,
    -41.17876132893));
#3955 = CARTESIAN_POINT('',(2.423037159615,47.385369665541,
    -41.11806949448));
#3956 = CARTESIAN_POINT('',(2.438079027659,47.509843135906,
    -41.05786109678));
#3957 = CARTESIAN_POINT('',(2.455766069329,47.632725864236,
    -40.9982374746));
#3958 = CARTESIAN_POINT('',(2.475864380262,47.753885779924,
    -40.93927119603));
#3959 = CARTESIAN_POINT('',(2.498141678331,47.873248651647,
    -40.88100724821));
#3960 = CARTESIAN_POINT('',(2.522377463741,47.99079163471,
    -40.82346566286));
#3961 = CARTESIAN_POINT('',(2.548370150082,48.106533957224,
    -40.76664571551));
#3962 = CARTESIAN_POINT('',(2.5759411554,48.220524646545,-40.7105315842)
  );
#3963 = CARTESIAN_POINT('',(2.604935961148,48.332827365247,-40.655099549
    ));
#3964 = CARTESIAN_POINT('',(2.679432836404,48.605061757829,
    -40.52037115822));
#3965 = CARTESIAN_POINT('',(2.726414146426,48.763176779582,
    -40.44180823703));
#3966 = CARTESIAN_POINT('',(2.775546036537,48.917815822863,
    -40.36467790832));
#3967 = CARTESIAN_POINT('',(2.82691940138,49.069768376084,
    -40.28860521082));
#3968 = CARTESIAN_POINT('',(2.879755448719,49.218754833076,
    -40.2137489723));
#3969 = CARTESIAN_POINT('',(2.933843623527,49.365050765269,
    -40.1399888192));
#3970 = CARTESIAN_POINT('',(2.989403122539,49.509319399352,
    -40.06700453543));
#3971 = CARTESIAN_POINT('',(3.046318177544,49.651765574584,
    -39.99470160578));
#3972 = CARTESIAN_POINT('',(3.1040437344,49.792080118697,-39.92324590185
    ));
#3973 = CARTESIAN_POINT('',(3.162142612929,49.930080562251,
    -39.85274401638));
#3974 = CARTESIAN_POINT('',(3.220565180336,50.0660061121,-39.78308804463
    ));
#3975 = CARTESIAN_POINT('',(3.279236217333,50.200011932131,
    -39.71420607358));
#3976 = CARTESIAN_POINT('',(3.337740022751,50.331838748527,-39.646243067
    ));
#3977 = CARTESIAN_POINT('',(3.498495647437,50.68981357172,
    -39.46115581369));
#3978 = CARTESIAN_POINT('',(3.600977659085,50.918023191581,
    -39.34316234325));
#3979 = CARTESIAN_POINT('',(3.703459670734,51.146232811442,
    -39.22516887281));
#3980 = CARTESIAN_POINT('',(3.805941682382,51.374442431303,
    -39.10717540236));
#3981 = CARTESIAN_POINT('',(3.90842369403,51.602652051164,
    -38.98918193192));
#3982 = CARTESIAN_POINT('',(4.010905705678,51.830861671026,
    -38.87118846148));
#3983 = CARTESIAN_POINT('',(4.113387717326,52.059071290887,
    -38.75319499104));
#3984 = CARTESIAN_POINT('',(4.215869728975,52.287280910748,
    -38.6352015206));
#3985 = CARTESIAN_POINT('',(4.318351740623,52.515490530609,
    -38.51720805016));
#3986 = CARTESIAN_POINT('',(4.420833752271,52.74370015047,
    -38.39921457972));
#3987 = CARTESIAN_POINT('',(4.523315763919,52.971909770332,
    -38.28122110927));
#3988 = CARTESIAN_POINT('',(4.625797775567,53.200119390193,
    -38.16322763883));
#3989 = CARTESIAN_POINT('',(4.728279787216,53.428329010054,
    -38.04523416839));
#3990 = CARTESIAN_POINT('',(4.830761798864,53.656538629915,
    -37.92724069795));
#3991 = ADVANCED_FACE('',(#3992),#4079,.T.);
#3992 = FACE_BOUND('',#3993,.T.);
#3993 = EDGE_LOOP('',(#3994,#4011,#4012,#4069,#4078));
#3994 = ORIENTED_EDGE('',*,*,#3995,.T.);
#3995 = EDGE_CURVE('',#191,#2032,#3996,.T.);
#3996 = B_SPLINE_CURVE_WITH_KNOTS('',7,(#3997,#3998,#3999,#4000,#4001,
    #4002,#4003,#4004,#4005,#4006,#4007,#4008,#4009,#4010),
  .UNSPECIFIED.,.F.,.F.,(8,6,8),(0.,0.823154629592,1.),.UNSPECIFIED.);
#3997 = CARTESIAN_POINT('',(31.612246889175,71.341373465585,
    -10.67476971695));
#3998 = CARTESIAN_POINT('',(31.66663141978,71.24833318292,
    -10.45649689632));
#3999 = CARTESIAN_POINT('',(31.713660905693,71.166282803559,
    -10.22844443296));
#4000 = CARTESIAN_POINT('',(31.752889977263,71.096686916837,
    -9.990560237172));
#4001 = CARTESIAN_POINT('',(31.783901195647,71.040963517129,
    -9.74292462706));
#4002 = CARTESIAN_POINT('',(31.806320076811,71.000376297479,
    -9.485804900125));
#4003 = CARTESIAN_POINT('',(31.819836701264,70.975849842854,
    -9.219717547042));
#4004 = CARTESIAN_POINT('',(31.825168278171,70.966170793119,
    -8.886490248759));
#4005 = CARTESIAN_POINT('',(31.825689843378,70.965223378343,
    -8.827181489485));
#4006 = CARTESIAN_POINT('',(31.825787861016,70.965045224265,
    -8.767501149135));
#4007 = CARTESIAN_POINT('',(31.825460271154,70.965640362967,
    -8.70745718191));
#4008 = CARTESIAN_POINT('',(31.824705202011,70.967011878284,
    -8.64705802301));
#4009 = CARTESIAN_POINT('',(31.823520969958,70.969161905796,
    -8.586312588632));
#4010 = CARTESIAN_POINT('',(31.821906079515,70.972091632833,
    -8.525230275973));
#4011 = ORIENTED_EDGE('',*,*,#2489,.T.);
#4012 = ORIENTED_EDGE('',*,*,#4013,.T.);
#4013 = EDGE_CURVE('',#2455,#4014,#4016,.T.);
#4014 = VERTEX_POINT('',#4015);
#4015 = CARTESIAN_POINT('',(30.849231024981,11.592973225206,
    -32.15961248123));
#4016 = B_SPLINE_CURVE_WITH_KNOTS('',11,(#4017,#4018,#4019,#4020,#4021,
    #4022,#4023,#4024,#4025,#4026,#4027,#4028,#4029,#4030,#4031,#4032,
    #4033,#4034,#4035,#4036,#4037,#4038,#4039,#4040,#4041,#4042,#4043,
    #4044,#4045,#4046,#4047,#4048,#4049,#4050,#4051,#4052,#4053,#4054,
    #4055,#4056,#4057,#4058,#4059,#4060,#4061,#4062,#4063,#4064,#4065,
    #4066,#4067,#4068),.UNSPECIFIED.,.F.,.F.,(12,10,10,10,10,12),(
    -7.931503449746,-5.340392733937,27.482869715565,43.894500940316,
    52.100316552691,60.306132165067),.UNSPECIFIED.);
#4017 = CARTESIAN_POINT('',(30.483984635367,71.213174865065,
    -4.125846770006));
#4018 = CARTESIAN_POINT('',(30.473134761315,70.986267964429,
    -4.225244704654));
#4019 = CARTESIAN_POINT('',(30.462355063481,70.760828681594,
    -4.323999740483));
#4020 = CARTESIAN_POINT('',(30.451645541867,70.536857016558,
    -4.422111877495));
#4021 = CARTESIAN_POINT('',(30.441006196471,70.314352969323,
    -4.519581115689));
#4022 = CARTESIAN_POINT('',(30.430437027293,70.093316539888,
    -4.616407455065));
#4023 = CARTESIAN_POINT('',(30.419938034335,69.873747728253,
    -4.712590895624));
#4024 = CARTESIAN_POINT('',(30.409509217595,69.655646534419,
    -4.808131437364));
#4025 = CARTESIAN_POINT('',(30.399150577075,69.439012958385,
    -4.903029080287));
#4026 = CARTESIAN_POINT('',(30.388862112772,69.223847000151,
    -4.997283824392));
#4027 = CARTESIAN_POINT('',(30.378643824689,69.010148659717,
    -5.090895669678));
#4028 = CARTESIAN_POINT('',(30.239943066632,66.109455160739,
    -6.361561929886));
#4029 = CARTESIAN_POINT('',(30.100717755118,63.397967148089,
    -7.505245488733));
#4030 = CARTESIAN_POINT('',(29.961444611277,60.66715857068,
    -8.625416114734));
#4031 = CARTESIAN_POINT('',(29.83070499233,57.907467285941,
    -9.738759848025));
#4032 = CARTESIAN_POINT('',(29.715524142768,55.153461452186,
    -10.84019738528));
#4033 = CARTESIAN_POINT('',(29.621118102269,52.368227745766,
    -11.96049517891));
#4034 = CARTESIAN_POINT('',(29.551593406594,49.596596948306,
    -13.08931780984));
#4035 = CARTESIAN_POINT('',(29.509416656364,46.814920057898,
    -14.24997202495));
#4036 = CARTESIAN_POINT('',(29.496245899163,44.043776559976,
    -15.44274969074));
#4037 = CARTESIAN_POINT('',(29.512526703966,41.283309558992,
    -16.67614653408));
#4038 = CARTESIAN_POINT('',(29.580168100424,37.168331634798,
    -18.59054140336));
#4039 = CARTESIAN_POINT('',(29.609914787613,35.800928491059,
    -19.23939642745));
#4040 = CARTESIAN_POINT('',(29.646789451962,34.438404054343,
    -19.89937050375));
#4041 = CARTESIAN_POINT('',(29.690634381773,33.081368778211,
    -20.57063510659));
#4042 = CARTESIAN_POINT('',(29.74121635879,31.730385763393,
    -21.25314926651));
#4043 = CARTESIAN_POINT('',(29.798226961577,30.385935558058,
    -21.94664947943));
#4044 = CARTESIAN_POINT('',(29.861272537489,29.048381013982,
    -22.65061778639));
#4045 = CARTESIAN_POINT('',(29.929853853065,27.717932209132,
    -23.36422803101));
#4046 = CARTESIAN_POINT('',(30.003335412284,26.394611425411,
    -24.086270287));
#4047 = CARTESIAN_POINT('',(30.080904452067,25.078218191521,
    -24.81505346251));
#4048 = CARTESIAN_POINT('',(30.201827186179,23.113332479751,
    -25.91490238335));
#4049 = CARTESIAN_POINT('',(30.242894769534,22.459988504847,
    -26.28262621102));
#4050 = CARTESIAN_POINT('',(30.284590634486,21.808211160891,
    -26.65116566186));
#4051 = CARTESIAN_POINT('',(30.326765844298,21.157922526985,
    -27.02018535776));
#4052 = CARTESIAN_POINT('',(30.36925262139,20.509025243073,
    -27.38930106228));
#4053 = CARTESIAN_POINT('',(30.411860442924,19.861407797239,
    -27.75806768952));
#4054 = CARTESIAN_POINT('',(30.454369861249,19.214947918713,
    -28.12596070143));
#4055 = CARTESIAN_POINT('',(30.496524047463,18.569514073886,
    -28.49235089144));
#4056 = CARTESIAN_POINT('',(30.538018059799,17.924965068212,
    -28.85647255647));
#4057 = CARTESIAN_POINT('',(30.578485835443,17.28114775144,
    -29.21738505568));
#4058 = CARTESIAN_POINT('',(30.656483978044,15.994637904709,
    -29.93047045836));
#4059 = CARTESIAN_POINT('',(30.694007211017,15.352069128816,
    -30.2825752732));
#4060 = CARTESIAN_POINT('',(30.729646160629,14.709447134475,
    -30.62939362263));
#4061 = CARTESIAN_POINT('',(30.762766839105,14.068543175591,
    -30.96846542176));
#4062 = CARTESIAN_POINT('',(30.792862901416,13.427798819146,
    -31.29894239702));
#4063 = CARTESIAN_POINT('',(30.819323211956,12.785029474528,
    -31.619888448));
#4064 = CARTESIAN_POINT('',(30.841342671902,12.139162518506,
    -31.92932914254));
#4065 = CARTESIAN_POINT('',(30.858077126971,11.489471189049,
    -32.22492872787));
#4066 = CARTESIAN_POINT('',(30.868831189947,10.834609350528,
    -32.50483591479));
#4067 = CARTESIAN_POINT('',(30.873071883503,10.173469668958,
    -32.76735912154));
#4068 = CARTESIAN_POINT('',(30.870381152527,9.505478686837,
    -33.01070787182));
#4069 = ORIENTED_EDGE('',*,*,#4070,.F.);
#4070 = EDGE_CURVE('',#136,#4014,#4071,.T.);
#4071 = B_SPLINE_CURVE_WITH_KNOTS('',5,(#4072,#4073,#4074,#4075,#4076,
    #4077),.UNSPECIFIED.,.F.,.F.,(6,6),(0.,65.646592244075),
  .PIECEWISE_BEZIER_KNOTS.);
#4072 = CARTESIAN_POINT('',(31.006918625192,13.505992755851,
    -36.72111178083));
#4073 = CARTESIAN_POINT('',(31.303427759485,13.146091005189,
    -35.84875738347));
#4074 = CARTESIAN_POINT('',(31.453206464797,12.753858299778,
    -34.90804556805));
#4075 = CARTESIAN_POINT('',(31.419970468514,12.346392525172,
    -33.93920389665));
#4076 = CARTESIAN_POINT('',(31.205723045767,11.953662443004,
    -33.01039005595));
#4077 = CARTESIAN_POINT('',(30.849231024981,11.592973225206,
    -32.15961248123));
#4078 = ORIENTED_EDGE('',*,*,#190,.F.);
#4079 = ( BOUNDED_SURFACE() B_SPLINE_SURFACE(2,11,(
    (#4080,#4081,#4082,#4083,#4084,#4085,#4086,#4087,#4088,#4089,#4090
      ,#4091,#4092,#4093,#4094,#4095,#4096,#4097,#4098,#4099,#4100,#4101
      ,#4102,#4103,#4104,#4105,#4106,#4107,#4108,#4109,#4110,#4111,#4112
      ,#4113,#4114,#4115,#4116,#4117,#4118,#4119,#4120,#4121,#4122,#4123
      ,#4124,#4125,#4126,#4127,#4128,#4129,#4130,#4131)
    ,(#4132,#4133,#4134,#4135,#4136,#4137,#4138,#4139,#4140,#4141,#4142
      ,#4143,#4144,#4145,#4146,#4147,#4148,#4149,#4150,#4151,#4152,#4153
      ,#4154,#4155,#4156,#4157,#4158,#4159,#4160,#4161,#4162,#4163,#4164
      ,#4165,#4166,#4167,#4168,#4169,#4170,#4171,#4172,#4173,#4174,#4175
      ,#4176,#4177,#4178,#4179,#4180,#4181,#4182,#4183)
    ,(#4184,#4185,#4186,#4187,#4188,#4189,#4190,#4191,#4192,#4193,#4194
      ,#4195,#4196,#4197,#4198,#4199,#4200,#4201,#4202,#4203,#4204,#4205
      ,#4206,#4207,#4208,#4209,#4210,#4211,#4212,#4213,#4214,#4215,#4216
      ,#4217,#4218,#4219,#4220,#4221,#4222,#4223,#4224,#4225,#4226,#4227
      ,#4228,#4229,#4230,#4231,#4232,#4233,#4234,#4235
)),.UNSPECIFIED.,.F.,.F.,.F.) B_SPLINE_SURFACE_WITH_KNOTS((3,3),(12,10,
    10,10,10,12),(0.,65.646524899003),(-7.931503449746,-5.340392733937,
    27.482869715565,43.894500940316,52.100316552691,60.306132165067),
.UNSPECIFIED.) GEOMETRIC_REPRESENTATION_ITEM() RATIONAL_B_SPLINE_SURFACE
((
    (1.,1.,1.,1.,1.,1.,1.,1.,1.,1.,1.,1.,1.,1.,1.,1.,1.,1.,1.,1.,1.,1.
      ,1.,1.,1.,1.,1.,1.,1.,1.,1.,1.,1.,1.,1.,1.,1.,1.,1.,1.,1.,1.,1.,1.
      ,1.,1.,1.,1.,1.,1.,1.,1.)
    ,(0.911247931032,0.911545204212,0.911783022756,0.911961386664
      ,0.912080295936,0.912139750572,0.912139750572,0.912080295936
      ,0.911961386664,0.911783022756,0.911545204212,0.90748218087
      ,0.904383764543,0.901962909947,0.900276099461,0.899220581224
      ,0.898910098909,0.899205819454,0.90015517167,0.901683999402
      ,0.903767023387,0.907647930977,0.909067615327,0.910607763843
      ,0.912261881851,0.914022819375,0.915882731358,0.917832742876
      ,0.919862319585,0.921958343128,0.924103891756,0.92736314309
      ,0.928456396073,0.929553512683,0.930651332009,0.931746251226
      ,0.932834027812,0.933909637326,0.934967186638,0.935999882719
      ,0.937000056892,0.93891843236,0.939836805899,0.940705618203
      ,0.941518399607,0.942264614373,0.942935527185,0.943534882944
      ,0.944084105409,0.94461553177,0.945157721,0.94573410399)
    ,(1.,1.,1.,1.,1.,1.,1.,1.,1.,1.,1.,1.,1.,1.,1.,1.,1.,1.,1.,1.,1.,1.
      ,1.,1.,1.,1.,1.,1.,1.,1.,1.,1.,1.,1.,1.,1.,1.,1.,1.,1.,1.,1.,1.,1.
,1.,1.,1.,1.,1.,1.,1.,1.))) REPRESENTATION_ITEM('') SURFACE() );
#4080 = CARTESIAN_POINT('',(31.852788105923,73.689784138688,
    -9.494383069987));
#4081 = CARTESIAN_POINT('',(31.830920722457,73.476292258099,
    -9.601690947595));
#4082 = CARTESIAN_POINT('',(31.809053338992,73.262800377511,
    -9.708998825203));
#4083 = CARTESIAN_POINT('',(31.787185955527,73.049308496922,
    -9.816306702811));
#4084 = CARTESIAN_POINT('',(31.765318572061,72.835816616333,
    -9.923614580419));
#4085 = CARTESIAN_POINT('',(31.743451188596,72.622324735745,
    -10.03092245802));
#4086 = CARTESIAN_POINT('',(31.721583805131,72.408832855157,
    -10.13823033563));
#4087 = CARTESIAN_POINT('',(31.699716421666,72.195340974569,
    -10.24553821324));
#4088 = CARTESIAN_POINT('',(31.677849038201,71.981849093981,
    -10.35284609085));
#4089 = CARTESIAN_POINT('',(31.655981654736,71.768357213393,
    -10.46015396845));
#4090 = CARTESIAN_POINT('',(31.634114271271,71.554865332805,
    -10.56746184606));
#4091 = CARTESIAN_POINT('',(31.335238706653,68.636934778637,
    -12.03410748108));
#4092 = CARTESIAN_POINT('',(31.041653855735,65.909900648448,
    -13.32395529645));
#4093 = CARTESIAN_POINT('',(30.748228083297,63.164713312025,
    -14.55660893462));
#4094 = CARTESIAN_POINT('',(30.469377266386,60.40931699798,
    -15.74180020076));
#4095 = CARTESIAN_POINT('',(30.215613737969,57.64534645579,
    -16.89493333126));
#4096 = CARTESIAN_POINT('',(29.996384333718,54.879694314687,
    -18.02479262216));
#4097 = CARTESIAN_POINT('',(29.817598234087,52.11684950905,
    -19.14543955314));
#4098 = CARTESIAN_POINT('',(29.68372316422,49.360128817061,
    -20.26665105091));
#4099 = CARTESIAN_POINT('',(29.597216140017,46.614481321128,
    -21.39829854765));
#4100 = CARTESIAN_POINT('',(29.558804380424,43.882257447184,
    -22.54800174107));
#4101 = CARTESIAN_POINT('',(29.571574249901,39.806432383885,
    -24.30747469478));
#4102 = CARTESIAN_POINT('',(29.587557254032,38.451567246939,
    -24.89978429908));
#4103 = CARTESIAN_POINT('',(29.615132247833,37.100617252058,
    -25.498577203));
#4104 = CARTESIAN_POINT('',(29.654025692577,35.75364744406,
    -26.1043601654));
#4105 = CARTESIAN_POINT('',(29.70383752793,34.410608980678,
    -26.71747195699));
#4106 = CARTESIAN_POINT('',(29.764039620575,33.071323558222,
    -27.33807147326));
#4107 = CARTESIAN_POINT('',(29.833960028135,31.735459261172,
    -27.96612402093));
#4108 = CARTESIAN_POINT('',(29.9127530882,30.402497847545,
    -28.60138578651));
#4109 = CARTESIAN_POINT('',(29.999355321935,29.071693457323,
    -29.24338647773));
#4110 = CARTESIAN_POINT('',(30.092427161616,27.74202275522,
    -29.89141014606));
#4111 = CARTESIAN_POINT('',(30.239207162044,25.747178371697,
    -30.8710062034));
#4112 = CARTESIAN_POINT('',(30.289327527174,25.082166826171,
    -31.19879576357));
#4113 = CARTESIAN_POINT('',(30.340427594862,24.416932831381,
    -31.52772495629));
#4114 = CARTESIAN_POINT('',(30.39226815154,23.751273966415,
    -31.85764757057));
#4115 = CARTESIAN_POINT('',(30.444581843448,23.084955195832,
    -32.18839947833));
#4116 = CARTESIAN_POINT('',(30.497067457649,22.417709856813,
    -32.51980139361));
#4117 = CARTESIAN_POINT('',(30.549381407867,21.749230859714,
    -32.85165400667));
#4118 = CARTESIAN_POINT('',(30.601126423415,21.079152100762,
    -33.18372549157));
#4119 = CARTESIAN_POINT('',(30.651837442933,20.407020088091,
    -33.5157313887));
#4120 = CARTESIAN_POINT('',(30.700964711525,19.732255780203,
    -33.84730686104));
#4121 = CARTESIAN_POINT('',(30.794743452987,18.375957494621,
    -34.50863578886));
#4122 = CARTESIAN_POINT('',(30.839402220089,17.694306208101,
    -34.83843676615));
#4123 = CARTESIAN_POINT('',(30.881138599231,17.009032084739,
    -35.16657952612));
#4124 = CARTESIAN_POINT('',(30.919338656301,16.31714506581,
    -35.49338192781));
#4125 = CARTESIAN_POINT('',(30.952986573658,15.619160688897,
    -35.81712394265));
#4126 = CARTESIAN_POINT('',(30.980957146569,14.915660648453,
    -36.13569902129));
#4127 = CARTESIAN_POINT('',(31.002250798116,14.205363809659,
    -36.44702566142));
#4128 = CARTESIAN_POINT('',(31.016040060507,13.486417175423,
    -36.74809316349));
#4129 = CARTESIAN_POINT('',(31.021701128952,12.757977475488,
    -37.03484792971));
#4130 = CARTESIAN_POINT('',(31.018914732953,12.019491741153,
    -37.30387574973));
#4131 = CARTESIAN_POINT('',(31.007437205314,11.270399446456,
    -37.55200134114));
#4132 = CARTESIAN_POINT('',(32.474895410876,72.269575111487,
    -6.558564452117));
#4133 = CARTESIAN_POINT('',(32.463920105646,72.049392209786,
    -6.664474249151));
#4134 = CARTESIAN_POINT('',(32.452992818844,71.830172637728,
    -6.769920676659));
#4135 = CARTESIAN_POINT('',(32.442111375716,71.611872766105,
    -6.87492472065));
#4136 = CARTESIAN_POINT('',(32.43127362142,71.394449365233,
    -6.97950717496));
#4137 = CARTESIAN_POINT('',(32.420477419608,71.177859576385,
    -7.08368865499));
#4138 = CARTESIAN_POINT('',(32.409720651017,70.962060883611,
    -7.187489611265));
#4139 = CARTESIAN_POINT('',(32.399001212081,70.747011085915,
    -7.290930342814));
#4140 = CARTESIAN_POINT('',(32.388317013566,70.532668269738,
    -7.394031010403));
#4141 = CARTESIAN_POINT('',(32.377665979205,70.318990781725,
    -7.496811649642));
#4142 = CARTESIAN_POINT('',(32.367046044357,70.105937201724,
    -7.599292183966));
#4143 = CARTESIAN_POINT('',(32.221692882762,67.189910702157,
    -9.001925051144));
#4144 = CARTESIAN_POINT('',(32.062177941449,64.472798679982,
    -10.25051164117));
#4145 = CARTESIAN_POINT('',(31.891110733609,61.743973036262,
    -11.45832923681));
#4146 = CARTESIAN_POINT('',(31.719258826196,59.009274653595,
    -12.63431493178));
#4147 = CARTESIAN_POINT('',(31.555799520093,56.268414343654,
    -13.78974408481));
#4148 = CARTESIAN_POINT('',(31.407206193073,53.524634844868,
    -14.93491144348));
#4149 = CARTESIAN_POINT('',(31.27965969909,50.780958818053,
    -16.07944527405));
#4150 = CARTESIAN_POINT('',(31.176755393567,48.038080864878,
    -17.23414977677));
#4151 = CARTESIAN_POINT('',(31.101675887076,45.30000100052,
    -18.40727178369));
#4152 = CARTESIAN_POINT('',(31.055910753784,42.568600042822,
    -19.60659330049));
#4153 = CARTESIAN_POINT('',(31.031641548233,38.49078700492,-21.449719295
    ));
#4154 = CARTESIAN_POINT('',(31.030908515277,37.138735405753,
    -22.06956421328));
#4155 = CARTESIAN_POINT('',(31.037524617667,35.790168013259,
    -22.69730716625));
#4156 = CARTESIAN_POINT('',(31.051409416748,34.445208296821,
    -23.33344611809));
#4157 = CARTESIAN_POINT('',(31.072394409895,33.103928187519,
    -23.97831033611));
#4158 = CARTESIAN_POINT('',(31.100222373333,31.766323175109,
    -24.63204876973));
#4159 = CARTESIAN_POINT('',(31.134538264225,30.432289513932,
    -25.2946004872));
#4160 = CARTESIAN_POINT('',(31.174871877187,29.101600552783,
    -25.96564893687));
#4161 = CARTESIAN_POINT('',(31.220612507419,27.77387926312,
    -26.64456186001));
#4162 = CARTESIAN_POINT('',(31.270975897866,26.448564087077,
    -27.33031868956));
#4163 = CARTESIAN_POINT('',(31.351862769586,24.46534191754,
    -28.36576698069));
#4164 = CARTESIAN_POINT('',(31.37965870957,23.806240146419,
    -28.71141919796));
#4165 = CARTESIAN_POINT('',(31.40822940331,23.147455108215,
    -29.05820742636));
#4166 = CARTESIAN_POINT('',(31.437434106199,22.488847651319,
    -29.40591900621));
#4167 = CARTESIAN_POINT('',(31.467115242843,21.830254967613,
    -29.75430704983));
#4168 = CARTESIAN_POINT('',(31.497096665162,21.171494361799,
    -30.10308554832));
#4169 = CARTESIAN_POINT('',(31.527178411181,20.512360444348,
    -30.45191747592));
#4170 = CARTESIAN_POINT('',(31.557127973232,19.852616064677,
    -30.80039579005));
#4171 = CARTESIAN_POINT('',(31.586668078104,19.191977296372,
    -31.14801721304));
#4172 = CARTESIAN_POINT('',(31.615460973949,18.530092771118,
    -31.49414866776));
#4173 = CARTESIAN_POINT('',(31.670660993974,17.204298322259,
    -32.18112124788));
#4174 = CARTESIAN_POINT('',(31.697075719901,16.540264216018,
    -32.52203007905));
#4175 = CARTESIAN_POINT('',(31.721918850891,15.874044060065,
    -32.85989291192));
#4176 = CARTESIAN_POINT('',(31.744677879587,15.204747980429,
    -33.1937989956));
#4177 = CARTESIAN_POINT('',(31.764742810325,14.532021334477,
    -33.52239691279));
#4178 = CARTESIAN_POINT('',(31.781366225673,13.855300783355,
    -33.84406852425));
#4179 = CARTESIAN_POINT('',(31.793576156901,13.173465428864,
    -34.15676336217));
#4180 = CARTESIAN_POINT('',(31.800185195398,12.48519433052,
    -34.45778587404));
#4181 = CARTESIAN_POINT('',(31.800003567886,11.78941089491,
    -34.74410177792));
#4182 = CARTESIAN_POINT('',(31.792141897564,11.085251877618,
    -35.0131055768));
#4183 = CARTESIAN_POINT('',(31.775882872161,10.37208851562,
    -35.2622549062));
#4184 = CARTESIAN_POINT('',(30.483984635367,71.213174865065,
    -4.125846770006));
#4185 = CARTESIAN_POINT('',(30.473134761315,70.986267964429,
    -4.225244704654));
#4186 = CARTESIAN_POINT('',(30.462355063481,70.760828681594,
    -4.323999740483));
#4187 = CARTESIAN_POINT('',(30.451645541867,70.536857016558,
    -4.422111877495));
#4188 = CARTESIAN_POINT('',(30.441006196471,70.314352969323,
    -4.519581115689));
#4189 = CARTESIAN_POINT('',(30.430437027293,70.093316539888,
    -4.616407455065));
#4190 = CARTESIAN_POINT('',(30.419938034335,69.873747728253,
    -4.712590895624));
#4191 = CARTESIAN_POINT('',(30.409509217595,69.655646534419,
    -4.808131437364));
#4192 = CARTESIAN_POINT('',(30.399150577075,69.439012958385,
    -4.903029080287));
#4193 = CARTESIAN_POINT('',(30.388862112772,69.223847000151,
    -4.997283824392));
#4194 = CARTESIAN_POINT('',(30.378643824689,69.010148659717,
    -5.090895669678));
#4195 = CARTESIAN_POINT('',(30.239943066632,66.109455160739,
    -6.361561929886));
#4196 = CARTESIAN_POINT('',(30.100717755118,63.397967148089,
    -7.505245488733));
#4197 = CARTESIAN_POINT('',(29.961444611277,60.66715857068,
    -8.625416114734));
#4198 = CARTESIAN_POINT('',(29.83070499233,57.907467285941,
    -9.738759848025));
#4199 = CARTESIAN_POINT('',(29.715524142768,55.153461452186,
    -10.84019738528));
#4200 = CARTESIAN_POINT('',(29.621118102269,52.368227745766,
    -11.96049517891));
#4201 = CARTESIAN_POINT('',(29.551593406594,49.596596948306,
    -13.08931780984));
#4202 = CARTESIAN_POINT('',(29.509416656364,46.814920057898,
    -14.24997202495));
#4203 = CARTESIAN_POINT('',(29.496245899163,44.043776559976,
    -15.44274969074));
#4204 = CARTESIAN_POINT('',(29.512526703966,41.283309558992,
    -16.67614653408));
#4205 = CARTESIAN_POINT('',(29.580168100424,37.168331634798,
    -18.59054140336));
#4206 = CARTESIAN_POINT('',(29.609914787613,35.800928491059,
    -19.23939642745));
#4207 = CARTESIAN_POINT('',(29.646789451962,34.438404054343,
    -19.89937050375));
#4208 = CARTESIAN_POINT('',(29.690634381773,33.081368778211,
    -20.57063510659));
#4209 = CARTESIAN_POINT('',(29.74121635879,31.730385763393,
    -21.25314926651));
#4210 = CARTESIAN_POINT('',(29.798226961577,30.385935558058,
    -21.94664947943));
#4211 = CARTESIAN_POINT('',(29.861272537489,29.048381013982,
    -22.65061778639));
#4212 = CARTESIAN_POINT('',(29.929853853065,27.717932209132,
    -23.36422803101));
#4213 = CARTESIAN_POINT('',(30.003335412284,26.394611425411,
    -24.086270287));
#4214 = CARTESIAN_POINT('',(30.080904452067,25.078218191521,
    -24.81505346251));
#4215 = CARTESIAN_POINT('',(30.201827186179,23.113332479751,
    -25.91490238335));
#4216 = CARTESIAN_POINT('',(30.242894769534,22.459988504847,
    -26.28262621102));
#4217 = CARTESIAN_POINT('',(30.284590634486,21.808211160891,
    -26.65116566186));
#4218 = CARTESIAN_POINT('',(30.326765844298,21.157922526985,
    -27.02018535776));
#4219 = CARTESIAN_POINT('',(30.36925262139,20.509025243073,
    -27.38930106228));
#4220 = CARTESIAN_POINT('',(30.411860442924,19.861407797239,
    -27.75806768952));
#4221 = CARTESIAN_POINT('',(30.454369861249,19.214947918713,
    -28.12596070143));
#4222 = CARTESIAN_POINT('',(30.496524047463,18.569514073886,
    -28.49235089144));
#4223 = CARTESIAN_POINT('',(30.538018059799,17.924965068212,
    -28.85647255647));
#4224 = CARTESIAN_POINT('',(30.578485835443,17.28114775144,
    -29.21738505568));
#4225 = CARTESIAN_POINT('',(30.656483978044,15.994637904709,
    -29.93047045836));
#4226 = CARTESIAN_POINT('',(30.694007211017,15.352069128816,
    -30.2825752732));
#4227 = CARTESIAN_POINT('',(30.729646160629,14.709447134475,
    -30.62939362263));
#4228 = CARTESIAN_POINT('',(30.762766839105,14.068543175591,
    -30.96846542176));
#4229 = CARTESIAN_POINT('',(30.792862901416,13.427798819146,
    -31.29894239702));
#4230 = CARTESIAN_POINT('',(30.819323211956,12.785029474528,
    -31.619888448));
#4231 = CARTESIAN_POINT('',(30.841342671902,12.139162518506,
    -31.92932914254));
#4232 = CARTESIAN_POINT('',(30.858077126971,11.489471189049,
    -32.22492872787));
#4233 = CARTESIAN_POINT('',(30.868831189947,10.834609350528,
    -32.50483591479));
#4234 = CARTESIAN_POINT('',(30.873071883503,10.173469668958,
    -32.76735912154));
#4235 = CARTESIAN_POINT('',(30.870381152527,9.505478686837,
    -33.01070787182));
#4236 = ADVANCED_FACE('',(#4237),#4443,.T.);
#4237 = FACE_BOUND('',#4238,.T.);
#4238 = EDGE_LOOP('',(#4239,#4240,#4241,#4251,#4282,#4365,#4373,#4381,
    #4389,#4397,#4405,#4413,#4421,#4429,#4437));
#4239 = ORIENTED_EDGE('',*,*,#857,.T.);
#4240 = ORIENTED_EDGE('',*,*,#3451,.T.);
#4241 = ORIENTED_EDGE('',*,*,#4242,.F.);
#4242 = EDGE_CURVE('',#4243,#3276,#4245,.T.);
#4243 = VERTEX_POINT('',#4244);
#4244 = CARTESIAN_POINT('',(-2.806611445663,49.,-40.32320306413));
#4245 = B_SPLINE_CURVE_WITH_KNOTS('',4,(#4246,#4247,#4248,#4249,#4250),
  .UNSPECIFIED.,.F.,.F.,(5,5),(0.,1.),.PIECEWISE_BEZIER_KNOTS.);
#4246 = CARTESIAN_POINT('',(-25.90236991538,49.,-40.32320306413));
#4247 = CARTESIAN_POINT('',(-12.95118495478,49.,-40.32320306413));
#4248 = CARTESIAN_POINT('',(5.809785705753E-09,49.,-40.32320306413));
#4249 = CARTESIAN_POINT('',(12.951184966407,49.,-40.32320306413));
#4250 = CARTESIAN_POINT('',(25.902369927005,49.,-40.32320306413));
#4251 = ORIENTED_EDGE('',*,*,#4252,.T.);
#4252 = EDGE_CURVE('',#4243,#4253,#4255,.T.);
#4253 = VERTEX_POINT('',#4254);
#4254 = CARTESIAN_POINT('',(-5.780502765867,49.000000001752,
    -40.03358312584));
#4255 = B_SPLINE_CURVE_WITH_KNOTS('',7,(#4256,#4257,#4258,#4259,#4260,
    #4261,#4262,#4263,#4264,#4265,#4266,#4267,#4268,#4269,#4270,#4271,
    #4272,#4273,#4274,#4275,#4276,#4277,#4278,#4279,#4280,#4281),
  .UNSPECIFIED.,.F.,.F.,(8,6,6,6,8),(0.,0.387907044456,0.692891827835,
    0.846923046755,1.),.UNSPECIFIED.);
#4256 = CARTESIAN_POINT('',(-2.806611848005,49.,-40.32320305064));
#4257 = CARTESIAN_POINT('',(-2.937206989657,49.,-40.32320305621));
#4258 = CARTESIAN_POINT('',(-3.070001307178,49.,-40.32184508594));
#4259 = CARTESIAN_POINT('',(-3.205267770877,49.,-40.31905777538));
#4260 = CARTESIAN_POINT('',(-3.34333628057,49.,-40.31475077762));
#4261 = CARTESIAN_POINT('',(-3.484596679797,49.,-40.30881119897));
#4262 = CARTESIAN_POINT('',(-3.629524200777,49.,-40.30109215428));
#4263 = CARTESIAN_POINT('',(-3.896035565796,49.,-40.28376800747));
#4264 = CARTESIAN_POINT('',(-4.015986853222,49.,-40.27491875739));
#4265 = CARTESIAN_POINT('',(-4.138878136383,49.,-40.26474824809));
#4266 = CARTESIAN_POINT('',(-4.26505765694,49.,-40.25313774023));
#4267 = CARTESIAN_POINT('',(-4.394947290227,49.,-40.23994074022));
#4268 = CARTESIAN_POINT('',(-4.529068298211,49.,-40.22497006554));
#4269 = CARTESIAN_POINT('',(-4.738272962759,49.,-40.19939688513));
#4270 = CARTESIAN_POINT('',(-4.809720435809,49.,-40.19029986282));
#4271 = CARTESIAN_POINT('',(-4.882496713827,49.,-40.18065542046));
#4272 = CARTESIAN_POINT('',(-4.956693763448,49.,-40.17042782737));
#4273 = CARTESIAN_POINT('',(-5.032413233591,49.,-40.15957661182));
#4274 = CARTESIAN_POINT('',(-5.109767956376,49.,-40.14805560439));
#4275 = CARTESIAN_POINT('',(-5.2675087975,49.,-40.12364421051));
#4276 = CARTESIAN_POINT('',(-5.347873059285,49.,-40.11076274429));
#4277 = CARTESIAN_POINT('',(-5.430099968233,49.,-40.09711562377));
#4278 = CARTESIAN_POINT('',(-5.514322520003,49.,-40.08264457928));
#4279 = CARTESIAN_POINT('',(-5.60069327439,49.,-40.06728302352));
#4280 = CARTESIAN_POINT('',(-5.689360055281,49.,-40.05095770581));
#4281 = CARTESIAN_POINT('',(-5.780502763832,49.,-40.03358312696));
#4282 = ORIENTED_EDGE('',*,*,#4283,.T.);
#4283 = EDGE_CURVE('',#4253,#4284,#4286,.T.);
#4284 = VERTEX_POINT('',#4285);
#4285 = CARTESIAN_POINT('',(-26.15913976319,49.,-26.7685));
#4286 = B_SPLINE_CURVE_WITH_KNOTS('',5,(#4287,#4288,#4289,#4290,#4291,
    #4292,#4293,#4294,#4295,#4296,#4297,#4298,#4299,#4300,#4301,#4302,
    #4303,#4304,#4305,#4306,#4307,#4308,#4309,#4310,#4311,#4312,#4313,
    #4314,#4315,#4316,#4317,#4318,#4319,#4320,#4321,#4322,#4323,#4324,
    #4325,#4326,#4327,#4328,#4329,#4330,#4331,#4332,#4333,#4334,#4335,
    #4336,#4337,#4338,#4339,#4340,#4341,#4342,#4343,#4344,#4345,#4346,
    #4347,#4348,#4349,#4350,#4351,#4352,#4353,#4354,#4355,#4356,#4357,
    #4358,#4359,#4360,#4361,#4362,#4363,#4364),.UNSPECIFIED.,.F.,.F.,(6,
    4,4,4,4,4,4,4,4,4,4,4,4,4,4,4,4,4,4,6),(0.,2.213496752074E-02,
    4.427949872414E-02,8.338178834644E-02,0.127760780079,0.172211965662,
    0.21674537582,0.30588541194,0.375032504847,0.444196599301,
    0.48928020436,0.534439361384,0.592540249981,0.650730136656,
    0.708986781138,0.767085779684,0.825408421083,0.883529957329,
    0.941834124642,1.),.UNSPECIFIED.);
#4287 = CARTESIAN_POINT('',(-3.215028126834,49.,-40.41211862466));
#4288 = CARTESIAN_POINT('',(-3.410403782213,49.,-40.39161988473));
#4289 = CARTESIAN_POINT('',(-3.605616360654,49.,-40.36956667959));
#4290 = CARTESIAN_POINT('',(-3.8006494528,49.,-40.34596154339));
#4291 = CARTESIAN_POINT('',(-3.995486738098,49.,-40.32080737919));
#4292 = CARTESIAN_POINT('',(-4.384821321706,49.,-40.26739600262));
#4293 = CARTESIAN_POINT('',(-4.579318439908,49.,-40.23913745279));
#4294 = CARTESIAN_POINT('',(-4.773587087034,49.,-40.20933508593));
#4295 = CARTESIAN_POINT('',(-4.967611120354,49.,-40.17799253499));
#4296 = CARTESIAN_POINT('',(-5.503517313257,49.,-40.08705727774));
#4297 = CARTESIAN_POINT('',(-5.844847457907,49.,-40.02421094505));
#4298 = CARTESIAN_POINT('',(-6.185276630279,49.,-39.95659679604));
#4299 = CARTESIAN_POINT('',(-6.524717830503,49.,-39.88424008879));
#4300 = CARTESIAN_POINT('',(-7.247114293191,49.,-39.71969818179));
#4301 = CARTESIAN_POINT('',(-7.629760293389,49.,-39.62615479669));
#4302 = CARTESIAN_POINT('',(-8.010898107918,49.,-39.52658089397));
#4303 = CARTESIAN_POINT('',(-8.390405100949,49.,-39.42102302265));
#4304 = CARTESIAN_POINT('',(-9.146531942232,49.,-39.19786074203));
#4305 = CARTESIAN_POINT('',(-9.523146147595,49.,-39.08023694255));
#4306 = CARTESIAN_POINT('',(-9.897883323077,49.,-38.95671280071));
#4307 = CARTESIAN_POINT('',(-10.2706258949,49.,-38.82734415378));
#4308 = CARTESIAN_POINT('',(-11.0125782351,49.,-38.55678793046));
#4309 = CARTESIAN_POINT('',(-11.38178023206,49.,-38.41557886046));
#4310 = CARTESIAN_POINT('',(-11.74875007284,49.,-38.26862419818));
#4311 = CARTESIAN_POINT('',(-12.11337576623,49.,-38.11598786957));
#4312 = CARTESIAN_POINT('',(-13.20048946065,49.,-37.64097617191));
#4313 = CARTESIAN_POINT('',(-13.91560294969,49.,-37.30172098134));
#4314 = CARTESIAN_POINT('',(-14.62001548452,49.,-36.94051262565));
#4315 = CARTESIAN_POINT('',(-15.31290937415,49.,-36.55794173288));
#4316 = CARTESIAN_POINT('',(-16.52147025122,49.,-35.84178280953));
#4317 = CARTESIAN_POINT('',(-17.04203139394,49.,-35.51645330299));
#4318 = CARTESIAN_POINT('',(-17.55484061781,49.,-35.17893782279));
#4319 = CARTESIAN_POINT('',(-18.0595576242,49.,-34.82953914624));
#4320 = CARTESIAN_POINT('',(-19.05228428491,49.,-34.10751295606));
#4321 = CARTESIAN_POINT('',(-19.54028969106,49.,-33.73487944083));
#4322 = CARTESIAN_POINT('',(-20.01955361359,49.,-33.35098296798));
#4323 = CARTESIAN_POINT('',(-20.48976989953,49.,-32.9561441078));
#4324 = CARTESIAN_POINT('',(-21.25106596206,49.,-32.28640217153));
#4325 = CARTESIAN_POINT('',(-21.5475157469,49.,-32.01760344633));
#4326 = CARTESIAN_POINT('',(-21.83991785726,49.,-31.74438549881));
#4327 = CARTESIAN_POINT('',(-22.12819475114,49.,-31.46684016739));
#4328 = CARTESIAN_POINT('',(-22.69682457022,49.,-30.90280835958));
#4329 = CARTESIAN_POINT('',(-22.97716339121,49.,-30.61630766672));
#4330 = CARTESIAN_POINT('',(-23.25321291822,49.,-30.32565166182));
#4331 = CARTESIAN_POINT('',(-23.52490058585,49.,-30.0309346766));
#4332 = CARTESIAN_POINT('',(-24.13600259267,49.,-29.34797271548));
#4333 = CARTESIAN_POINT('',(-24.47251277761,49.,-28.95712905658));
#4334 = CARTESIAN_POINT('',(-24.80153803559,49.,-28.55992395261));
#4335 = CARTESIAN_POINT('',(-25.12293618613,49.,-28.1565627618));
#4336 = CARTESIAN_POINT('',(-25.75068788736,49.,-27.33731681379));
#4337 = CARTESIAN_POINT('',(-26.05701761075,49.,-26.92141381515));
#4338 = CARTESIAN_POINT('',(-26.35542494972,49.,-26.4997529983));
#4339 = CARTESIAN_POINT('',(-26.6457804142,49.,-26.07254546162));
#4340 = CARTESIAN_POINT('',(-27.21046545494,49.,-25.20696767509));
#4341 = CARTESIAN_POINT('',(-27.48477625279,49.,-24.76858518523));
#4342 = CARTESIAN_POINT('',(-27.75077008261,49.,-24.32507141558));
#4343 = CARTESIAN_POINT('',(-28.00833005429,49.,-23.87664298392));
#4344 = CARTESIAN_POINT('',(-28.50568763165,49.,-22.97162104298));
#4345 = CARTESIAN_POINT('',(-28.74553142306,49.,-22.51505291724));
#4346 = CARTESIAN_POINT('',(-28.97676761444,49.,-22.05403180905));
#4347 = CARTESIAN_POINT('',(-29.19929315629,49.,-21.58877742156));
#4348 = CARTESIAN_POINT('',(-29.62755247441,49.,-20.64844001126));
#4349 = CARTESIAN_POINT('',(-29.83321833629,49.,-20.17332604784));
#4350 = CARTESIAN_POINT('',(-30.02991135213,49.,-19.69439474));
#4351 = CARTESIAN_POINT('',(-30.21754057875,49.,-19.21187332511));
#4352 = CARTESIAN_POINT('',(-30.57388767382,49.,-18.24178515879));
#4353 = CARTESIAN_POINT('',(-30.74266855147,49.,-17.75424153147));
#4354 = CARTESIAN_POINT('',(-30.90228115013,49.,-17.26358805897));
#4355 = CARTESIAN_POINT('',(-31.05264910778,49.,-16.77005457475));
#4356 = CARTESIAN_POINT('',(-31.33520016471,49.,-15.77613301195));
#4357 = CARTESIAN_POINT('',(-31.4673246772,49.,-15.27572824528));
#4358 = CARTESIAN_POINT('',(-31.59000649203,49.,-14.77289354529));
#4359 = CARTESIAN_POINT('',(-31.70318295172,49.,-14.26786575911));
#4360 = CARTESIAN_POINT('',(-31.91016890376,49.,-13.25510492558));
#4361 = CARTESIAN_POINT('',(-32.00402373897,49.,-12.74738110042));
#4362 = CARTESIAN_POINT('',(-32.08830845554,49.,-12.2379501415));
#4363 = CARTESIAN_POINT('',(-32.16297593724,49.,-11.7270516977));
#4364 = CARTESIAN_POINT('',(-32.22798681288,49.,-11.21492753597));
#4365 = ORIENTED_EDGE('',*,*,#4366,.F.);
#4366 = EDGE_CURVE('',#4367,#4284,#4369,.T.);
#4367 = VERTEX_POINT('',#4368);
#4368 = CARTESIAN_POINT('',(-19.6642,49.,-26.7685));
#4369 = LINE('',#4370,#4371);
#4370 = CARTESIAN_POINT('',(-19.6642,49.,-26.7685));
#4371 = VECTOR('',#4372,1.);
#4372 = DIRECTION('',(-1.,0.,-1.224646799147E-16));
#4373 = ORIENTED_EDGE('',*,*,#4374,.F.);
#4374 = EDGE_CURVE('',#4375,#4367,#4377,.T.);
#4375 = VERTEX_POINT('',#4376);
#4376 = CARTESIAN_POINT('',(-16.26351,49.,-18.6521755709));
#4377 = LINE('',#4378,#4379);
#4378 = CARTESIAN_POINT('',(-13.013227,49.,-10.894823));
#4379 = VECTOR('',#4380,1.);
#4380 = DIRECTION('',(-0.386443505813,2.047946433787E-16,-0.922313079608
    ));
#4381 = ORIENTED_EDGE('',*,*,#4382,.F.);
#4382 = EDGE_CURVE('',#4383,#4375,#4385,.T.);
#4383 = VERTEX_POINT('',#4384);
#4384 = CARTESIAN_POINT('',(-16.26351,49.,-16.2));
#4385 = LINE('',#4386,#4387);
#4386 = CARTESIAN_POINT('',(-16.26351,49.,-1.155326));
#4387 = VECTOR('',#4388,1.);
#4388 = DIRECTION('',(-1.207594978189E-47,-2.22044604925E-16,-1.));
#4389 = ORIENTED_EDGE('',*,*,#4390,.T.);
#4390 = EDGE_CURVE('',#4383,#4391,#4393,.T.);
#4391 = VERTEX_POINT('',#4392);
#4392 = CARTESIAN_POINT('',(-9.96585,49.,-16.2));
#4393 = LINE('',#4394,#4395);
#4394 = CARTESIAN_POINT('',(-2.047576011238,49.,-16.2));
#4395 = VECTOR('',#4396,1.);
#4396 = DIRECTION('',(1.,4.176400597321E-32,0.));
#4397 = ORIENTED_EDGE('',*,*,#4398,.F.);
#4398 = EDGE_CURVE('',#4399,#4391,#4401,.T.);
#4399 = VERTEX_POINT('',#4400);
#4400 = CARTESIAN_POINT('',(-9.96585,49.,-26.2));
#4401 = LINE('',#4402,#4403);
#4402 = CARTESIAN_POINT('',(-9.96585,49.,-27.63775437159));
#4403 = VECTOR('',#4404,1.);
#4404 = DIRECTION('',(0.,-3.410289889484E-16,1.));
#4405 = ORIENTED_EDGE('',*,*,#4406,.T.);
#4406 = EDGE_CURVE('',#4399,#4407,#4409,.T.);
#4407 = VERTEX_POINT('',#4408);
#4408 = CARTESIAN_POINT('',(12.91585,49.,-26.2));
#4409 = LINE('',#4410,#4411);
#4410 = CARTESIAN_POINT('',(0.351271137282,49.,-26.2));
#4411 = VECTOR('',#4412,1.);
#4412 = DIRECTION('',(1.,4.176400597321E-32,0.));
#4413 = ORIENTED_EDGE('',*,*,#4414,.F.);
#4414 = EDGE_CURVE('',#4415,#4407,#4417,.T.);
#4415 = VERTEX_POINT('',#4416);
#4416 = CARTESIAN_POINT('',(12.91585,49.,-16.2));
#4417 = LINE('',#4418,#4419);
#4418 = CARTESIAN_POINT('',(12.91585,49.,-21.2));
#4419 = VECTOR('',#4420,1.);
#4420 = DIRECTION('',(0.,0.,-1.));
#4421 = ORIENTED_EDGE('',*,*,#4422,.T.);
#4422 = EDGE_CURVE('',#4415,#4423,#4425,.T.);
#4423 = VERTEX_POINT('',#4424);
#4424 = CARTESIAN_POINT('',(15.057159715723,49.,-16.2));
#4425 = LINE('',#4426,#4427);
#4426 = CARTESIAN_POINT('',(-2.047576011238,49.,-16.2));
#4427 = VECTOR('',#4428,1.);
#4428 = DIRECTION('',(1.,4.176400597321E-32,0.));
#4429 = ORIENTED_EDGE('',*,*,#4430,.T.);
#4430 = EDGE_CURVE('',#4423,#4431,#4433,.T.);
#4431 = VERTEX_POINT('',#4432);
#4432 = CARTESIAN_POINT('',(19.1289,49.,-26.7685));
#4433 = LINE('',#4434,#4435);
#4434 = CARTESIAN_POINT('',(13.013227,49.,-10.894823));
#4435 = VECTOR('',#4436,1.);
#4436 = DIRECTION('',(0.359512250312,2.071987838149E-16,-0.933140365581)
  );
#4437 = ORIENTED_EDGE('',*,*,#4438,.F.);
#4438 = EDGE_CURVE('',#823,#4431,#4439,.T.);
#4439 = LINE('',#4440,#4441);
#4440 = CARTESIAN_POINT('',(38.995637,49.,-26.7685));
#4441 = VECTOR('',#4442,1.);
#4442 = DIRECTION('',(-1.,0.,-1.224646799147E-16));
#4443 = PLANE('',#4444);
#4444 = AXIS2_PLACEMENT_3D('',#4445,#4446,#4447);
#4445 = CARTESIAN_POINT('',(0.11162059575,49.,-28.25087439611));
#4446 = DIRECTION('',(0.,1.,0.));
#4447 = DIRECTION('',(1.224646799147E-16,0.,-1.));
#4448 = ADVANCED_FACE('',(#4449),#4502,.T.);
#4449 = FACE_BOUND('',#4450,.F.);
#4450 = EDGE_LOOP('',(#4451,#4452,#4460,#4500,#4501));
#4451 = ORIENTED_EDGE('',*,*,#2031,.T.);
#4452 = ORIENTED_EDGE('',*,*,#4453,.T.);
#4453 = EDGE_CURVE('',#2034,#4454,#4456,.T.);
#4454 = VERTEX_POINT('',#4455);
#4455 = CARTESIAN_POINT('',(17.060213535368,79.691020549718,
    -20.32884494981));
#4456 = LINE('',#4457,#4458);
#4457 = CARTESIAN_POINT('',(17.060213535368,79.691020549718,
    2.089273589886E-15));
#4458 = VECTOR('',#4459,1.);
#4459 = DIRECTION('',(1.224646799147E-16,0.,-1.));
#4460 = ORIENTED_EDGE('',*,*,#4461,.T.);
#4461 = EDGE_CURVE('',#4454,#248,#4462,.T.);
#4462 = B_SPLINE_CURVE_WITH_KNOTS('',8,(#4463,#4464,#4465,#4466,#4467,
    #4468,#4469,#4470,#4471,#4472,#4473,#4474,#4475,#4476,#4477,#4478,
    #4479,#4480,#4481,#4482,#4483,#4484,#4485,#4486,#4487,#4488,#4489,
    #4490,#4491,#4492,#4493,#4494,#4495,#4496,#4497,#4498,#4499),
  .UNSPECIFIED.,.F.,.F.,(9,7,7,7,7,9),(0.,0.489843775782,0.746040174775,
    0.878429757329,0.943717141782,1.),.UNSPECIFIED.);
#4463 = CARTESIAN_POINT('',(17.060213535368,79.691020549718,
    -20.32884494981));
#4464 = CARTESIAN_POINT('',(18.324307359618,79.691020549718,
    -20.32884494981));
#4465 = CARTESIAN_POINT('',(19.58901270669,79.582676663853,
    -20.4137360388));
#4466 = CARTESIAN_POINT('',(20.841116586533,79.365806758065,
    -20.58366109771));
#4467 = CARTESIAN_POINT('',(22.068798684187,79.04266368265,
    -20.83636291264));
#4468 = CARTESIAN_POINT('',(23.261339048789,78.616900041398,
    -21.16799507407));
#4469 = CARTESIAN_POINT('',(24.409016507675,78.093287656222,
    -21.57344741513));
#4470 = CARTESIAN_POINT('',(25.50301556582,77.477446155954,
    -22.0466678231));
#4471 = CARTESIAN_POINT('',(27.075317886323,76.408769750688,
    -22.86025883827));
#4472 = CARTESIAN_POINT('',(27.598549403248,76.018192863266,
    -23.15641091185));
#4473 = CARTESIAN_POINT('',(28.104026495882,75.60484697631,
    -23.46842280144));
#4474 = CARTESIAN_POINT('',(28.590765250479,75.169566172011,
    -23.79536882052));
#4475 = CARTESIAN_POINT('',(29.057833041815,74.713196429076,
    -24.13630434359));
#4476 = CARTESIAN_POINT('',(29.504339484064,74.236588961824,
    -24.49027421537));
#4477 = CARTESIAN_POINT('',(29.929427381668,73.740593559279,
    -24.85632116006));
#4478 = CARTESIAN_POINT('',(30.540429484303,72.960162346851,
    -25.42839849142));
#4479 = CARTESIAN_POINT('',(30.742651405002,72.68932290641,
    -25.62627190164));
#4480 = CARTESIAN_POINT('',(30.938813838209,72.413650898424,
    -25.82698233813));
#4481 = CARTESIAN_POINT('',(31.128801384368,72.133265194335,
    -26.03039655379));
#4482 = CARTESIAN_POINT('',(31.312498796656,71.848286326009,
    -26.2363802392));
#4483 = CARTESIAN_POINT('',(31.489790929173,71.558836570188,
    -26.44479812437));
#4484 = CARTESIAN_POINT('',(31.660562685132,71.265040032951,
    -26.65551408045));
#4485 = CARTESIAN_POINT('',(31.905642104257,70.820056714754,
    -26.97337071827));
#4486 = CARTESIAN_POINT('',(31.984971436542,70.672064444449,
    -27.07887565823));
#4487 = CARTESIAN_POINT('',(32.06267309818,70.523061122508,
    -27.18488955186));
#4488 = CARTESIAN_POINT('',(32.138733190987,70.373062171582,
    -27.29139580079));
#4489 = CARTESIAN_POINT('',(32.213137782327,70.222083237717,
    -27.3983776978));
#4490 = CARTESIAN_POINT('',(32.285872905107,70.07014019035,
    -27.50581842688));
#4491 = CARTESIAN_POINT('',(32.356924557778,69.917249122315,
    -27.61370106315));
#4492 = CARTESIAN_POINT('',(32.486067431217,69.630819026591,
    -27.81537816139));
#4493 = CARTESIAN_POINT('',(32.544594319147,69.497520726916,
    -27.90906250105));
#4494 = CARTESIAN_POINT('',(32.601852296446,69.363536382491,
    -28.00305455409));
#4495 = CARTESIAN_POINT('',(32.657833242271,69.228873894196,
    -28.09734523381));
#4496 = CARTESIAN_POINT('',(32.712527986615,69.093544132104,
    -28.19192340453));
#4497 = CARTESIAN_POINT('',(32.765926310312,68.957560935487,
    -28.28677588172));
#4498 = CARTESIAN_POINT('',(32.818016945031,68.820941112814,
    -28.38188743187));
#4499 = CARTESIAN_POINT('',(32.868787573284,68.683704441751,
    -28.47724077261));
#4500 = ORIENTED_EDGE('',*,*,#247,.F.);
#4501 = ORIENTED_EDGE('',*,*,#3995,.T.);
#4502 = CYLINDRICAL_SURFACE('',#4503,16.855699308226);
#4503 = AXIS2_PLACEMENT_3D('',#4504,#4505,#4506);
#4504 = CARTESIAN_POINT('',(17.060213535368,62.835321241491,
    2.089273589886E-15));
#4505 = DIRECTION('',(-1.224646799147E-16,0.,1.));
#4506 = DIRECTION('',(-1.,0.,-1.224646799147E-16));
#4507 = ADVANCED_FACE('',(#4508),#4527,.T.);
#4508 = FACE_BOUND('',#4509,.T.);
#4509 = EDGE_LOOP('',(#4510,#4511,#4512,#4520));
#4510 = ORIENTED_EDGE('',*,*,#822,.F.);
#4511 = ORIENTED_EDGE('',*,*,#4438,.T.);
#4512 = ORIENTED_EDGE('',*,*,#4513,.F.);
#4513 = EDGE_CURVE('',#4514,#4431,#4516,.T.);
#4514 = VERTEX_POINT('',#4515);
#4515 = CARTESIAN_POINT('',(19.1289,64.741051089097,-26.7685));
#4516 = LINE('',#4517,#4518);
#4517 = CARTESIAN_POINT('',(19.1289,84.,-26.7685));
#4518 = VECTOR('',#4519,1.);
#4519 = DIRECTION('',(2.719262146894E-32,-1.,-2.22044604925E-16));
#4520 = ORIENTED_EDGE('',*,*,#4521,.F.);
#4521 = EDGE_CURVE('',#798,#4514,#4522,.T.);
#4522 = CIRCLE('',#4523,2.7);
#4523 = AXIS2_PLACEMENT_3D('',#4524,#4525,#4526);
#4524 = CARTESIAN_POINT('',(21.110174962979,66.575321930896,-26.7685));
#4525 = DIRECTION('',(0.,0.,-1.));
#4526 = DIRECTION('',(1.,0.,0.));
#4527 = PLANE('',#4528);
#4528 = AXIS2_PLACEMENT_3D('',#4529,#4530,#4531);
#4529 = CARTESIAN_POINT('',(38.995637,84.,-26.7685));
#4530 = DIRECTION('',(1.224646799147E-16,2.22044604925E-16,-1.));
#4531 = DIRECTION('',(-1.,0.,-1.224646799147E-16));
#4532 = ADVANCED_FACE('',(#4533),#4571,.F.);
#4533 = FACE_BOUND('',#4534,.F.);
#4534 = EDGE_LOOP('',(#4535,#4545,#4560,#4569,#4570));
#4535 = ORIENTED_EDGE('',*,*,#4536,.F.);
#4536 = EDGE_CURVE('',#4537,#4454,#4539,.T.);
#4537 = VERTEX_POINT('',#4538);
#4538 = CARTESIAN_POINT('',(16.647885391998,79.691020549718,
    -20.32884494981));
#4539 = B_SPLINE_CURVE_WITH_KNOTS('',4,(#4540,#4541,#4542,#4543,#4544),
  .UNSPECIFIED.,.F.,.F.,(5,5),(0.,1.),.PIECEWISE_BEZIER_KNOTS.);
#4540 = CARTESIAN_POINT('',(-17.06021353536,79.691020549718,
    -20.32884494981));
#4541 = CARTESIAN_POINT('',(-8.530106767684,79.691020549718,
    -20.32884494981));
#4542 = CARTESIAN_POINT('',(-1.060434510184E-15,79.691020549718,
    -20.32884494981));
#4543 = CARTESIAN_POINT('',(8.530106767684,79.691020549718,
    -20.32884494981));
#4544 = CARTESIAN_POINT('',(17.060213535368,79.691020549718,
    -20.32884494981));
#4545 = ORIENTED_EDGE('',*,*,#4546,.F.);
#4546 = EDGE_CURVE('',#4547,#4537,#4549,.T.);
#4547 = VERTEX_POINT('',#4548);
#4548 = CARTESIAN_POINT('',(19.1289,71.106750546843,-26.7685));
#4549 = B_SPLINE_CURVE_WITH_KNOTS('',5,(#4550,#4551,#4552,#4553,#4554,
    #4555,#4556,#4557,#4558,#4559),.UNSPECIFIED.,.F.,.F.,(6,4,6),(0.,
    9.9023075694E-02,1.),.UNSPECIFIED.);
#4550 = CARTESIAN_POINT('',(19.1289,71.106750546843,-26.7685));
#4551 = CARTESIAN_POINT('',(19.080957073518,71.280673604259,
    -26.64406062441));
#4552 = CARTESIAN_POINT('',(19.032940606026,71.454419604662,
    -26.51943036775));
#4553 = CARTESIAN_POINT('',(18.984851317184,71.627989679788,
    -26.39461109794));
#4554 = CARTESIAN_POINT('',(18.936689885662,71.801384882418,
    -26.26960457653));
#4555 = CARTESIAN_POINT('',(18.449602040797,73.55068728235,
    -25.00533241547));
#4556 = CARTESIAN_POINT('',(18.004829041943,75.112370865219,
    -23.85089153511));
#4557 = CARTESIAN_POINT('',(17.554632673777,76.660440304904,
    -22.68237390265));
#4558 = CARTESIAN_POINT('',(17.099432184428,78.195599968408,
    -21.50086770731));
#4559 = CARTESIAN_POINT('',(16.63958560035,79.718511246245,
    -20.30730223296));
#4560 = ORIENTED_EDGE('',*,*,#4561,.T.);
#4561 = EDGE_CURVE('',#4547,#287,#4562,.T.);
#4562 = B_SPLINE_CURVE_WITH_KNOTS('',5,(#4563,#4564,#4565,#4566,#4567,
    #4568),.UNSPECIFIED.,.F.,.F.,(6,6),(0.,1.),
  .PIECEWISE_BEZIER_KNOTS.);
#4563 = CARTESIAN_POINT('',(19.1289,71.106750546843,-26.7685));
#4564 = CARTESIAN_POINT('',(20.061847571427,71.106750546843,-26.7685));
#4565 = CARTESIAN_POINT('',(21.742728025177,71.106750546843,-26.7685));
#4566 = CARTESIAN_POINT('',(23.240789037209,71.106750546843,-26.7685));
#4567 = CARTESIAN_POINT('',(24.417192502951,71.106750546843,-26.7685));
#4568 = CARTESIAN_POINT('',(25.902369927005,71.106750546843,-26.7685));
#4569 = ORIENTED_EDGE('',*,*,#286,.T.);
#4570 = ORIENTED_EDGE('',*,*,#4461,.F.);
#4571 = SURFACE_OF_LINEAR_EXTRUSION('',#4572,#4578);
#4572 = B_SPLINE_CURVE_WITH_KNOTS('',3,(#4573,#4574,#4575,#4576,#4577),
  .UNSPECIFIED.,.F.,.F.,(4,1,4),(0.,1.,2.),.QUASI_UNIFORM_KNOTS.);
#4573 = CARTESIAN_POINT('',(446.26170144114,80.109879999973,-20.));
#4574 = CARTESIAN_POINT('',(446.26170144114,50.039639747234,
    -43.65491833001));
#4575 = CARTESIAN_POINT('',(446.26170144114,7.11271928759,
    -57.26537937586));
#4576 = CARTESIAN_POINT('',(446.26170144114,-28.77751432256,
    -44.60880291824));
#4577 = CARTESIAN_POINT('',(446.26170144114,-41.1801,2.568000000006E-02)
  );
#4578 = VECTOR('',#4579,1.);
#4579 = DIRECTION('',(1.,0.,1.224646799147E-16));
#4580 = ADVANCED_FACE('',(#4581),#4618,.F.);
#4581 = FACE_BOUND('',#4582,.T.);
#4582 = EDGE_LOOP('',(#4583,#4584,#4592,#4599,#4600,#4601,#4602,#4611));
#4583 = ORIENTED_EDGE('',*,*,#748,.T.);
#4584 = ORIENTED_EDGE('',*,*,#4585,.T.);
#4585 = EDGE_CURVE('',#749,#4586,#4588,.T.);
#4586 = VERTEX_POINT('',#4587);
#4587 = CARTESIAN_POINT('',(23.810174962979,66.575321930896,-21.));
#4588 = LINE('',#4589,#4590);
#4589 = CARTESIAN_POINT('',(23.810174962979,66.575321930896,-27.));
#4590 = VECTOR('',#4591,1.);
#4591 = DIRECTION('',(0.,0.,1.));
#4592 = ORIENTED_EDGE('',*,*,#4593,.T.);
#4593 = EDGE_CURVE('',#4586,#4586,#4594,.T.);
#4594 = CIRCLE('',#4595,2.7);
#4595 = AXIS2_PLACEMENT_3D('',#4596,#4597,#4598);
#4596 = CARTESIAN_POINT('',(21.110174962979,66.575321930896,-21.));
#4597 = DIRECTION('',(0.,0.,1.));
#4598 = DIRECTION('',(1.,0.,0.));
#4599 = ORIENTED_EDGE('',*,*,#4585,.F.);
#4600 = ORIENTED_EDGE('',*,*,#797,.T.);
#4601 = ORIENTED_EDGE('',*,*,#4521,.T.);
#4602 = ORIENTED_EDGE('',*,*,#4603,.F.);
#4603 = EDGE_CURVE('',#4604,#4514,#4606,.T.);
#4604 = VERTEX_POINT('',#4605);
#4605 = CARTESIAN_POINT('',(19.1289,68.409592772695,-26.7685));
#4606 = ELLIPSE('',#4607,7.510175237865,2.7);
#4607 = AXIS2_PLACEMENT_3D('',#4608,#4609,#4610);
#4608 = CARTESIAN_POINT('',(21.110174962979,66.575321930896,
    -31.91104421557));
#4609 = DIRECTION('',(0.933140365581,-7.982775558617E-17,0.359512250312)
  );
#4610 = DIRECTION('',(0.359512250312,-3.075534732683E-17,-0.933140365581
    ));
#4611 = ORIENTED_EDGE('',*,*,#4612,.T.);
#4612 = EDGE_CURVE('',#4604,#714,#4613,.T.);
#4613 = CIRCLE('',#4614,2.7);
#4614 = AXIS2_PLACEMENT_3D('',#4615,#4616,#4617);
#4615 = CARTESIAN_POINT('',(21.110174962979,66.575321930896,-26.7685));
#4616 = DIRECTION('',(0.,0.,-1.));
#4617 = DIRECTION('',(1.,0.,0.));
#4618 = CYLINDRICAL_SURFACE('',#4619,2.7);
#4619 = AXIS2_PLACEMENT_3D('',#4620,#4621,#4622);
#4620 = CARTESIAN_POINT('',(21.110174962979,66.575321930896,-27.));
#4621 = DIRECTION('',(0.,0.,-1.));
#4622 = DIRECTION('',(1.,0.,0.));
#4623 = ADVANCED_FACE('',(#4624),#4635,.T.);
#4624 = FACE_BOUND('',#4625,.T.);
#4625 = EDGE_LOOP('',(#4626,#4627,#4628,#4634));
#4626 = ORIENTED_EDGE('',*,*,#713,.F.);
#4627 = ORIENTED_EDGE('',*,*,#4612,.F.);
#4628 = ORIENTED_EDGE('',*,*,#4629,.F.);
#4629 = EDGE_CURVE('',#4547,#4604,#4630,.T.);
#4630 = LINE('',#4631,#4632);
#4631 = CARTESIAN_POINT('',(19.1289,84.,-26.7685));
#4632 = VECTOR('',#4633,1.);
#4633 = DIRECTION('',(2.719262146894E-32,-1.,-2.22044604925E-16));
#4634 = ORIENTED_EDGE('',*,*,#4561,.T.);
#4635 = PLANE('',#4636);
#4636 = AXIS2_PLACEMENT_3D('',#4637,#4638,#4639);
#4637 = CARTESIAN_POINT('',(38.995637,84.,-26.7685));
#4638 = DIRECTION('',(1.224646799147E-16,2.22044604925E-16,-1.));
#4639 = DIRECTION('',(-1.,0.,-1.224646799147E-16));
#4640 = ADVANCED_FACE('',(#4641),#4730,.T.);
#4641 = FACE_BOUND('',#4642,.T.);
#4642 = EDGE_LOOP('',(#4643,#4651,#4659,#4708,#4715,#4723,#4729));
#4643 = ORIENTED_EDGE('',*,*,#4644,.F.);
#4644 = EDGE_CURVE('',#4645,#1240,#4647,.T.);
#4645 = VERTEX_POINT('',#4646);
#4646 = CARTESIAN_POINT('',(21.231561460002,-19.85622960948,-16.2));
#4647 = LINE('',#4648,#4649);
#4648 = CARTESIAN_POINT('',(27.235399823586,-8.731812186992,-16.2));
#4649 = VECTOR('',#4650,1.);
#4650 = DIRECTION('',(-0.47494390518,-0.880016071974,0.));
#4651 = ORIENTED_EDGE('',*,*,#4652,.T.);
#4652 = EDGE_CURVE('',#4645,#4653,#4655,.T.);
#4653 = VERTEX_POINT('',#4654);
#4654 = CARTESIAN_POINT('',(19.992544647769,-18.86609799184,-16.2));
#4655 = LINE('',#4656,#4657);
#4656 = CARTESIAN_POINT('',(21.231561460002,-19.85622960948,-16.2));
#4657 = VECTOR('',#4658,1.);
#4658 = DIRECTION('',(-0.781201428596,0.624279046548,0.));
#4659 = ORIENTED_EDGE('',*,*,#4660,.T.);
#4660 = EDGE_CURVE('',#4653,#4661,#4663,.T.);
#4661 = VERTEX_POINT('',#4662);
#4662 = CARTESIAN_POINT('',(15.263521730594,-22.35870701612,-16.2));
#4663 = B_SPLINE_CURVE_WITH_KNOTS('',8,(#4664,#4665,#4666,#4667,#4668,
    #4669,#4670,#4671,#4672,#4673,#4674,#4675,#4676,#4677,#4678,#4679,
    #4680,#4681,#4682,#4683,#4684,#4685,#4686,#4687,#4688,#4689,#4690,
    #4691,#4692,#4693,#4694,#4695,#4696,#4697,#4698,#4699,#4700,#4701,
    #4702,#4703,#4704,#4705,#4706,#4707),.UNSPECIFIED.,.F.,.F.,(9,7,7,7,
    7,7,9),(0.,5.942392725869E-02,0.241936971088,0.313743658079,
    0.425828299252,0.772756573381,1.),.UNSPECIFIED.);
#4664 = CARTESIAN_POINT('',(19.992544647769,-18.86609799184,-16.2));
#4665 = CARTESIAN_POINT('',(19.991667794275,-18.91334491248,-16.2));
#4666 = CARTESIAN_POINT('',(19.989880077277,-18.96058064271,-16.2));
#4667 = CARTESIAN_POINT('',(19.987180341335,-19.00778507061,-16.2));
#4668 = CARTESIAN_POINT('',(19.983568247867,-19.05493812082,-16.2));
#4669 = CARTESIAN_POINT('',(19.979044275154,-19.1020197545,-16.2));
#4670 = CARTESIAN_POINT('',(19.973609718332,-19.14900996936,-16.2));
#4671 = CARTESIAN_POINT('',(19.967266689402,-19.19588879962,-16.2));
#4672 = CARTESIAN_POINT('',(19.93775504857,-19.3862153744,-16.2));
#4673 = CARTESIAN_POINT('',(19.906945313996,-19.52858519073,-16.2));
#4674 = CARTESIAN_POINT('',(19.867676265112,-19.66912926446,-16.2));
#4675 = CARTESIAN_POINT('',(19.820118694578,-19.80728439043,-16.2));
#4676 = CARTESIAN_POINT('',(19.764518008095,-19.94253980841,-16.2));
#4677 = CARTESIAN_POINT('',(19.701190888928,-20.07443750377,-16.2));
#4678 = CARTESIAN_POINT('',(19.630527454957,-20.20257365946,-16.2));
#4679 = CARTESIAN_POINT('',(19.522496605697,-20.37539783217,-16.2));
#4680 = CARTESIAN_POINT('',(19.490928991398,-20.42356266244,-16.2));
#4681 = CARTESIAN_POINT('',(19.458323103087,-20.47107649807,-16.2));
#4682 = CARTESIAN_POINT('',(19.424706944873,-20.51792237716,-16.2));
#4683 = CARTESIAN_POINT('',(19.390109342839,-20.56408552451,-16.2));
#4684 = CARTESIAN_POINT('',(19.354559800639,-20.60955324804,-16.2));
#4685 = CARTESIAN_POINT('',(19.318088355083,-20.65431483528,-16.2));
#4686 = CARTESIAN_POINT('',(19.222404820762,-20.76711478186,-16.2));
#4687 = CARTESIAN_POINT('',(19.161911849355,-20.83412641907,-16.2));
#4688 = CARTESIAN_POINT('',(19.099361782335,-20.89936331866,-16.2));
#4689 = CARTESIAN_POINT('',(19.034870527352,-20.96280517635,-16.2));
#4690 = CARTESIAN_POINT('',(18.968553176487,-21.02444292426,-16.2));
#4691 = CARTESIAN_POINT('',(18.900522547859,-21.08427722876,-16.2));
#4692 = CARTESIAN_POINT('',(18.830887727235,-21.14231698831,-16.2));
#4693 = CARTESIAN_POINT('',(18.539572723061,-21.37271834661,-16.2));
#4694 = CARTESIAN_POINT('',(18.305352557907,-21.52955254851,-16.2));
#4695 = CARTESIAN_POINT('',(18.059806382143,-21.66998667235,-16.2));
#4696 = CARTESIAN_POINT('',(17.805337782305,-21.79506447181,-16.2));
#4697 = CARTESIAN_POINT('',(17.543985777685,-21.90582573208,-16.2));
#4698 = CARTESIAN_POINT('',(17.277312740532,-22.00306216811,-16.2));
#4699 = CARTESIAN_POINT('',(17.006389667574,-22.08729420209,-16.2));
#4700 = CARTESIAN_POINT('',(16.551722804782,-22.20497516625,-16.2));
#4701 = CARTESIAN_POINT('',(16.370358728156,-22.2458642227,-16.2));
#4702 = CARTESIAN_POINT('',(16.187694362974,-22.28105784613,-16.2));
#4703 = CARTESIAN_POINT('',(16.003908904705,-22.31038656862,-16.2));
#4704 = CARTESIAN_POINT('',(15.819249143609,-22.33350301724,-16.2));
#4705 = CARTESIAN_POINT('',(15.634031855696,-22.34987503206,-16.2));
#4706 = CARTESIAN_POINT('',(15.448641459452,-22.35870701612,-16.2));
#4707 = CARTESIAN_POINT('',(15.263521730594,-22.35870701612,-16.2));
#4708 = ORIENTED_EDGE('',*,*,#4709,.T.);
#4709 = EDGE_CURVE('',#4661,#4710,#4712,.T.);
#4710 = VERTEX_POINT('',#4711);
#4711 = CARTESIAN_POINT('',(-16.71014301733,-22.35870701612,-16.2));
#4712 = B_SPLINE_CURVE_WITH_KNOTS('',1,(#4713,#4714),.UNSPECIFIED.,.F.,
  .F.,(2,2),(0.,1.),.PIECEWISE_BEZIER_KNOTS.);
#4713 = CARTESIAN_POINT('',(15.263521730594,-22.35870701612,-16.2));
#4714 = CARTESIAN_POINT('',(-16.71014301733,-22.35870701612,-16.2));
#4715 = ORIENTED_EDGE('',*,*,#4716,.T.);
#4716 = EDGE_CURVE('',#4710,#4717,#4719,.T.);
#4717 = VERTEX_POINT('',#4718);
#4718 = CARTESIAN_POINT('',(-16.71014301733,-24.219282,-16.2));
#4719 = LINE('',#4720,#4721);
#4720 = CARTESIAN_POINT('',(-16.71014301733,-22.35870701612,-16.2));
#4721 = VECTOR('',#4722,1.);
#4722 = DIRECTION('',(0.,-1.,0.));
#4723 = ORIENTED_EDGE('',*,*,#4724,.F.);
#4724 = EDGE_CURVE('',#1242,#4717,#4725,.T.);
#4725 = LINE('',#4726,#4727);
#4726 = CARTESIAN_POINT('',(-10.98848414852,-24.219282,-16.2));
#4727 = VECTOR('',#4728,1.);
#4728 = DIRECTION('',(-1.,9.522519286466E-17,0.));
#4729 = ORIENTED_EDGE('',*,*,#1239,.F.);
#4730 = PLANE('',#4731);
#4731 = AXIS2_PLACEMENT_3D('',#4732,#4733,#4734);
#4732 = CARTESIAN_POINT('',(-3.322694297041,27.506054105987,-16.2));
#4733 = DIRECTION('',(0.,0.,1.));
#4734 = DIRECTION('',(1.,0.,0.));
#4735 = ADVANCED_FACE('',(#4736),#4769,.F.);
#4736 = FACE_BOUND('',#4737,.F.);
#4737 = EDGE_LOOP('',(#4738,#4739,#4745,#4746,#4747,#4755,#4763));
#4738 = ORIENTED_EDGE('',*,*,#2151,.F.);
#4739 = ORIENTED_EDGE('',*,*,#4740,.T.);
#4740 = EDGE_CURVE('',#2152,#1261,#4741,.T.);
#4741 = LINE('',#4742,#4743);
#4742 = CARTESIAN_POINT('',(18.982525563788,-24.02343275395,-9.6));
#4743 = VECTOR('',#4744,1.);
#4744 = DIRECTION('',(0.,0.,-1.));
#4745 = ORIENTED_EDGE('',*,*,#1260,.T.);
#4746 = ORIENTED_EDGE('',*,*,#4644,.F.);
#4747 = ORIENTED_EDGE('',*,*,#4748,.T.);
#4748 = EDGE_CURVE('',#4645,#4749,#4751,.T.);
#4749 = VERTEX_POINT('',#4750);
#4750 = CARTESIAN_POINT('',(21.231561460002,-19.85622960948,-11.8));
#4751 = LINE('',#4752,#4753);
#4752 = CARTESIAN_POINT('',(21.231561460002,-19.85622960948,-16.2));
#4753 = VECTOR('',#4754,1.);
#4754 = DIRECTION('',(0.,0.,1.));
#4755 = ORIENTED_EDGE('',*,*,#4756,.T.);
#4756 = EDGE_CURVE('',#4749,#4757,#4759,.T.);
#4757 = VERTEX_POINT('',#4758);
#4758 = CARTESIAN_POINT('',(24.395337611281,-13.99411867198,-11.8));
#4759 = LINE('',#4760,#4761);
#4760 = CARTESIAN_POINT('',(28.359917771693,-6.648210614754,-11.8));
#4761 = VECTOR('',#4762,1.);
#4762 = DIRECTION('',(0.47494390518,0.880016071974,0.));
#4763 = ORIENTED_EDGE('',*,*,#4764,.F.);
#4764 = EDGE_CURVE('',#2143,#4757,#4765,.T.);
#4765 = LINE('',#4766,#4767);
#4766 = CARTESIAN_POINT('',(24.395337611281,-13.99411867198,-9.6));
#4767 = VECTOR('',#4768,1.);
#4768 = DIRECTION('',(0.,0.,-1.));
#4769 = PLANE('',#4770);
#4770 = AXIS2_PLACEMENT_3D('',#4771,#4772,#4773);
#4771 = CARTESIAN_POINT('',(18.982525563788,-24.02343275395,-9.6));
#4772 = DIRECTION('',(0.880016071974,-0.47494390518,0.));
#4773 = DIRECTION('',(0.47494390518,0.880016071974,0.));
#4774 = ADVANCED_FACE('',(#4775),#4826,.F.);
#4775 = FACE_BOUND('',#4776,.F.);
#4776 = EDGE_LOOP('',(#4777,#4778,#4786,#4796,#4804,#4812,#4818,#4819,
    #4820));
#4777 = ORIENTED_EDGE('',*,*,#2168,.F.);
#4778 = ORIENTED_EDGE('',*,*,#4779,.T.);
#4779 = EDGE_CURVE('',#2169,#4780,#4782,.T.);
#4780 = VERTEX_POINT('',#4781);
#4781 = CARTESIAN_POINT('',(-18.654274,-24.219282,-15.01986750521));
#4782 = LINE('',#4783,#4784);
#4783 = CARTESIAN_POINT('',(-18.654274,-24.219282,-9.6));
#4784 = VECTOR('',#4785,1.);
#4785 = DIRECTION('',(0.,0.,-1.));
#4786 = ORIENTED_EDGE('',*,*,#4787,.T.);
#4787 = EDGE_CURVE('',#4780,#4788,#4790,.T.);
#4788 = VERTEX_POINT('',#4789);
#4789 = CARTESIAN_POINT('',(-18.38977954999,-24.219282,-16.2));
#4790 = B_SPLINE_CURVE_WITH_KNOTS('',4,(#4791,#4792,#4793,#4794,#4795),
  .UNSPECIFIED.,.F.,.F.,(5,5),(0.,1.),.PIECEWISE_BEZIER_KNOTS.);
#4791 = CARTESIAN_POINT('',(-18.654274,-24.219282,-15.01986750521));
#4792 = CARTESIAN_POINT('',(-18.58914616435,-24.219282,-15.31512304823)
  );
#4793 = CARTESIAN_POINT('',(-18.52337689453,-24.219282,-15.61023683543)
  );
#4794 = CARTESIAN_POINT('',(-18.4569341482,-24.219282,-15.90519963006));
#4795 = CARTESIAN_POINT('',(-18.38977954999,-24.219282,-16.2));
#4796 = ORIENTED_EDGE('',*,*,#4797,.T.);
#4797 = EDGE_CURVE('',#4788,#4798,#4800,.T.);
#4798 = VERTEX_POINT('',#4799);
#4799 = CARTESIAN_POINT('',(-18.38977954999,-24.219282,-11.8));
#4800 = LINE('',#4801,#4802);
#4801 = CARTESIAN_POINT('',(-18.38977954999,-24.219282,-16.2));
#4802 = VECTOR('',#4803,1.);
#4803 = DIRECTION('',(0.,0.,1.));
#4804 = ORIENTED_EDGE('',*,*,#4805,.F.);
#4805 = EDGE_CURVE('',#4806,#4798,#4808,.T.);
#4806 = VERTEX_POINT('',#4807);
#4807 = CARTESIAN_POINT('',(-16.71014301733,-24.219282,-11.8));
#4808 = LINE('',#4809,#4810);
#4809 = CARTESIAN_POINT('',(-10.01641865718,-24.219282,-11.8));
#4810 = VECTOR('',#4811,1.);
#4811 = DIRECTION('',(-1.,-4.230336277781E-15,0.));
#4812 = ORIENTED_EDGE('',*,*,#4813,.F.);
#4813 = EDGE_CURVE('',#4717,#4806,#4814,.T.);
#4814 = LINE('',#4815,#4816);
#4815 = CARTESIAN_POINT('',(-16.71014301733,-24.219282,-16.2));
#4816 = VECTOR('',#4817,1.);
#4817 = DIRECTION('',(0.,0.,1.));
#4818 = ORIENTED_EDGE('',*,*,#4724,.F.);
#4819 = ORIENTED_EDGE('',*,*,#1326,.F.);
#4820 = ORIENTED_EDGE('',*,*,#4821,.F.);
#4821 = EDGE_CURVE('',#2160,#1271,#4822,.T.);
#4822 = LINE('',#4823,#4824);
#4823 = CARTESIAN_POINT('',(18.654274,-24.219282,-9.6));
#4824 = VECTOR('',#4825,1.);
#4825 = DIRECTION('',(0.,0.,-1.));
#4826 = PLANE('',#4827);
#4827 = AXIS2_PLACEMENT_3D('',#4828,#4829,#4830);
#4828 = CARTESIAN_POINT('',(-18.654274,-24.219282,-9.6));
#4829 = DIRECTION('',(-9.522519286466E-17,-1.,0.));
#4830 = DIRECTION('',(1.,-9.522519286466E-17,0.));
#4831 = ADVANCED_FACE('',(#4832),#4838,.F.);
#4832 = FACE_BOUND('',#4833,.F.);
#4833 = EDGE_LOOP('',(#4834,#4835,#4836,#4837));
#4834 = ORIENTED_EDGE('',*,*,#2159,.F.);
#4835 = ORIENTED_EDGE('',*,*,#4821,.T.);
#4836 = ORIENTED_EDGE('',*,*,#1270,.F.);
#4837 = ORIENTED_EDGE('',*,*,#4740,.F.);
#4838 = CYLINDRICAL_SURFACE('',#4839,0.373006328227);
#4839 = AXIS2_PLACEMENT_3D('',#4840,#4841,#4842);
#4840 = CARTESIAN_POINT('',(18.654274,-23.84627567177,-9.6));
#4841 = DIRECTION('',(0.,0.,1.));
#4842 = DIRECTION('',(0.444377638485,0.895839558411,0.));
#4843 = ADVANCED_FACE('',(#4844),#4872,.F.);
#4844 = FACE_BOUND('',#4845,.F.);
#4845 = EDGE_LOOP('',(#4846,#4856,#4862,#4863,#4864,#4865));
#4846 = ORIENTED_EDGE('',*,*,#4847,.F.);
#4847 = EDGE_CURVE('',#4848,#4850,#4852,.T.);
#4848 = VERTEX_POINT('',#4849);
#4849 = CARTESIAN_POINT('',(15.056190909824,79.691020549718,
    -16.19748539336));
#4850 = VERTEX_POINT('',#4851);
#4851 = CARTESIAN_POINT('',(15.056190909825,79.691020549718,-10.6));
#4852 = LINE('',#4853,#4854);
#4853 = CARTESIAN_POINT('',(15.056190909824,79.691020549718,-4.8));
#4854 = VECTOR('',#4855,1.);
#4855 = DIRECTION('',(0.,0.,1.));
#4856 = ORIENTED_EDGE('',*,*,#4857,.F.);
#4857 = EDGE_CURVE('',#4537,#4848,#4858,.T.);
#4858 = LINE('',#4859,#4860);
#4859 = CARTESIAN_POINT('',(9.242272556037,79.691020549718,
    -1.107034669071));
#4860 = VECTOR('',#4861,1.);
#4861 = DIRECTION('',(-0.359512250312,0.,0.933140365581));
#4862 = ORIENTED_EDGE('',*,*,#4536,.T.);
#4863 = ORIENTED_EDGE('',*,*,#4453,.F.);
#4864 = ORIENTED_EDGE('',*,*,#2042,.T.);
#4865 = ORIENTED_EDGE('',*,*,#4866,.T.);
#4866 = EDGE_CURVE('',#2043,#4850,#4867,.T.);
#4867 = CIRCLE('',#4868,1.);
#4868 = AXIS2_PLACEMENT_3D('',#4869,#4870,#4871);
#4869 = CARTESIAN_POINT('',(16.056190909825,79.691020549718,-10.6));
#4870 = DIRECTION('',(0.,-1.,0.));
#4871 = DIRECTION('',(1.224646799147E-16,0.,-1.));
#4872 = PLANE('',#4873);
#4873 = AXIS2_PLACEMENT_3D('',#4874,#4875,#4876);
#4874 = CARTESIAN_POINT('',(-17.06021353536,79.691020549718,
    -2.089273589886E-15));
#4875 = DIRECTION('',(0.,-1.,0.));
#4876 = DIRECTION('',(1.,0.,1.224646799147E-16));
#4877 = ADVANCED_FACE('',(#4878),#4894,.T.);
#4878 = FACE_BOUND('',#4879,.T.);
#4879 = EDGE_LOOP('',(#4880,#4881,#4882,#4893));
#4880 = ORIENTED_EDGE('',*,*,#2454,.F.);
#4881 = ORIENTED_EDGE('',*,*,#2571,.F.);
#4882 = ORIENTED_EDGE('',*,*,#4883,.T.);
#4883 = EDGE_CURVE('',#2561,#4014,#4884,.T.);
#4884 = ( BOUNDED_CURVE() B_SPLINE_CURVE(7,(#4885,#4886,#4887,#4888,
    #4889,#4890,#4891,#4892),.UNSPECIFIED.,.F.,.F.) 
B_SPLINE_CURVE_WITH_KNOTS((8,8),(-1.678941205045,16.082631516073),
.PIECEWISE_BEZIER_KNOTS.) CURVE() GEOMETRIC_REPRESENTATION_ITEM() 
RATIONAL_B_SPLINE_CURVE((1.,1.,1.,1.,1.,1.,1.,1.)) REPRESENTATION_ITEM(
  '') );
#4885 = CARTESIAN_POINT('',(30.751252849008,0.131949992878,
    -35.95565030572));
#4886 = CARTESIAN_POINT('',(30.666215265199,2.40273366301,
    -34.92465041407));
#4887 = CARTESIAN_POINT('',(30.62874242901,4.782124914385,
    -34.00646029325));
#4888 = CARTESIAN_POINT('',(30.646066670346,7.254427264233,
    -33.21327065873));
#4889 = CARTESIAN_POINT('',(30.723430285694,9.77922554348,
    -32.54149090847));
#4890 = CARTESIAN_POINT('',(30.854713884384,12.321889337473,
    -31.94733122304));
#4891 = CARTESIAN_POINT('',(31.032122641871,14.868291920343,
    -31.40007289852));
#4892 = CARTESIAN_POINT('',(31.245736717806,17.407020144323,
    -30.87042856707));
#4893 = ORIENTED_EDGE('',*,*,#4013,.F.);
#4894 = B_SPLINE_SURFACE_WITH_KNOTS('',14,1,(
    (#4895,#4896)
    ,(#4897,#4898)
    ,(#4899,#4900)
    ,(#4901,#4902)
    ,(#4903,#4904)
    ,(#4905,#4906)
    ,(#4907,#4908)
    ,(#4909,#4910)
    ,(#4911,#4912)
    ,(#4913,#4914)
    ,(#4915,#4916)
    ,(#4917,#4918)
    ,(#4919,#4920)
    ,(#4921,#4922)
    ,(#4923,#4924)
    ,(#4925,#4926)
    ,(#4927,#4928)
    ,(#4929,#4930)
    ,(#4931,#4932)
    ,(#4933,#4934)
    ,(#4935,#4936)
    ,(#4937,#4938)
    ,(#4939,#4940)
    ,(#4941,#4942)
    ,(#4943,#4944)
    ,(#4945,#4946)
    ,(#4947,#4948)
    ,(#4949,#4950
    )),.UNSPECIFIED.,.T.,.F.,.F.,(15,13,15),(2,2),(0.,3.14159265359,
    6.28318530718),(0.,1.),.UNSPECIFIED.);
#4895 = CARTESIAN_POINT('',(79.771900000014,8.894206569963,
    -72.34251041294));
#4896 = CARTESIAN_POINT('',(55.012099999986,95.334348131838,
    -3.289161358083));
#4897 = CARTESIAN_POINT('',(91.143769767634,8.894206569963,
    -72.34251041293));
#4898 = CARTESIAN_POINT('',(62.532197654732,95.334348131844,
    -3.289161358088));
#4899 = CARTESIAN_POINT('',(102.51563885142,7.689502525745,
    -69.87250108312));
#4900 = CARTESIAN_POINT('',(70.052296697386,94.537690135445,
    -1.65577040766));
#4901 = CARTESIAN_POINT('',(113.16805161722,5.280094649824,
    -64.93248285917));
#4902 = CARTESIAN_POINT('',(77.096617458066,92.944373633452,
    1.611012537231));
#4903 = CARTESIAN_POINT('',(122.38153134898,1.756057482164,
    -57.70713591646));
#4904 = CARTESIAN_POINT('',(83.189407092485,90.613965992872,
    6.389056275164));
#4905 = CARTESIAN_POINT('',(129.50119900721,-2.702456101684,
    -48.56582838776));
#4906 = CARTESIAN_POINT('',(87.897559048919,87.665596679973,
    12.434109203794));
#4907 = CARTESIAN_POINT('',(134.00122438277,-7.83510109321,
    -38.04234664416));
#4908 = CARTESIAN_POINT('',(90.873378303566,84.271433579321,
    19.393174848004));
#4909 = CARTESIAN_POINT('',(135.54061815816,-13.32108419875,
    -26.79441440803));
#4910 = CARTESIAN_POINT('',(91.891369047433,80.64361041036,
    26.831314627895));
#4911 = CARTESIAN_POINT('',(134.00122438277,-18.8070673043,
    -15.5464821719));
#4912 = CARTESIAN_POINT('',(90.87337967701,77.015787348786,
    34.269454187611));
#4913 = CARTESIAN_POINT('',(129.50119900721,-23.93971229582,
    -5.023000428306));
#4914 = CARTESIAN_POINT('',(87.897559347252,73.621623912953,
    41.228520519048));
#4915 = CARTESIAN_POINT('',(122.38153134897,-28.39822587967,
    4.118307100391));
#4916 = CARTESIAN_POINT('',(83.189403808732,70.673255242958,
    47.273572129531));
#4917 = CARTESIAN_POINT('',(113.16805161723,-31.92226304733,
    11.343654043104));
#4918 = CARTESIAN_POINT('',(77.096621162284,68.342846932143,
    52.051617241642));
#4919 = CARTESIAN_POINT('',(102.51563885141,-34.33167092325,
    16.283672267047));
#4920 = CARTESIAN_POINT('',(70.052295210097,66.749530788828,
    55.318399451133));
#4921 = CARTESIAN_POINT('',(91.143769767638,-35.53637496747,
    18.753681596868));
#4922 = CARTESIAN_POINT('',(62.532197605041,65.95287271717,
    56.951790555878));
#4923 = CARTESIAN_POINT('',(68.400030232392,-35.53637496747,
    18.75368159687));
#4924 = CARTESIAN_POINT('',(47.49200239493,65.95287271717,
    56.951790555878));
#4925 = CARTESIAN_POINT('',(57.028161148609,-34.33167092325,
    16.283672267041));
#4926 = CARTESIAN_POINT('',(39.971904789874,66.749530788828,
    55.318399451133));
#4927 = CARTESIAN_POINT('',(46.375748382799,-31.92226304733,
    11.343654043112));
#4928 = CARTESIAN_POINT('',(32.927578837688,68.342846932143,
    52.051617241642));
#4929 = CARTESIAN_POINT('',(37.162268651048,-28.39822587967,
    4.118307100386));
#4930 = CARTESIAN_POINT('',(26.834796191239,70.673255242958,
    47.273572129531));
#4931 = CARTESIAN_POINT('',(30.042600992815,-23.93971229582,
    -5.023000428309));
#4932 = CARTESIAN_POINT('',(22.126640652719,73.621623912953,
    41.228520519048));
#4933 = CARTESIAN_POINT('',(25.542575617256,-18.80706730429,
    -15.54648217189));
#4934 = CARTESIAN_POINT('',(19.150820322961,77.015787348786,
    34.269454187611));
#4935 = CARTESIAN_POINT('',(24.00318184186,-13.32108419875,
    -26.79441440803));
#4936 = CARTESIAN_POINT('',(18.132830952538,80.64361041036,
    26.831314627896));
#4937 = CARTESIAN_POINT('',(25.542575617254,-7.835101093211,
    -38.04234664417));
#4938 = CARTESIAN_POINT('',(19.150821696405,84.271433579322,
    19.393174848004));
#4939 = CARTESIAN_POINT('',(30.042600992816,-2.702456101683,
    -48.56582838776));
#4940 = CARTESIAN_POINT('',(22.126640951052,87.665596679973,
    12.434109203794));
#4941 = CARTESIAN_POINT('',(37.16226865105,1.756057482164,
    -57.70713591645));
#4942 = CARTESIAN_POINT('',(26.834792907488,90.61396599287,
    6.389056275163));
#4943 = CARTESIAN_POINT('',(46.375748382795,5.280094649824,
    -64.93248285918));
#4944 = CARTESIAN_POINT('',(32.927582541906,92.944373633451,
    1.61101253723));
#4945 = CARTESIAN_POINT('',(57.028161148612,7.689502525746,
    -69.87250108311));
#4946 = CARTESIAN_POINT('',(39.971903302579,94.537690135451,
    -1.655770407655));
#4947 = CARTESIAN_POINT('',(68.400030232391,8.894206569963,
    -72.34251041294));
#4948 = CARTESIAN_POINT('',(47.492002345245,95.334348131838,
    -3.289161358093));
#4949 = CARTESIAN_POINT('',(79.771900000014,8.894206569963,
    -72.34251041294));
#4950 = CARTESIAN_POINT('',(55.012099999986,95.334348131838,
    -3.289161358083));
#4951 = ADVANCED_FACE('',(#4952),#4971,.T.);
#4952 = FACE_BOUND('',#4953,.F.);
#4953 = EDGE_LOOP('',(#4954,#4963,#4969,#4970));
#4954 = ORIENTED_EDGE('',*,*,#4955,.T.);
#4955 = EDGE_CURVE('',#2051,#4956,#4958,.T.);
#4956 = VERTEX_POINT('',#4957);
#4957 = CARTESIAN_POINT('',(15.056190909829,73.091129166752,-10.6));
#4958 = CIRCLE('',#4959,1.);
#4959 = AXIS2_PLACEMENT_3D('',#4960,#4961,#4962);
#4960 = CARTESIAN_POINT('',(16.056190909829,73.091129166732,-10.6));
#4961 = DIRECTION('',(-2.029567498098E-11,-1.,-0.));
#4962 = DIRECTION('',(-1.,2.029567498098E-11,0.));
#4963 = ORIENTED_EDGE('',*,*,#4964,.T.);
#4964 = EDGE_CURVE('',#4956,#4850,#4965,.T.);
#4965 = LINE('',#4966,#4967);
#4966 = CARTESIAN_POINT('',(15.056190909825,73.091129166752,-10.6));
#4967 = VECTOR('',#4968,1.);
#4968 = DIRECTION('',(0.,1.,0.));
#4969 = ORIENTED_EDGE('',*,*,#4866,.F.);
#4970 = ORIENTED_EDGE('',*,*,#2050,.F.);
#4971 = CYLINDRICAL_SURFACE('',#4972,1.);
#4972 = AXIS2_PLACEMENT_3D('',#4973,#4974,#4975);
#4973 = CARTESIAN_POINT('',(16.056190909825,73.091129166752,-10.6));
#4974 = DIRECTION('',(0.,1.,0.));
#4975 = DIRECTION('',(0.,0.,1.));
#4976 = ADVANCED_FACE('',(#4977),#4997,.T.);
#4977 = FACE_BOUND('',#4978,.T.);
#4978 = EDGE_LOOP('',(#4979,#4988,#4989,#4990));
#4979 = ORIENTED_EDGE('',*,*,#4980,.F.);
#4980 = EDGE_CURVE('',#2059,#4981,#4983,.T.);
#4981 = VERTEX_POINT('',#4982);
#4982 = CARTESIAN_POINT('',(16.571998145643,71.575321930896,-10.6));
#4983 = CIRCLE('',#4984,1.);
#4984 = AXIS2_PLACEMENT_3D('',#4985,#4986,#4987);
#4985 = CARTESIAN_POINT('',(16.571998145643,72.575321930896,-10.6));
#4986 = DIRECTION('',(1.,0.,-0.));
#4987 = DIRECTION('',(0.,0.,1.));
#4988 = ORIENTED_EDGE('',*,*,#2058,.T.);
#4989 = ORIENTED_EDGE('',*,*,#4955,.T.);
#4990 = ORIENTED_EDGE('',*,*,#4991,.F.);
#4991 = EDGE_CURVE('',#4981,#4956,#4992,.T.);
#4992 = CIRCLE('',#4993,1.515807235825);
#4993 = AXIS2_PLACEMENT_3D('',#4994,#4995,#4996);
#4994 = CARTESIAN_POINT('',(16.571998145654,73.091129166721,-10.6));
#4995 = DIRECTION('',(-0.,0.,-1.));
#4996 = DIRECTION('',(-7.251725896995E-12,-1.,0.));
#4997 = SURFACE_OF_REVOLUTION('',#4998,#5009);
#4998 = B_SPLINE_CURVE_WITH_KNOTS('',5,(#4999,#5000,#5001,#5002,#5003,
    #5004,#5005,#5006,#5007,#5008),.UNSPECIFIED.,.F.,.F.,(6,4,6),(
    4.712388980385,5.497787143782,6.28318530718),.UNSPECIFIED.);
#4999 = CARTESIAN_POINT('',(16.571998145651,72.575321930896,-9.6));
#5000 = CARTESIAN_POINT('',(16.571998145649,72.418242298216,-9.6));
#5001 = CARTESIAN_POINT('',(16.571998145648,72.261160176914,
    -9.630835592946));
#5002 = CARTESIAN_POINT('',(16.571998145647,72.112165113213,
    -9.692551369057));
#5003 = CARTESIAN_POINT('',(16.571998145646,71.979287223163,
    -9.78182114536));
#5004 = CARTESIAN_POINT('',(16.571998145645,71.757143076255,
    -10.00396529226));
#5005 = CARTESIAN_POINT('',(16.571998145644,71.667873299953,
    -10.13684318231));
#5006 = CARTESIAN_POINT('',(16.571998145643,71.606157523842,
    -10.28583824601));
#5007 = CARTESIAN_POINT('',(16.571998145643,71.575321930896,
    -10.44292036732));
#5008 = CARTESIAN_POINT('',(16.571998145643,71.575321930896,-10.6));
#5009 = AXIS1_PLACEMENT('',#5010,#5011);
#5010 = CARTESIAN_POINT('',(16.571998145654,73.091129166721,-10.6));
#5011 = DIRECTION('',(0.,0.,-1.));
#5012 = ADVANCED_FACE('',(#5013),#5032,.T.);
#5013 = FACE_BOUND('',#5014,.F.);
#5014 = EDGE_LOOP('',(#5015,#5024,#5030,#5031));
#5015 = ORIENTED_EDGE('',*,*,#5016,.T.);
#5016 = EDGE_CURVE('',#2068,#5017,#5019,.T.);
#5017 = VERTEX_POINT('',#5018);
#5018 = CARTESIAN_POINT('',(21.110174962979,71.575321930896,-10.6));
#5019 = CIRCLE('',#5020,1.);
#5020 = AXIS2_PLACEMENT_3D('',#5021,#5022,#5023);
#5021 = CARTESIAN_POINT('',(21.110174962979,72.575321930896,-10.6));
#5022 = DIRECTION('',(1.,-3.245932998377E-16,-3.553531973381E-63));
#5023 = DIRECTION('',(3.245932998377E-16,1.,1.094764425254E-47));
#5024 = ORIENTED_EDGE('',*,*,#5025,.T.);
#5025 = EDGE_CURVE('',#5017,#4981,#5026,.T.);
#5026 = LINE('',#5027,#5028);
#5027 = CARTESIAN_POINT('',(21.110174962979,71.575321930896,-10.6));
#5028 = VECTOR('',#5029,1.);
#5029 = DIRECTION('',(-1.,0.,0.));
#5030 = ORIENTED_EDGE('',*,*,#4980,.F.);
#5031 = ORIENTED_EDGE('',*,*,#2067,.F.);
#5032 = CYLINDRICAL_SURFACE('',#5033,1.);
#5033 = AXIS2_PLACEMENT_3D('',#5034,#5035,#5036);
#5034 = CARTESIAN_POINT('',(21.110174962979,72.575321930896,-10.6));
#5035 = DIRECTION('',(-1.,0.,0.));
#5036 = DIRECTION('',(0.,0.,1.));
#5037 = ADVANCED_FACE('',(#5038),#5058,.T.);
#5038 = FACE_BOUND('',#5039,.T.);
#5039 = EDGE_LOOP('',(#5040,#5049,#5050,#5051));
#5040 = ORIENTED_EDGE('',*,*,#5041,.F.);
#5041 = EDGE_CURVE('',#2076,#5042,#5044,.T.);
#5042 = VERTEX_POINT('',#5043);
#5043 = CARTESIAN_POINT('',(21.110174962979,61.575321930896,-10.6));
#5044 = CIRCLE('',#5045,1.);
#5045 = AXIS2_PLACEMENT_3D('',#5046,#5047,#5048);
#5046 = CARTESIAN_POINT('',(21.110174962979,60.575321930896,-10.6));
#5047 = DIRECTION('',(-1.,0.,0.));
#5048 = DIRECTION('',(0.,0.,1.));
#5049 = ORIENTED_EDGE('',*,*,#2075,.T.);
#5050 = ORIENTED_EDGE('',*,*,#5016,.T.);
#5051 = ORIENTED_EDGE('',*,*,#5052,.F.);
#5052 = EDGE_CURVE('',#5042,#5017,#5053,.T.);
#5053 = CIRCLE('',#5054,5.);
#5054 = AXIS2_PLACEMENT_3D('',#5055,#5056,#5057);
#5055 = CARTESIAN_POINT('',(21.110174962979,66.575321930896,-10.6));
#5056 = DIRECTION('',(-0.,0.,1.));
#5057 = DIRECTION('',(6.860497997772E-16,-1.,0.));
#5058 = TOROIDAL_SURFACE('',#5059,6.,1.);
#5059 = AXIS2_PLACEMENT_3D('',#5060,#5061,#5062);
#5060 = CARTESIAN_POINT('',(21.110174962979,66.575321930896,-10.6));
#5061 = DIRECTION('',(0.,0.,1.));
#5062 = DIRECTION('',(6.860497997772E-16,-1.,0.));
#5063 = ADVANCED_FACE('',(#5064,#5947),#6026,.F.);
#5064 = FACE_BOUND('',#5065,.F.);
#5065 = EDGE_LOOP('',(#5066,#5067,#5068,#5268,#5269,#5304,#5731,#5770,
    #5842,#5897));
#5066 = ORIENTED_EDGE('',*,*,#2369,.F.);
#5067 = ORIENTED_EDGE('',*,*,#2787,.T.);
#5068 = ORIENTED_EDGE('',*,*,#5069,.F.);
#5069 = EDGE_CURVE('',#4253,#2788,#5070,.T.);
#5070 = B_SPLINE_CURVE_WITH_KNOTS('',14,(#5071,#5072,#5073,#5074,#5075,
    #5076,#5077,#5078,#5079,#5080,#5081,#5082,#5083,#5084,#5085,#5086,
    #5087,#5088,#5089,#5090,#5091,#5092,#5093,#5094,#5095,#5096,#5097,
    #5098,#5099,#5100,#5101,#5102,#5103,#5104,#5105,#5106,#5107,#5108,
    #5109,#5110,#5111,#5112,#5113,#5114,#5115,#5116,#5117,#5118,#5119,
    #5120,#5121,#5122,#5123,#5124,#5125,#5126,#5127,#5128,#5129,#5130,
    #5131,#5132,#5133,#5134,#5135,#5136,#5137,#5138,#5139,#5140,#5141,
    #5142,#5143,#5144,#5145,#5146,#5147,#5148,#5149,#5150,#5151,#5152,
    #5153,#5154,#5155,#5156,#5157,#5158,#5159,#5160,#5161,#5162,#5163,
    #5164,#5165,#5166,#5167,#5168,#5169,#5170,#5171,#5172,#5173,#5174,
    #5175,#5176,#5177,#5178,#5179,#5180,#5181,#5182,#5183,#5184,#5185,
    #5186,#5187,#5188,#5189,#5190,#5191,#5192,#5193,#5194,#5195,#5196,
    #5197,#5198,#5199,#5200,#5201,#5202,#5203,#5204,#5205,#5206,#5207,
    #5208,#5209,#5210,#5211,#5212,#5213,#5214,#5215,#5216,#5217,#5218,
    #5219,#5220,#5221,#5222,#5223,#5224,#5225,#5226,#5227,#5228,#5229,
    #5230,#5231,#5232,#5233,#5234,#5235,#5236,#5237,#5238,#5239,#5240,
    #5241,#5242,#5243,#5244,#5245,#5246,#5247,#5248,#5249,#5250,#5251,
    #5252,#5253,#5254,#5255,#5256,#5257,#5258,#5259,#5260,#5261,#5262,
    #5263,#5264,#5265,#5266,#5267),.UNSPECIFIED.,.F.,.F.,(15,13,13,13,13
    ,13,13,13,13,13,13,13,13,13,13,15),(-4.88848041616,-1.104524645996,
    1.332474787143,2.520690310127,4.003828982198,5.759169283864,
    10.934695043837,22.340429886836,37.705063308517,48.434310639929,
    56.893766253402,63.808875750076,76.126731573052,86.022091274446,
    96.805956083508,100.03365650991),.UNSPECIFIED.);
#5071 = CARTESIAN_POINT('',(-8.495982525395,51.337080647919,
    -38.53351994495));
#5072 = CARTESIAN_POINT('',(-8.286538278016,51.156822225694,
    -38.64921942782));
#5073 = CARTESIAN_POINT('',(-8.079475785624,50.978613663523,
    -38.76360320102));
#5074 = CARTESIAN_POINT('',(-7.874795048218,50.802454961408,
    -38.87667126456));
#5075 = CARTESIAN_POINT('',(-7.672496065799,50.628346119347,
    -38.98842361844));
#5076 = CARTESIAN_POINT('',(-7.472578838367,50.45628713734,
    -39.09886026265));
#5077 = CARTESIAN_POINT('',(-7.275043365921,50.286278015389,
    -39.20798119721));
#5078 = CARTESIAN_POINT('',(-7.079889648461,50.118318753493,
    -39.3157864221));
#5079 = CARTESIAN_POINT('',(-6.887117685988,49.952409351651,
    -39.42227593734));
#5080 = CARTESIAN_POINT('',(-6.696727478502,49.788549809864,
    -39.52744974291));
#5081 = CARTESIAN_POINT('',(-6.508719026002,49.626740128132,
    -39.63130783882));
#5082 = CARTESIAN_POINT('',(-6.323092328489,49.466980306455,
    -39.73385022506));
#5083 = CARTESIAN_POINT('',(-6.139847385962,49.309270344832,
    -39.83507690165));
#5084 = CARTESIAN_POINT('',(-5.958984198421,49.153610243265,
    -39.93498786857));
#5085 = CARTESIAN_POINT('',(-5.665554501041,48.901069651021,
    -40.09708190877));
#5086 = CARTESIAN_POINT('',(-5.554347808205,48.801916657382,
    -40.15974900692));
#5087 = CARTESIAN_POINT('',(-5.4461313942,48.701946042631,
    -40.22201672682));
#5088 = CARTESIAN_POINT('',(-5.343420741129,48.602431440017,
    -40.28297205753));
#5089 = CARTESIAN_POINT('',(-5.240269871706,48.499957885551,
    -40.345123225));
#5090 = CARTESIAN_POINT('',(-5.144021439896,48.398090811509,
    -40.40575390986));
#5091 = CARTESIAN_POINT('',(-5.051874364843,48.295435738982,
    -40.4659947305));
#5092 = CARTESIAN_POINT('',(-4.95857772895,48.188836350968,
    -40.52812867946));
#5093 = CARTESIAN_POINT('',(-4.870039345384,48.080470826148,
    -40.59026717799));
#5094 = CARTESIAN_POINT('',(-4.789955444782,47.971958249588,
    -40.65117109087));
#5095 = CARTESIAN_POINT('',(-4.711861656457,47.860070971269,
    -40.7134109986));
#5096 = CARTESIAN_POINT('',(-4.642238815595,47.747264818273,
    -40.77489784057));
#5097 = CARTESIAN_POINT('',(-4.579288806695,47.632524508063,
    -40.83646776707));
#5098 = CARTESIAN_POINT('',(-4.497632572818,47.459747035265,
    -40.92759599544));
#5099 = CARTESIAN_POINT('',(-4.472758479859,47.402775983934,
    -40.95739764702));
#5100 = CARTESIAN_POINT('',(-4.449873940177,47.345491560214,
    -40.98711271222));
#5101 = CARTESIAN_POINT('',(-4.429064216591,47.287945878466,
    -41.01671173161));
#5102 = CARTESIAN_POINT('',(-4.410394285776,47.230202388667,
    -41.04616228915));
#5103 = CARTESIAN_POINT('',(-4.393905356369,47.172325125574,
    -41.07543433933));
#5104 = CARTESIAN_POINT('',(-4.379613803493,47.114370561889,
    -41.10450403817));
#5105 = CARTESIAN_POINT('',(-4.367512505703,47.05638208122,
    -41.13335606733));
#5106 = CARTESIAN_POINT('',(-4.357574602894,46.998387044291,
    -41.16198446181));
#5107 = CARTESIAN_POINT('',(-4.349759654117,46.940396484988,
    -41.19039193367));
#5108 = CARTESIAN_POINT('',(-4.344022215934,46.882407394523,
    -41.21858769523));
#5109 = CARTESIAN_POINT('',(-4.340322823834,46.82440763331,
    -41.24658378163));
#5110 = CARTESIAN_POINT('',(-4.338641389474,46.766383439222,
    -41.27438987136));
#5111 = CARTESIAN_POINT('',(-4.339431895629,46.635866298161,
    -41.3364780018));
#5112 = CARTESIAN_POINT('',(-4.343048194885,46.563313556837,
    -41.37067378215));
#5113 = CARTESIAN_POINT('',(-4.349776986033,46.490716560152,
    -41.40457983428));
#5114 = CARTESIAN_POINT('',(-4.359687197937,46.418005325137,
    -41.43821897651));
#5115 = CARTESIAN_POINT('',(-4.372891147758,46.345112815752,
    -41.47160534129));
#5116 = CARTESIAN_POINT('',(-4.389485934356,46.272032410484,
    -41.50472407345));
#5117 = CARTESIAN_POINT('',(-4.409520959594,46.198829389661,
    -41.53752995287));
#5118 = CARTESIAN_POINT('',(-4.432985865914,46.125621212933,
    -41.56995857914));
#5119 = CARTESIAN_POINT('',(-4.459813162367,46.052541276297,
    -41.60194371557));
#5120 = CARTESIAN_POINT('',(-4.489889830121,45.979700936279,
    -41.63343443802));
#5121 = CARTESIAN_POINT('',(-4.523072179553,45.90716448645,
    -41.66440568451));
#5122 = CARTESIAN_POINT('',(-4.559198247467,45.834951863858,
    -41.69485584583));
#5123 = CARTESIAN_POINT('',(-4.598092010599,45.763083790628,
    -41.72478500275));
#5124 = CARTESIAN_POINT('',(-4.688624885769,45.607180378167,
    -41.78889878724));
#5125 = CARTESIAN_POINT('',(-4.741293588396,45.523304346539,
    -41.82286994025));
#5126 = CARTESIAN_POINT('',(-4.797240361782,45.440123185875,
    -41.85604934555));
#5127 = CARTESIAN_POINT('',(-4.856162654666,45.357670145832,
    -41.88844086842));
#5128 = CARTESIAN_POINT('',(-4.917777733144,45.275953436598,
    -41.92005925053));
#5129 = CARTESIAN_POINT('',(-4.981824811438,45.194963733294,
    -41.95092626786));
#5130 = CARTESIAN_POINT('',(-5.04806639602,45.114680344308,
    -41.98106764052));
#5131 = CARTESIAN_POINT('',(-5.11628883489,45.035075977076,
    -42.01051061668));
#5132 = CARTESIAN_POINT('',(-5.186302082528,44.956120182256,
    -42.03928232832));
#5133 = CARTESIAN_POINT('',(-5.257938668942,44.877781392409,
    -42.06740881389));
#5134 = CARTESIAN_POINT('',(-5.3310518838,44.800027629632,
    -42.09491480472));
#5135 = CARTESIAN_POINT('',(-5.405513166636,44.722825825424,
    -42.12182419821));
#5136 = CARTESIAN_POINT('',(-5.481208709498,44.646139789845,
    -42.14816127032));
#5137 = CARTESIAN_POINT('',(-5.784554213398,44.345216966096,
    -42.24999692562));
#5138 = CARTESIAN_POINT('',(-6.020873763201,44.124654261247,
    -42.32128569811));
#5139 = CARTESIAN_POINT('',(-6.264330863347,43.907453256907,
    -42.38836037731));
#5140 = CARTESIAN_POINT('',(-6.513178407193,43.692888184602,
    -42.45166783191));
#5141 = CARTESIAN_POINT('',(-6.766253381078,43.480328384564,
    -42.51156841949));
#5142 = CARTESIAN_POINT('',(-7.022745425023,43.269250754802,
    -42.56834729668));
#5143 = CARTESIAN_POINT('',(-7.282047885121,43.05923476976,
    -42.62222769822));
#5144 = CARTESIAN_POINT('',(-7.54367342308,42.849945658899,
    -42.67338489875));
#5145 = CARTESIAN_POINT('',(-7.807216264541,42.641111294902,
    -42.72195961393));
#5146 = CARTESIAN_POINT('',(-8.072343147282,42.432498388034,
    -42.76806954224));
#5147 = CARTESIAN_POINT('',(-8.338795052828,42.223893536129,
    -42.81181780994));
#5148 = CARTESIAN_POINT('',(-8.606381783881,42.015094721104,
    -42.8532970235));
#5149 = CARTESIAN_POINT('',(-8.874951467084,41.805918810906,
    -42.89258768139));
#5150 = CARTESIAN_POINT('',(-9.737940294668,41.134123471585,
    -43.01164660297));
#5151 = CARTESIAN_POINT('',(-10.33548305818,40.669482855737,
    -43.08322309569));
#5152 = CARTESIAN_POINT('',(-10.93537559854,40.200708788311,
    -43.14516303582));
#5153 = CARTESIAN_POINT('',(-11.53652666838,39.726546814686,
    -43.1979625292));
#5154 = CARTESIAN_POINT('',(-12.13815754515,39.245947843657,
    -43.24199347813));
#5155 = CARTESIAN_POINT('',(-12.73967780312,38.757973898393,
    -43.27754975861));
#5156 = CARTESIAN_POINT('',(-13.34059653672,38.261741095842,
    -43.30487919826));
#5157 = CARTESIAN_POINT('',(-13.94046273168,37.756391069824,
    -43.32420450623));
#5158 = CARTESIAN_POINT('',(-14.53882850163,37.241082152863,
    -43.33573639038));
#5159 = CARTESIAN_POINT('',(-15.13522888105,36.71499150774,
    -43.33968199129));
#5160 = CARTESIAN_POINT('',(-15.72917189426,36.177319532264,
    -43.3362518764));
#5161 = CARTESIAN_POINT('',(-16.32013259368,35.627287738963,
    -43.32566873261));
#5162 = CARTESIAN_POINT('',(-16.90754478135,35.064121407626,
    -43.30818097876));
#5163 = CARTESIAN_POINT('',(-18.27646418313,33.70958071864,
    -43.25162411489));
#5164 = CARTESIAN_POINT('',(-19.0545828021,32.906826626282,
    -43.20716775838));
#5165 = CARTESIAN_POINT('',(-19.82353483992,32.077013327106,
    -43.15142361221));
#5166 = CARTESIAN_POINT('',(-20.58161774153,31.218034015942,
    -43.08525894255));
#5167 = CARTESIAN_POINT('',(-21.32670742126,30.328281159527,
    -43.0096937362));
#5168 = CARTESIAN_POINT('',(-22.05624929086,29.406452930289,
    -42.92600454153));
#5169 = CARTESIAN_POINT('',(-22.76725607614,28.45143879657,
    -42.83582339495));
#5170 = CARTESIAN_POINT('',(-23.45625145092,27.462618110232,
    -42.74118279463));
#5171 = CARTESIAN_POINT('',(-24.11924514062,26.440381585757,
    -42.64450034898));
#5172 = CARTESIAN_POINT('',(-24.75187077986,25.386449732627,
    -42.54851555132));
#5173 = CARTESIAN_POINT('',(-25.34976276056,24.303614921907,
    -42.45618671629));
#5174 = CARTESIAN_POINT('',(-25.90909222799,23.194874458232,
    -42.37052777863));
#5175 = CARTESIAN_POINT('',(-26.42692561746,22.062551162532,
    -42.29431306894));
#5176 = CARTESIAN_POINT('',(-27.23155979121,20.103321963916,
    -42.18424521691));
#5177 = CARTESIAN_POINT('',(-27.54092715521,19.287340564995,
    -42.14456841611));
#5178 = CARTESIAN_POINT('',(-27.82799668613,18.461749444522,
    -42.11105162748));
#5179 = CARTESIAN_POINT('',(-28.09205158493,17.627252731733,
    -42.08425658126));
#5180 = CARTESIAN_POINT('',(-28.33255509785,16.784533956715,
    -42.06438029636));
#5181 = CARTESIAN_POINT('',(-28.54920643044,15.934224423368,
    -42.05111351318));
#5182 = CARTESIAN_POINT('',(-28.74194072568,15.076835026362,
    -42.04366152527));
#5183 = CARTESIAN_POINT('',(-28.91086291118,14.212698983167,
    -42.040880633));
#5184 = CARTESIAN_POINT('',(-29.05612653116,13.341971486362,
    -42.0414794166));
#5185 = CARTESIAN_POINT('',(-29.17779034474,12.46473104778,
    -42.04423058885));
#5186 = CARTESIAN_POINT('',(-29.27570675126,11.581225818005,
    -42.04813510387));
#5187 = CARTESIAN_POINT('',(-29.34951774914,10.692306919809,
    -42.05247673348));
#5188 = CARTESIAN_POINT('',(-29.39885547803,9.800089386328,
    -42.05670134197));
#5189 = CARTESIAN_POINT('',(-29.44358541756,8.206207564509,
    -42.06269289395));
#5190 = CARTESIAN_POINT('',(-29.44823921854,7.504294737528,
    -42.06472766968));
#5191 = CARTESIAN_POINT('',(-29.43778820623,6.803638691447,
    -42.06539995537));
#5192 = CARTESIAN_POINT('',(-29.41381171324,6.123022238347,
    -42.06456322042));
#5193 = CARTESIAN_POINT('',(-29.37286021322,5.427497584158,
    -42.06011700184));
#5194 = CARTESIAN_POINT('',(-29.32850686317,4.813027124935,
    -42.05548977233));
#5195 = CARTESIAN_POINT('',(-29.25826830151,4.071147188268,
    -42.04504256603));
#5196 = CARTESIAN_POINT('',(-29.18914648981,3.490835048567,-42.033192054
    ));
#5197 = CARTESIAN_POINT('',(-29.1002217684,2.798571855708,
    -42.01693878408));
#5198 = CARTESIAN_POINT('',(-29.00502969974,2.183966221324,
    -41.99709096366));
#5199 = CARTESIAN_POINT('',(-28.89811296818,1.548849334789,
    -41.97334862184));
#5200 = CARTESIAN_POINT('',(-28.78193643294,0.93085073997,
    -41.94548809002));
#5201 = CARTESIAN_POINT('',(-28.65642663071,0.31950003796,
    -41.91342136879));
#5202 = CARTESIAN_POINT('',(-28.41216845307,-0.776508950489,
    -41.84723944308));
#5203 = CARTESIAN_POINT('',(-28.29636409435,-1.264027567277,
    -41.81456447567));
#5204 = CARTESIAN_POINT('',(-28.17482124062,-1.746206788869,
    -41.77891610434));
#5205 = CARTESIAN_POINT('',(-28.04772526265,-2.22316687907,
    -41.74022753022));
#5206 = CARTESIAN_POINT('',(-27.91524309626,-2.695044962247,
    -41.69843005073));
#5207 = CARTESIAN_POINT('',(-27.77752385131,-3.161992083494,
    -41.65345248438));
#5208 = CARTESIAN_POINT('',(-27.63469941411,-3.624170267341,
    -41.60522058576));
#5209 = CARTESIAN_POINT('',(-27.4868850617,-4.081749578831,
    -41.55365647833));
#5210 = CARTESIAN_POINT('',(-27.33418005888,-4.534905181272,
    -41.49867806132));
#5211 = CARTESIAN_POINT('',(-27.17666827585,-4.983814397983,
    -41.44019844757));
#5212 = CARTESIAN_POINT('',(-27.0144187854,-5.42865376996,
    -41.37812537062));
#5213 = CARTESIAN_POINT('',(-26.84748647701,-5.869596117071,
    -41.31236061734));
#5214 = CARTESIAN_POINT('',(-26.67591265935,-6.30680759668,
    -41.24279944288));
#5215 = CARTESIAN_POINT('',(-26.18588451566,-7.512880848472,
    -41.03845917455));
#5216 = CARTESIAN_POINT('',(-25.85741142122,-8.2739715926,
    -40.89517940339));
#5217 = CARTESIAN_POINT('',(-25.51446592011,-9.024616493364,
    -40.73893604459));
#5218 = CARTESIAN_POINT('',(-25.15709466012,-9.765609445543,
    -40.56909453515));
#5219 = CARTESIAN_POINT('',(-24.78524405156,-10.49759840312,
    -40.38501375642));
#5220 = CARTESIAN_POINT('',(-24.39877225389,-11.22105480956,
    -40.18611152136));
#5221 = CARTESIAN_POINT('',(-23.99746047735,-11.93625280142,
    -39.9719221349));
#5222 = CARTESIAN_POINT('',(-23.58102363755,-12.64325817827,
    -39.74214610117));
#5223 = CARTESIAN_POINT('',(-23.14912030952,-13.34192714812,
    -39.49669187403));
#5224 = CARTESIAN_POINT('',(-22.7013620455,-14.03191483792,
    -39.23570977505));
#5225 = CARTESIAN_POINT('',(-22.23732199029,-14.7126935794,
    -38.95961795131));
#5226 = CARTESIAN_POINT('',(-21.75654285257,-15.38358096147,
    -38.66912048562));
#5227 = CARTESIAN_POINT('',(-21.25854418814,-16.0437776557,
    -38.36521757414));
#5228 = CARTESIAN_POINT('',(-20.3285371909,-17.21348783669,
    -37.79534626331));
#5229 = CARTESIAN_POINT('',(-19.90281608313,-17.72709809168,
    -37.53366902154));
#5230 = CARTESIAN_POINT('',(-19.4654138026,-18.23277652519,
    -37.26481987357));
#5231 = CARTESIAN_POINT('',(-19.01607880643,-18.73001370985,
    -36.98956863187));
#5232 = CARTESIAN_POINT('',(-18.55456832406,-19.21826426742,
    -36.70879788764));
#5233 = CARTESIAN_POINT('',(-18.08065677422,-19.69695109684,
    -36.42348974756));
#5234 = CARTESIAN_POINT('',(-17.59414418319,-20.16546959856,
    -36.1347125744));
#5235 = CARTESIAN_POINT('',(-17.09486460133,-20.62319190464,
    -35.8436077222));
#5236 = CARTESIAN_POINT('',(-16.5826945217,-21.06947110122,
    -35.55137627822));
#5237 = CARTESIAN_POINT('',(-16.05756129646,-21.50364545956,
    -35.25926579747));
#5238 = CARTESIAN_POINT('',(-15.51945155529,-21.92504265891,
    -34.96855704433));
#5239 = CARTESIAN_POINT('',(-14.96841962224,-22.33298401596,
    -34.68055072828));
#5240 = CARTESIAN_POINT('',(-14.40459593363,-22.72678870989,
    -34.39655424391));
#5241 = CARTESIAN_POINT('',(-13.20003993387,-23.518796788,
    -33.81415934986));
#5242 = CARTESIAN_POINT('',(-12.55666557527,-23.9143568353,
    -33.5166295766));
#5243 = CARTESIAN_POINT('',(-11.90134891076,-24.29005335856,
    -33.22826031311));
#5244 = CARTESIAN_POINT('',(-11.21938297243,-24.6526590172,
    -32.94451231276));
#5245 = CARTESIAN_POINT('',(-10.55857803089,-24.97721509951,
    -32.68511298454));
#5246 = CARTESIAN_POINT('',(-9.820603034702,-25.3135789345,
    -32.41765926475));
#5247 = CARTESIAN_POINT('',(-9.148577640963,-25.58686723085,
    -32.18548880961));
#5248 = CARTESIAN_POINT('',(-8.404468242173,-25.87145158173,
    -31.95714293028));
#5249 = CARTESIAN_POINT('',(-7.682406297733,-26.11164393232,
    -31.75240823632));
#5250 = CARTESIAN_POINT('',(-6.942757262761,-26.33543002568,
    -31.56746534148));
#5251 = CARTESIAN_POINT('',(-6.194794434024,-26.53456817835,
    -31.39866032648));
#5252 = CARTESIAN_POINT('',(-5.421291472546,-26.71222109623,
    -31.25398328506));
#5253 = CARTESIAN_POINT('',(-4.597001734367,-26.86708758141,
    -31.14181820752));
#5254 = CARTESIAN_POINT('',(-3.405070513629,-27.02490348943,
    -31.07219095763));
#5255 = CARTESIAN_POINT('',(-3.130497555878,-27.06125791986,
    -31.05615164294));
#5256 = CARTESIAN_POINT('',(-2.855924598127,-27.09761235029,
    -31.04011232825));
#5257 = CARTESIAN_POINT('',(-2.581351640377,-27.13396678073,
    -31.02407301355));
#5258 = CARTESIAN_POINT('',(-2.306778682626,-27.17032121116,
    -31.00803369886));
#5259 = CARTESIAN_POINT('',(-2.032205724875,-27.20667564159,
    -30.99199438417));
#5260 = CARTESIAN_POINT('',(-1.757632767124,-27.24303007202,
    -30.97595506948));
#5261 = CARTESIAN_POINT('',(-1.483059809374,-27.27938450245,
    -30.95991575478));
#5262 = CARTESIAN_POINT('',(-1.208486851623,-27.31573893289,
    -30.94387644009));
#5263 = CARTESIAN_POINT('',(-0.933913893872,-27.35209336332,
    -30.9278371254));
#5264 = CARTESIAN_POINT('',(-0.659340936122,-27.38844779375,
    -30.91179781071));
#5265 = CARTESIAN_POINT('',(-0.384767978371,-27.42480222418,
    -30.89575849601));
#5266 = CARTESIAN_POINT('',(-0.11019502062,-27.46115665461,
    -30.87971918132));
#5267 = CARTESIAN_POINT('',(0.16437793713,-27.49751108505,
    -30.86367986663));
#5268 = ORIENTED_EDGE('',*,*,#4283,.T.);
#5269 = ORIENTED_EDGE('',*,*,#5270,.F.);
#5270 = EDGE_CURVE('',#5271,#4284,#5273,.T.);
#5271 = VERTEX_POINT('',#5272);
#5272 = CARTESIAN_POINT('',(-22.12283862065,71.106750551865,-26.7685));
#5273 = B_SPLINE_CURVE_WITH_KNOTS('',5,(#5274,#5275,#5276,#5277,#5278,
    #5279,#5280,#5281,#5282,#5283,#5284,#5285,#5286,#5287,#5288,#5289,
    #5290,#5291,#5292,#5293,#5294,#5295,#5296,#5297,#5298,#5299,#5300,
    #5301,#5302,#5303),.UNSPECIFIED.,.F.,.F.,(6,4,4,4,4,4,4,6),(0.,
    9.959519311329E-02,0.351992882075,0.581118888911,0.782462164187,
    0.950851112631,0.988369029303,1.),.UNSPECIFIED.);
#5274 = CARTESIAN_POINT('',(-21.71990445865,76.621977985727,-26.7685));
#5275 = CARTESIAN_POINT('',(-21.7469511559,76.064427896243,-26.7685));
#5276 = CARTESIAN_POINT('',(-21.77741638428,75.507043974216,-26.7685));
#5277 = CARTESIAN_POINT('',(-21.8113209605,74.949855541396,-26.7685));
#5278 = CARTESIAN_POINT('',(-21.84867431796,74.392891636713,-26.7685));
#5279 = CARTESIAN_POINT('',(-21.99287179954,72.42534511521,-26.7685));
#5280 = CARTESIAN_POINT('',(-22.11840584009,71.016126395598,-26.7685));
#5281 = CARTESIAN_POINT('',(-22.26604380012,69.609015125545,-26.7685));
#5282 = CARTESIAN_POINT('',(-22.43525764811,68.204404703091,-26.7685));
#5283 = CARTESIAN_POINT('',(-22.79731811368,65.530033534905,-26.7685));
#5284 = CARTESIAN_POINT('',(-22.98654884006,64.259770064106,-26.7685));
#5285 = CARTESIAN_POINT('',(-23.19197719498,62.992019170903,-26.7685));
#5286 = CARTESIAN_POINT('',(-23.4125379083,61.726870338971,-26.7685));
#5287 = CARTESIAN_POINT('',(-23.85287866078,59.354818595527,-26.7685));
#5288 = CARTESIAN_POINT('',(-24.06951102018,58.247326271948,-26.7685));
#5289 = CARTESIAN_POINT('',(-24.29592563404,57.141798359122,-26.7685));
#5290 = CARTESIAN_POINT('',(-24.53108910274,56.038131145725,-26.7685));
#5291 = CARTESIAN_POINT('',(-24.97689978659,54.014527728686,-26.7685));
#5292 = CARTESIAN_POINT('',(-25.18525983023,53.094085971805,-26.7685));
#5293 = CARTESIAN_POINT('',(-25.39827588928,52.174717134673,-26.7685));
#5294 = CARTESIAN_POINT('',(-25.61522904109,51.256283352337,-26.7685));
#5295 = CARTESIAN_POINT('',(-25.88440867368,50.134156350171,-26.7685));
#5296 = CARTESIAN_POINT('',(-25.93361325079,49.929733747495,-26.7685));
#5297 = CARTESIAN_POINT('',(-25.9829672903,49.725347430582,-26.7685));
#5298 = CARTESIAN_POINT('',(-26.03246231694,49.520995500007,-26.7685));
#5299 = CARTESIAN_POINT('',(-26.09747482085,49.253334680863,-26.7685));
#5300 = CARTESIAN_POINT('',(-26.11287260609,49.18999648249,-26.7685));
#5301 = CARTESIAN_POINT('',(-26.12828286245,49.126661342264,-26.7685));
#5302 = CARTESIAN_POINT('',(-26.14370533382,49.06332920129,-26.7685));
#5303 = CARTESIAN_POINT('',(-26.15913976319,49.,-26.7685));
#5304 = ORIENTED_EDGE('',*,*,#5305,.F.);
#5305 = EDGE_CURVE('',#5306,#5271,#5308,.T.);
#5306 = VERTEX_POINT('',#5307);
#5307 = CARTESIAN_POINT('',(-25.90206439013,77.185801094788,
    -22.26804676913));
#5308 = B_SPLINE_CURVE_WITH_KNOTS('',8,(#5309,#5310,#5311,#5312,#5313,
    #5314,#5315,#5316,#5317,#5318,#5319,#5320,#5321,#5322,#5323,#5324,
    #5325,#5326,#5327,#5328,#5329,#5330,#5331,#5332,#5333,#5334,#5335,
    #5336,#5337,#5338,#5339,#5340,#5341,#5342,#5343,#5344,#5345,#5346,
    #5347,#5348,#5349,#5350,#5351,#5352,#5353,#5354,#5355,#5356,#5357,
    #5358,#5359,#5360,#5361,#5362,#5363,#5364,#5365,#5366,#5367,#5368,
    #5369,#5370,#5371,#5372,#5373,#5374,#5375,#5376,#5377,#5378,#5379,
    #5380,#5381,#5382,#5383,#5384,#5385,#5386,#5387,#5388,#5389,#5390,
    #5391,#5392,#5393,#5394,#5395,#5396,#5397,#5398,#5399,#5400,#5401,
    #5402,#5403,#5404,#5405,#5406,#5407,#5408,#5409,#5410,#5411,#5412,
    #5413,#5414,#5415,#5416,#5417,#5418,#5419,#5420,#5421,#5422,#5423,
    #5424,#5425,#5426,#5427,#5428,#5429,#5430,#5431,#5432,#5433,#5434,
    #5435,#5436,#5437,#5438,#5439,#5440,#5441,#5442,#5443,#5444,#5445,
    #5446,#5447,#5448,#5449,#5450,#5451,#5452,#5453,#5454,#5455,#5456,
    #5457,#5458,#5459,#5460,#5461,#5462,#5463,#5464,#5465,#5466,#5467,
    #5468,#5469,#5470,#5471,#5472,#5473,#5474,#5475,#5476,#5477,#5478,
    #5479,#5480,#5481,#5482,#5483,#5484,#5485,#5486,#5487,#5488,#5489,
    #5490,#5491,#5492,#5493,#5494,#5495,#5496,#5497,#5498,#5499,#5500,
    #5501,#5502,#5503,#5504,#5505,#5506,#5507,#5508,#5509,#5510,#5511,
    #5512,#5513,#5514,#5515,#5516,#5517,#5518,#5519,#5520,#5521,#5522,
    #5523,#5524,#5525,#5526,#5527,#5528,#5529,#5530,#5531,#5532,#5533,
    #5534,#5535,#5536,#5537,#5538,#5539,#5540,#5541,#5542,#5543,#5544,
    #5545,#5546,#5547,#5548,#5549,#5550,#5551,#5552,#5553,#5554,#5555,
    #5556,#5557,#5558,#5559,#5560,#5561,#5562,#5563,#5564,#5565,#5566,
    #5567,#5568,#5569,#5570,#5571,#5572,#5573,#5574,#5575,#5576,#5577,
    #5578,#5579,#5580,#5581,#5582,#5583,#5584,#5585,#5586,#5587,#5588,
    #5589,#5590,#5591,#5592,#5593,#5594,#5595,#5596,#5597,#5598,#5599,
    #5600,#5601,#5602,#5603,#5604,#5605,#5606,#5607,#5608,#5609,#5610,
    #5611,#5612,#5613,#5614,#5615,#5616,#5617,#5618,#5619,#5620,#5621,
    #5622,#5623,#5624,#5625,#5626,#5627,#5628,#5629,#5630,#5631,#5632,
    #5633,#5634,#5635,#5636,#5637,#5638,#5639,#5640,#5641,#5642,#5643,
    #5644,#5645,#5646,#5647,#5648,#5649,#5650,#5651,#5652,#5653,#5654,
    #5655,#5656,#5657,#5658,#5659,#5660,#5661,#5662,#5663,#5664,#5665,
    #5666,#5667,#5668,#5669,#5670,#5671,#5672,#5673,#5674,#5675,#5676,
    #5677,#5678,#5679,#5680,#5681,#5682,#5683,#5684,#5685,#5686,#5687,
    #5688,#5689,#5690,#5691,#5692,#5693,#5694,#5695,#5696,#5697,#5698,
    #5699,#5700,#5701,#5702,#5703,#5704,#5705,#5706,#5707,#5708,#5709,
    #5710,#5711,#5712,#5713,#5714,#5715,#5716,#5717,#5718,#5719,#5720,
    #5721,#5722,#5723,#5724,#5725,#5726,#5727,#5728,#5729,#5730),
  .UNSPECIFIED.,.F.,.F.,(9,7,7,7,7,7,7,7,7,7,7,7,7,7,7,7,7,7,7,7,7,7,7,7
    ,7,7,7,7,7,7,7,7,7,7,7,7,7,7,7,7,7,7,7,7,7,7,7,7,7,7,7,7,7,7,7,7,7,7
    ,7,7,9),(0.,3.196060575592E-02,6.108860878147E-02,8.775759814332E-02
    ,0.113022687916,0.127275967758,0.139578093275,0.147809960114,
    0.154737854367,0.160093437587,0.164159132137,0.167195950687,
    0.169233959641,0.175240174306,0.183147942006,0.192949172775,
    0.20222638684,0.231975959666,0.264625094753,0.284548834842,
    0.321260897227,0.334896274289,0.350206456279,0.373867755473,
    0.416015529446,0.44987429432,0.464696549066,0.477530929499,
    0.484831100825,0.500008036973,0.522483104923,0.535522864219,
    0.550328926956,0.584186250269,0.626270676804,0.650007089376,
    0.665295236335,0.678931387129,0.704691911241,0.722446138921,
    0.744099243961,0.763849171328,0.782072891433,0.797944634256,
    0.811939394132,0.820988541848,0.82790648623,0.832166169323,
    0.835998663018,0.838918604464,0.841047704234,0.846879697955,
    0.854118017179,0.862503528669,0.872903590843,0.889398741487,
    0.906137596153,0.923410545849,0.941457541703,0.968652086835,1.),
  .UNSPECIFIED.);
#5309 = CARTESIAN_POINT('',(-27.32426534863,79.867001553835,
    -20.19084222825));
#5310 = CARTESIAN_POINT('',(-26.88391991622,78.988823088679,
    -20.88007847228));
#5311 = CARTESIAN_POINT('',(-26.42764595029,78.117347401844,
    -21.55748274439));
#5312 = CARTESIAN_POINT('',(-25.95628428244,77.252637505913,
    -22.22307598437));
#5313 = CARTESIAN_POINT('',(-25.47063290185,76.394725022461,
    -22.87690961374));
#5314 = CARTESIAN_POINT('',(-24.97144656952,75.543609407888,
    -23.51906394004));
#5315 = CARTESIAN_POINT('',(-24.45943643247,74.699257179265,
    -24.14964656106));
#5316 = CARTESIAN_POINT('',(-23.93526963791,73.861601140166,
    -24.76879076908));
#5317 = CARTESIAN_POINT('',(-22.91134630711,72.273133346705,
    -25.93064347762));
#5318 = CARTESIAN_POINT('',(-22.41354985821,71.521214320931,
    -26.47525581788));
#5319 = CARTESIAN_POINT('',(-21.90665452137,70.77470895423,
    -27.01060760683));
#5320 = CARTESIAN_POINT('',(-21.39111218635,70.033531817821,
    -27.53682366718));
#5321 = CARTESIAN_POINT('',(-20.86735339233,69.297583507744,
    -28.05403743088));
#5322 = CARTESIAN_POINT('',(-20.33578900821,68.566748523495,
    -28.56239135661));
#5323 = CARTESIAN_POINT('',(-19.7968119129,67.840893146672,
    -29.06203734722));
#5324 = CARTESIAN_POINT('',(-18.75088039389,66.459703514944,
    -30.00277787427));
#5325 = CARTESIAN_POINT('',(-18.24506597934,65.803591365578,
    -30.44525271557));
#5326 = CARTESIAN_POINT('',(-17.73364638505,65.151410690839,
    -30.88068442038));
#5327 = CARTESIAN_POINT('',(-17.21690481313,64.503032898108,
    -31.30920108214));
#5328 = CARTESIAN_POINT('',(-16.69511779783,63.858315571317,
    -31.73093660788));
#5329 = CARTESIAN_POINT('',(-16.16855812041,63.217098729625,
    -32.14603219989));
#5330 = CARTESIAN_POINT('',(-15.63749955566,62.57919875627,
    -32.5546388699));
#5331 = CARTESIAN_POINT('',(-14.59512516172,61.343018092641,
    -33.33802630737));
#5332 = CARTESIAN_POINT('',(-14.08424066912,60.744418291922,
    -33.71345617874));
#5333 = CARTESIAN_POINT('',(-13.56981169769,60.148418994154,
    -34.08334910109));
#5334 = CARTESIAN_POINT('',(-13.05208516919,59.554812678311,
    -34.44785460271));
#5335 = CARTESIAN_POINT('',(-12.53132183172,58.963353764226,
    -34.80713864751));
#5336 = CARTESIAN_POINT('',(-12.00780229031,58.373750152331,
    -35.16138727132));
#5337 = CARTESIAN_POINT('',(-11.48184425189,57.785639347482,
    -35.51081739892));
#5338 = CARTESIAN_POINT('',(-10.65597433628,56.867312851556,
    -36.05027117528));
#5339 = CARTESIAN_POINT('',(-10.35745431936,56.536414303093,
    -36.24339247738));
#5340 = CARTESIAN_POINT('',(-10.05835561616,56.205746459468,
    -36.43511694316));
#5341 = CARTESIAN_POINT('',(-9.758758105156,55.87520669082,
    -36.62550043791));
#5342 = CARTESIAN_POINT('',(-9.458751708934,55.544676222025,
    -36.81460612847));
#5343 = CARTESIAN_POINT('',(-9.158440720784,55.214013926259,
    -37.00250737012));
#5344 = CARTESIAN_POINT('',(-8.857951423923,54.88304539445,
    -37.18929280239));
#5345 = CARTESIAN_POINT('',(-8.298071662031,54.265428475026,
    -37.53542266685));
#5346 = CARTESIAN_POINT('',(-8.038688643947,53.978917908834,
    -37.69502176336));
#5347 = CARTESIAN_POINT('',(-7.779394414134,53.691868482284,
    -37.85394437543));
#5348 = CARTESIAN_POINT('',(-7.520309723772,53.404108558213,
    -38.01227497628));
#5349 = CARTESIAN_POINT('',(-7.261584822152,53.115428871545,
    -38.17011524496));
#5350 = CARTESIAN_POINT('',(-7.00340686849,52.825571958542,
    -38.3275890797));
#5351 = CARTESIAN_POINT('',(-6.746018709324,52.534205363347,
    -38.48485516308));
#5352 = CARTESIAN_POINT('',(-6.318290228061,52.044570143963,
    -38.74737882437));
#5353 = CARTESIAN_POINT('',(-6.147331561669,51.847401232128,
    -38.8526246621));
#5354 = CARTESIAN_POINT('',(-5.976983024567,51.649208837297,
    -38.95794205524));
#5355 = CARTESIAN_POINT('',(-5.807370061983,51.44982339877,
    -39.06341097404));
#5356 = CARTESIAN_POINT('',(-5.638648156802,51.249048053105,
    -39.16912369856));
#5357 = CARTESIAN_POINT('',(-5.471013803906,51.046643826115,
    -39.27519180505));
#5358 = CARTESIAN_POINT('',(-5.30472503003,50.842302065425,
    -39.38175903941));
#5359 = CARTESIAN_POINT('',(-5.001610407185,50.461648244226,
    -39.57929038259));
#5360 = CARTESIAN_POINT('',(-4.864321908789,50.286063244538,
    -39.67003147768));
#5361 = CARTESIAN_POINT('',(-4.728447278791,50.10856396728,
    -39.76137804541));
#5362 = CARTESIAN_POINT('',(-4.594242709829,49.92884405594,
    -39.85347231781));
#5363 = CARTESIAN_POINT('',(-4.462063020003,49.746549078529,
    -39.9464768306));
#5364 = CARTESIAN_POINT('',(-4.332379184009,49.561256054518,
    -40.04058441777));
#5365 = CARTESIAN_POINT('',(-4.205825245306,49.372418610576,
    -40.13604379871));
#5366 = CARTESIAN_POINT('',(-3.988600406242,49.029898666528,
    -40.30834012838));
#5367 = CARTESIAN_POINT('',(-3.896394513732,48.87810600936,
    -40.38441527285));
#5368 = CARTESIAN_POINT('',(-3.807030066911,48.7233815045,
    -40.46166804597));
#5369 = CARTESIAN_POINT('',(-3.72105000862,48.565295694416,
    -40.54029222551));
#5370 = CARTESIAN_POINT('',(-3.639215577513,48.403454988531,
    -40.62045858922));
#5371 = CARTESIAN_POINT('',(-3.562542315682,48.237472152024,
    -40.70232949563));
#5372 = CARTESIAN_POINT('',(-3.492328832591,48.066941588675,
    -40.78607043822));
#5373 = CARTESIAN_POINT('',(-3.382943317315,47.758210531382,
    -40.93696554706));
#5374 = CARTESIAN_POINT('',(-3.34036352074,47.622104395493,
    -41.0032624143));
#5375 = CARTESIAN_POINT('',(-3.303173156505,47.483145721163,
    -41.07070972212));
#5376 = CARTESIAN_POINT('',(-3.272221786994,47.341499423707,
    -41.13920903769));
#5377 = CARTESIAN_POINT('',(-3.248394879719,47.197488319227,
    -41.20858639007));
#5378 = CARTESIAN_POINT('',(-3.232466302442,47.051631206738,
    -41.27857673098));
#5379 = CARTESIAN_POINT('',(-3.224908793788,46.904695055233,
    -41.34880291146));
#5380 = CARTESIAN_POINT('',(-3.226323848535,46.647996353829,
    -41.47100229361));
#5381 = CARTESIAN_POINT('',(-3.231597315277,46.538191733771,
    -41.52311859355));
#5382 = CARTESIAN_POINT('',(-3.241547090632,46.428783611314,
    -41.57489035407));
#5383 = CARTESIAN_POINT('',(-3.256032021279,46.320130861356,
    -41.62614980439));
#5384 = CARTESIAN_POINT('',(-3.274802861733,46.212517637119,
    -41.67676720872));
#5385 = CARTESIAN_POINT('',(-3.297540712645,46.106162890969,
    -41.72664542165));
#5386 = CARTESIAN_POINT('',(-3.323892959972,46.001228451144,
    -41.77571529364));
#5387 = CARTESIAN_POINT('',(-3.373380506328,45.828432036664,
    -41.85629010979));
#5388 = CARTESIAN_POINT('',(-3.394728067074,45.759711509873,
    -41.88827180983));
#5389 = CARTESIAN_POINT('',(-3.417447860728,45.691680876379,
    -41.9198712727));
#5390 = CARTESIAN_POINT('',(-3.44144073517,45.624347435004,
    -41.95108721596));
#5391 = CARTESIAN_POINT('',(-3.466611651785,45.557709930499,
    -41.98192233173));
#5392 = CARTESIAN_POINT('',(-3.49287141454,45.491759502989,
    -42.01238278936));
#5393 = CARTESIAN_POINT('',(-3.520138399049,45.426480637434,
    -42.04247773822));
#5394 = CARTESIAN_POINT('',(-3.631454028764,45.171385437221,
    -42.15986870195));
#5395 = CARTESIAN_POINT('',(-3.722600494043,44.986762049305,
    -42.24435546818));
#5396 = CARTESIAN_POINT('',(-3.81999267568,44.807172267774,
    -42.32610121204));
#5397 = CARTESIAN_POINT('',(-3.922280757524,44.631996819154,
    -42.40542796007));
#5398 = CARTESIAN_POINT('',(-4.02845756136,44.460717318446,
    -42.48260289644));
#5399 = CARTESIAN_POINT('',(-4.137789257894,44.292850083675,
    -42.55787097904));
#5400 = CARTESIAN_POINT('',(-4.249771336447,44.127903284575,
    -42.6314749376));
#5401 = CARTESIAN_POINT('',(-4.514647621849,43.751349940425,
    -42.79870482657));
#5402 = CARTESIAN_POINT('',(-4.669084733125,43.541765823196,
    -42.89117600543));
#5403 = CARTESIAN_POINT('',(-4.826522438913,43.335695497565,
    -42.98152233598));
#5404 = CARTESIAN_POINT('',(-4.986350061885,43.132535433919,
    -43.07003898376));
#5405 = CARTESIAN_POINT('',(-5.148117860912,42.931825466277,
    -43.15695004339));
#5406 = CARTESIAN_POINT('',(-5.311487453752,42.733184509042,
    -43.24243959446));
#5407 = CARTESIAN_POINT('',(-5.476216001153,42.536289650179,
    -43.32666127066));
#5408 = CARTESIAN_POINT('',(-5.84777185964,42.098599270514,
    -43.51274208617));
#5409 = CARTESIAN_POINT('',(-6.055187324397,41.858637264102,
    -43.61397161071));
#5410 = CARTESIAN_POINT('',(-6.263996825291,41.620452438887,
    -43.71368080017));
#5411 = CARTESIAN_POINT('',(-6.473926105636,41.383680483772,
    -43.81203907744));
#5412 = CARTESIAN_POINT('',(-6.684762550757,41.148033158361,
    -43.90917820603));
#5413 = CARTESIAN_POINT('',(-6.896335859286,40.913269732704,
    -44.00520600367));
#5414 = CARTESIAN_POINT('',(-7.108510208552,40.67918533141,
    -44.1002117842));
#5415 = CARTESIAN_POINT('',(-7.522469197767,40.224497107573,
    -44.28330524723));
#5416 = CARTESIAN_POINT('',(-7.724197388099,40.003847666695,
    -44.37148881755));
#5417 = CARTESIAN_POINT('',(-7.92626078428,39.783499013754,
    -44.45888707629));
#5418 = CARTESIAN_POINT('',(-8.128576624927,39.563324565378,
    -44.54555171656));
#5419 = CARTESIAN_POINT('',(-8.331073461818,39.343213900635,
    -44.63152598953));
#5420 = CARTESIAN_POINT('',(-8.533687944259,39.123067780553,
    -44.71684706484));
#5421 = CARTESIAN_POINT('',(-8.736362790255,38.902794994076,
    -44.80154749878));
#5422 = CARTESIAN_POINT('',(-9.58899723529,37.975277250088,
    -45.15536892683));
#5423 = CARTESIAN_POINT('',(-10.23898392129,37.266125202313,
    -45.41897290005));
#5424 = CARTESIAN_POINT('',(-10.88732845236,36.552020933632,
    -45.67742822769));
#5425 = CARTESIAN_POINT('',(-11.53276674438,35.830892443449,
    -45.93125214925));
#5426 = CARTESIAN_POINT('',(-12.17402365138,35.100772601411,
    -46.18082247886));
#5427 = CARTESIAN_POINT('',(-12.80981137751,34.359791493892,
    -46.42636615055));
#5428 = CARTESIAN_POINT('',(-13.43871873516,33.605996677986,
    -46.66801878791));
#5429 = CARTESIAN_POINT('',(-14.7401560991,31.993735430639,
    -47.16676605392));
#5430 = CARTESIAN_POINT('',(-15.4108398079,31.132379725352,
    -47.42302317439));
#5431 = CARTESIAN_POINT('',(-16.06930060651,30.250435098479,
    -47.67464486763));
#5432 = CARTESIAN_POINT('',(-16.71313538981,29.345170842532,
    -47.92145504307));
#5433 = CARTESIAN_POINT('',(-17.33948863232,28.413935445612,
    -48.16303431756));
#5434 = CARTESIAN_POINT('',(-17.94502791749,27.454118601244,
    -48.39870348891));
#5435 = CARTESIAN_POINT('',(-18.52626124196,26.463533882249,
    -48.62741933234));
#5436 = CARTESIAN_POINT('',(-19.41753539998,24.81661426453,
    -48.98229829828));
#5437 = CARTESIAN_POINT('',(-19.74494142724,24.180555105432,
    -49.11367227422));
#5438 = CARTESIAN_POINT('',(-20.06116462149,23.532338248864,
    -49.24160212178));
#5439 = CARTESIAN_POINT('',(-20.36539944925,22.871847140211,
    -49.36571371605));
#5440 = CARTESIAN_POINT('',(-20.65687811617,22.199110383694,
    -49.48559358475));
#5441 = CARTESIAN_POINT('',(-20.93488170311,21.514314739257,
    -49.60080023666));
#5442 = CARTESIAN_POINT('',(-21.19873850886,20.817807258361,
    -49.71088032961));
#5443 = CARTESIAN_POINT('',(-21.90675522745,18.806019834225,
    -50.00796164077));
#5444 = CARTESIAN_POINT('',(-22.31560729621,17.463579305353,
    -50.18166377765));
#5445 = CARTESIAN_POINT('',(-22.67026618818,16.086035216362,
    -50.33367167728));
#5446 = CARTESIAN_POINT('',(-22.96735428695,14.677791835501,
    -50.46136230594));
#5447 = CARTESIAN_POINT('',(-23.20370607814,13.244180819788,
    -50.56261012903));
#5448 = CARTESIAN_POINT('',(-23.37629095661,11.791418454595,
    -50.63604465938));
#5449 = CARTESIAN_POINT('',(-23.48245461003,10.326684421887,
    -50.68123709257));
#5450 = CARTESIAN_POINT('',(-23.53444524561,8.312893573658,
    -50.70530074151));
#5451 = CARTESIAN_POINT('',(-23.53911609413,7.766975098683,
    -50.70799895474));
#5452 = CARTESIAN_POINT('',(-23.53456917068,7.220943913541,
    -50.70660709745));
#5453 = CARTESIAN_POINT('',(-23.52102119908,6.675196157729,
    -50.70086417346));
#5454 = CARTESIAN_POINT('',(-23.49870916029,6.130104786313,
    -50.69052101237));
#5455 = CARTESIAN_POINT('',(-23.46788560203,5.586019833431,
    -50.67534186058));
#5456 = CARTESIAN_POINT('',(-23.42881394837,5.043268675787,
    -50.65510597238));
#5457 = CARTESIAN_POINT('',(-23.32893459972,3.894580211457,
    -50.60098071438));
#5458 = CARTESIAN_POINT('',(-23.26604666529,3.289071781397,
    -50.56571969822));
#5459 = CARTESIAN_POINT('',(-23.19348183733,2.686054590437,
    -50.52353589276));
#5460 = CARTESIAN_POINT('',(-23.11163087509,2.085918928276,-50.47416493)
  );
#5461 = CARTESIAN_POINT('',(-23.02088745826,1.489023434919,
    -50.41736907364));
#5462 = CARTESIAN_POINT('',(-22.9216421795,0.895696745756,
    -50.35293795898));
#5463 = CARTESIAN_POINT('',(-22.81427653706,0.306239136637,
    -50.28068933279));
#5464 = CARTESIAN_POINT('',(-22.52124398462,-1.18365766964,
    -50.07649357085));
#5465 = CARTESIAN_POINT('',(-22.32481817678,-2.078310718748,
    -49.93348355829));
#5466 = CARTESIAN_POINT('',(-22.11123054483,-2.962054567952,
    -49.77087060802));
#5467 = CARTESIAN_POINT('',(-21.88175955296,-3.834000739345,
    -49.58825059011));
#5468 = CARTESIAN_POINT('',(-21.63757923215,-4.693337699897,
    -49.38539458702));
#5469 = CARTESIAN_POINT('',(-21.37973446081,-5.539319149772,
    -49.16225628511));
#5470 = CARTESIAN_POINT('',(-21.10912338227,-6.371255586615,
    -48.91897656288));
#5471 = CARTESIAN_POINT('',(-20.32302787299,-8.64427951615,
    -48.18724185907));
#5472 = CARTESIAN_POINT('',(-19.7814365752,-10.05339047059,
    -47.65575880989));
#5473 = CARTESIAN_POINT('',(-19.20591761586,-11.41221750323,
    -47.0633181189));
#5474 = CARTESIAN_POINT('',(-18.59918315316,-12.71741139582,
    -46.41379394032));
#5475 = CARTESIAN_POINT('',(-17.96234862597,-13.96585452019,
    -45.71314891191));
#5476 = CARTESIAN_POINT('',(-17.29502159103,-15.15478102313,
    -44.96947352803));
#5477 = CARTESIAN_POINT('',(-16.59583346334,-16.28200302654,
    -44.19244978387));
#5478 = CARTESIAN_POINT('',(-15.2737614991,-18.20051552255,
    -42.75043534097));
#5479 = CARTESIAN_POINT('',(-14.66309396458,-19.01401270784,
    -42.09366160045));
#5480 = CARTESIAN_POINT('',(-14.02958377955,-19.78565444811,
    -41.42799510401));
#5481 = CARTESIAN_POINT('',(-13.37203451899,-20.51458977627,
    -40.75961628374));
#5482 = CARTESIAN_POINT('',(-12.68933598765,-21.19998847571,
    -40.09523613514));
#5483 = CARTESIAN_POINT('',(-11.9805872951,-21.8410769995,
    -39.44190249776));
#5484 = CARTESIAN_POINT('',(-11.24514710089,-22.43707648861,
    -38.80685033913));
#5485 = CARTESIAN_POINT('',(-10.14874882177,-23.22784088534,
    -37.930729481));
#5486 = CARTESIAN_POINT('',(-9.809757788831,-23.45976801017,
    -37.66892314815));
#5487 = CARTESIAN_POINT('',(-9.465586464898,-23.68276675742,
    -37.4127018629));
#5488 = CARTESIAN_POINT('',(-9.116239236844,-23.89673979574,
    -37.16271365611));
#5489 = CARTESIAN_POINT('',(-8.761743730192,-24.10157887775,
    -36.91961824856));
#5490 = CARTESIAN_POINT('',(-8.402152255397,-24.29716538816,
    -36.68408336896));
#5491 = CARTESIAN_POINT('',(-8.037543254114,-24.48337089188,
    -36.45678107201));
#5492 = CARTESIAN_POINT('',(-7.348060171169,-24.813048271,
    -36.04927717424));
#5493 = CARTESIAN_POINT('',(-7.024417849939,-24.95890074016,
    -35.86684879073));
#5494 = CARTESIAN_POINT('',(-6.697168062021,-25.09752481726,
    -35.69153593893));
#5495 = CARTESIAN_POINT('',(-6.366402068302,-25.22882336335,
    -35.52377823674));
#5496 = CARTESIAN_POINT('',(-6.032231612283,-25.35269411521,
    -35.36401288463));
#5497 = CARTESIAN_POINT('',(-5.694790422059,-25.46903142775,
    -35.21266966321));
#5498 = CARTESIAN_POINT('',(-5.35423571228,-25.5777280164,
    -35.07016593081));
#5499 = CARTESIAN_POINT('',(-4.815375483812,-25.73609611957,
    -34.86110113367));
#5500 = CARTESIAN_POINT('',(-4.619053005586,-25.79100885822,
    -34.78828984181));
#5501 = CARTESIAN_POINT('',(-4.421816180289,-25.8433951768,
    -34.71854129379));
#5502 = CARTESIAN_POINT('',(-4.223701348042,-25.89323548728,
    -34.65192697392));
#5503 = CARTESIAN_POINT('',(-4.024747351821,-25.9405105227,
    -34.58851586181));
#5504 = CARTESIAN_POINT('',(-3.824995629034,-25.98520150775,
    -34.52837399159));
#5505 = CARTESIAN_POINT('',(-3.624490303096,-26.0272903293,
    -34.4715640112));
#5506 = CARTESIAN_POINT('',(-3.004961777239,-26.14881589393,
    -34.30708695859));
#5507 = CARTESIAN_POINT('',(-2.583569452061,-26.21955460556,
    -34.21067874251));
#5508 = CARTESIAN_POINT('',(-2.159546727111,-26.27881389407,
    -34.12945739311));
#5509 = CARTESIAN_POINT('',(-1.733364752477,-26.3264570388,
    -34.06387638377));
#5510 = CARTESIAN_POINT('',(-1.305521278366,-26.36237452664,
    -34.01429301631));
#5511 = CARTESIAN_POINT('',(-0.876541597383,-26.38648770352,
    -33.98095666711));
#5512 = CARTESIAN_POINT('',(-0.446979551394,-26.39875409662,
    -33.96399762441));
#5513 = CARTESIAN_POINT('',(0.618705276708,-26.39979683337,
    -33.96255597222));
#5514 = CARTESIAN_POINT('',(1.254960551504,-26.37444111249,
    -33.99761125994));
#5515 = CARTESIAN_POINT('',(1.889373720263,-26.32309095576,
    -34.06861355741));
#5516 = CARTESIAN_POINT('',(2.520165200306,-26.24595466789,
    -34.17494106824));
#5517 = CARTESIAN_POINT('',(3.145734138199,-26.14339915487,
    -34.31542557019));
#5518 = CARTESIAN_POINT('',(3.764645447446,-26.01590277278,
    -34.4884544076));
#5519 = CARTESIAN_POINT('',(4.375619073086,-25.86402701822,
    -34.69206792807));
#5520 = CARTESIAN_POINT('',(5.326737893366,-25.58651451023,
    -35.05864689329));
#5521 = CARTESIAN_POINT('',(5.67294256869,-25.47661700357,
    -35.20280754902));
#5522 = CARTESIAN_POINT('',(6.015942517571,-25.35882655545,
    -35.35611698119));
#5523 = CARTESIAN_POINT('',(6.355572005314,-25.23325602136,
    -35.51813743236));
#5524 = CARTESIAN_POINT('',(6.691690316699,-25.10001646698,
    -35.68841798185));
#5525 = CARTESIAN_POINT('',(7.024179903281,-24.95921503955,
    -35.86650056776));
#5526 = CARTESIAN_POINT('',(7.352944915418,-24.81095334081,
    -36.05192478666));
#5527 = CARTESIAN_POINT('',(8.046893555207,-24.47861876729,
    -36.46258709888));
#5528 = CARTESIAN_POINT('',(8.410974507,-24.29241704698,-36.68981417048)
  );
#5529 = CARTESIAN_POINT('',(8.77004783226,-24.09685820559,
    -36.92524230684));
#5530 = CARTESIAN_POINT('',(9.124035796638,-23.89207007319,
    -37.16820182925));
#5531 = CARTESIAN_POINT('',(9.472886640204,-23.67817070285,
    -37.41802741065));
#5532 = CARTESIAN_POINT('',(9.816573144071,-23.45526782861,
    -37.67406172729));
#5533 = CARTESIAN_POINT('',(10.155091197021,-23.22345832355,
    -37.93565911023));
#5534 = CARTESIAN_POINT('',(11.250775805407,-22.43257264433,
    -38.81166894061));
#5535 = CARTESIAN_POINT('',(11.985969623075,-21.83632744024,
    -39.44679023782));
#5536 = CARTESIAN_POINT('',(12.694480175764,-21.19500643479,
    -40.10014796686));
#5537 = CARTESIAN_POINT('',(13.376950235936,-20.5093876995,
    -40.76451057013));
#5538 = CARTESIAN_POINT('',(14.034281588134,-19.78024446347,
    -41.43283364438));
#5539 = CARTESIAN_POINT('',(14.66758466238,-19.00840693571,
    -42.0984097872));
#5540 = CARTESIAN_POINT('',(15.278055384069,-18.19472623208,
    -42.75506237881));
#5541 = CARTESIAN_POINT('',(16.598635731112,-16.27738399356,
    -44.19557683198));
#5542 = CARTESIAN_POINT('',(17.296633735281,-15.15170681254,
    -44.97127372585));
#5543 = CARTESIAN_POINT('',(17.962872419069,-13.96452293989,
    -45.7137009459));
#5544 = CARTESIAN_POINT('',(18.598711901112,-12.71801120624,
    -46.41322510339));
#5545 = CARTESIAN_POINT('',(19.204541357932,-11.41492434026,
    -47.06179510993));
#5546 = CARTESIAN_POINT('',(19.779252169828,-10.05836481668,
    -47.65347362526));
#5547 = CARTESIAN_POINT('',(20.320149216587,-8.651665568559,
    -48.18439881715));
#5548 = CARTESIAN_POINT('',(21.106701560038,-6.378782257814,
    -48.91681353759));
#5549 = CARTESIAN_POINT('',(21.378255482185,-5.544350862151,
    -49.16100555229));
#5550 = CARTESIAN_POINT('',(21.636968862059,-4.695782259,-49.38493063083
    ));
#5551 = CARTESIAN_POINT('',(21.881935741286,-3.833772204751,
    -49.58844571557));
#5552 = CARTESIAN_POINT('',(22.112101524391,-2.959073934235,
    -49.77159731602));
#5553 = CARTESIAN_POINT('',(22.326280827212,-2.072506722085,
    -49.9346168522));
#5554 = CARTESIAN_POINT('',(22.523182596962,-1.174967782198,
    -50.07791314066));
#5555 = CARTESIAN_POINT('',(22.816256132457,0.317068091503,
    -50.28202382706));
#5556 = CARTESIAN_POINT('',(22.923333402074,0.905709901204,
    -50.35404071095));
#5557 = CARTESIAN_POINT('',(23.022309380956,1.498205287298,
    -50.4182657482));
#5558 = CARTESIAN_POINT('',(23.112804171345,2.09425502549,
    -50.47488068677));
#5559 = CARTESIAN_POINT('',(23.194428877829,2.693531671161,
    -50.52409521358));
#5560 = CARTESIAN_POINT('',(23.266791575613,3.295677926854,
    -50.56614621857));
#5561 = CARTESIAN_POINT('',(23.329503278777,3.900305009754,
    -50.60129705885));
#5562 = CARTESIAN_POINT('',(23.42917201071,5.048120165243,
    -50.65529265633));
#5563 = CARTESIAN_POINT('',(23.468179704124,5.590886088857,
    -50.67548890113));
#5564 = CARTESIAN_POINT('',(23.498937407773,6.134983664489,
    -50.6906297966));
#5565 = CARTESIAN_POINT('',(23.521181746823,6.680085373115,
    -50.70093617838));
#5566 = CARTESIAN_POINT('',(23.534660243807,7.225841039744,
    -50.70664388534));
#5567 = CARTESIAN_POINT('',(23.539136009821,7.771877570933,
    -50.70800216661));
#5568 = CARTESIAN_POINT('',(23.534392435714,8.31779869232,
    -50.70527208861));
#5569 = CARTESIAN_POINT('',(23.493498028705,9.893492230897,
    -50.68635650114));
#5570 = CARTESIAN_POINT('',(23.433159548536,10.921922636016,
    -50.66037765437));
#5571 = CARTESIAN_POINT('',(23.339859902024,11.945668576551,
    -50.6205846038));
#5572 = CARTESIAN_POINT('',(23.214429449159,12.962163859967,
    -50.5670193578));
#5573 = CARTESIAN_POINT('',(23.05781655148,13.969062355192,
    -50.49995642097));
#5574 = CARTESIAN_POINT('',(22.871045602407,14.964226468412,
    -50.41987962074));
#5575 = CARTESIAN_POINT('',(22.655207987116,15.945725165619,
    -50.32744907056));
#5576 = CARTESIAN_POINT('',(22.2435120546,17.577691741045,
    -50.15178750928));
#5577 = CARTESIAN_POINT('',(22.06228377766,18.236271842457,
    -50.07462176247));
#5578 = CARTESIAN_POINT('',(21.868185090616,18.88702593161,
    -49.99221905098));
#5579 = CARTESIAN_POINT('',(21.661613404772,19.529467728643,
    -49.90486536957));
#5580 = CARTESIAN_POINT('',(21.442983743683,20.163182892792,
    -49.81286627024));
#5581 = CARTESIAN_POINT('',(21.21273436134,20.787831867402,
    -49.71653826122));
#5582 = CARTESIAN_POINT('',(20.971333828088,21.403153265567,
    -49.61620002065));
#5583 = CARTESIAN_POINT('',(20.41189572948,22.747820868772,
    -49.38528010622));
#5584 = CARTESIAN_POINT('',(20.088663407411,23.472547767785,
    -49.25289326792));
#5585 = CARTESIAN_POINT('',(19.750508490641,24.182829604634,
    -49.11556695465));
#5586 = CARTESIAN_POINT('',(19.398398853853,24.878581192858,
    -48.9738417553));
#5587 = CARTESIAN_POINT('',(19.033362627419,25.559953094872,
    -48.82820605847));
#5588 = CARTESIAN_POINT('',(18.656459247075,26.227296174838,
    -48.67908091804));
#5589 = CARTESIAN_POINT('',(18.26873494588,26.881112779794,
    -48.52681552536));
#5590 = CARTESIAN_POINT('',(17.50857603053,28.106592789927,-48.230199618
    ));
#5591 = CARTESIAN_POINT('',(17.137795920942,28.680420868215,
    -48.08633090038));
#5592 = CARTESIAN_POINT('',(16.759580529143,29.244000617078,
    -47.94028986615));
#5593 = CARTESIAN_POINT('',(16.374642138553,29.79788282437,
    -47.79223820004));
#5594 = CARTESIAN_POINT('',(15.983650639642,30.342647437687,
    -47.64229810184));
#5595 = CARTESIAN_POINT('',(15.587221856779,30.87888841664,
    -47.49055584317));
#5596 = CARTESIAN_POINT('',(15.185912355045,31.407207354298,
    -47.33706431515));
#5597 = CARTESIAN_POINT('',(14.405879569125,32.408962614103,
    -47.03861967403));
#5598 = CARTESIAN_POINT('',(14.027819096097,32.883470034308,
    -46.89392778119));
#5599 = CARTESIAN_POINT('',(13.646435813811,33.352213023668,
    -46.74778729865));
#5600 = CARTESIAN_POINT('',(13.262099943599,33.815653281489,
    -46.60019922529));
#5601 = CARTESIAN_POINT('',(12.875156706247,34.274241898678,
    -46.45114844567));
#5602 = CARTESIAN_POINT('',(12.485929450234,34.728424558395,
    -46.30060346744));
#5603 = CARTESIAN_POINT('',(12.094724624166,35.178649349779,
    -46.14851459942));
#5604 = CARTESIAN_POINT('',(11.359658950475,36.014449756606,
    -45.86094378534));
#5605 = CARTESIAN_POINT('',(11.016208694281,36.400864886561,
    -45.72585349269));
#5606 = CARTESIAN_POINT('',(10.671685259337,36.784924408213,
    -45.5894937078));
#5607 = CARTESIAN_POINT('',(10.326286566414,37.166934895463,
    -45.45180665187));
#5608 = CARTESIAN_POINT('',(9.980212599528,37.547210429661,
    -45.31272250878));
#5609 = CARTESIAN_POINT('',(9.633671484776,37.926082292445,
    -45.17215566478));
#5610 = CARTESIAN_POINT('',(9.286890071028,38.303915594268,
    -45.02999743086));
#5611 = CARTESIAN_POINT('',(8.634375712226,39.013740594122,
    -44.75922966941));
#5612 = CARTESIAN_POINT('',(8.328645735605,39.345861262643,
    -44.63100910201));
#5613 = CARTESIAN_POINT('',(8.02311345166,39.677792219557,
    -44.50134281663));
#5614 = CARTESIAN_POINT('',(7.717979169967,40.00985682033,
    -44.37011295631));
#5615 = CARTESIAN_POINT('',(7.413486021807,40.342430302684,
    -44.23717259946));
#5616 = CARTESIAN_POINT('',(7.109929620688,40.675954876784,
    -44.10233903999));
#5617 = CARTESIAN_POINT('',(6.807690216142,41.01098919861,
    -43.96537027791));
#5618 = CARTESIAN_POINT('',(6.313092849968,41.56647006058,
    -43.73572163234));
#5619 = CARTESIAN_POINT('',(6.119664385929,41.785552727408,
    -43.64450299759));
#5620 = CARTESIAN_POINT('',(5.927169498651,42.005816290044,
    -43.55214303547));
#5621 = CARTESIAN_POINT('',(5.735787421641,42.227518502631,
    -43.45852327527));
#5622 = CARTESIAN_POINT('',(5.54575520387,42.450966801691,
    -43.36349975085));
#5623 = CARTESIAN_POINT('',(5.357379003066,42.6765344081,-43.26689553238
    ));
#5624 = CARTESIAN_POINT('',(5.171066375512,42.904705848265,
    -43.16847880194));
#5625 = CARTESIAN_POINT('',(4.846999703634,43.313152817776,
    -42.99102426613));
#5626 = CARTESIAN_POINT('',(4.708200517915,43.491980580141,
    -42.91291259755));
#5627 = CARTESIAN_POINT('',(4.571221717307,43.67304720147,
    -42.83339575682));
#5628 = CARTESIAN_POINT('',(4.436387585634,43.85674178337,
    -42.75228530646));
#5629 = CARTESIAN_POINT('',(4.304166089609,44.043503517054,
    -42.66936486585));
#5630 = CARTESIAN_POINT('',(4.175191040452,44.233848060626,
    -42.58437817418));
#5631 = CARTESIAN_POINT('',(4.050326380478,44.428442226058,
    -42.49699290124));
#5632 = CARTESIAN_POINT('',(3.857243621489,44.751338296102,
    -42.35111958666));
#5633 = CARTESIAN_POINT('',(3.785741381845,44.876303437733,
    -42.29446534502));
#5634 = CARTESIAN_POINT('',(3.716588292053,45.003446453017,
    -42.23661734385));
#5635 = CARTESIAN_POINT('',(3.650157125213,45.132998462215,
    -42.17745809854));
#5636 = CARTESIAN_POINT('',(3.586937996095,45.265166988588,
    -42.11687842666));
#5637 = CARTESIAN_POINT('',(3.527542826625,45.400139798154,
    -42.05477590742));
#5638 = CARTESIAN_POINT('',(3.472700245323,45.538082071121,
    -41.9910564068));
#5639 = CARTESIAN_POINT('',(3.378741706659,45.806026823332,
    -41.8667814562));
#5640 = CARTESIAN_POINT('',(3.338585816314,45.93547702438,
    -41.80653155679));
#5641 = CARTESIAN_POINT('',(3.303440123653,46.06741167726,
    -41.74490507276));
#5642 = CARTESIAN_POINT('',(3.274024188115,46.201650164188,
    -41.68197165198));
#5643 = CARTESIAN_POINT('',(3.251064924697,46.337883541166,
    -41.61786233703));
#5644 = CARTESIAN_POINT('',(3.235181661328,46.475644028446,
    -41.55278615064));
#5645 = CARTESIAN_POINT('',(3.226744634235,46.614265428208,
    -41.48705182011));
#5646 = CARTESIAN_POINT('',(3.224992148155,46.858422852988,
    -41.37083613978));
#5647 = CARTESIAN_POINT('',(3.228553947269,46.96402427434,
    -41.32042753888));
#5648 = CARTESIAN_POINT('',(3.236442301679,47.069254897248,
    -41.27005179894));
#5649 = CARTESIAN_POINT('',(3.248536871941,47.173793706432,
    -41.2198648189));
#5650 = CARTESIAN_POINT('',(3.264622817164,47.277382688367,
    -41.16999462155));
#5651 = CARTESIAN_POINT('',(3.284422353779,47.379820001029,
    -41.12054383875));
#5652 = CARTESIAN_POINT('',(3.307625102783,47.480954030123,
    -41.07159189962));
#5653 = CARTESIAN_POINT('',(3.353088347023,47.653393141842,
    -40.98790931766));
#5654 = CARTESIAN_POINT('',(3.373906262552,47.725374020459,
    -40.95291026856));
#5655 = CARTESIAN_POINT('',(3.396254319825,47.796598689314,
    -40.91821305655));
#5656 = CARTESIAN_POINT('',(3.420018001254,47.867056667916,
    -40.88382528734));
#5657 = CARTESIAN_POINT('',(3.445087212303,47.936748059857,
    -40.84974941073));
#5658 = CARTESIAN_POINT('',(3.471358569895,48.005682339053,
    -40.81598324136));
#5659 = CARTESIAN_POINT('',(3.498737690808,48.073877135988,
    -40.78252047953));
#5660 = CARTESIAN_POINT('',(3.604944654461,48.326196780434,
    -40.6584945956));
#5661 = CARTESIAN_POINT('',(3.69035933845,48.50549577474,-40.56992717597
    ));
#5662 = CARTESIAN_POINT('',(3.781724912893,48.679988593827,
    -40.48333435529));
#5663 = CARTESIAN_POINT('',(3.877776039519,48.850246103662,
    -40.3984707355));
#5664 = CARTESIAN_POINT('',(3.977560740705,49.016751246579,
    -40.31512640525));
#5665 = CARTESIAN_POINT('',(4.080379163751,49.17995558616,
    -40.23310109494));
#5666 = CARTESIAN_POINT('',(4.185743029695,49.340316599642,
    -40.15218621961));
#5667 = CARTESIAN_POINT('',(4.426918211978,49.694414703815,
    -39.97282464619));
#5668 = CARTESIAN_POINT('',(4.563804094364,49.886669914288,
    -39.8749595328));
#5669 = CARTESIAN_POINT('',(4.703280138473,50.075792918689,
    -39.77823339502));
#5670 = CARTESIAN_POINT('',(4.844833044806,50.262274047748,
    -39.68242150687));
#5671 = CARTESIAN_POINT('',(4.988079102958,50.446492342909,
    -39.58734990792));
#5672 = CARTESIAN_POINT('',(5.132725972441,50.628762274321,
    -39.49287357999));
#5673 = CARTESIAN_POINT('',(5.278558177527,50.809351446946,
    -39.39886786338));
#5674 = CARTESIAN_POINT('',(5.595553157552,51.196049171428,
    -39.19672480609));
#5675 = CARTESIAN_POINT('',(5.767038038394,51.401630493862,
    -39.08872767975));
#5676 = CARTESIAN_POINT('',(5.939598476178,51.60558879059,
    -38.98106692704));
#5677 = CARTESIAN_POINT('',(6.113028748359,51.808180425863,
    -38.87362265024));
#5678 = CARTESIAN_POINT('',(6.28716967261,52.00960656738,-38.76630048066
    ));
#5679 = CARTESIAN_POINT('',(6.461893580224,52.210033746057,
    -38.65902196816));
#5680 = CARTESIAN_POINT('',(6.637096029084,52.409605227439,
    -38.55171921982));
#5681 = CARTESIAN_POINT('',(7.030478523948,52.855050360548,
    -38.31114988219));
#5682 = CARTESIAN_POINT('',(7.248865366689,53.100523108868,
    -38.17784213989));
#5683 = CARTESIAN_POINT('',(7.467690096392,53.345089354502,
    -38.04430202567));
#5684 = CARTESIAN_POINT('',(7.68682490457,53.588925842245,
    -37.91044478906));
#5685 = CARTESIAN_POINT('',(7.906167386962,53.832174546587,
    -37.77620179865));
#5686 = CARTESIAN_POINT('',(8.125632480303,54.074954197586,
    -37.64151514639));
#5687 = CARTESIAN_POINT('',(8.345147811159,54.317366932891,
    -37.50633452184));
#5688 = CARTESIAN_POINT('',(8.912800586866,54.943538421423,
    -37.15535883719));
#5689 = CARTESIAN_POINT('',(9.260918927829,55.326871334494,
    -36.93875031483));
#5690 = CARTESIAN_POINT('',(9.608761298,55.709844483218,-36.72061857542)
  );
#5691 = CARTESIAN_POINT('',(9.956139545803,56.092717029222,
    -36.50083132845));
#5692 = CARTESIAN_POINT('',(10.302902172423,56.475692287507,
    -36.27928190406));
#5693 = CARTESIAN_POINT('',(10.648919846081,56.8589384996,
    -36.05587957399));
#5694 = CARTESIAN_POINT('',(10.994077808004,57.242599720011,
    -35.8305444964));
#5695 = CARTESIAN_POINT('',(11.687557801342,58.016670148587,
    -35.37251132821));
#5696 = CARTESIAN_POINT('',(12.035851145591,58.407095762341,
    -35.13975341052));
#5697 = CARTESIAN_POINT('',(12.383048983877,58.798200929494,
    -34.90486057835));
#5698 = CARTESIAN_POINT('',(12.729057398822,59.190092242742,
    -34.66776911405));
#5699 = CARTESIAN_POINT('',(13.073790758849,59.582861176807,
    -34.42842197925));
#5700 = CARTESIAN_POINT('',(13.417168809759,59.976588118344,
    -34.18676697339));
#5701 = CARTESIAN_POINT('',(13.759114873639,60.371344864237,
    -33.94275560691));
#5702 = CARTESIAN_POINT('',(14.450858035407,61.175676919846,
    -33.44206735042));
#5703 = CARTESIAN_POINT('',(14.800557594832,61.585323501422,
    -33.1852345663));
#5704 = CARTESIAN_POINT('',(15.148573099695,61.996205946982,
    -32.92579458675));
#5705 = CARTESIAN_POINT('',(15.494826501444,62.408387488359,
    -32.66370077506));
#5706 = CARTESIAN_POINT('',(15.839241632286,62.821925041683,
    -32.39890914558));
#5707 = CARTESIAN_POINT('',(16.181743400783,63.236870273859,
    -32.13137790166));
#5708 = CARTESIAN_POINT('',(16.522256987459,63.653270669032,
    -31.86106697359));
#5709 = CARTESIAN_POINT('',(17.214323927488,64.507797712339,
    -31.30256849428));
#5710 = CARTESIAN_POINT('',(17.565688164311,64.946061624662,
    -31.01412275837));
#5711 = CARTESIAN_POINT('',(17.914714281277,65.386012736402,
    -30.72255613984));
#5712 = CARTESIAN_POINT('',(18.261316269749,65.827697296116,
    -30.42782616564));
#5713 = CARTESIAN_POINT('',(18.605407199679,66.271157876846,
    -30.12989191492));
#5714 = CARTESIAN_POINT('',(18.946898837237,66.716433856428,
    -29.82871383511));
#5715 = CARTESIAN_POINT('',(19.28570126245,67.163561897798,
    -29.5242535582));
#5716 = CARTESIAN_POINT('',(20.128064064414,68.289184660376,
    -28.75268833926));
#5717 = CARTESIAN_POINT('',(20.628088657529,68.970074137979,
    -28.28136695698));
#5718 = CARTESIAN_POINT('',(21.121483788682,69.65536426585,
    -27.80238047766));
#5719 = CARTESIAN_POINT('',(21.607923724307,70.345159368291,
    -27.31560732508));
#5720 = CARTESIAN_POINT('',(22.087068354551,71.039550110401,
    -26.82093319722));
#5721 = CARTESIAN_POINT('',(22.558562073059,71.738614918323,
    -26.31825082421));
#5722 = CARTESIAN_POINT('',(23.022032656757,72.442421399487,
    -25.8074597264));
#5723 = CARTESIAN_POINT('',(24.00164764704,73.967858146997,
    -24.69020734893));
#5724 = CARTESIAN_POINT('',(24.515019382878,74.791056139415,
    -24.0810567809));
#5725 = CARTESIAN_POINT('',(25.016612358589,75.620715463623,
    -23.46086704557));
#5726 = CARTESIAN_POINT('',(25.505792194775,76.456897706609,
    -22.8295135149));
#5727 = CARTESIAN_POINT('',(25.981883506878,77.299633010371,
    -22.18689562941));
#5728 = CARTESIAN_POINT('',(26.444170284839,78.148920763462,
    -21.53293837199));
#5729 = CARTESIAN_POINT('',(26.891896272774,79.004730292525,
    -20.86759374182));
#5730 = CARTESIAN_POINT('',(27.324265348639,79.867001553835,
    -20.19084222825));
#5731 = ORIENTED_EDGE('',*,*,#5732,.T.);
#5732 = EDGE_CURVE('',#5306,#5733,#5735,.T.);
#5733 = VERTEX_POINT('',#5734);
#5734 = CARTESIAN_POINT('',(-31.61224574737,71.341375403264,
    -10.67477430081));
#5735 = B_SPLINE_CURVE_WITH_KNOTS('',5,(#5736,#5737,#5738,#5739,#5740,
    #5741,#5742,#5743,#5744,#5745,#5746,#5747,#5748,#5749,#5750,#5751,
    #5752,#5753,#5754,#5755,#5756,#5757,#5758,#5759,#5760,#5761,#5762,
    #5763,#5764,#5765,#5766,#5767,#5768,#5769),.UNSPECIFIED.,.F.,.F.,(6,
    4,4,4,4,4,4,4,6),(0.,0.146311603449,0.299274367286,0.458272961244,
    0.62169724993,0.715992794383,0.810640145555,0.90525257221,1.),
  .UNSPECIFIED.);
#5736 = CARTESIAN_POINT('',(-21.26272185691,79.158725389422,
    -27.08155274639));
#5737 = CARTESIAN_POINT('',(-21.84835165248,79.007953279211,
    -26.58652204713));
#5738 = CARTESIAN_POINT('',(-22.41130830506,78.835014852041,
    -26.08143746855));
#5739 = CARTESIAN_POINT('',(-22.95193361126,78.642863823703,
    -25.5676095682));
#5740 = CARTESIAN_POINT('',(-23.47076763898,78.433945722143,
    -25.04611471989));
#5741 = CARTESIAN_POINT('',(-24.48875358352,77.976548499517,
    -23.96530128541));
#5742 = CARTESIAN_POINT('',(-24.98591613051,77.726712937378,
    -23.40536521961));
#5743 = CARTESIAN_POINT('',(-25.4606561018,77.463192495978,
    -22.83879995872));
#5744 = CARTESIAN_POINT('',(-25.91366078399,77.187983403717,
    -22.26630019759));
#5745 = CARTESIAN_POINT('',(-26.79455778283,76.606542541826,
    -21.08754515981));
#5746 = CARTESIAN_POINT('',(-27.22074111354,76.299523283241,
    -20.48086649561));
#5747 = CARTESIAN_POINT('',(-27.62486810198,75.983859107508,
    -19.86881634124));
#5748 = CARTESIAN_POINT('',(-28.00755130449,75.661404761878,
    -19.25176701883));
#5749 = CARTESIAN_POINT('',(-28.7411563396,74.997625011714,
    -17.99070199469));
#5750 = CARTESIAN_POINT('',(-29.09088927052,74.656031238226,
    -17.34642823384));
#5751 = CARTESIAN_POINT('',(-29.41908937395,74.311369699822,
    -16.69725304891));
#5752 = CARTESIAN_POINT('',(-29.72618039315,73.96582106171,
    -16.04323271615));
#5753 = CARTESIAN_POINT('',(-30.17766711222,73.423694300127,
    -15.0039440472));
#5754 = CARTESIAN_POINT('',(-30.33593370758,73.225932581143,
    -14.62202067135));
#5755 = CARTESIAN_POINT('',(-30.48733425763,73.029278575964,
    -14.23840321387));
#5756 = CARTESIAN_POINT('',(-30.63191047546,72.834307491047,
    -13.8530483389));
#5757 = CARTESIAN_POINT('',(-30.90798285975,72.448353430355,
    -13.07728915231));
#5758 = CARTESIAN_POINT('',(-31.03942730549,72.257389396916,
    -12.68687390193));
#5759 = CARTESIAN_POINT('',(-31.16405124605,72.069474473378,
    -12.2945776993));
#5760 = CARTESIAN_POINT('',(-31.28186212733,71.885392415145,
    -11.90032716156));
#5761 = CARTESIAN_POINT('',(-31.50380155078,71.526800364424,
    -11.10789279145));
#5762 = CARTESIAN_POINT('',(-31.60793384375,71.352289192429,
    -10.70971497519));
#5763 = CARTESIAN_POINT('',(-31.70524246836,71.183444866207,
    -10.30941616043));
#5764 = CARTESIAN_POINT('',(-31.79569649154,71.021339242002,
    -9.906926810507));
#5765 = CARTESIAN_POINT('',(-31.96293162421,70.712784667963,
    -9.096900573466));
#5766 = CARTESIAN_POINT('',(-32.03969188644,70.566360881511,
    -8.689362795521));
#5767 = CARTESIAN_POINT('',(-32.10949366137,70.429098053061,
    -8.279547169225));
#5768 = CARTESIAN_POINT('',(-32.17227590995,70.302347667199,
    -7.867478710096));
#5769 = CARTESIAN_POINT('',(-32.22798681288,70.187412982701,
    -7.453284284488));
#5770 = ORIENTED_EDGE('',*,*,#5771,.F.);
#5771 = EDGE_CURVE('',#5772,#5733,#5774,.T.);
#5772 = VERTEX_POINT('',#5773);
#5773 = CARTESIAN_POINT('',(-31.00691857698,13.505992453878,
    -36.72111246858));
#5774 = B_SPLINE_CURVE_WITH_KNOTS('',14,(#5775,#5776,#5777,#5778,#5779,
    #5780,#5781,#5782,#5783,#5784,#5785,#5786,#5787,#5788,#5789,#5790,
    #5791,#5792,#5793,#5794,#5795,#5796,#5797,#5798,#5799,#5800,#5801,
    #5802,#5803,#5804,#5805,#5806,#5807,#5808,#5809,#5810,#5811,#5812,
    #5813,#5814,#5815,#5816,#5817,#5818,#5819,#5820,#5821,#5822,#5823,
    #5824,#5825,#5826,#5827,#5828,#5829,#5830,#5831,#5832,#5833,#5834,
    #5835,#5836,#5837,#5838,#5839,#5840,#5841),.UNSPECIFIED.,.F.,.F.,(15
    ,13,13,13,13,15),(-6.261738183909,1.944106715765,10.149951615439,
    26.561641414788,59.385021013486,61.976004024847),.UNSPECIFIED.);
#5775 = CARTESIAN_POINT('',(-31.00743600889,11.270506593463,
    -37.55197523741));
#5776 = CARTESIAN_POINT('',(-31.01645222388,11.858963238174,
    -37.35705279391));
#5777 = CARTESIAN_POINT('',(-31.0202219076,12.441049948932,
    -37.14949019478));
#5778 = CARTESIAN_POINT('',(-31.01883544722,13.01703361823,
    -36.93070662217));
#5779 = CARTESIAN_POINT('',(-31.01246389086,13.586982982582,
    -36.7023229583));
#5780 = CARTESIAN_POINT('',(-31.00129451447,14.151492360812,
    -36.46588603191));
#5781 = CARTESIAN_POINT('',(-30.98560590822,14.711101700994,
    -36.2230089364));
#5782 = CARTESIAN_POINT('',(-30.96578019015,15.266181853058,
    -35.97523092595));
#5783 = CARTESIAN_POINT('',(-30.94225650175,15.817155765694,
    -35.7237751082));
#5784 = CARTESIAN_POINT('',(-30.91548720477,16.364515893084,
    -35.46951429614));
#5785 = CARTESIAN_POINT('',(-30.88592748447,16.908518729603,
    -35.21318443041));
#5786 = CARTESIAN_POINT('',(-30.85403109443,17.449032785707,
    -34.95554965448));
#5787 = CARTESIAN_POINT('',(-30.82020110192,17.986129629692,
    -34.69716295855));
#5788 = CARTESIAN_POINT('',(-30.78471546709,18.520982586927,
    -34.43792005916));
#5789 = CARTESIAN_POINT('',(-30.71103325697,19.586652443091,
    -33.91830246551));
#5790 = CARTESIAN_POINT('',(-30.67283626553,20.117480223212,
    -33.6579209407));
#5791 = CARTESIAN_POINT('',(-30.63358987028,20.64656793898,
    -33.39722987044));
#5792 = CARTESIAN_POINT('',(-30.59342423627,21.175428202051,
    -33.13582629653));
#5793 = CARTESIAN_POINT('',(-30.55346420219,21.694897174459,
    -32.87825106478));
#5794 = CARTESIAN_POINT('',(-30.51083609776,22.239026159871,
    -32.60884474442));
#5795 = CARTESIAN_POINT('',(-30.47230206977,22.734312105257,
    -32.36204016857));
#5796 = CARTESIAN_POINT('',(-30.42846502235,23.289092917876,
    -32.08755943958));
#5797 = CARTESIAN_POINT('',(-30.38943421225,23.790158961109,
    -31.83825884035));
#5798 = CARTESIAN_POINT('',(-30.34771209704,24.324836919164,
    -31.57362754193));
#5799 = CARTESIAN_POINT('',(-30.30776408528,24.843513770632,
    -31.31687942988));
#5800 = CARTESIAN_POINT('',(-30.26789322029,25.367070853166,
    -31.05841062337));
#5801 = CARTESIAN_POINT('',(-30.22873859203,25.889456865511,
    -30.80113877313));
#5802 = CARTESIAN_POINT('',(-30.1134114896,27.456823083686,
    -30.03146091106));
#5803 = CARTESIAN_POINT('',(-30.03941690241,28.50159111548,-29.521391619
    ));
#5804 = CARTESIAN_POINT('',(-29.96907708865,29.546841820319,
    -29.01481259494));
#5805 = CARTESIAN_POINT('',(-29.90304218785,30.593083084529,
    -28.51208016136));
#5806 = CARTESIAN_POINT('',(-29.84186440199,31.640721800298,
    -28.01346937048));
#5807 = CARTESIAN_POINT('',(-29.78601238673,32.690078419783,
    -27.51917742696));
#5808 = CARTESIAN_POINT('',(-29.73588351936,33.741399529555,
    -27.0293271736));
#5809 = CARTESIAN_POINT('',(-29.69181399016,34.794868384065,
    -26.54397058843));
#5810 = CARTESIAN_POINT('',(-29.65408678839,35.850613480085,
    -26.06309236235));
#5811 = CARTESIAN_POINT('',(-29.62293750115,36.908715078124,
    -25.58661347769));
#5812 = CARTESIAN_POINT('',(-29.59855800592,37.969209763529,
    -25.11439486665));
#5813 = CARTESIAN_POINT('',(-29.58109798809,39.032092968786,
    -24.64624108225));
#5814 = CARTESIAN_POINT('',(-29.57066433346,40.097319513678,
    -24.181904031));
#5815 = CARTESIAN_POINT('',(-29.56062642795,43.299767359375,
    -22.79945214859));
#5816 = CARTESIAN_POINT('',(-29.58229719862,45.443817796386,
    -21.89187439443));
#5817 = CARTESIAN_POINT('',(-29.63285879084,47.59623323108,
    -20.99602475986));
#5818 = CARTESIAN_POINT('',(-29.71221606767,49.755939249581,
    -20.10869754184));
#5819 = CARTESIAN_POINT('',(-29.81968390045,51.921458932427,
    -19.22603120916));
#5820 = CARTESIAN_POINT('',(-29.95398340237,54.091000481199,
    -18.34364439424));
#5821 = CARTESIAN_POINT('',(-30.11321252469,56.262587175548,
    -17.45673357612));
#5822 = CARTESIAN_POINT('',(-30.29480054781,58.434164749913,
    -16.56016429574));
#5823 = CARTESIAN_POINT('',(-30.49545455372,60.603650698641,
    -15.64857295925));
#5824 = CARTESIAN_POINT('',(-30.71110398825,62.768918487218,
    -14.71648119745));
#5825 = CARTESIAN_POINT('',(-30.93684804071,64.927739182306,
    -13.75841000063));
#5826 = CARTESIAN_POINT('',(-31.16690860544,67.077731509111,
    -12.76896576947));
#5827 = CARTESIAN_POINT('',(-31.39459012073,69.216400722245,
    -11.74285562309));
#5828 = CARTESIAN_POINT('',(-31.6294268554,71.509114781884,
    -10.5904630387));
#5829 = CARTESIAN_POINT('',(-31.64660796344,71.676854160504,
    -10.50615177659));
#5830 = CARTESIAN_POINT('',(-31.66378907147,71.844593539125,
    -10.42184051447));
#5831 = CARTESIAN_POINT('',(-31.68097017951,72.012332917747,
    -10.33752925236));
#5832 = CARTESIAN_POINT('',(-31.69815128754,72.180072296368,
    -10.25321799025));
#5833 = CARTESIAN_POINT('',(-31.71533239558,72.347811674991,
    -10.16890672814));
#5834 = CARTESIAN_POINT('',(-31.73251350361,72.515551053613,
    -10.08459546602));
#5835 = CARTESIAN_POINT('',(-31.74969461165,72.683290432237,
    -10.00028420391));
#5836 = CARTESIAN_POINT('',(-31.76687571969,72.85102981086,
    -9.915972941805));
#5837 = CARTESIAN_POINT('',(-31.78405682772,73.018769189484,
    -9.831661679693));
#5838 = CARTESIAN_POINT('',(-31.80123793576,73.186508568109,
    -9.747350417581));
#5839 = CARTESIAN_POINT('',(-31.8184190438,73.354247946734,
    -9.663039155469));
#5840 = CARTESIAN_POINT('',(-31.83560015183,73.52198732536,
    -9.578727893357));
#5841 = CARTESIAN_POINT('',(-31.85278125987,73.689726703986,
    -9.494416631246));
#5842 = ORIENTED_EDGE('',*,*,#5843,.F.);
#5843 = EDGE_CURVE('',#5844,#5772,#5846,.T.);
#5844 = VERTEX_POINT('',#5845);
#5845 = CARTESIAN_POINT('',(-30.62156532912,4.892500947301,
    -38.83701630196));
#5846 = ( BOUNDED_CURVE() B_SPLINE_CURVE(13,(#5847,#5848,#5849,#5850,
    #5851,#5852,#5853,#5854,#5855,#5856,#5857,#5858,#5859,#5860,#5861,
    #5862,#5863,#5864,#5865,#5866,#5867,#5868,#5869,#5870,#5871,#5872,
    #5873,#5874,#5875,#5876,#5877,#5878,#5879,#5880,#5881,#5882,#5883,
    #5884,#5885,#5886,#5887,#5888,#5889,#5890,#5891,#5892,#5893,#5894,
#5895,#5896),.UNSPECIFIED.,.F.,.F.) B_SPLINE_CURVE_WITH_KNOTS((14,12,12,
    12,14),(-1.891584720166,3.088253024232,8.06809076863,13.047928513028
,18.027766257426),.UNSPECIFIED.) CURVE() GEOMETRIC_REPRESENTATION_ITEM()
 RATIONAL_B_SPLINE_CURVE((1.,1.,1.000000000001,0.999999999998,
    1.000000000005,0.999999999993,1.000000000008,0.999999999992,
    1.000000000006,0.999999999997,1.000000000002,0.999999999999,1.,1.,1.
    ,0.999999999999,1.000000000001,0.999999999997,1.000000000004,
    0.999999999996,1.000000000003,0.999999999998,1.000000000001,
    0.999999999999,1.,1.,1.000000000001,0.999999999996,1.000000000008,
    0.999999999989,1.000000000013,0.999999999988,1.000000000009,
    0.999999999994,1.000000000003,0.999999999999,1.,1.,1.000000000001,
    0.999999999998,1.000000000003,0.999999999995,1.000000000005,
    0.999999999995,1.000000000004,0.999999999998,1.000000000001,1.,1.,1.
)) REPRESENTATION_ITEM('') );
#5847 = CARTESIAN_POINT('',(-30.65517725584,-0.263038092849,
    -36.20508796772));
#5848 = CARTESIAN_POINT('',(-30.64724189717,2.91460810368E-02,
    -36.46931938777));
#5849 = CARTESIAN_POINT('',(-30.63970289376,0.335382205831,
    -36.72738282513));
#5850 = CARTESIAN_POINT('',(-30.63264221923,0.657918118123,
    -36.97928856269));
#5851 = CARTESIAN_POINT('',(-30.6262766677,0.988011829473,
    -37.21848252414));
#5852 = CARTESIAN_POINT('',(-30.62040329866,1.35336197289,
    -37.46044933778));
#5853 = CARTESIAN_POINT('',(-30.61586510605,1.698392273608,
    -37.66865339313));
#5854 = CARTESIAN_POINT('',(-30.61172438946,2.102138846827,
    -37.89399494548));
#5855 = CARTESIAN_POINT('',(-30.60931772461,2.490259377881,
    -38.08119655622));
#5856 = CARTESIAN_POINT('',(-30.60789714171,2.907524520179,
    -38.26607261477));
#5857 = CARTESIAN_POINT('',(-30.60813976252,3.337359247676,
    -38.42897016505));
#5858 = CARTESIAN_POINT('',(-30.60999930826,3.781140050031,
    -38.5736576077));
#5859 = CARTESIAN_POINT('',(-30.61365983529,4.237490611327,
    -38.69714682002));
#5860 = CARTESIAN_POINT('',(-30.62473424605,5.170653880368,
    -38.89906017413));
#5861 = CARTESIAN_POINT('',(-30.63215055161,5.647546103323,
    -38.9774735418));
#5862 = CARTESIAN_POINT('',(-30.64152086318,6.132174789421,
    -39.03183643693));
#5863 = CARTESIAN_POINT('',(-30.65291109801,6.622756867522,
    -39.06095510919));
#5864 = CARTESIAN_POINT('',(-30.66628136876,7.115133950472,
    -39.06405048226));
#5865 = CARTESIAN_POINT('',(-30.6815524291,7.606103752736,
    -39.04101416223));
#5866 = CARTESIAN_POINT('',(-30.69859080524,8.092791231575,
    -38.99240914742));
#5867 = CARTESIAN_POINT('',(-30.717191233,8.571868324532,-38.91944782894
    ));
#5868 = CARTESIAN_POINT('',(-30.73711766609,9.040575232163,
    -38.82385878433));
#5869 = CARTESIAN_POINT('',(-30.75816092955,9.497519719036,
    -38.7075229933));
#5870 = CARTESIAN_POINT('',(-30.7801368808,9.941663042733,
    -38.57223064248));
#5871 = CARTESIAN_POINT('',(-30.80283862341,10.371797890325,
    -38.42005007914));
#5872 = CARTESIAN_POINT('',(-30.84941120684,11.203738076644,
    -38.08542277796));
#5873 = CARTESIAN_POINT('',(-30.87327800864,11.605481178226,
    -37.90300275932));
#5874 = CARTESIAN_POINT('',(-30.89758177043,11.99274505582,
    -37.70722038608));
#5875 = CARTESIAN_POINT('',(-30.92218484286,12.365375232006,
    -37.49988589362));
#5876 = CARTESIAN_POINT('',(-30.94698297902,12.723548846517,
    -37.28265366416));
#5877 = CARTESIAN_POINT('',(-30.97190937156,13.067759166998,
    -37.05695683667));
#5878 = CARTESIAN_POINT('',(-30.99692692457,13.398694514505,
    -36.82402288901));
#5879 = CARTESIAN_POINT('',(-31.02201732832,13.717112399484,
    -36.5849149132));
#5880 = CARTESIAN_POINT('',(-31.04717237426,14.023766699892,
    -36.34056374452));
#5881 = CARTESIAN_POINT('',(-31.07238981588,14.319402739716,
    -36.09177653746));
#5882 = CARTESIAN_POINT('',(-31.09767295042,14.604792164233,
    -35.83922782154));
#5883 = CARTESIAN_POINT('',(-31.12302996508,14.880736534514,
    -35.58345950351));
#5884 = CARTESIAN_POINT('',(-31.17390195526,15.415114666024,
    -35.06641393734));
#5885 = CARTESIAN_POINT('',(-31.19941845983,15.673563815075,
    -34.80512228067));
#5886 = CARTESIAN_POINT('',(-31.2250076141,15.923900463543,
    -34.54166824599));
#5887 = CARTESIAN_POINT('',(-31.25076314968,16.167413007655,
    -34.27554353202));
#5888 = CARTESIAN_POINT('',(-31.27641201363,16.402770882634,
    -34.00977824192));
#5889 = CARTESIAN_POINT('',(-31.30252215324,16.634612808738,
    -33.73910664655));
#5890 = CARTESIAN_POINT('',(-31.3284974661,16.859099563864,
    -33.46943339609));
#5891 = CARTESIAN_POINT('',(-31.35445559451,17.077483207644,
    -33.19988588046));
#5892 = CARTESIAN_POINT('',(-31.38093556374,17.294080794737,
    -32.9253628874));
#5893 = CARTESIAN_POINT('',(-31.4071339065,17.503555504416,
    -32.65348592943));
#5894 = CARTESIAN_POINT('',(-31.43358863512,17.710112118525,
    -32.37924036353));
#5895 = CARTESIAN_POINT('',(-31.46006475194,17.912378764446,
    -32.10481582029));
#5896 = CARTESIAN_POINT('',(-31.4866039351,18.110955647159,
    -31.82979767642));
#5897 = ORIENTED_EDGE('',*,*,#5898,.F.);
#5898 = EDGE_CURVE('',#2347,#5844,#5899,.T.);
#5899 = B_SPLINE_CURVE_WITH_KNOTS('',10,(#5900,#5901,#5902,#5903,#5904,
    #5905,#5906,#5907,#5908,#5909,#5910,#5911,#5912,#5913,#5914,#5915,
    #5916,#5917,#5918,#5919,#5920,#5921,#5922,#5923,#5924,#5925,#5926,
    #5927,#5928,#5929,#5930,#5931,#5932,#5933,#5934,#5935,#5936,#5937,
    #5938,#5939,#5940,#5941,#5942,#5943,#5944,#5945,#5946),
  .UNSPECIFIED.,.F.,.F.,(11,9,9,9,9,11),(-2.082341440499,-0.555102624037
    ,9.102309935425,18.759722494888,28.41713505435,38.074547613813),
  .UNSPECIFIED.);
#5900 = CARTESIAN_POINT('',(-29.75123827734,-11.95414031313,
    -6.707718888814));
#5901 = CARTESIAN_POINT('',(-29.71834498886,-12.00077948646,
    -6.862408123576));
#5902 = CARTESIAN_POINT('',(-29.68545170038,-12.04741865979,
    -7.017097358338));
#5903 = CARTESIAN_POINT('',(-29.6525584119,-12.09405783312,-7.1717865931
    ));
#5904 = CARTESIAN_POINT('',(-29.61966512343,-12.14069700644,
    -7.326475827862));
#5905 = CARTESIAN_POINT('',(-29.58677183495,-12.18733617977,
    -7.481165062625));
#5906 = CARTESIAN_POINT('',(-29.55387854647,-12.2339753531,
    -7.635854297387));
#5907 = CARTESIAN_POINT('',(-29.52098525799,-12.28061452643,
    -7.790543532149));
#5908 = CARTESIAN_POINT('',(-29.48809196952,-12.32725369976,
    -7.945232766912));
#5909 = CARTESIAN_POINT('',(-29.45519868104,-12.37389287308,
    -8.099922001674));
#5910 = CARTESIAN_POINT('',(-29.21430645105,-12.71545235187,
    -9.232780297166));
#5911 = CARTESIAN_POINT('',(-29.01266230375,-12.97483399555,
    -10.2232609531));
#5912 = CARTESIAN_POINT('',(-28.81927687966,-13.19891500443,
    -11.22477707172));
#5913 = CARTESIAN_POINT('',(-28.63588265794,-13.38793004842,
    -12.23630852473));
#5914 = CARTESIAN_POINT('',(-28.46410274341,-13.54200360301,
    -13.25673857966));
#5915 = CARTESIAN_POINT('',(-28.30546201392,-13.66110569027,
    -14.28484029366));
#5916 = CARTESIAN_POINT('',(-28.16137116274,-13.74503388075,
    -15.31941839758));
#5917 = CARTESIAN_POINT('',(-28.03310745404,-13.79338523635,
    -16.35942315602));
#5918 = CARTESIAN_POINT('',(-27.92181601472,-13.80548187702,
    -17.40385269108));
#5919 = CARTESIAN_POINT('',(-27.73529494807,-13.75494582623,
    -19.49866782129));
#5920 = CARTESIAN_POINT('',(-27.6600542324,-13.69232501859,
    -20.54910614401));
#5921 = CARTESIAN_POINT('',(-27.60388335617,-13.5912212113,
    -21.60131458361));
#5922 = CARTESIAN_POINT('',(-27.56760064952,-13.45041591943,
    -22.65331208816));
#5923 = CARTESIAN_POINT('',(-27.55195088449,-13.26726769801,
    -23.70654917661));
#5924 = CARTESIAN_POINT('',(-27.55743264962,-13.04029909037,
    -24.75328553501));
#5925 = CARTESIAN_POINT('',(-27.58390002287,-12.76533819999,
    -25.79811354902));
#5926 = CARTESIAN_POINT('',(-27.63100955385,-12.43831398111,
    -26.83423443446));
#5927 = CARTESIAN_POINT('',(-27.69807420969,-12.0536455006,
    -27.85871713223));
#5928 = CARTESIAN_POINT('',(-27.87020906197,-11.160031251,
    -29.86956502739));
#5929 = CARTESIAN_POINT('',(-27.97527815734,-10.65106974372,
    -30.85599853498));
#5930 = CARTESIAN_POINT('',(-28.09837112247,-10.07547787616,
    -31.81635750536));
#5931 = CARTESIAN_POINT('',(-28.23820473482,-9.429325972819,
    -32.74183251707));
#5932 = CARTESIAN_POINT('',(-28.39311184026,-8.710915918257,
    -33.62094948349));
#5933 = CARTESIAN_POINT('',(-28.56068367574,-7.922431422619,
    -34.44170202548));
#5934 = CARTESIAN_POINT('',(-28.73770461111,-7.07005884874,
    -35.19401955418));
#5935 = CARTESIAN_POINT('',(-28.92053324073,-6.162399494624,
    -35.87105425283));
#5936 = CARTESIAN_POINT('',(-29.10566609754,-5.208309564219,
    -36.46898933572));
#5937 = CARTESIAN_POINT('',(-29.47393911275,-3.224929234073,
    -37.50359097334));
#5938 = CARTESIAN_POINT('',(-29.65706295409,-2.195739601939,
    -37.9402414723));
#5939 = CARTESIAN_POINT('',(-29.83584498827,-1.137976716701,
    -38.2945562741));
#5940 = CARTESIAN_POINT('',(-30.00718251261,-6.058689105519E-02,
    -38.56754977074));
#5941 = CARTESIAN_POINT('',(-30.16843648813,1.028558738577,
    -38.76188115745));
#5942 = CARTESIAN_POINT('',(-30.31748212961,2.122893918157,
    -38.8811424129));
#5943 = CARTESIAN_POINT('',(-30.45265223444,3.216899130742,
    -38.92942805259));
#5944 = CARTESIAN_POINT('',(-30.57265262549,4.305733317102,
    -38.91112548232));
#5945 = CARTESIAN_POINT('',(-30.67652908203,5.385133179793,
    -38.83086477854));
#5946 = CARTESIAN_POINT('',(-30.76376513381,6.451957787992,
    -38.69356672265));
#5947 = FACE_BOUND('',#5948,.F.);
#5948 = EDGE_LOOP('',(#5949,#5968,#5969,#6018));
#5949 = ORIENTED_EDGE('',*,*,#5950,.F.);
#5950 = EDGE_CURVE('',#4788,#5951,#5953,.T.);
#5951 = VERTEX_POINT('',#5952);
#5952 = CARTESIAN_POINT('',(-19.32695844415,-23.54823476873,-16.2));
#5953 = B_SPLINE_CURVE_WITH_KNOTS('',4,(#5954,#5955,#5956,#5957,#5958,
    #5959,#5960,#5961,#5962,#5963,#5964,#5965,#5966,#5967),
  .UNSPECIFIED.,.F.,.F.,(5,3,3,3,5),(0.,0.250543447888,0.499983950047,
    0.750204616576,1.),.UNSPECIFIED.);
#5954 = CARTESIAN_POINT('',(-18.38977954999,-24.219282,-16.2));
#5955 = CARTESIAN_POINT('',(-19.07083240109,-23.74967891897,-16.2));
#5956 = CARTESIAN_POINT('',(-19.735938715,-23.25694810861,-16.2));
#5957 = CARTESIAN_POINT('',(-20.38392906012,-22.7419172901,-16.2));
#5958 = CARTESIAN_POINT('',(-21.64075483417,-21.67149953364,-16.2));
#5959 = CARTESIAN_POINT('',(-22.24975061824,-21.11629970078,-16.2));
#5960 = CARTESIAN_POINT('',(-22.839654582,-20.54085719002,-16.2));
#5961 = CARTESIAN_POINT('',(-23.98114531854,-19.34968589393,-16.2));
#5962 = CARTESIAN_POINT('',(-24.53260695454,-18.7338361547,-16.2));
#5963 = CARTESIAN_POINT('',(-25.06292686787,-18.09969143568,-16.2));
#5964 = CARTESIAN_POINT('',(-26.0787125667,-16.79817682503,-16.2));
#5965 = CARTESIAN_POINT('',(-26.5642534576,-16.13086461951,-16.2));
#5966 = CARTESIAN_POINT('',(-27.02702548139,-15.44756714446,-16.2));
#5967 = CARTESIAN_POINT('',(-27.4662999998,-14.74948393795,-16.2));
#5968 = ORIENTED_EDGE('',*,*,#4787,.F.);
#5969 = ORIENTED_EDGE('',*,*,#5970,.T.);
#5970 = EDGE_CURVE('',#4780,#5971,#5973,.T.);
#5971 = VERTEX_POINT('',#5972);
#5972 = CARTESIAN_POINT('',(-19.11993778487,-23.93900477592,
    -14.67447702363));
#5973 = B_SPLINE_CURVE_WITH_KNOTS('',7,(#5974,#5975,#5976,#5977,#5978,
    #5979,#5980,#5981,#5982,#5983,#5984,#5985,#5986,#5987,#5988,#5989,
    #5990,#5991,#5992,#5993,#5994,#5995,#5996,#5997,#5998,#5999,#6000,
    #6001,#6002,#6003,#6004,#6005,#6006,#6007,#6008,#6009,#6010,#6011,
    #6012,#6013,#6014,#6015,#6016,#6017),.UNSPECIFIED.,.F.,.F.,(8,6,6,6,
    6,6,6,8),(0.,0.311520244941,0.469779440213,0.587685349201,
    0.692145139702,0.832768856048,0.919216540908,1.),.UNSPECIFIED.);
#5974 = CARTESIAN_POINT('',(-18.654274,-24.219282,-15.01986750521));
#5975 = CARTESIAN_POINT('',(-18.66888132022,-24.21928199993,
    -14.95364555695));
#5976 = CARTESIAN_POINT('',(-18.68405670805,-24.21880995357,
    -14.88775512922));
#5977 = CARTESIAN_POINT('',(-18.69989162519,-24.21779728417,
    -14.82221217995));
#5978 = CARTESIAN_POINT('',(-18.71648411396,-24.21616209122,
    -14.75708614605));
#5979 = CARTESIAN_POINT('',(-18.73399382302,-24.21376160977,
    -14.69255035532));
#5980 = CARTESIAN_POINT('',(-18.75258430572,-24.21044206365,
    -14.62882979176));
#5981 = CARTESIAN_POINT('',(-18.78292095747,-24.20344553821,
    -14.53472627989));
#5982 = CARTESIAN_POINT('',(-18.79351798604,-24.20075177337,
    -14.50341659947));
#5983 = CARTESIAN_POINT('',(-18.80456531974,-24.1976653348,
    -14.47251914884));
#5984 = CARTESIAN_POINT('',(-18.81613522597,-24.19411994637,
    -14.44212349562));
#5985 = CARTESIAN_POINT('',(-18.82832619887,-24.19001263662,
    -14.41243224415));
#5986 = CARTESIAN_POINT('',(-18.84123615328,-24.18522975322,
    -14.38371870688));
#5987 = CARTESIAN_POINT('',(-18.86543865543,-24.17525320526,
    -14.33626680282));
#5988 = CARTESIAN_POINT('',(-18.8762322252,-24.17050468702,
    -14.31699463229));
#5989 = CARTESIAN_POINT('',(-18.88766619814,-24.16513510301,
    -14.29872466151));
#5990 = CARTESIAN_POINT('',(-18.89985189849,-24.15899484693,
    -14.2818982845));
#5991 = CARTESIAN_POINT('',(-18.91281328573,-24.15194829676,
    -14.26726925683));
#5992 = CARTESIAN_POINT('',(-18.92650935521,-24.14383362144,
    -14.25606066164));
#5993 = CARTESIAN_POINT('',(-18.95326980269,-24.12650559898,
    -14.24353954329));
#5994 = CARTESIAN_POINT('',(-18.96617865591,-24.11755535205,
    -14.24126572352));
#5995 = CARTESIAN_POINT('',(-18.97871728308,-24.1081495115,
    -14.24359815437));
#5996 = CARTESIAN_POINT('',(-18.99050653829,-24.09861006834,
    -14.25023478743));
#5997 = CARTESIAN_POINT('',(-19.0013656463,-24.08921541267,
    -14.26023411403));
#5998 = CARTESIAN_POINT('',(-19.01122578009,-24.08017250759,
    -14.27259237795));
#5999 = CARTESIAN_POINT('',(-19.03202085913,-24.06011766462,
    -14.30494975576));
#6000 = CARTESIAN_POINT('',(-19.042397632,-24.04926546642,
    -14.32650337883));
#6001 = CARTESIAN_POINT('',(-19.05163904708,-24.03894962436,
    -14.34986956013));
#6002 = CARTESIAN_POINT('',(-19.05991867415,-24.02913754673,
    -14.37445530868));
#6003 = CARTESIAN_POINT('',(-19.06742440818,-24.01976221144,
    -14.39982200497));
#6004 = CARTESIAN_POINT('',(-19.07428801574,-24.01075244329,
    -14.42581626147));
#6005 = CARTESIAN_POINT('',(-19.08453957126,-23.99663940376,
    -14.4688458249));
#6006 = CARTESIAN_POINT('',(-19.08818293521,-23.99145772269,
    -14.48520206903));
#6007 = CARTESIAN_POINT('',(-19.09160813656,-23.98643742367,
    -14.50153321398));
#6008 = CARTESIAN_POINT('',(-19.09484537181,-23.98155610923,
    -14.51784308177));
#6009 = CARTESIAN_POINT('',(-19.09791662247,-23.97679719385,
    -14.53413623472));
#6010 = CARTESIAN_POINT('',(-19.10083855637,-23.97214824274,
    -14.55041520894));
#6011 = CARTESIAN_POINT('',(-19.10622970039,-23.96334843358,
    -14.58187473226));
#6012 = CARTESIAN_POINT('',(-19.10873195255,-23.95915876718,
    -14.59715118074));
#6013 = CARTESIAN_POINT('',(-19.11113954633,-23.95502628328,
    -14.61249880973));
#6014 = CARTESIAN_POINT('',(-19.11345878433,-23.9509475173,
    -14.62791061963));
#6015 = CARTESIAN_POINT('',(-19.1156951142,-23.94691944637,
    -14.64338073405));
#6016 = CARTESIAN_POINT('',(-19.11785333188,-23.94293936754,
    -14.65890423926));
#6017 = CARTESIAN_POINT('',(-19.11993778487,-23.93900477592,
    -14.67447702363));
#6018 = ORIENTED_EDGE('',*,*,#6019,.T.);
#6019 = EDGE_CURVE('',#5971,#5951,#6020,.T.);
#6020 = B_SPLINE_CURVE_WITH_KNOTS('',4,(#6021,#6022,#6023,#6024,#6025),
  .UNSPECIFIED.,.F.,.F.,(5,5),(0.,1.),.PIECEWISE_BEZIER_KNOTS.);
#6021 = CARTESIAN_POINT('',(-19.11993778487,-23.93900477592,
    -14.67447702363));
#6022 = CARTESIAN_POINT('',(-19.1710403872,-23.84254404418,
    -15.05626054371));
#6023 = CARTESIAN_POINT('',(-19.22255231841,-23.74531066758,
    -15.43779371798));
#6024 = CARTESIAN_POINT('',(-19.2745097209,-23.64723642408,
    -15.81905134001));
#6025 = CARTESIAN_POINT('',(-19.32695844415,-23.54823476873,-16.2));
#6026 = ( BOUNDED_SURFACE() B_SPLINE_SURFACE(6,10,(
    (#6027,#6028,#6029,#6030,#6031,#6032,#6033,#6034,#6035,#6036,#6037
      ,#6038,#6039,#6040,#6041,#6042,#6043,#6044,#6045,#6046,#6047,#6048
      ,#6049,#6050,#6051,#6052,#6053,#6054,#6055,#6056,#6057,#6058,#6059
      ,#6060,#6061,#6062,#6063,#6064,#6065,#6066,#6067,#6068,#6069,#6070
      ,#6071,#6072,#6073,#6074,#6075,#6076,#6077,#6078,#6079,#6080,#6081
      ,#6082,#6083,#6084,#6085,#6086,#6087,#6088,#6089,#6090,#6091,#6092
      ,#6093,#6094,#6095,#6096,#6097,#6098,#6099,#6100,#6101,#6102,#6103
      ,#6104,#6105,#6106,#6107,#6108,#6109,#6110,#6111,#6112,#6113,#6114
      ,#6115,#6116,#6117,#6118,#6119,#6120,#6121,#6122,#6123,#6124,#6125
      )
    ,(#6126,#6127,#6128,#6129,#6130,#6131,#6132,#6133,#6134,#6135,#6136
      ,#6137,#6138,#6139,#6140,#6141,#6142,#6143,#6144,#6145,#6146,#6147
      ,#6148,#6149,#6150,#6151,#6152,#6153,#6154,#6155,#6156,#6157,#6158
      ,#6159,#6160,#6161,#6162,#6163,#6164,#6165,#6166,#6167,#6168,#6169
      ,#6170,#6171,#6172,#6173,#6174,#6175,#6176,#6177,#6178,#6179,#6180
      ,#6181,#6182,#6183,#6184,#6185,#6186,#6187,#6188,#6189,#6190,#6191
      ,#6192,#6193,#6194,#6195,#6196,#6197,#6198,#6199,#6200,#6201,#6202
      ,#6203,#6204,#6205,#6206,#6207,#6208,#6209,#6210,#6211,#6212,#6213
      ,#6214,#6215,#6216,#6217,#6218,#6219,#6220,#6221,#6222,#6223,#6224
      )
    ,(#6225,#6226,#6227,#6228,#6229,#6230,#6231,#6232,#6233,#6234,#6235
      ,#6236,#6237,#6238,#6239,#6240,#6241,#6242,#6243,#6244,#6245,#6246
      ,#6247,#6248,#6249,#6250,#6251,#6252,#6253,#6254,#6255,#6256,#6257
      ,#6258,#6259,#6260,#6261,#6262,#6263,#6264,#6265,#6266,#6267,#6268
      ,#6269,#6270,#6271,#6272,#6273,#6274,#6275,#6276,#6277,#6278,#6279
      ,#6280,#6281,#6282,#6283,#6284,#6285,#6286,#6287,#6288,#6289,#6290
      ,#6291,#6292,#6293,#6294,#6295,#6296,#6297,#6298,#6299,#6300,#6301
      ,#6302,#6303,#6304,#6305,#6306,#6307,#6308,#6309,#6310,#6311,#6312
      ,#6313,#6314,#6315,#6316,#6317,#6318,#6319,#6320,#6321,#6322,#6323
      )
    ,(#6324,#6325,#6326,#6327,#6328,#6329,#6330,#6331,#6332,#6333,#6334
      ,#6335,#6336,#6337,#6338,#6339,#6340,#6341,#6342,#6343,#6344,#6345
      ,#6346,#6347,#6348,#6349,#6350,#6351,#6352,#6353,#6354,#6355,#6356
      ,#6357,#6358,#6359,#6360,#6361,#6362,#6363,#6364,#6365,#6366,#6367
      ,#6368,#6369,#6370,#6371,#6372,#6373,#6374,#6375,#6376,#6377,#6378
      ,#6379,#6380,#6381,#6382,#6383,#6384,#6385,#6386,#6387,#6388,#6389
      ,#6390,#6391,#6392,#6393,#6394,#6395,#6396,#6397,#6398,#6399,#6400
      ,#6401,#6402,#6403,#6404,#6405,#6406,#6407,#6408,#6409,#6410,#6411
      ,#6412,#6413,#6414,#6415,#6416,#6417,#6418,#6419,#6420,#6421,#6422
      )
    ,(#6423,#6424,#6425,#6426,#6427,#6428,#6429,#6430,#6431,#6432,#6433
      ,#6434,#6435,#6436,#6437,#6438,#6439,#6440,#6441,#6442,#6443,#6444
      ,#6445,#6446,#6447,#6448,#6449,#6450,#6451,#6452,#6453,#6454,#6455
      ,#6456,#6457,#6458,#6459,#6460,#6461,#6462,#6463,#6464,#6465,#6466
      ,#6467,#6468,#6469,#6470,#6471,#6472,#6473,#6474,#6475,#6476,#6477
      ,#6478,#6479,#6480,#6481,#6482,#6483,#6484,#6485,#6486,#6487,#6488
      ,#6489,#6490,#6491,#6492,#6493,#6494,#6495,#6496,#6497,#6498,#6499
      ,#6500,#6501,#6502,#6503,#6504,#6505,#6506,#6507,#6508,#6509,#6510
      ,#6511,#6512,#6513,#6514,#6515,#6516,#6517,#6518,#6519,#6520,#6521
      )
    ,(#6522,#6523,#6524,#6525,#6526,#6527,#6528,#6529,#6530,#6531,#6532
      ,#6533,#6534,#6535,#6536,#6537,#6538,#6539,#6540,#6541,#6542,#6543
      ,#6544,#6545,#6546,#6547,#6548,#6549,#6550,#6551,#6552,#6553,#6554
      ,#6555,#6556,#6557,#6558,#6559,#6560,#6561,#6562,#6563,#6564,#6565
      ,#6566,#6567,#6568,#6569,#6570,#6571,#6572,#6573,#6574,#6575,#6576
      ,#6577,#6578,#6579,#6580,#6581,#6582,#6583,#6584,#6585,#6586,#6587
      ,#6588,#6589,#6590,#6591,#6592,#6593,#6594,#6595,#6596,#6597,#6598
      ,#6599,#6600,#6601,#6602,#6603,#6604,#6605,#6606,#6607,#6608,#6609
      ,#6610,#6611,#6612,#6613,#6614,#6615,#6616,#6617,#6618,#6619,#6620
      )
    ,(#6621,#6622,#6623,#6624,#6625,#6626,#6627,#6628,#6629,#6630,#6631
      ,#6632,#6633,#6634,#6635,#6636,#6637,#6638,#6639,#6640,#6641,#6642
      ,#6643,#6644,#6645,#6646,#6647,#6648,#6649,#6650,#6651,#6652,#6653
      ,#6654,#6655,#6656,#6657,#6658,#6659,#6660,#6661,#6662,#6663,#6664
      ,#6665,#6666,#6667,#6668,#6669,#6670,#6671,#6672,#6673,#6674,#6675
      ,#6676,#6677,#6678,#6679,#6680,#6681,#6682,#6683,#6684,#6685,#6686
      ,#6687,#6688,#6689,#6690,#6691,#6692,#6693,#6694,#6695,#6696,#6697
      ,#6698,#6699,#6700,#6701,#6702,#6703,#6704,#6705,#6706,#6707,#6708
      ,#6709,#6710,#6711,#6712,#6713,#6714,#6715,#6716,#6717,#6718,#6719
)),.UNSPECIFIED.,.F.,.F.,.F.) B_SPLINE_SURFACE_WITH_KNOTS((7,7),(11,8,8,
    8,8,8,8,8,8,8,8,8,11),(0.129470751837,3.012121901753),(0.,
    0.128490846931,0.192736270397,0.256981693862,0.289104405595,
    0.321227117328,0.353349829061,0.385472540794,0.449717964259,
    0.513963387725,0.635472540794,0.756981693862,1.),.UNSPECIFIED.) 
GEOMETRIC_REPRESENTATION_ITEM() RATIONAL_B_SPLINE_SURFACE((
    (1.110326051105,1.110326051105,1.110326051105,1.110326051105
      ,1.110326051105,1.110326051105,1.110326051105,1.110326051105
      ,1.110326051105,1.110326051105,1.110326051105,1.110326051105
      ,1.110326051105,1.110326051105,1.110326051105,1.110326051105
      ,1.110326051105,1.110326051105,1.110326051105,1.110326051105
      ,1.110326051105,1.110326051105,1.110326051105,1.110326051105
      ,1.110326051105,1.110326051105,1.110326051105,1.110326051105
      ,1.110326051105,1.110326051105,1.110326051105,1.110326051105
      ,1.110326051105,1.110326051105,1.110326051105,1.110326051105
      ,1.110326051105,1.110326051105,1.110326051105,1.110326051105
      ,1.110326051105,1.110326051105,1.110326051105,1.110326051105
      ,1.110326051105,1.110326051105,1.110326051105,1.110326051105
      ,1.110326051105,1.110326051105,1.110326051105,1.110326051105
      ,1.110326051105,1.110326051105,1.110326051105,1.110326051105
      ,1.110326051105,1.110326051105,1.110326051105,1.110326051105
      ,1.110326051105,1.110326051105,1.110326051105,1.110326051105
      ,1.110326051105,1.110326051105,1.110326051105,1.110326051105
      ,1.110326051105,1.110326051105,1.110326051105,1.110326051105
      ,1.110326051105,1.110326051105,1.110326051105,1.110326051105
      ,1.110326051105,1.110326051105,1.110326051105,1.110326051105
      ,1.110326051105,1.110326051105,1.110326051105,1.110326051105
      ,1.110326051105,1.110326051105,1.110326051105,1.110326051105
      ,1.110326051105,1.110326051105,1.110326051105,1.110326051105
      ,1.110326051105,1.110326051105,1.110326051105,1.110326051105
      ,1.110326051105,1.110326051105,1.110326051105)
    ,(1.031342946072,1.031342946072,1.031342946072,1.031342946072
      ,1.031342946072,1.031342946072,1.031342946072,1.031342946072
      ,1.031342946072,1.031342946072,1.031342946072,1.031342946072
      ,1.031342946072,1.031342946072,1.031342946072,1.031342946072
      ,1.031342946072,1.031342946072,1.031342946072,1.031342946072
      ,1.031342946072,1.031342946072,1.031342946072,1.031342946072
      ,1.031342946072,1.031342946072,1.031342946072,1.031342946072
      ,1.031342946072,1.031342946072,1.031342946072,1.031342946072
      ,1.031342946072,1.031342946072,1.031342946072,1.031342946072
      ,1.031342946073,1.031342946072,1.031342946073,1.031342946072
      ,1.031342946072,1.031342946072,1.031342946072,1.031342946072
      ,1.031342946072,1.031342946072,1.031342946072,1.031342946072
      ,1.031342946072,1.031342946072,1.031342946072,1.031342946072
      ,1.031342946072,1.031342946072,1.031342946072,1.031342946072
      ,1.031342946072,1.031342946072,1.031342946072,1.031342946072
      ,1.031342946072,1.031342946072,1.031342946072,1.031342946072
      ,1.031342946072,1.031342946072,1.031342946072,1.031342946072
      ,1.031342946072,1.031342946072,1.031342946072,1.031342946072
      ,1.031342946072,1.031342946072,1.031342946072,1.031342946072
      ,1.031342946072,1.031342946072,1.031342946072,1.031342946072
      ,1.031342946072,1.031342946072,1.031342946072,1.031342946072
      ,1.031342946072,1.031342946072,1.031342946072,1.031342946072
      ,1.031342946072,1.031342946072,1.031342946072,1.031342946072
      ,1.031342946072,1.031342946072,1.031342946072,1.031342946072
      ,1.031342946072,1.031342946072,1.031342946072)
    ,(0.993329366875,0.993329366875,0.993329366875,0.993329366875
      ,0.993329366875,0.993329366876,0.993329366875,0.993329366875
      ,0.993329366875,0.993329366875,0.993329366875,0.993329366875
      ,0.993329366875,0.993329366875,0.993329366875,0.993329366875
      ,0.993329366875,0.993329366875,0.993329366875,0.993329366875
      ,0.993329366875,0.993329366875,0.993329366875,0.993329366875
      ,0.993329366875,0.993329366875,0.993329366875,0.993329366875
      ,0.993329366876,0.993329366875,0.993329366875,0.993329366875
      ,0.993329366875,0.993329366875,0.993329366875,0.993329366875
      ,0.993329366876,0.993329366875,0.993329366875,0.993329366875
      ,0.993329366875,0.993329366875,0.993329366875,0.993329366875
      ,0.993329366875,0.993329366875,0.993329366875,0.993329366875
      ,0.993329366875,0.993329366875,0.993329366875,0.993329366875
      ,0.993329366875,0.993329366875,0.993329366875,0.993329366875
      ,0.993329366875,0.993329366875,0.993329366875,0.993329366875
      ,0.993329366875,0.993329366875,0.993329366875,0.993329366875
      ,0.993329366875,0.993329366875,0.993329366875,0.993329366875
      ,0.993329366875,0.993329366875,0.993329366875,0.993329366875
      ,0.993329366875,0.993329366875,0.993329366875,0.993329366875
      ,0.993329366875,0.993329366875,0.993329366875,0.993329366875
      ,0.993329366875,0.993329366875,0.993329366875,0.993329366875
      ,0.993329366875,0.993329366875,0.993329366875,0.993329366875
      ,0.993329366875,0.993329366875,0.993329366875,0.993329366875
      ,0.993329366875,0.993329366875,0.993329366875,0.993329366875
      ,0.993329366875,0.993329366875,0.993329366875)
    ,(0.980167576933,0.980167576933,0.980167576933,0.980167576934
      ,0.980167576933,0.980167576934,0.980167576933,0.980167576934
      ,0.980167576933,0.980167576933,0.980167576933,0.980167576933
      ,0.980167576933,0.980167576933,0.980167576934,0.980167576933
      ,0.980167576933,0.980167576933,0.980167576933,0.980167576933
      ,0.980167576934,0.980167576933,0.980167576934,0.980167576933
      ,0.980167576933,0.980167576933,0.980167576933,0.980167576933
      ,0.980167576934,0.980167576933,0.980167576934,0.980167576933
      ,0.980167576933,0.980167576933,0.980167576933,0.980167576933
      ,0.980167576934,0.980167576933,0.980167576934,0.980167576933
      ,0.980167576933,0.980167576933,0.980167576933,0.980167576933
      ,0.980167576934,0.980167576933,0.980167576934,0.980167576933
      ,0.980167576933,0.980167576933,0.980167576933,0.980167576933
      ,0.980167576933,0.980167576934,0.980167576933,0.980167576933
      ,0.980167576933,0.980167576933,0.980167576933,0.980167576933
      ,0.980167576934,0.980167576933,0.980167576933,0.980167576933
      ,0.980167576933,0.980167576933,0.980167576933,0.980167576933
      ,0.980167576933,0.980167576933,0.980167576933,0.980167576933
      ,0.980167576933,0.980167576933,0.980167576933,0.980167576933
      ,0.980167576933,0.980167576933,0.980167576933,0.980167576933
      ,0.980167576933,0.980167576933,0.980167576933,0.980167576933
      ,0.980167576933,0.980167576934,0.980167576933,0.980167576933
      ,0.980167576933,0.980167576933,0.980167576933,0.980167576934
      ,0.980167576933,0.980167576934,0.980167576933,0.980167576934
      ,0.980167576933,0.980167576933,0.980167576933)
    ,(0.993329366875,0.993329366875,0.993329366875,0.993329366875
      ,0.993329366875,0.993329366875,0.993329366875,0.993329366875
      ,0.993329366875,0.993329366875,0.993329366875,0.993329366875
      ,0.993329366875,0.993329366875,0.993329366875,0.993329366875
      ,0.993329366875,0.993329366875,0.993329366875,0.993329366875
      ,0.993329366875,0.993329366875,0.993329366875,0.993329366875
      ,0.993329366875,0.993329366875,0.993329366875,0.993329366875
      ,0.993329366876,0.993329366875,0.993329366876,0.993329366875
      ,0.993329366875,0.993329366875,0.993329366875,0.993329366875
      ,0.993329366876,0.993329366875,0.993329366875,0.993329366875
      ,0.993329366875,0.993329366875,0.993329366875,0.993329366875
      ,0.993329366875,0.993329366875,0.993329366875,0.993329366875
      ,0.993329366875,0.993329366875,0.993329366875,0.993329366875
      ,0.993329366875,0.993329366875,0.993329366875,0.993329366875
      ,0.993329366875,0.993329366875,0.993329366875,0.993329366875
      ,0.993329366875,0.993329366875,0.993329366875,0.993329366875
      ,0.993329366875,0.993329366875,0.993329366875,0.993329366875
      ,0.993329366875,0.993329366875,0.993329366875,0.993329366875
      ,0.993329366875,0.993329366875,0.993329366875,0.993329366875
      ,0.993329366875,0.993329366875,0.993329366875,0.993329366875
      ,0.993329366875,0.993329366875,0.993329366875,0.993329366875
      ,0.993329366875,0.993329366875,0.993329366875,0.993329366875
      ,0.993329366875,0.993329366875,0.993329366875,0.993329366875
      ,0.993329366875,0.993329366875,0.993329366875,0.993329366875
      ,0.993329366875,0.993329366875,0.993329366875)
    ,(1.031342946072,1.031342946072,1.031342946072,1.031342946072
      ,1.031342946072,1.031342946072,1.031342946072,1.031342946072
      ,1.031342946072,1.031342946072,1.031342946072,1.031342946072
      ,1.031342946072,1.031342946072,1.031342946072,1.031342946072
      ,1.031342946072,1.031342946072,1.031342946072,1.031342946072
      ,1.031342946072,1.031342946072,1.031342946072,1.031342946072
      ,1.031342946072,1.031342946072,1.031342946072,1.031342946072
      ,1.031342946072,1.031342946072,1.031342946072,1.031342946072
      ,1.031342946072,1.031342946072,1.031342946072,1.031342946072
      ,1.031342946073,1.031342946072,1.031342946073,1.031342946072
      ,1.031342946072,1.031342946072,1.031342946072,1.031342946072
      ,1.031342946072,1.031342946072,1.031342946072,1.031342946072
      ,1.031342946072,1.031342946072,1.031342946072,1.031342946072
      ,1.031342946072,1.031342946072,1.031342946072,1.031342946072
      ,1.031342946072,1.031342946072,1.031342946072,1.031342946072
      ,1.031342946072,1.031342946072,1.031342946072,1.031342946072
      ,1.031342946072,1.031342946072,1.031342946072,1.031342946072
      ,1.031342946072,1.031342946072,1.031342946072,1.031342946072
      ,1.031342946072,1.031342946072,1.031342946072,1.031342946072
      ,1.031342946072,1.031342946072,1.031342946072,1.031342946072
      ,1.031342946072,1.031342946072,1.031342946072,1.031342946072
      ,1.031342946072,1.031342946072,1.031342946072,1.031342946072
      ,1.031342946072,1.031342946072,1.031342946072,1.031342946072
      ,1.031342946072,1.031342946072,1.031342946072,1.031342946072
      ,1.031342946072,1.031342946072,1.031342946072)
    ,(1.110326051105,1.110326051105,1.110326051105,1.110326051105
      ,1.110326051105,1.110326051105,1.110326051105,1.110326051105
      ,1.110326051105,1.110326051105,1.110326051105,1.110326051105
      ,1.110326051105,1.110326051105,1.110326051105,1.110326051105
      ,1.110326051105,1.110326051105,1.110326051105,1.110326051105
      ,1.110326051105,1.110326051105,1.110326051105,1.110326051105
      ,1.110326051105,1.110326051105,1.110326051105,1.110326051105
      ,1.110326051105,1.110326051105,1.110326051105,1.110326051105
      ,1.110326051105,1.110326051105,1.110326051105,1.110326051105
      ,1.110326051105,1.110326051105,1.110326051105,1.110326051105
      ,1.110326051105,1.110326051105,1.110326051105,1.110326051105
      ,1.110326051105,1.110326051105,1.110326051105,1.110326051105
      ,1.110326051105,1.110326051105,1.110326051105,1.110326051105
      ,1.110326051105,1.110326051105,1.110326051105,1.110326051105
      ,1.110326051105,1.110326051105,1.110326051105,1.110326051105
      ,1.110326051105,1.110326051105,1.110326051105,1.110326051105
      ,1.110326051105,1.110326051105,1.110326051105,1.110326051105
      ,1.110326051105,1.110326051105,1.110326051105,1.110326051105
      ,1.110326051105,1.110326051105,1.110326051105,1.110326051105
      ,1.110326051105,1.110326051105,1.110326051105,1.110326051105
      ,1.110326051105,1.110326051105,1.110326051105,1.110326051105
      ,1.110326051105,1.110326051105,1.110326051105,1.110326051105
      ,1.110326051105,1.110326051105,1.110326051105,1.110326051105
      ,1.110326051105,1.110326051105,1.110326051105,1.110326051105
      ,1.110326051105,1.110326051105,1.110326051105
))) REPRESENTATION_ITEM('') SURFACE() );
#6027 = CARTESIAN_POINT('',(-32.22798681288,-4.196053620783,1.));
#6028 = CARTESIAN_POINT('',(-32.22798681288,-3.838166432804,
    -1.405370742484));
#6029 = CARTESIAN_POINT('',(-32.22798681288,-3.499020686806,
    -3.678217601819));
#6030 = CARTESIAN_POINT('',(-32.22798681288,-3.176838464546,
    -5.822188401164));
#6031 = CARTESIAN_POINT('',(-32.22798681288,-2.86985638697,
    -7.841025235048));
#6032 = CARTESIAN_POINT('',(-32.22798681288,-2.576328542899,
    -9.738594527648));
#6033 = CARTESIAN_POINT('',(-32.22798681288,-2.294523720442,
    -11.51893021174));
#6034 = CARTESIAN_POINT('',(-32.22798681288,-2.022731686825,
    -13.18629879388));
#6035 = CARTESIAN_POINT('',(-32.22798681288,-1.759240338113,
    -14.74530313483));
#6036 = CARTESIAN_POINT('',(-32.22798681288,-1.373877004681,
    -16.92893045361));
#6037 = CARTESIAN_POINT('',(-32.22798681288,-0.999048405302,
    -18.89374089903));
#6038 = CARTESIAN_POINT('',(-32.22798681288,-0.875038513886,
    -19.52511482048));
#6039 = CARTESIAN_POINT('',(-32.22798681288,-0.751712654301,
    -20.1337316161));
#6040 = CARTESIAN_POINT('',(-32.22798681288,-0.628804867284,
    -20.72046423568));
#6041 = CARTESIAN_POINT('',(-32.22798681288,-0.506023929232,
    -21.28626868332));
#6042 = CARTESIAN_POINT('',(-32.22798681288,-0.383040118557,
    -21.8322024138));
#6043 = CARTESIAN_POINT('',(-32.22798681288,-0.259464577344,
    -22.35944938002));
#6044 = CARTESIAN_POINT('',(-32.22798681288,-1.016276732229E-02,
    -23.37925467028));
#6045 = CARTESIAN_POINT('',(-32.22798681288,0.24602825592,
    -24.33578878341));
#6046 = CARTESIAN_POINT('',(-32.22798681288,0.376493031823,
    -24.79976438366));
#6047 = CARTESIAN_POINT('',(-32.22798681288,0.51013712547,
    -25.25116031106));
#6048 = CARTESIAN_POINT('',(-32.22798681288,0.648003499471,
    -25.69189111385));
#6049 = CARTESIAN_POINT('',(-32.22798681288,0.791464539731,
    -26.12411312025));
#6050 = CARTESIAN_POINT('',(-32.22798681288,0.94238710082,
    -26.55016536066));
#6051 = CARTESIAN_POINT('',(-32.22798681288,1.103322523279,
    -26.97255903068));
#6052 = CARTESIAN_POINT('',(-32.22798681288,1.365211490388,
    -27.6040410558));
#6053 = CARTESIAN_POINT('',(-32.22798681288,1.668130858806,
    -28.23482550785));
#6054 = CARTESIAN_POINT('',(-32.22798681288,1.774235239656,
    -28.4451464416));
#6055 = CARTESIAN_POINT('',(-32.22798681288,1.886101558252,
    -28.6555917699));
#6056 = CARTESIAN_POINT('',(-32.22798681288,2.004414213973,
    -28.8661260106));
#6057 = CARTESIAN_POINT('',(-32.22798681288,2.129897214996,
    -29.0765805725));
#6058 = CARTESIAN_POINT('',(-32.22798681288,2.263287707114,
    -29.28661280805));
#6059 = CARTESIAN_POINT('',(-32.22798681288,2.405285493215,
    -29.49566801866));
#6060 = CARTESIAN_POINT('',(-32.22798681288,2.707668886931,
    -29.91025943644));
#6061 = CARTESIAN_POINT('',(-32.22798681288,3.048428829477,
    -30.31387917144));
#6062 = CARTESIAN_POINT('',(-32.22798681288,3.228803240462,
    -30.51196276826));
#6063 = CARTESIAN_POINT('',(-32.22798681289,3.419385480089,
    -30.7051348383));
#6064 = CARTESIAN_POINT('',(-32.22798681287,3.620130739921,
    -30.89203723614));
#6065 = CARTESIAN_POINT('',(-32.22798681289,3.830661328029,
    -31.07119686501));
#6066 = CARTESIAN_POINT('',(-32.22798681288,4.050225597821,
    -31.24115166308));
#6067 = CARTESIAN_POINT('',(-32.22798681288,4.277732761919,
    -31.40059878546));
#6068 = CARTESIAN_POINT('',(-32.22798681288,4.746001505474,
    -31.69640013018));
#6069 = CARTESIAN_POINT('',(-32.22798681288,5.235074751876,
    -31.94308342261));
#6070 = CARTESIAN_POINT('',(-32.22798681288,5.483386445728,
    -32.0534126153));
#6071 = CARTESIAN_POINT('',(-32.22798681288,5.733938194449,
    -32.15030230367));
#6072 = CARTESIAN_POINT('',(-32.22798681288,5.985201359089,
    -32.23367615293));
#6073 = CARTESIAN_POINT('',(-32.22798681288,6.235790449496,
    -32.30379217911));
#6074 = CARTESIAN_POINT('',(-32.22798681288,6.484548943051,
    -32.36116096816));
#6075 = CARTESIAN_POINT('',(-32.22798681288,6.730573347127,
    -32.40644709049));
#6076 = CARTESIAN_POINT('',(-32.22798681288,7.215822422414,
    -32.47435046663));
#6077 = CARTESIAN_POINT('',(-32.22798681288,7.68564966213,
    -32.50001602584));
#6078 = CARTESIAN_POINT('',(-32.22798681288,7.916252180445,
    -32.50306438272));
#6079 = CARTESIAN_POINT('',(-32.22798681288,8.142297720724,
    -32.49713068535));
#6080 = CARTESIAN_POINT('',(-32.22798681288,8.363721385062,
    -32.48298936787));
#6081 = CARTESIAN_POINT('',(-32.22798681288,8.580593384189,
    -32.46135333626));
#6082 = CARTESIAN_POINT('',(-32.22798681288,8.793077345676,
    -32.43286177487));
#6083 = CARTESIAN_POINT('',(-32.22798681288,9.001398596024,
    -32.39808034075));
#6084 = CARTESIAN_POINT('',(-32.22798681288,9.614664643872,
    -32.2763537501));
#6085 = CARTESIAN_POINT('',(-32.22798681288,10.195399946775,
    -32.10637686717));
#6086 = CARTESIAN_POINT('',(-32.22798681288,10.570376285981,
    -31.9750779527));
#6087 = CARTESIAN_POINT('',(-32.22798681288,10.935790327383,
    -31.82825440055));
#6088 = CARTESIAN_POINT('',(-32.22798681289,11.294055041907,
    -31.66757207169));
#6089 = CARTESIAN_POINT('',(-32.22798681288,11.647279590315,
    -31.49425367925));
#6090 = CARTESIAN_POINT('',(-32.22798681288,11.997296627994,
    -31.3092099913));
#6091 = CARTESIAN_POINT('',(-32.22798681288,12.345686143422,
    -31.11316325859));
#6092 = CARTESIAN_POINT('',(-32.22798681288,13.041954306701,
    -30.70024602707));
#6093 = CARTESIAN_POINT('',(-32.22798681288,13.741989421917,
    -30.2477033995));
#6094 = CARTESIAN_POINT('',(-32.22798681288,14.094145984829,
    -30.01203116438));
#6095 = CARTESIAN_POINT('',(-32.22798681289,14.449464060737,
    -29.76737755088));
#6096 = CARTESIAN_POINT('',(-32.22798681288,14.808827506746,
    -29.51411799055));
#6097 = CARTESIAN_POINT('',(-32.22798681289,15.173011406494,
    -29.25260455699));
#6098 = CARTESIAN_POINT('',(-32.22798681288,15.54270529251,
    -28.98317617112));
#6099 = CARTESIAN_POINT('',(-32.22798681288,15.918530289116,
    -28.70616475441));
#6100 = CARTESIAN_POINT('',(-32.22798681288,17.024525206623,
    -27.88426174328));
#6101 = CARTESIAN_POINT('',(-32.22798681288,18.190850512654,
    -27.00446986345));
#6102 = CARTESIAN_POINT('',(-32.22798681288,18.983123299074,
    -26.40641864337));
#6103 = CARTESIAN_POINT('',(-32.22798681288,19.807672281102,
    -25.78804014376));
#6104 = CARTESIAN_POINT('',(-32.22798681288,20.66710681069,
    -25.15159950487));
#6105 = CARTESIAN_POINT('',(-32.22798681288,21.563820400912,
    -24.49940340313));
#6106 = CARTESIAN_POINT('',(-32.22798681288,22.500060191868,
    -23.83379524946));
#6107 = CARTESIAN_POINT('',(-32.22798681288,23.477975108915,
    -23.15715538914));
#6108 = CARTESIAN_POINT('',(-32.22798681288,25.521313478889,
    -21.78663564669));
#6109 = CARTESIAN_POINT('',(-32.22798681288,27.747791804855,
    -20.39140910751));
#6110 = CARTESIAN_POINT('',(-32.22798681288,28.908846630433,
    -19.69006238878));
#6111 = CARTESIAN_POINT('',(-32.22798681288,30.119699245757,
    -18.9874567106));
#6112 = CARTESIAN_POINT('',(-32.22798681288,31.382303343195,
    -18.28609636497));
#6113 = CARTESIAN_POINT('',(-32.22798681288,32.698595207148,
    -17.58851523242));
#6114 = CARTESIAN_POINT('',(-32.22798681288,34.070499137287,
    -16.89727717043));
#6115 = CARTESIAN_POINT('',(-32.22798681288,35.499929659735,
    -16.2149764592));
#6116 = CARTESIAN_POINT('',(-32.22798681288,39.96651615847,
    -14.20276059079));
#6117 = CARTESIAN_POINT('',(-32.22798681288,44.985035012835,
    -12.31849335984));
#6118 = CARTESIAN_POINT('',(-32.22798681288,48.591171097153,
    -11.14041676788));
#6119 = CARTESIAN_POINT('',(-32.22798681288,52.472743971102,
    -10.06215214542));
#6120 = CARTESIAN_POINT('',(-32.22798681289,56.644524468118,
    -9.105863394974));
#6121 = CARTESIAN_POINT('',(-32.22798681288,61.120949628054,
    -8.294099086882));
#6122 = CARTESIAN_POINT('',(-32.22798681288,65.916050958947,
    -7.649655469074));
#6123 = CARTESIAN_POINT('',(-32.22798681288,71.043461396315,
    -7.195433584025));
#6124 = CARTESIAN_POINT('',(-32.22798681288,76.516467198088,
    -6.954350063798));
#6125 = CARTESIAN_POINT('',(-32.22798681288,82.348068390036,
    -6.94927275725));
#6126 = CARTESIAN_POINT('',(-30.05800360451,-20.86271151981,1.));
#6127 = CARTESIAN_POINT('',(-30.05800360451,-20.50482433183,
    -1.416956967077));
#6128 = CARTESIAN_POINT('',(-30.05800360451,-20.16566963646,
    -3.71020938489));
#6129 = CARTESIAN_POINT('',(-30.05800360451,-19.84344662378,
    -5.885021280799));
#6130 = CARTESIAN_POINT('',(-30.05800360451,-19.53633922751,
    -7.947118297024));
#6131 = CARTESIAN_POINT('',(-30.05800360451,-19.24250313718,
    -9.902833346804));
#6132 = CARTESIAN_POINT('',(-30.05800360451,-18.96001394728,
    -11.75930960209));
#6133 = CARTESIAN_POINT('',(-30.05800360451,-18.6868387593,
    -13.52481573227));
#6134 = CARTESIAN_POINT('',(-30.05800360451,-18.42063448948,
    -15.20921927736));
#6135 = CARTESIAN_POINT('',(-30.05800360451,-18.02754281474,
    -17.63259396955));
#6136 = CARTESIAN_POINT('',(-30.05800360451,-17.63366826073,
    -19.93791309822));
#6137 = CARTESIAN_POINT('',(-30.05800360451,-17.50172835047,
    -20.69527935935));
#6138 = CARTESIAN_POINT('',(-30.05800360451,-17.368474562,
    -21.44387073738));
#6139 = CARTESIAN_POINT('',(-30.05800360451,-17.23310026155,
    -22.18629024219));
#6140 = CARTESIAN_POINT('',(-30.05800360451,-17.09460420079,
    -22.92551346895));
#6141 = CARTESIAN_POINT('',(-30.05800360451,-16.95171106597,
    -23.66496428365));
#6142 = CARTESIAN_POINT('',(-30.05800360451,-16.80275083464,
    -24.40861552582));
#6143 = CARTESIAN_POINT('',(-30.05800360451,-16.48817022633,
    -25.91360311482));
#6144 = CARTESIAN_POINT('',(-30.05800360451,-16.12744948627,
    -27.47544816173));
#6145 = CARTESIAN_POINT('',(-30.05800360451,-15.93234919016,
    -28.27595594391));
#6146 = CARTESIAN_POINT('',(-30.05800360451,-15.71836188835,
    -29.10215623818));
#6147 = CARTESIAN_POINT('',(-30.05800360451,-15.48005057778,
    -29.96091253418));
#6148 = CARTESIAN_POINT('',(-30.05800360451,-15.21019412091,
    -30.85994376227));
#6149 = CARTESIAN_POINT('',(-30.05800360451,-14.89905479235,
    -31.80739533553));
#6150 = CARTESIAN_POINT('',(-30.05800360451,-14.5334835169,
    -32.8116188055));
#6151 = CARTESIAN_POINT('',(-30.05800360451,-13.8763003596,
    -34.4123270793));
#6152 = CARTESIAN_POINT('',(-30.05800360451,-13.00744111326,
    -36.1541443422));
#6153 = CARTESIAN_POINT('',(-30.05800360451,-12.6916108148,
    -36.75040385438));
#6154 = CARTESIAN_POINT('',(-30.05800360451,-12.34666580255,
    -37.36189716054));
#6155 = CARTESIAN_POINT('',(-30.05800360451,-11.96953624159,
    -37.98767829526));
#6156 = CARTESIAN_POINT('',(-30.05800360451,-11.55708304721,
    -38.62613241304));
#6157 = CARTESIAN_POINT('',(-30.05800360451,-11.10626052596,
    -39.27480465097));
#6158 = CARTESIAN_POINT('',(-30.05800360451,-10.61439062087,
    -39.93026454696));
#6159 = CARTESIAN_POINT('',(-30.05800360451,-9.544685178574,
    -41.24593372644));
#6160 = CARTESIAN_POINT('',(-30.05800360451,-8.299574464729,
    -42.5502928966));
#6161 = CARTESIAN_POINT('',(-30.05800360451,-7.632298864393,
    -43.19444304344));
#6162 = CARTESIAN_POINT('',(-30.05800360451,-6.92050437884,
    -43.82456846606));
#6163 = CARTESIAN_POINT('',(-30.05800360451,-6.165775863846,
    -44.43408245645));
#6164 = CARTESIAN_POINT('',(-30.05800360451,-5.371385171344,
    -45.01614948097));
#6165 = CARTESIAN_POINT('',(-30.05800360451,-4.54237373795,
    -45.56432147714));
#6166 = CARTESIAN_POINT('',(-30.05800360451,-3.685254192098,
    -46.07321179595));
#6167 = CARTESIAN_POINT('',(-30.05800360451,-1.929491435527,
    -47.0045718448));
#6168 = CARTESIAN_POINT('',(-30.05800360451,-0.121072406576,
    -47.75359071092));
#6169 = CARTESIAN_POINT('',(-30.05800360451,0.788703649515,
    -48.08014040634));
#6170 = CARTESIAN_POINT('',(-30.05800360451,1.696204222876,
    -48.35790910176));
#6171 = CARTESIAN_POINT('',(-30.0580036045,2.593931778937,
    -48.58773871032));
#6172 = CARTESIAN_POINT('',(-30.05800360451,3.475369445661,
    -48.77193393663));
#6173 = CARTESIAN_POINT('',(-30.05800360451,4.335316130026,
    -48.91379625074));
#6174 = CARTESIAN_POINT('',(-30.05800360451,5.169912714026,
    -49.01713321471));
#6175 = CARTESIAN_POINT('',(-30.05800360451,6.783099669145,
    -49.15474192406));
#6176 = CARTESIAN_POINT('',(-30.05800360451,8.277758672795,
    -49.16994720392));
#6177 = CARTESIAN_POINT('',(-30.05800360451,8.993827112597,
    -49.15088102829));
#6178 = CARTESIAN_POINT('',(-30.05800360451,9.678028078112,
    -49.10902026916));
#6179 = CARTESIAN_POINT('',(-30.05800360451,10.330591324975,
    -49.04794412556));
#6180 = CARTESIAN_POINT('',(-30.05800360451,10.952334412878,
    -48.97081799319));
#6181 = CARTESIAN_POINT('',(-30.05800360451,11.544453392649,
    -48.88037278665));
#6182 = CARTESIAN_POINT('',(-30.05800360451,12.108372050044,
    -48.7789342742));
#6183 = CARTESIAN_POINT('',(-30.05800360451,13.7201552467,
    -48.44751602635));
#6184 = CARTESIAN_POINT('',(-30.05800360451,15.106307461207,
    -48.04955957339));
#6185 = CARTESIAN_POINT('',(-30.05800360451,15.942827957324,
    -47.76781144691));
#6186 = CARTESIAN_POINT('',(-30.05800360451,16.705185728212,
    -47.47765017076));
#6187 = CARTESIAN_POINT('',(-30.05800360451,17.405114226735,
    -47.18352870025));
#6188 = CARTESIAN_POINT('',(-30.05800360451,18.052504281368,
    -46.88806339544));
#6189 = CARTESIAN_POINT('',(-30.05800360451,18.65565154806,
    -46.59263389427));
#6190 = CARTESIAN_POINT('',(-30.05800360451,19.221480503599,
    -46.29794909247));
#6191 = CARTESIAN_POINT('',(-30.05800360451,20.290137315268,
    -45.71061154383));
#6192 = CARTESIAN_POINT('',(-30.05800360451,21.252426803152,
    -45.12742028462));
#6193 = CARTESIAN_POINT('',(-30.05800360451,21.711888794301,
    -44.83688118059));
#6194 = CARTESIAN_POINT('',(-30.05800360451,22.153668585255,
    -44.5471664084));
#6195 = CARTESIAN_POINT('',(-30.0580036045,22.581067445939,
    -44.25795806249));
#6196 = CARTESIAN_POINT('',(-30.05800360451,22.996848123714,
    -43.96892451926));
#6197 = CARTESIAN_POINT('',(-30.05800360451,23.403354488523,
    -43.67974819846));
#6198 = CARTESIAN_POINT('',(-30.05800360451,23.802598619185,
    -43.39013948773));
#6199 = CARTESIAN_POINT('',(-30.05800360451,24.940990850707,
    -42.55080994963));
#6200 = CARTESIAN_POINT('',(-30.05800360451,26.046042217284,
    -41.70397734409));
#6201 = CARTESIAN_POINT('',(-30.05800360451,26.764978410421,
    -41.14537350936));
#6202 = CARTESIAN_POINT('',(-30.05800360452,27.487582778688,
    -40.58115247768));
#6203 = CARTESIAN_POINT('',(-30.0580036045,28.219905850606,-40.01087455)
  );
#6204 = CARTESIAN_POINT('',(-30.05800360451,28.967008287182,
    -39.4344910104));
#6205 = CARTESIAN_POINT('',(-30.05800360451,29.733287135409,
    -38.85225905472));
#6206 = CARTESIAN_POINT('',(-30.05800360451,30.522705168996,
    -38.2646996049));
#6207 = CARTESIAN_POINT('',(-30.05800360451,32.155137185441,
    -37.08039093844));
#6208 = CARTESIAN_POINT('',(-30.05800360451,33.908587890198,
    -35.88140844824));
#6209 = CARTESIAN_POINT('',(-30.05800360451,34.819024331028,
    -35.27917492373));
#6210 = CARTESIAN_POINT('',(-30.05800360451,35.766425249775,
    -34.67531743499));
#6211 = CARTESIAN_POINT('',(-30.05800360451,36.753935423441,
    -34.07112158175));
#6212 = CARTESIAN_POINT('',(-30.05800360451,37.784643295899,
    -33.468029354));
#6213 = CARTESIAN_POINT('',(-30.05800360451,38.861607132941,
    -32.86763612241));
#6214 = CARTESIAN_POINT('',(-30.05800360451,39.987865942968,
    -32.27169077922));
#6215 = CARTESIAN_POINT('',(-30.05800360451,43.523590906719,
    -30.50290534843));
#6216 = CARTESIAN_POINT('',(-30.05800360451,47.557125787633,
    -28.80975169533));
#6217 = CARTESIAN_POINT('',(-30.05800360451,50.491367160479,
    -27.73102360593));
#6218 = CARTESIAN_POINT('',(-30.05800360451,53.694395049544,
    -26.72117880011));
#6219 = CARTESIAN_POINT('',(-30.05800360451,57.189189014908,
    -25.80140481549));
#6220 = CARTESIAN_POINT('',(-30.05800360451,60.997484812575,
    -24.99501862498));
#6221 = CARTESIAN_POINT('',(-30.05800360451,65.139310319574,
    -24.32687902469));
#6222 = CARTESIAN_POINT('',(-30.05800360451,69.632890667686,
    -23.82270048892));
#6223 = CARTESIAN_POINT('',(-30.05800360451,74.494815281345,
    -23.50858220357));
#6224 = CARTESIAN_POINT('',(-30.05800360451,79.740267848924,
    -23.41064760448));
#6225 = CARTESIAN_POINT('',(-18.13008978365,-34.56438965191,1.));
#6226 = CARTESIAN_POINT('',(-18.13008978365,-34.20650246393,
    -1.426482015296));
#6227 = CARTESIAN_POINT('',(-18.13008978365,-33.86734041126,
    -3.736509865597));
#6228 = CARTESIAN_POINT('',(-18.13008978364,-33.54508386473,
    -5.936676261544));
#6229 = CARTESIAN_POINT('',(-18.13008978365,-33.23787344383,
    -8.034337522142));
#6230 = CARTESIAN_POINT('',(-18.13008978364,-32.9437839439,
    -10.03785426404));
#6231 = CARTESIAN_POINT('',(-18.13008978365,-32.66073213476,
    -11.95692576822));
#6232 = CARTESIAN_POINT('',(-18.13008978364,-32.38641985402,
    -13.8031108866));
#6233 = CARTESIAN_POINT('',(-18.13008978365,-32.11798528873,
    -15.59060525791));
#6234 = CARTESIAN_POINT('',(-18.13008978365,-31.71854013593,
    -18.2110765344));
#6235 = CARTESIAN_POINT('',(-18.13008978365,-31.30900788128,
    -20.79632823306));
#6236 = CARTESIAN_POINT('',(-18.13008978365,-31.17054869365,
    -21.65727293781));
#6237 = CARTESIAN_POINT('',(-18.13008978365,-31.02913314372,
    -22.52093757686));
#6238 = CARTESIAN_POINT('',(-18.13008978364,-30.88351010862,
    -23.39134744446));
#6239 = CARTESIAN_POINT('',(-18.13008978365,-30.73209462785,
    -24.27313844381));
#6240 = CARTESIAN_POINT('',(-18.13008978365,-30.57283401537,
    -25.17167987028));
#6241 = CARTESIAN_POINT('',(-18.13008978365,-30.40300500184,
    -26.09323731016));
#6242 = CARTESIAN_POINT('',(-18.13008978365,-30.03475862033,
    -27.99709381056));
#6243 = CARTESIAN_POINT('',(-18.13008978365,-29.58810388294,
    -30.05656565432));
#6244 = CARTESIAN_POINT('',(-18.13008978365,-29.33986665325,
    -31.13373692032));
#6245 = CARTESIAN_POINT('',(-18.13008978365,-29.05982911001,
    -32.26806430451));
#6246 = CARTESIAN_POINT('',(-18.13008978365,-28.73894190454,
    -33.47047982683));
#6247 = CARTESIAN_POINT('',(-18.13008978364,-28.36517563406,
    -34.7532754391));
#6248 = CARTESIAN_POINT('',(-18.13008978365,-27.92232192145,
    -36.12936998806));
#6249 = CARTESIAN_POINT('',(-18.13008978365,-27.388519282,
    -37.61191638846));
#6250 = CARTESIAN_POINT('',(-18.13008978365,-26.40636432805,
    -40.00942664723));
#6251 = CARTESIAN_POINT('',(-18.13008978365,-25.072245274,
    -42.66462522871));
#6252 = CARTESIAN_POINT('',(-18.13008978365,-24.58399906368,
    -43.57816527864));
#6253 = CARTESIAN_POINT('',(-18.13008978365,-24.04743979624,
    -44.51936057671));
#6254 = CARTESIAN_POINT('',(-18.13008978364,-23.45753656752,
    -45.48651664826));
#6255 = CARTESIAN_POINT('',(-18.13008978365,-22.80916485565,
    -46.47682968044));
#6256 = CARTESIAN_POINT('',(-18.13008978364,-22.0973811076,
    -47.4861083558));
#6257 = CARTESIAN_POINT('',(-18.13008978365,-21.31788094149,
    -48.50855804379));
#6258 = CARTESIAN_POINT('',(-18.13008978365,-19.61735918334,
    -50.56500426073));
#6259 = CARTESIAN_POINT('',(-18.13008978365,-17.62878068718,
    -52.60986232971));
#6260 = CARTESIAN_POINT('',(-18.13008978365,-16.56122307355,
    -53.6207242871));
#6261 = CARTESIAN_POINT('',(-18.13008978365,-15.42093941667,
    -54.61006955044));
#6262 = CARTESIAN_POINT('',(-18.13008978364,-14.21078064691,
    -55.56701300455));
#6263 = CARTESIAN_POINT('',(-18.13008978365,-12.93639790844,
    -56.48031065045));
#6264 = CARTESIAN_POINT('',(-18.13008978364,-11.60635927902,
    -57.33941542894));
#6265 = CARTESIAN_POINT('',(-18.13008978365,-10.23163468871,
    -58.13558339105));
#6266 = CARTESIAN_POINT('',(-18.13008978365,-7.417421661538,
    -59.58943696265));
#6267 = CARTESIAN_POINT('',(-18.13008978365,-4.52436698656,
    -60.75142646671));
#6268 = CARTESIAN_POINT('',(-18.13008978364,-3.070800337168,
    -61.25573127969));
#6269 = CARTESIAN_POINT('',(-18.13008978365,-1.623221399026,
    -61.68220080945));
#6270 = CARTESIAN_POINT('',(-18.13008978364,-0.19403474248,
    -62.03243186184));
#6271 = CARTESIAN_POINT('',(-18.13008978365,1.206024245637,
    -62.31041172636));
#6272 = CARTESIAN_POINT('',(-18.13008978364,2.56842942644,
    -62.52173626211));
#6273 = CARTESIAN_POINT('',(-18.13008978365,3.886891858991,
    -62.67279688801));
#6274 = CARTESIAN_POINT('',(-18.13008978365,6.427357808861,
    -62.86771042991));
#6275 = CARTESIAN_POINT('',(-18.13008978365,8.764532153861,
    -62.8743163024));
#6276 = CARTESIAN_POINT('',(-18.13008978365,9.879702671632,
    -62.8370697448));
#6277 = CARTESIAN_POINT('',(-18.13008978364,10.94055372555,
    -62.76567330797));
#6278 = CARTESIAN_POINT('',(-18.13008978365,11.947557306256,
    -62.6660119912));
#6279 = CARTESIAN_POINT('',(-18.13008978364,12.902145369858,
    -62.54326738485));
#6280 = CARTESIAN_POINT('',(-18.13008978365,13.806362723505,
    -62.4018900172));
#6281 = CARTESIAN_POINT('',(-18.13008978365,14.662618407643,
    -62.24565264598));
#6282 = CARTESIAN_POINT('',(-18.13008978365,17.095283671071,
    -61.7418466518));
#6283 = CARTESIAN_POINT('',(-18.13008978365,19.143570030996,
    -61.15646793891));
#6284 = CARTESIAN_POINT('',(-18.13008978365,20.359526495623,
    -60.75103534665));
#6285 = CARTESIAN_POINT('',(-18.13008978365,21.448212151256,
    -60.34303596702));
#6286 = CARTESIAN_POINT('',(-18.13008978364,22.429022829406,
    -59.93921402863));
#6287 = CARTESIAN_POINT('',(-18.13008978365,23.318246676287,
    -59.54333161032));
#6288 = CARTESIAN_POINT('',(-18.13008978365,24.129492587859,
    -59.15715380843));
#6289 = CARTESIAN_POINT('',(-18.13008978365,24.874078750732,
    -58.78137853952));
#6290 = CARTESIAN_POINT('',(-18.13008978365,26.248876687466,
    -58.05064985274));
#6291 = CARTESIAN_POINT('',(-18.13008978364,27.426765788949,
    -57.36005220708));
#6292 = CARTESIAN_POINT('',(-18.13008978365,27.974443692881,
    -57.02440698866));
#6293 = CARTESIAN_POINT('',(-18.13008978364,28.487303756636,
    -56.69764738742));
#6294 = CARTESIAN_POINT('',(-18.13008978365,28.970634607966,
    -56.37888550462));
#6295 = CARTESIAN_POINT('',(-18.13008978364,29.42883305475,
    -56.06722764838));
#6296 = CARTESIAN_POINT('',(-18.13008978365,29.865602999629,
    -55.76181652817));
#6297 = CARTESIAN_POINT('',(-18.13008978365,30.284100026634,
    -55.46185156791));
#6298 = CARTESIAN_POINT('',(-18.13008978365,31.449126126308,
    -54.60819566245));
#6299 = CARTESIAN_POINT('',(-18.13008978365,32.503804118605,
    -53.78845891322));
#6300 = CARTESIAN_POINT('',(-18.13008978365,33.162450216246,
    -53.2622848182));
#6301 = CARTESIAN_POINT('',(-18.13008978365,33.801245803305,
    -52.74258670157));
#6302 = CARTESIAN_POINT('',(-18.13008978365,34.429070403481,
    -52.22670121293));
#6303 = CARTESIAN_POINT('',(-18.13008978365,35.053177342994,
    -51.71264326558));
#6304 = CARTESIAN_POINT('',(-18.13008978365,35.679731109799,
    -51.19895497569));
#6305 = CARTESIAN_POINT('',(-18.13008978365,36.314185644293,
    -50.68462863115));
#6306 = CARTESIAN_POINT('',(-18.13008978365,37.608811087127,
    -49.65340429889));
#6307 = CARTESIAN_POINT('',(-18.13008978364,38.973385254507,
    -48.61575426124));
#6308 = CARTESIAN_POINT('',(-18.13008978365,39.677788040444,
    -48.09500180474));
#6309 = CARTESIAN_POINT('',(-18.13008978364,40.408605024261,
    -47.57232531318));
#6310 = CARTESIAN_POINT('',(-18.13008978365,41.169960174983,
    -47.048008498));
#6311 = CARTESIAN_POINT('',(-18.13008978364,41.965889128061,
    -46.52259570473));
#6312 = CARTESIAN_POINT('',(-18.13008978365,42.80038238412,
    -45.99688611001));
#6313 = CARTESIAN_POINT('',(-18.13008978365,43.677403389692,
    -45.47193361164));
#6314 = CARTESIAN_POINT('',(-18.13008978365,46.447866042598,
    -43.90327261634));
#6315 = CARTESIAN_POINT('',(-18.13008978365,49.671644495362,
    -42.36723364972));
#6316 = CARTESIAN_POINT('',(-18.13008978365,52.053520473119,
    -41.37018007558));
#6317 = CARTESIAN_POINT('',(-18.13008978365,54.698715769859,
    -40.41658327769));
#6318 = CARTESIAN_POINT('',(-18.13008978364,57.636958349079,
    -39.52682812297));
#6319 = CARTESIAN_POINT('',(-18.13008978365,60.895984249424,
    -38.72486328894));
#6320 = CARTESIAN_POINT('',(-18.13008978364,64.500750969698,
    -38.03724319492));
#6321 = CARTESIAN_POINT('',(-18.13008978365,68.473258891273,
    -37.49199524061));
#6322 = CARTESIAN_POINT('',(-18.13008978365,72.832812975536,
    -37.11783499302));
#6323 = CARTESIAN_POINT('',(-18.13008978365,77.5963921023,
    -36.94356230969));
#6324 = CARTESIAN_POINT('',(-4.681924646799E-13,-39.91501147846,1.));
#6325 = CARTESIAN_POINT('',(-4.732248508155E-13,-39.55712429048,
    -1.430201627625));
#6326 = CARTESIAN_POINT('',(-4.445211517343E-13,-39.21795936473,
    -3.746780426966));
#6327 = CARTESIAN_POINT('',(-5.0020049652E-13,-38.89568972295,
    -5.956847970788));
#6328 = CARTESIAN_POINT('',(-4.670819062985E-13,-38.58843907004,
    -8.068397371243));
#6329 = CARTESIAN_POINT('',(-3.842342602178E-13,-38.29425061153,
    -10.09058108041));
#6330 = CARTESIAN_POINT('',(-6.051562482165E-13,-38.01097909478,
    -12.03409656157));
#6331 = CARTESIAN_POINT('',(-3.500162973954E-13,-37.73622276965,
    -13.91178751092));
#6332 = CARTESIAN_POINT('',(-5.132124623054E-13,-37.46691725501,
    -15.73953972653));
#6333 = CARTESIAN_POINT('',(-4.32952121281E-13,-37.064991015,
    -18.43697889525));
#6334 = CARTESIAN_POINT('',(-4.868021319043E-13,-36.6493442951,
    -21.13154664298));
#6335 = CARTESIAN_POINT('',(-3.60561743103E-13,-36.50833927422,
    -22.03293961077));
#6336 = CARTESIAN_POINT('',(-7.041804714834E-13,-36.36373648703,
    -22.94154133681));
#6337 = CARTESIAN_POINT('',(-1.009977560706E-13,-36.2141112339,
    -23.86193252948));
#6338 = CARTESIAN_POINT('',(-8.513929497284E-13,-36.05765060976,
    -24.7993974564));
#6339 = CARTESIAN_POINT('',(-1.993453018705E-13,-35.89199835805,
    -25.76006511963));
#6340 = CARTESIAN_POINT('',(-5.545039355368E-13,-35.71401990762,
    -26.75109644259));
#6341 = CARTESIAN_POINT('',(-3.828317050529E-13,-35.32481658531,
    -28.81071464478));
#6342 = CARTESIAN_POINT('',(-5.353156942382E-13,-34.84460389121,
    -31.06451398442));
#6343 = CARTESIAN_POINT('',(-2.598405477881E-13,-34.57561623709,
    -32.24972469353));
#6344 = CARTESIAN_POINT('',(-7.828268970325E-13,-34.26978551288,
    -33.50437832658));
#6345 = CARTESIAN_POINT('',(-1.138632086138E-13,-33.91665171825,
    -34.84099569918));
#6346 = CARTESIAN_POINT('',(-7.478477585041E-13,-33.50230778193,
    -36.27365456691));
#6347 = CARTESIAN_POINT('',(-2.955687363188E-13,-33.00801848229,
    -37.81713784297));
#6348 = CARTESIAN_POINT('',(-5.289643016722E-13,-32.40852006458,
    -39.48647341525));
#6349 = CARTESIAN_POINT('',(-4.051725854869E-13,-31.29946086056,
    -42.19514162497));
#6350 = CARTESIAN_POINT('',(-5.12273736352E-13,-29.78365389513,
    -45.20702337855));
#6351 = CARTESIAN_POINT('',(-2.305966864968E-13,-29.22807780505,
    -46.24446417655));
#6352 = CARTESIAN_POINT('',(-9.25015655813E-13,-28.6166915415,
    -47.31441090618));
#6353 = CARTESIAN_POINT('',(1.151791123896E-13,-27.94369838615,
    -48.41487679353));
#6354 = CARTESIAN_POINT('',(-9.327327821175E-13,-27.203198487,
    -49.54259372392));
#6355 = CARTESIAN_POINT('',(-2.30931935666E-13,-26.38950716074,
    -50.6926922796));
#6356 = CARTESIAN_POINT('',(-5.150091709563E-13,-25.49768493175,
    -51.85845460216));
#6357 = CARTESIAN_POINT('',(-4.010319023787E-13,-23.55082403795,
    -54.20418055163));
#6358 = CARTESIAN_POINT('',(-5.295360662415E-13,-21.27191505051,
    -56.53820973765));
#6359 = CARTESIAN_POINT('',(-2.087647339136E-13,-20.04804390678,
    -57.69227577548));
#6360 = CARTESIAN_POINT('',(-9.209463949129E-13,-18.74043158471,
    -58.82189944135));
#6361 = CARTESIAN_POINT('',(7.217741215345E-14,-17.3524234276,
    -59.91451705551));
#6362 = CARTESIAN_POINT('',(-8.647249005354E-13,-15.89059971343,
    -60.95716307576));
#6363 = CARTESIAN_POINT('',(-2.615348206501E-13,-14.36490570334,
    -61.93768974985));
#6364 = CARTESIAN_POINT('',(-5.127735795734E-13,-12.78805194158,
    -62.84604207462));
#6365 = CARTESIAN_POINT('',(-4.077705463927E-13,-9.560505082912,
    -64.50393381001));
#6366 = CARTESIAN_POINT('',(-5.106384940192E-13,-6.243890964665,
    -65.82719186));
#6367 = CARTESIAN_POINT('',(-3.1338823362E-13,-4.577969464316,
    -66.40091155798));
#6368 = CARTESIAN_POINT('',(-6.836988947714E-13,-2.919485332023,
    -66.88545002805));
#6369 = CARTESIAN_POINT('',(-2.306802458193E-13,-1.28275937733,
    -67.28269886815));
#6370 = CARTESIAN_POINT('',(-6.170017179946E-13,0.319825647029,
    -67.59730243139));
#6371 = CARTESIAN_POINT('',(-4.055825162765E-13,1.878445143485,
    -67.8357525554));
#6372 = CARTESIAN_POINT('',(-4.464217343728E-13,3.385861304581,
    -68.00544967711));
#6373 = CARTESIAN_POINT('',(-5.183351238307E-13,6.288437587272,
    -68.22274124342));
#6374 = CARTESIAN_POINT('',(-3.549047260984E-13,8.954621337629,
    -68.2259889742));
#6375 = CARTESIAN_POINT('',(-8.896001569356E-13,10.225644610721,
    -68.18164282285));
#6376 = CARTESIAN_POINT('',(3.298596870231E-13,11.433580727108,
    -68.09871245271));
#6377 = CARTESIAN_POINT('',(-1.377234363246E-12,12.578996272257,
    -67.98398329769));
#6378 = CARTESIAN_POINT('',(2.516684232399E-13,13.663563129311,
    -67.84342428933));
#6379 = CARTESIAN_POINT('',(-7.946213262483E-13,14.689657551969,
    -67.68215747965));
#6380 = CARTESIAN_POINT('',(-4.100630804811E-13,15.660073331018,
    -67.50452068808));
#6381 = CARTESIAN_POINT('',(-4.660930231062E-13,18.413300022116,
    -66.93339581302));
#6382 = CARTESIAN_POINT('',(-5.052536745111E-13,20.720155396466,
    -66.27482711382));
#6383 = CARTESIAN_POINT('',(-2.273092407077E-13,22.084284833436,
    -65.8210946859));
#6384 = CARTESIAN_POINT('',(-9.325748416515E-13,23.300404303075,
    -65.36707852477));
#6385 = CARTESIAN_POINT('',(1.385104581639E-13,24.390901860935,
    -64.92041762084));
#6386 = CARTESIAN_POINT('',(-9.619928257475E-13,25.374563860181,
    -64.48532146577));
#6387 = CARTESIAN_POINT('',(-1.813344587897E-13,26.267074062208,
    -64.06370568074));
#6388 = CARTESIAN_POINT('',(-5.437643560175E-13,27.081466434654,
    -63.65626389485));
#6389 = CARTESIAN_POINT('',(-3.777707019382E-13,28.575815084082,
    -62.86953974927));
#6390 = CARTESIAN_POINT('',(-5.395104123071E-13,29.837897668085,
    -62.13699899634));
#6391 = CARTESIAN_POINT('',(-1.967136741235E-13,30.420024636124,
    -61.78373945667));
#6392 = CARTESIAN_POINT('',(-9.659154622468E-13,30.960642150866,
    -61.44251353467));
#6393 = CARTESIAN_POINT('',(1.940040873277E-13,31.465814920165,
    -61.11221074438));
#6394 = CARTESIAN_POINT('',(-1.045045161726E-12,31.94057786647,
    -60.79171790154));
#6395 = CARTESIAN_POINT('',(-1.231533402057E-13,32.389165996713,
    -60.47996695409));
#6396 = CARTESIAN_POINT('',(-5.584005705906E-13,32.815181443466,
    -60.17595779032));
#6397 = CARTESIAN_POINT('',(-3.098157984249E-13,33.990608295139,
    -59.31670731658));
#6398 = CARTESIAN_POINT('',(-6.154448914048E-13,35.025615056418,
    -58.50755172967));
#6399 = CARTESIAN_POINT('',(-1.154777824334E-14,35.660717359071,
    -57.99404172376));
#6400 = CARTESIAN_POINT('',(-1.206209293665E-12,36.266784904384,
    -57.4917301841));
#6401 = CARTESIAN_POINT('',(4.857101298202E-13,36.853801962704,
    -56.99708540542));
#6402 = CARTESIAN_POINT('',(-1.274719843494E-12,37.429878114698,
    -56.50736613187));
#6403 = CARTESIAN_POINT('',(2.818052583209E-14,38.001868049011,
    -56.02044472633));
#6404 = CARTESIAN_POINT('',(-5.829489587157E-13,38.575808019337,
    -55.53471653217));
#6405 = CARTESIAN_POINT('',(-3.49477926245E-13,39.738517122544,
    -54.56327293421));
#6406 = CARTESIAN_POINT('',(-5.192372862424E-13,40.95123169516,
    -53.58862459121));
#6407 = CARTESIAN_POINT('',(-3.230071633155E-13,41.575176586798,
    -53.09969118467));
#6408 = CARTESIAN_POINT('',(-5.877472903654E-13,42.221415702245,
    -52.60871656285));
#6409 = CARTESIAN_POINT('',(-3.533276805613E-13,42.894455393336,
    -52.1155931913));
#6410 = CARTESIAN_POINT('',(-4.901683101685E-13,43.598701181889,
    -51.62051487777));
#6411 = CARTESIAN_POINT('',(-4.511491193929E-13,44.338507614159,
    -51.12396987834));
#6412 = CARTESIAN_POINT('',(-4.423300124063E-13,45.118199137629,
    -50.62674068958));
#6413 = CARTESIAN_POINT('',(-4.798125473223E-13,47.589820350533,
    -49.13622998815));
#6414 = CARTESIAN_POINT('',(-4.009531440686E-13,50.497382032118,
    -47.66154564267));
#6415 = CARTESIAN_POINT('',(-5.955813419544E-13,52.663554625905,
    -46.69638666128));
#6416 = CARTESIAN_POINT('',(-2.191054339044E-13,55.090911551658,
    -45.76475518881));
#6417 = CARTESIAN_POINT('',(-7.014929618792E-13,57.811816081801,
    -44.88672264243));
#6418 = CARTESIAN_POINT('',(-2.690509628011E-13,60.856347416377,
    -44.08648438571));
#6419 = CARTESIAN_POINT('',(-5.435761036012E-13,64.251388113406,
    -43.39125699322));
#6420 = CARTESIAN_POINT('',(-4.184148413007E-13,68.020412821337,
    -42.82997108173));
#6421 = CARTESIAN_POINT('',(-4.602135341324E-13,72.183786941826,
    -42.4323639373));
#6422 = CARTESIAN_POINT('',(-4.513485271351E-13,76.759190392209,
    -42.22828058293));
#6423 = CARTESIAN_POINT('',(18.13008978365,-34.56438965191,1.));
#6424 = CARTESIAN_POINT('',(18.13008978365,-34.20650246393,
    -1.426482015296));
#6425 = CARTESIAN_POINT('',(18.13008978365,-33.86734041126,
    -3.736509865597));
#6426 = CARTESIAN_POINT('',(18.130089783649,-33.54508386473,
    -5.936676261545));
#6427 = CARTESIAN_POINT('',(18.13008978365,-33.23787344382,
    -8.034337522141));
#6428 = CARTESIAN_POINT('',(18.130089783649,-32.94378394391,
    -10.03785426404));
#6429 = CARTESIAN_POINT('',(18.130089783651,-32.66073213475,
    -11.95692576822));
#6430 = CARTESIAN_POINT('',(18.130089783649,-32.38641985403,
    -13.8031108866));
#6431 = CARTESIAN_POINT('',(18.13008978365,-32.11798528873,
    -15.59060525791));
#6432 = CARTESIAN_POINT('',(18.130089783649,-31.71854013593,
    -18.2110765344));
#6433 = CARTESIAN_POINT('',(18.13008978365,-31.30900788128,
    -20.79632823306));
#6434 = CARTESIAN_POINT('',(18.130089783649,-31.17054869365,
    -21.65727293781));
#6435 = CARTESIAN_POINT('',(18.130089783652,-31.02913314372,
    -22.52093757686));
#6436 = CARTESIAN_POINT('',(18.130089783647,-30.88351010862,
    -23.39134744446));
#6437 = CARTESIAN_POINT('',(18.130089783652,-30.73209462785,
    -24.27313844381));
#6438 = CARTESIAN_POINT('',(18.130089783649,-30.57283401537,
    -25.17167987028));
#6439 = CARTESIAN_POINT('',(18.13008978365,-30.40300500184,
    -26.09323731016));
#6440 = CARTESIAN_POINT('',(18.130089783649,-30.03475862033,
    -27.99709381056));
#6441 = CARTESIAN_POINT('',(18.13008978365,-29.58810388294,
    -30.05656565432));
#6442 = CARTESIAN_POINT('',(18.130089783648,-29.33986665325,
    -31.13373692032));
#6443 = CARTESIAN_POINT('',(18.130089783653,-29.05982911001,
    -32.26806430451));
#6444 = CARTESIAN_POINT('',(18.130089783646,-28.73894190453,
    -33.47047982683));
#6445 = CARTESIAN_POINT('',(18.130089783653,-28.36517563407,
    -34.7532754391));
#6446 = CARTESIAN_POINT('',(18.130089783648,-27.92232192145,
    -36.12936998806));
#6447 = CARTESIAN_POINT('',(18.13008978365,-27.388519282,-37.61191638846
    ));
#6448 = CARTESIAN_POINT('',(18.13008978365,-26.40636432805,
    -40.00942664723));
#6449 = CARTESIAN_POINT('',(18.130089783649,-25.072245274,
    -42.66462522871));
#6450 = CARTESIAN_POINT('',(18.130089783652,-24.58399906369,
    -43.57816527864));
#6451 = CARTESIAN_POINT('',(18.130089783645,-24.04743979623,
    -44.51936057671));
#6452 = CARTESIAN_POINT('',(18.130089783656,-23.45753656752,
    -45.48651664827));
#6453 = CARTESIAN_POINT('',(18.130089783645,-22.80916485565,
    -46.47682968044));
#6454 = CARTESIAN_POINT('',(18.130089783653,-22.0973811076,
    -47.4861083558));
#6455 = CARTESIAN_POINT('',(18.130089783649,-21.31788094149,
    -48.50855804379));
#6456 = CARTESIAN_POINT('',(18.13008978365,-19.61735918334,
    -50.56500426073));
#6457 = CARTESIAN_POINT('',(18.130089783649,-17.62878068718,
    -52.60986232971));
#6458 = CARTESIAN_POINT('',(18.130089783651,-16.56122307355,
    -53.6207242871));
#6459 = CARTESIAN_POINT('',(18.130089783648,-15.42093941666,
    -54.61006955044));
#6460 = CARTESIAN_POINT('',(18.130089783651,-14.21078064691,
    -55.56701300455));
#6461 = CARTESIAN_POINT('',(18.130089783649,-12.93639790844,
    -56.48031065045));
#6462 = CARTESIAN_POINT('',(18.13008978365,-11.60635927902,
    -57.33941542894));
#6463 = CARTESIAN_POINT('',(18.13008978365,-10.23163468871,
    -58.13558339105));
#6464 = CARTESIAN_POINT('',(18.13008978365,-7.417421661538,
    -59.58943696265));
#6465 = CARTESIAN_POINT('',(18.13008978365,-4.52436698656,
    -60.75142646671));
#6466 = CARTESIAN_POINT('',(18.130089783649,-3.070800337169,
    -61.2557312797));
#6467 = CARTESIAN_POINT('',(18.130089783651,-1.623221399025,
    -61.68220080944));
#6468 = CARTESIAN_POINT('',(18.130089783649,-0.194034742481,
    -62.03243186185));
#6469 = CARTESIAN_POINT('',(18.130089783651,1.206024245638,
    -62.31041172635));
#6470 = CARTESIAN_POINT('',(18.130089783649,2.56842942644,
    -62.52173626211));
#6471 = CARTESIAN_POINT('',(18.13008978365,3.886891858991,
    -62.67279688801));
#6472 = CARTESIAN_POINT('',(18.13008978365,6.427357808861,
    -62.86771042991));
#6473 = CARTESIAN_POINT('',(18.13008978365,8.764532153861,-62.8743163024
    ));
#6474 = CARTESIAN_POINT('',(18.130089783651,9.879702671632,
    -62.83706974481));
#6475 = CARTESIAN_POINT('',(18.130089783648,10.94055372555,
    -62.76567330796));
#6476 = CARTESIAN_POINT('',(18.130089783652,11.947557306256,
    -62.6660119912));
#6477 = CARTESIAN_POINT('',(18.130089783648,12.902145369858,
    -62.54326738485));
#6478 = CARTESIAN_POINT('',(18.130089783651,13.806362723505,
    -62.4018900172));
#6479 = CARTESIAN_POINT('',(18.13008978365,14.662618407643,
    -62.24565264598));
#6480 = CARTESIAN_POINT('',(18.13008978365,17.095283671071,
    -61.7418466518));
#6481 = CARTESIAN_POINT('',(18.13008978365,19.143570030996,
    -61.15646793891));
#6482 = CARTESIAN_POINT('',(18.130089783647,20.359526495625,
    -60.75103534665));
#6483 = CARTESIAN_POINT('',(18.130089783654,21.448212151253,
    -60.34303596702));
#6484 = CARTESIAN_POINT('',(18.130089783645,22.42902282941,
    -59.93921402863));
#6485 = CARTESIAN_POINT('',(18.130089783654,23.318246676284,
    -59.54333161033));
#6486 = CARTESIAN_POINT('',(18.130089783648,24.12949258786,
    -59.15715380843));
#6487 = CARTESIAN_POINT('',(18.13008978365,24.874078750732,
    -58.78137853952));
#6488 = CARTESIAN_POINT('',(18.130089783649,26.248876687466,
    -58.05064985274));
#6489 = CARTESIAN_POINT('',(18.13008978365,27.42676578895,
    -57.36005220708));
#6490 = CARTESIAN_POINT('',(18.13008978365,27.974443692878,
    -57.02440698865));
#6491 = CARTESIAN_POINT('',(18.13008978365,28.487303756642,
    -56.69764738743));
#6492 = CARTESIAN_POINT('',(18.13008978365,28.970634607959,
    -56.37888550461));
#6493 = CARTESIAN_POINT('',(18.13008978365,29.428833054756,
    -56.06722764839));
#6494 = CARTESIAN_POINT('',(18.13008978365,29.865602999626,
    -55.76181652816));
#6495 = CARTESIAN_POINT('',(18.13008978365,30.284100026635,
    -55.46185156791));
#6496 = CARTESIAN_POINT('',(18.13008978365,31.449126126308,
    -54.60819566245));
#6497 = CARTESIAN_POINT('',(18.13008978365,32.503804118606,
    -53.78845891323));
#6498 = CARTESIAN_POINT('',(18.130089783649,33.162450216246,
    -53.26228481819));
#6499 = CARTESIAN_POINT('',(18.13008978365,33.801245803306,
    -52.74258670157));
#6500 = CARTESIAN_POINT('',(18.130089783649,34.42907040348,
    -52.22670121293));
#6501 = CARTESIAN_POINT('',(18.13008978365,35.053177342995,
    -51.71264326558));
#6502 = CARTESIAN_POINT('',(18.130089783649,35.679731109798,
    -51.19895497568));
#6503 = CARTESIAN_POINT('',(18.13008978365,36.314185644293,
    -50.68462863115));
#6504 = CARTESIAN_POINT('',(18.13008978365,37.608811087127,
    -49.65340429889));
#6505 = CARTESIAN_POINT('',(18.13008978365,38.973385254507,
    -48.61575426124));
#6506 = CARTESIAN_POINT('',(18.13008978365,39.677788040445,
    -48.09500180474));
#6507 = CARTESIAN_POINT('',(18.13008978365,40.408605024259,
    -47.57232531318));
#6508 = CARTESIAN_POINT('',(18.13008978365,41.169960174987,
    -47.04800849799));
#6509 = CARTESIAN_POINT('',(18.13008978365,41.965889128058,
    -46.52259570473));
#6510 = CARTESIAN_POINT('',(18.13008978365,42.800382384122,
    -45.99688611001));
#6511 = CARTESIAN_POINT('',(18.13008978365,43.677403389691,
    -45.47193361164));
#6512 = CARTESIAN_POINT('',(18.13008978365,46.4478660426,-43.90327261634
    ));
#6513 = CARTESIAN_POINT('',(18.130089783649,49.671644495358,
    -42.36723364972));
#6514 = CARTESIAN_POINT('',(18.130089783652,52.053520473129,
    -41.37018007559));
#6515 = CARTESIAN_POINT('',(18.130089783647,54.698715769842,
    -40.41658327769));
#6516 = CARTESIAN_POINT('',(18.130089783654,57.6369583491,
    -39.52682812297));
#6517 = CARTESIAN_POINT('',(18.130089783647,60.895984249406,
    -38.72486328894));
#6518 = CARTESIAN_POINT('',(18.130089783652,64.500750969709,
    -38.03724319492));
#6519 = CARTESIAN_POINT('',(18.130089783649,68.473258891267,
    -37.49199524061));
#6520 = CARTESIAN_POINT('',(18.13008978365,72.832812975537,
    -37.11783499302));
#6521 = CARTESIAN_POINT('',(18.13008978365,77.5963921023,-36.94356230969
    ));
#6522 = CARTESIAN_POINT('',(30.058003604513,-20.86271151981,1.));
#6523 = CARTESIAN_POINT('',(30.058003604514,-20.50482433183,
    -1.416956967077));
#6524 = CARTESIAN_POINT('',(30.058003604512,-20.16566963646,
    -3.71020938489));
#6525 = CARTESIAN_POINT('',(30.058003604515,-19.84344662378,
    -5.885021280799));
#6526 = CARTESIAN_POINT('',(30.05800360451,-19.53633922751,
    -7.947118297024));
#6527 = CARTESIAN_POINT('',(30.058003604517,-19.24250313718,
    -9.902833346804));
#6528 = CARTESIAN_POINT('',(30.05800360451,-18.96001394728,
    -11.75930960209));
#6529 = CARTESIAN_POINT('',(30.058003604515,-18.6868387593,
    -13.52481573227));
#6530 = CARTESIAN_POINT('',(30.058003604513,-18.42063448948,
    -15.20921927736));
#6531 = CARTESIAN_POINT('',(30.058003604514,-18.02754281474,
    -17.63259396955));
#6532 = CARTESIAN_POINT('',(30.058003604514,-17.63366826073,
    -19.93791309822));
#6533 = CARTESIAN_POINT('',(30.058003604512,-17.50172835047,
    -20.69527935935));
#6534 = CARTESIAN_POINT('',(30.058003604517,-17.368474562,
    -21.44387073738));
#6535 = CARTESIAN_POINT('',(30.058003604509,-17.23310026156,
    -22.1862902422));
#6536 = CARTESIAN_POINT('',(30.058003604518,-17.09460420078,
    -22.92551346895));
#6537 = CARTESIAN_POINT('',(30.058003604511,-16.95171106598,
    -23.66496428365));
#6538 = CARTESIAN_POINT('',(30.058003604514,-16.80275083464,
    -24.40861552582));
#6539 = CARTESIAN_POINT('',(30.058003604513,-16.48817022634,
    -25.91360311482));
#6540 = CARTESIAN_POINT('',(30.058003604513,-16.12744948627,
    -27.47544816173));
#6541 = CARTESIAN_POINT('',(30.058003604516,-15.93234919016,
    -28.27595594391));
#6542 = CARTESIAN_POINT('',(30.058003604509,-15.71836188835,
    -29.10215623818));
#6543 = CARTESIAN_POINT('',(30.058003604518,-15.48005057778,
    -29.96091253418));
#6544 = CARTESIAN_POINT('',(30.058003604511,-15.21019412091,
    -30.85994376227));
#6545 = CARTESIAN_POINT('',(30.058003604515,-14.89905479235,
    -31.80739533553));
#6546 = CARTESIAN_POINT('',(30.058003604513,-14.5334835169,
    -32.8116188055));
#6547 = CARTESIAN_POINT('',(30.058003604513,-13.8763003596,
    -34.4123270793));
#6548 = CARTESIAN_POINT('',(30.058003604513,-13.00744111326,
    -36.1541443422));
#6549 = CARTESIAN_POINT('',(30.058003604513,-12.6916108148,
    -36.75040385439));
#6550 = CARTESIAN_POINT('',(30.058003604515,-12.34666580255,
    -37.36189716054));
#6551 = CARTESIAN_POINT('',(30.058003604511,-11.96953624159,
    -37.98767829526));
#6552 = CARTESIAN_POINT('',(30.058003604515,-11.55708304721,
    -38.62613241304));
#6553 = CARTESIAN_POINT('',(30.058003604513,-11.10626052596,
    -39.27480465097));
#6554 = CARTESIAN_POINT('',(30.058003604513,-10.61439062087,
    -39.93026454696));
#6555 = CARTESIAN_POINT('',(30.058003604514,-9.544685178574,
    -41.24593372644));
#6556 = CARTESIAN_POINT('',(30.058003604512,-8.299574464729,
    -42.5502928966));
#6557 = CARTESIAN_POINT('',(30.058003604517,-7.632298864393,
    -43.19444304344));
#6558 = CARTESIAN_POINT('',(30.058003604506,-6.920504378841,
    -43.82456846606));
#6559 = CARTESIAN_POINT('',(30.058003604522,-6.165775863846,
    -44.43408245645));
#6560 = CARTESIAN_POINT('',(30.058003604506,-5.371385171345,
    -45.01614948096));
#6561 = CARTESIAN_POINT('',(30.058003604517,-4.54237373795,
    -45.56432147714));
#6562 = CARTESIAN_POINT('',(30.058003604512,-3.685254192098,
    -46.07321179595));
#6563 = CARTESIAN_POINT('',(30.058003604514,-1.929491435527,
    -47.0045718448));
#6564 = CARTESIAN_POINT('',(30.058003604513,-0.121072406576,
    -47.75359071092));
#6565 = CARTESIAN_POINT('',(30.058003604514,0.788703649515,
    -48.08014040634));
#6566 = CARTESIAN_POINT('',(30.058003604513,1.696204222876,
    -48.35790910176));
#6567 = CARTESIAN_POINT('',(30.058003604514,2.593931778937,
    -48.58773871032));
#6568 = CARTESIAN_POINT('',(30.058003604513,3.475369445661,
    -48.77193393663));
#6569 = CARTESIAN_POINT('',(30.058003604513,4.335316130026,
    -48.91379625074));
#6570 = CARTESIAN_POINT('',(30.058003604514,5.169912714026,
    -49.01713321471));
#6571 = CARTESIAN_POINT('',(30.058003604513,6.783099669145,
    -49.15474192406));
#6572 = CARTESIAN_POINT('',(30.058003604514,8.277758672795,
    -49.16994720392));
#6573 = CARTESIAN_POINT('',(30.058003604511,8.993827112597,
    -49.15088102829));
#6574 = CARTESIAN_POINT('',(30.058003604517,9.678028078112,
    -49.10902026917));
#6575 = CARTESIAN_POINT('',(30.05800360451,10.330591324974,
    -49.04794412555));
#6576 = CARTESIAN_POINT('',(30.058003604516,10.952334412878,
    -48.9708179932));
#6577 = CARTESIAN_POINT('',(30.058003604512,11.544453392649,
    -48.88037278664));
#6578 = CARTESIAN_POINT('',(30.058003604514,12.108372050044,
    -48.7789342742));
#6579 = CARTESIAN_POINT('',(30.058003604512,13.7201552467,
    -48.44751602635));
#6580 = CARTESIAN_POINT('',(30.058003604515,15.106307461207,
    -48.0495595734));
#6581 = CARTESIAN_POINT('',(30.058003604509,15.942827957324,
    -47.76781144691));
#6582 = CARTESIAN_POINT('',(30.058003604521,16.705185728211,
    -47.47765017076));
#6583 = CARTESIAN_POINT('',(30.058003604504,17.405114226737,
    -47.18352870024));
#6584 = CARTESIAN_POINT('',(30.05800360452,18.052504281367,
    -46.88806339544));
#6585 = CARTESIAN_POINT('',(30.05800360451,18.655651548061,
    -46.59263389427));
#6586 = CARTESIAN_POINT('',(30.058003604514,19.221480503599,
    -46.29794909247));
#6587 = CARTESIAN_POINT('',(30.058003604512,20.290137315268,
    -45.71061154383));
#6588 = CARTESIAN_POINT('',(30.058003604514,21.252426803152,
    -45.12742028462));
#6589 = CARTESIAN_POINT('',(30.05800360451,21.711888794301,
    -44.83688118059));
#6590 = CARTESIAN_POINT('',(30.058003604519,22.153668585255,
    -44.5471664084));
#6591 = CARTESIAN_POINT('',(30.058003604507,22.581067445939,
    -44.25795806249));
#6592 = CARTESIAN_POINT('',(30.058003604518,22.996848123714,
    -43.96892451926));
#6593 = CARTESIAN_POINT('',(30.058003604511,23.403354488523,
    -43.67974819846));
#6594 = CARTESIAN_POINT('',(30.058003604514,23.802598619185,
    -43.39013948773));
#6595 = CARTESIAN_POINT('',(30.058003604513,24.940990850708,
    -42.55080994963));
#6596 = CARTESIAN_POINT('',(30.058003604513,26.046042217284,
    -41.70397734409));
#6597 = CARTESIAN_POINT('',(30.058003604515,26.764978410423,
    -41.14537350936));
#6598 = CARTESIAN_POINT('',(30.05800360451,27.487582778686,
    -40.58115247767));
#6599 = CARTESIAN_POINT('',(30.058003604517,28.21990585061,
    -40.01087455001));
#6600 = CARTESIAN_POINT('',(30.05800360451,28.967008287178,
    -39.43449101039));
#6601 = CARTESIAN_POINT('',(30.058003604515,29.733287135411,
    -38.85225905472));
#6602 = CARTESIAN_POINT('',(30.058003604513,30.522705168995,
    -38.2646996049));
#6603 = CARTESIAN_POINT('',(30.058003604514,32.155137185442,
    -37.08039093844));
#6604 = CARTESIAN_POINT('',(30.058003604513,33.908587890198,
    -35.88140844824));
#6605 = CARTESIAN_POINT('',(30.058003604515,34.819024331028,
    -35.27917492373));
#6606 = CARTESIAN_POINT('',(30.058003604511,35.766425249776,
    -34.67531743499));
#6607 = CARTESIAN_POINT('',(30.058003604516,36.753935423441,
    -34.07112158175));
#6608 = CARTESIAN_POINT('',(30.058003604512,37.784643295899,
    -33.468029354));
#6609 = CARTESIAN_POINT('',(30.058003604514,38.861607132941,
    -32.86763612241));
#6610 = CARTESIAN_POINT('',(30.058003604513,39.987865942968,
    -32.27169077922));
#6611 = CARTESIAN_POINT('',(30.058003604513,43.523590906719,
    -30.50290534843));
#6612 = CARTESIAN_POINT('',(30.058003604513,47.557125787634,
    -28.80975169533));
#6613 = CARTESIAN_POINT('',(30.058003604513,50.49136716048,
    -27.73102360593));
#6614 = CARTESIAN_POINT('',(30.058003604514,53.694395049542,
    -26.72117880011));
#6615 = CARTESIAN_POINT('',(30.058003604512,57.189189014912,
    -25.80140481549));
#6616 = CARTESIAN_POINT('',(30.058003604515,60.99748481257,
    -24.99501862498));
#6617 = CARTESIAN_POINT('',(30.058003604512,65.139310319578,
    -24.32687902469));
#6618 = CARTESIAN_POINT('',(30.058003604514,69.632890667684,
    -23.82270048892));
#6619 = CARTESIAN_POINT('',(30.058003604513,74.494815281345,
    -23.50858220357));
#6620 = CARTESIAN_POINT('',(30.058003604513,79.740267848924,
    -23.41064760448));
#6621 = CARTESIAN_POINT('',(32.227986812885,-4.196053620783,1.));
#6622 = CARTESIAN_POINT('',(32.227986812886,-3.838166432804,
    -1.405370742484));
#6623 = CARTESIAN_POINT('',(32.227986812885,-3.499020686807,
    -3.678217601819));
#6624 = CARTESIAN_POINT('',(32.227986812887,-3.176838464547,
    -5.822188401164));
#6625 = CARTESIAN_POINT('',(32.227986812882,-2.86985638697,
    -7.841025235048));
#6626 = CARTESIAN_POINT('',(32.22798681289,-2.5763285429,-9.738594527647
    ));
#6627 = CARTESIAN_POINT('',(32.227986812881,-2.294523720441,
    -11.51893021174));
#6628 = CARTESIAN_POINT('',(32.227986812888,-2.022731686826,
    -13.18629879388));
#6629 = CARTESIAN_POINT('',(32.227986812884,-1.759240338114,
    -14.74530313483));
#6630 = CARTESIAN_POINT('',(32.227986812886,-1.373877004681,
    -16.92893045361));
#6631 = CARTESIAN_POINT('',(32.227986812885,-0.999048405302,
    -18.89374089903));
#6632 = CARTESIAN_POINT('',(32.227986812886,-0.875038513886,
    -19.52511482048));
#6633 = CARTESIAN_POINT('',(32.227986812885,-0.751712654302,
    -20.1337316161));
#6634 = CARTESIAN_POINT('',(32.227986812886,-0.628804867283,
    -20.72046423568));
#6635 = CARTESIAN_POINT('',(32.227986812885,-0.506023929232,
    -21.28626868332));
#6636 = CARTESIAN_POINT('',(32.227986812886,-0.383040118557,
    -21.8322024138));
#6637 = CARTESIAN_POINT('',(32.227986812885,-0.259464577345,
    -22.35944938002));
#6638 = CARTESIAN_POINT('',(32.227986812886,-1.016276732253E-02,
    -23.37925467028));
#6639 = CARTESIAN_POINT('',(32.227986812885,0.246028255919,
    -24.33578878341));
#6640 = CARTESIAN_POINT('',(32.227986812887,0.376493031823,
    -24.79976438366));
#6641 = CARTESIAN_POINT('',(32.227986812882,0.510137125469,
    -25.25116031106));
#6642 = CARTESIAN_POINT('',(32.227986812889,0.648003499472,
    -25.69189111385));
#6643 = CARTESIAN_POINT('',(32.227986812883,0.79146453973,
    -26.12411312025));
#6644 = CARTESIAN_POINT('',(32.227986812886,0.942387100821,
    -26.55016536066));
#6645 = CARTESIAN_POINT('',(32.227986812885,1.103322523278,
    -26.97255903068));
#6646 = CARTESIAN_POINT('',(32.227986812885,1.365211490387,
    -27.6040410558));
#6647 = CARTESIAN_POINT('',(32.227986812885,1.668130858805,
    -28.23482550785));
#6648 = CARTESIAN_POINT('',(32.227986812885,1.774235239656,
    -28.4451464416));
#6649 = CARTESIAN_POINT('',(32.227986812887,1.886101558252,
    -28.6555917699));
#6650 = CARTESIAN_POINT('',(32.227986812882,2.004414213972,
    -28.8661260106));
#6651 = CARTESIAN_POINT('',(32.227986812889,2.129897214996,
    -29.0765805725));
#6652 = CARTESIAN_POINT('',(32.227986812883,2.263287707114,
    -29.28661280805));
#6653 = CARTESIAN_POINT('',(32.227986812886,2.405285493215,
    -29.49566801866));
#6654 = CARTESIAN_POINT('',(32.227986812885,2.707668886931,
    -29.91025943644));
#6655 = CARTESIAN_POINT('',(32.227986812886,3.048428829477,
    -30.31387917144));
#6656 = CARTESIAN_POINT('',(32.227986812884,3.228803240462,
    -30.51196276826));
#6657 = CARTESIAN_POINT('',(32.227986812888,3.419385480089,
    -30.7051348383));
#6658 = CARTESIAN_POINT('',(32.227986812881,3.620130739921,
    -30.89203723614));
#6659 = CARTESIAN_POINT('',(32.22798681289,3.830661328028,
    -31.07119686501));
#6660 = CARTESIAN_POINT('',(32.227986812882,4.050225597821,
    -31.24115166308));
#6661 = CARTESIAN_POINT('',(32.227986812886,4.277732761919,
    -31.40059878546));
#6662 = CARTESIAN_POINT('',(32.227986812885,4.746001505474,
    -31.69640013018));
#6663 = CARTESIAN_POINT('',(32.227986812886,5.235074751876,
    -31.94308342261));
#6664 = CARTESIAN_POINT('',(32.227986812884,5.483386445728,
    -32.0534126153));
#6665 = CARTESIAN_POINT('',(32.227986812888,5.733938194449,
    -32.15030230367));
#6666 = CARTESIAN_POINT('',(32.227986812882,5.985201359089,
    -32.23367615293));
#6667 = CARTESIAN_POINT('',(32.227986812888,6.235790449496,
    -32.30379217911));
#6668 = CARTESIAN_POINT('',(32.227986812884,6.484548943051,
    -32.36116096816));
#6669 = CARTESIAN_POINT('',(32.227986812886,6.730573347127,
    -32.40644709049));
#6670 = CARTESIAN_POINT('',(32.227986812885,7.215822422414,
    -32.47435046663));
#6671 = CARTESIAN_POINT('',(32.227986812886,7.68564966213,
    -32.50001602584));
#6672 = CARTESIAN_POINT('',(32.227986812884,7.916252180445,
    -32.50306438272));
#6673 = CARTESIAN_POINT('',(32.227986812888,8.142297720724,
    -32.49713068535));
#6674 = CARTESIAN_POINT('',(32.227986812882,8.363721385062,
    -32.48298936787));
#6675 = CARTESIAN_POINT('',(32.227986812888,8.580593384189,
    -32.46135333626));
#6676 = CARTESIAN_POINT('',(32.227986812884,8.793077345676,
    -32.43286177487));
#6677 = CARTESIAN_POINT('',(32.227986812886,9.001398596024,
    -32.39808034075));
#6678 = CARTESIAN_POINT('',(32.227986812885,9.614664643872,
    -32.2763537501));
#6679 = CARTESIAN_POINT('',(32.227986812886,10.195399946775,
    -32.10637686717));
#6680 = CARTESIAN_POINT('',(32.227986812883,10.57037628598,
    -31.97507795271));
#6681 = CARTESIAN_POINT('',(32.227986812889,10.935790327384,
    -31.82825440055));
#6682 = CARTESIAN_POINT('',(32.227986812881,11.294055041906,
    -31.6675720717));
#6683 = CARTESIAN_POINT('',(32.227986812889,11.647279590316,
    -31.49425367925));
#6684 = CARTESIAN_POINT('',(32.227986812884,11.997296627994,
    -31.30920999131));
#6685 = CARTESIAN_POINT('',(32.227986812886,12.345686143422,
    -31.11316325859));
#6686 = CARTESIAN_POINT('',(32.227986812884,13.041954306701,
    -30.70024602707));
#6687 = CARTESIAN_POINT('',(32.227986812886,13.741989421917,
    -30.2477033995));
#6688 = CARTESIAN_POINT('',(32.227986812881,14.094145984829,
    -30.01203116438));
#6689 = CARTESIAN_POINT('',(32.227986812894,14.449464060738,
    -29.76737755088));
#6690 = CARTESIAN_POINT('',(32.227986812875,14.808827506744,
    -29.51411799055));
#6691 = CARTESIAN_POINT('',(32.227986812894,15.173011406496,
    -29.25260455699));
#6692 = CARTESIAN_POINT('',(32.227986812881,15.54270529251,
    -28.98317617112));
#6693 = CARTESIAN_POINT('',(32.227986812886,15.918530289116,
    -28.70616475441));
#6694 = CARTESIAN_POINT('',(32.227986812885,17.024525206624,
    -27.88426174328));
#6695 = CARTESIAN_POINT('',(32.227986812886,18.190850512654,
    -27.00446986345));
#6696 = CARTESIAN_POINT('',(32.227986812884,18.983123299075,
    -26.40641864337));
#6697 = CARTESIAN_POINT('',(32.227986812887,19.8076722811,
    -25.78804014376));
#6698 = CARTESIAN_POINT('',(32.227986812883,20.667106810692,
    -25.15159950487));
#6699 = CARTESIAN_POINT('',(32.227986812888,21.56382040091,
    -24.49940340313));
#6700 = CARTESIAN_POINT('',(32.227986812883,22.500060191869,
    -23.83379524946));
#6701 = CARTESIAN_POINT('',(32.227986812886,23.477975108915,
    -23.15715538914));
#6702 = CARTESIAN_POINT('',(32.227986812885,25.521313478889,
    -21.78663564669));
#6703 = CARTESIAN_POINT('',(32.227986812885,27.747791804854,
    -20.39140910751));
#6704 = CARTESIAN_POINT('',(32.227986812886,28.908846630435,
    -19.69006238878));
#6705 = CARTESIAN_POINT('',(32.227986812884,30.119699245753,
    -18.9874567106));
#6706 = CARTESIAN_POINT('',(32.227986812887,31.3823033432,
    -18.28609636497));
#6707 = CARTESIAN_POINT('',(32.227986812884,32.698595207144,
    -17.58851523242));
#6708 = CARTESIAN_POINT('',(32.227986812886,34.070499137289,
    -16.89727717043));
#6709 = CARTESIAN_POINT('',(32.227986812885,35.499929659735,
    -16.2149764592));
#6710 = CARTESIAN_POINT('',(32.227986812886,39.96651615847,
    -14.20276059079));
#6711 = CARTESIAN_POINT('',(32.227986812885,44.985035012835,
    -12.31849335984));
#6712 = CARTESIAN_POINT('',(32.227986812886,48.591171097155,
    -11.14041676788));
#6713 = CARTESIAN_POINT('',(32.227986812885,52.4727439711,
    -10.06215214542));
#6714 = CARTESIAN_POINT('',(32.227986812886,56.64452446812,
    -9.105863394974));
#6715 = CARTESIAN_POINT('',(32.227986812885,61.120949628054,
    -8.294099086883));
#6716 = CARTESIAN_POINT('',(32.227986812885,65.916050958947,
    -7.649655469074));
#6717 = CARTESIAN_POINT('',(32.227986812885,71.043461396315,
    -7.195433584025));
#6718 = CARTESIAN_POINT('',(32.227986812885,76.516467198088,
    -6.954350063798));
#6719 = CARTESIAN_POINT('',(32.227986812885,82.348068390036,
    -6.94927275725));
#6720 = ADVANCED_FACE('',(#6721),#6740,.T.);
#6721 = FACE_BOUND('',#6722,.F.);
#6722 = EDGE_LOOP('',(#6723,#6732,#6738,#6739));
#6723 = ORIENTED_EDGE('',*,*,#6724,.T.);
#6724 = EDGE_CURVE('',#2085,#6725,#6727,.T.);
#6725 = VERTEX_POINT('',#6726);
#6726 = CARTESIAN_POINT('',(16.571998145643,61.575321930896,-10.6));
#6727 = CIRCLE('',#6728,1.);
#6728 = AXIS2_PLACEMENT_3D('',#6729,#6730,#6731);
#6729 = CARTESIAN_POINT('',(16.571998145651,60.575321930896,-10.6));
#6730 = DIRECTION('',(-1.,-7.251585066854E-12,2.601378564635E-54));
#6731 = DIRECTION('',(-7.251585066854E-12,1.,-3.587324068672E-43));
#6732 = ORIENTED_EDGE('',*,*,#6733,.T.);
#6733 = EDGE_CURVE('',#6725,#5042,#6734,.T.);
#6734 = LINE('',#6735,#6736);
#6735 = CARTESIAN_POINT('',(16.571998145643,61.575321930896,-10.6));
#6736 = VECTOR('',#6737,1.);
#6737 = DIRECTION('',(1.,0.,0.));
#6738 = ORIENTED_EDGE('',*,*,#5041,.F.);
#6739 = ORIENTED_EDGE('',*,*,#2084,.F.);
#6740 = CYLINDRICAL_SURFACE('',#6741,1.);
#6741 = AXIS2_PLACEMENT_3D('',#6742,#6743,#6744);
#6742 = CARTESIAN_POINT('',(16.571998145643,60.575321930896,-10.6));
#6743 = DIRECTION('',(1.,0.,0.));
#6744 = DIRECTION('',(0.,0.,1.));
#6745 = ADVANCED_FACE('',(#6746),#6811,.T.);
#6746 = FACE_BOUND('',#6747,.T.);
#6747 = EDGE_LOOP('',(#6748,#6749,#6801,#6810));
#6748 = ORIENTED_EDGE('',*,*,#2346,.T.);
#6749 = ORIENTED_EDGE('',*,*,#6750,.T.);
#6750 = EDGE_CURVE('',#2312,#6751,#6753,.T.);
#6751 = VERTEX_POINT('',#6752);
#6752 = CARTESIAN_POINT('',(-30.6677115674,4.690802964912,
    -34.14470194999));
#6753 = B_SPLINE_CURVE_WITH_KNOTS('',10,(#6754,#6755,#6756,#6757,#6758,
    #6759,#6760,#6761,#6762,#6763,#6764,#6765,#6766,#6767,#6768,#6769,
    #6770,#6771,#6772,#6773,#6774,#6775,#6776,#6777,#6778,#6779,#6780,
    #6781,#6782,#6783,#6784,#6785,#6786,#6787,#6788,#6789,#6790,#6791,
    #6792,#6793,#6794,#6795,#6796,#6797,#6798,#6799,#6800),
  .UNSPECIFIED.,.F.,.F.,(11,9,9,9,9,11),(-2.082341440499,-0.555102624037
    ,9.102309935425,18.759722494888,28.41713505435,38.074547613813),
  .UNSPECIFIED.);
#6754 = CARTESIAN_POINT('',(-30.04786394511,-7.582211310331,
    -8.020960366049));
#6755 = CARTESIAN_POINT('',(-30.02100278246,-7.628875642006,
    -8.20010846051));
#6756 = CARTESIAN_POINT('',(-29.99484946631,-7.674310273236,
    -8.374535636792));
#6757 = CARTESIAN_POINT('',(-29.96940399665,-7.718515204019,
    -8.544241894894));
#6758 = CARTESIAN_POINT('',(-29.94466637349,-7.761490434356,
    -8.709227234818));
#6759 = CARTESIAN_POINT('',(-29.92063659683,-7.803235964246,
    -8.869491656563));
#6760 = CARTESIAN_POINT('',(-29.89731466667,-7.843751793691,
    -9.025035160128));
#6761 = CARTESIAN_POINT('',(-29.874700583,-7.883037922688,
    -9.175857745515));
#6762 = CARTESIAN_POINT('',(-29.85279434583,-7.92109435124,
    -9.321959412722));
#6763 = CARTESIAN_POINT('',(-29.83159595515,-7.957921079345,
    -9.463340161751));
#6764 = CARTESIAN_POINT('',(-29.68153455633,-8.218613997893,
    -10.46416108685));
#6765 = CARTESIAN_POINT('',(-29.55650992705,-8.417435152209,
    -11.33637092846));
#6766 = CARTESIAN_POINT('',(-29.43714525071,-8.590499994851,
    -12.21577975084));
#6767 = CARTESIAN_POINT('',(-29.32449472859,-8.738088037793,
    -13.10138482098));
#6768 = CARTESIAN_POINT('',(-29.21953566133,-8.86036580753,
    -13.99202309697));
#6769 = CARTESIAN_POINT('',(-29.12315715773,-8.957418369397,
    -14.88647730995));
#6770 = CARTESIAN_POINT('',(-29.03615599015,-9.029215794171,
    -15.78359183687));
#6771 = CARTESIAN_POINT('',(-28.95924065432,-9.075543911272,
    -16.68229472744));
#6772 = CARTESIAN_POINT('',(-28.89304469726,-9.095928694034,
    -17.58142225188));
#6773 = CARTESIAN_POINT('',(-28.78325604649,-9.083238549001,
    -19.37706241472));
#6774 = CARTESIAN_POINT('',(-28.73965780212,-9.050169670599,
    -20.27359825411));
#6775 = CARTESIAN_POINT('',(-28.70793393565,-8.98954600974,
    -21.16739754809));
#6776 = CARTESIAN_POINT('',(-28.68853017288,-8.900481330882,
    -22.05577223124));
#6777 = CARTESIAN_POINT('',(-28.6818818422,-8.780915391728,
    -22.93947231201));
#6778 = CARTESIAN_POINT('',(-28.68826626061,-8.629615533851,
    -23.81034629011));
#6779 = CARTESIAN_POINT('',(-28.70774832441,-8.443209299879,
    -24.67013448834));
#6780 = CARTESIAN_POINT('',(-28.74022313341,-8.21837417968,
    -25.51055453959));
#6781 = CARTESIAN_POINT('',(-28.78523877768,-7.951341691309,
    -26.3275378344));
#6782 = CARTESIAN_POINT('',(-28.89902611312,-7.326789072288,
    -27.90294122579));
#6783 = CARTESIAN_POINT('',(-28.96779813868,-6.969254334074,
    -28.66141360976));
#6784 = CARTESIAN_POINT('',(-29.04776414585,-6.563481591824,
    -29.38498650173));
#6785 = CARTESIAN_POINT('',(-29.13800212275,-6.106900165364,
    -30.06823802729));
#6786 = CARTESIAN_POINT('',(-29.23735343335,-5.598348075164,
    -30.70571236061));
#6787 = CARTESIAN_POINT('',(-29.3443276509,-5.038688688853,
    -31.29228292661));
#6788 = CARTESIAN_POINT('',(-29.45708147489,-4.430793545948,
    -31.82368382165));
#6789 = CARTESIAN_POINT('',(-29.57352778652,-3.778975602684,
    -32.29689351349));
#6790 = CARTESIAN_POINT('',(-29.69151668929,-3.088292043189,
    -32.71021618061));
#6791 = CARTESIAN_POINT('',(-29.92631566038,-1.640649372644,
    -33.41591852448));
#6792 = CARTESIAN_POINT('',(-30.04312259583,-0.883668490276,
    -33.70827396551));
#6793 = CARTESIAN_POINT('',(-30.15721500815,-9.93186808357E-02,
    -33.93966992864));
#6794 = CARTESIAN_POINT('',(-30.26657325823,0.70687139607,
    -34.11082702904));
#6795 = CARTESIAN_POINT('',(-30.36935156851,1.529320842973,-34.223482826
    ));
#6796 = CARTESIAN_POINT('',(-30.46396332304,2.362683645997,
    -34.28013595411));
#6797 = CARTESIAN_POINT('',(-30.54914941074,3.202427539502,
    -34.28372454785));
#6798 = CARTESIAN_POINT('',(-30.62399888213,4.045395037348,
    -34.23726170444));
#6799 = CARTESIAN_POINT('',(-30.68789118997,4.890037054252,
    -34.14345072892));
#6800 = CARTESIAN_POINT('',(-30.74032928432,5.736009540673,
    -34.00430290646));
#6801 = ORIENTED_EDGE('',*,*,#6802,.F.);
#6802 = EDGE_CURVE('',#5844,#6751,#6803,.T.);
#6803 = B_SPLINE_CURVE_WITH_KNOTS('',5,(#6804,#6805,#6806,#6807,#6808,
    #6809),.UNSPECIFIED.,.F.,.F.,(6,6),(0.,1.),
  .PIECEWISE_BEZIER_KNOTS.);
#6804 = CARTESIAN_POINT('',(-30.62156532912,4.892500947301,
    -38.83701630196));
#6805 = CARTESIAN_POINT('',(-30.92967468186,4.835031015109,
    -37.93440136947));
#6806 = CARTESIAN_POINT('',(-31.09369764066,4.782670098389,
    -36.98219475982));
#6807 = CARTESIAN_POINT('',(-31.10311699417,4.739187301858,
    -36.0110898828));
#6808 = CARTESIAN_POINT('',(-30.95773734649,4.707779110987,
    -35.05495078942));
#6809 = CARTESIAN_POINT('',(-30.6677115674,4.690802964912,
    -34.14470194999));
#6810 = ORIENTED_EDGE('',*,*,#5898,.F.);
#6811 = ( BOUNDED_SURFACE() B_SPLINE_SURFACE(2,10,(
    (#6812,#6813,#6814,#6815,#6816,#6817,#6818,#6819,#6820,#6821,#6822
      ,#6823,#6824,#6825,#6826,#6827,#6828,#6829,#6830,#6831,#6832,#6833
      ,#6834,#6835,#6836,#6837,#6838,#6839,#6840,#6841,#6842,#6843,#6844
      ,#6845,#6846,#6847,#6848,#6849,#6850,#6851,#6852,#6853,#6854,#6855
      ,#6856,#6857,#6858)
    ,(#6859,#6860,#6861,#6862,#6863,#6864,#6865,#6866,#6867,#6868,#6869
      ,#6870,#6871,#6872,#6873,#6874,#6875,#6876,#6877,#6878,#6879,#6880
      ,#6881,#6882,#6883,#6884,#6885,#6886,#6887,#6888,#6889,#6890,#6891
      ,#6892,#6893,#6894,#6895,#6896,#6897,#6898,#6899,#6900,#6901,#6902
      ,#6903,#6904,#6905)
    ,(#6906,#6907,#6908,#6909,#6910,#6911,#6912,#6913,#6914,#6915,#6916
      ,#6917,#6918,#6919,#6920,#6921,#6922,#6923,#6924,#6925,#6926,#6927
      ,#6928,#6929,#6930,#6931,#6932,#6933,#6934,#6935,#6936,#6937,#6938
      ,#6939,#6940,#6941,#6942,#6943,#6944,#6945,#6946,#6947,#6948,#6949
      ,#6950,#6951,#6952
)),.UNSPECIFIED.,.F.,.F.,.F.) B_SPLINE_SURFACE_WITH_KNOTS((3,3),(11,9,9,
    9,9,11),(0.,38.62965023785),(-2.082341440499,-0.555102624037,
    9.102309935425,18.759722494888,28.41713505435,38.074547613813),
.UNSPECIFIED.) GEOMETRIC_REPRESENTATION_ITEM() RATIONAL_B_SPLINE_SURFACE
((
    (1.,1.,1.,1.,1.,1.,1.,1.,1.,1.,1.,1.,1.,1.,1.,1.,1.,1.,1.,1.,1.,1.
      ,1.,1.,1.,1.,1.,1.,1.,1.,1.,1.,1.,1.,1.,1.,1.,1.,1.,1.,1.,1.,1.,1.
      ,1.,1.,1.)
    ,(0.950883358242,0.951021005047,0.951128063673,0.951204534121
      ,0.951250416389,0.951265710479,0.951250416389,0.951204534121
      ,0.951128063673,0.951021005047,0.950012956068,0.949238660679
      ,0.94857083239,0.948017806494,0.947586983181,0.947285175195
      ,0.947118368837,0.947091053885,0.947205278054,0.947713885064
      ,0.948108179957,0.948641132534,0.949306012356,0.950094653892
      ,0.950982957937,0.951940660337,0.952912510102,0.953848774675
      ,0.955560796821,0.956336562466,0.956987807336,0.957476856126
      ,0.957781200532,0.957893417906,0.957818023931,0.957568496319
      ,0.957165361178,0.956102415507,0.955442444324,0.954679220464
      ,0.953840433091,0.952955552259,0.952053438228,0.951159292459
      ,0.950292020128,0.949463073919,0.948677848916)
    ,(1.,1.,1.,1.,1.,1.,1.,1.,1.,1.,1.,1.,1.,1.,1.,1.,1.,1.,1.,1.,1.,1.
      ,1.,1.,1.,1.,1.,1.,1.,1.,1.,1.,1.,1.,1.,1.,1.,1.,1.,1.,1.,1.,1.,1.
,1.,1.,1.))) REPRESENTATION_ITEM('') SURFACE() );
#6812 = CARTESIAN_POINT('',(-29.75123827734,-11.95414031313,
    -6.707718888814));
#6813 = CARTESIAN_POINT('',(-29.71834498886,-12.00077948646,
    -6.862408123576));
#6814 = CARTESIAN_POINT('',(-29.68545170038,-12.04741865979,
    -7.017097358338));
#6815 = CARTESIAN_POINT('',(-29.6525584119,-12.09405783312,-7.1717865931
    ));
#6816 = CARTESIAN_POINT('',(-29.61966512343,-12.14069700644,
    -7.326475827862));
#6817 = CARTESIAN_POINT('',(-29.58677183495,-12.18733617977,
    -7.481165062625));
#6818 = CARTESIAN_POINT('',(-29.55387854647,-12.2339753531,
    -7.635854297387));
#6819 = CARTESIAN_POINT('',(-29.52098525799,-12.28061452643,
    -7.790543532149));
#6820 = CARTESIAN_POINT('',(-29.48809196952,-12.32725369976,
    -7.945232766912));
#6821 = CARTESIAN_POINT('',(-29.45519868104,-12.37389287308,
    -8.099922001674));
#6822 = CARTESIAN_POINT('',(-29.21430645105,-12.71545235187,
    -9.232780297166));
#6823 = CARTESIAN_POINT('',(-29.01266230375,-12.97483399555,
    -10.2232609531));
#6824 = CARTESIAN_POINT('',(-28.81927687966,-13.19891500443,
    -11.22477707172));
#6825 = CARTESIAN_POINT('',(-28.63588265794,-13.38793004842,
    -12.23630852473));
#6826 = CARTESIAN_POINT('',(-28.46410274341,-13.54200360301,
    -13.25673857966));
#6827 = CARTESIAN_POINT('',(-28.30546201392,-13.66110569027,
    -14.28484029366));
#6828 = CARTESIAN_POINT('',(-28.16137116274,-13.74503388075,
    -15.31941839758));
#6829 = CARTESIAN_POINT('',(-28.03310745404,-13.79338523635,
    -16.35942315602));
#6830 = CARTESIAN_POINT('',(-27.92181601472,-13.80548187702,
    -17.40385269108));
#6831 = CARTESIAN_POINT('',(-27.73529494807,-13.75494582623,
    -19.49866782129));
#6832 = CARTESIAN_POINT('',(-27.6600542324,-13.69232501859,
    -20.54910614401));
#6833 = CARTESIAN_POINT('',(-27.60388335617,-13.5912212113,
    -21.60131458361));
#6834 = CARTESIAN_POINT('',(-27.56760064952,-13.45041591943,
    -22.65331208816));
#6835 = CARTESIAN_POINT('',(-27.55195088449,-13.26726769801,
    -23.70654917661));
#6836 = CARTESIAN_POINT('',(-27.55743264962,-13.04029909037,
    -24.75328553501));
#6837 = CARTESIAN_POINT('',(-27.58390002287,-12.76533819999,
    -25.79811354902));
#6838 = CARTESIAN_POINT('',(-27.63100955385,-12.43831398111,
    -26.83423443446));
#6839 = CARTESIAN_POINT('',(-27.69807420969,-12.0536455006,
    -27.85871713223));
#6840 = CARTESIAN_POINT('',(-27.87020906197,-11.160031251,
    -29.86956502739));
#6841 = CARTESIAN_POINT('',(-27.97527815734,-10.65106974372,
    -30.85599853498));
#6842 = CARTESIAN_POINT('',(-28.09837112247,-10.07547787616,
    -31.81635750536));
#6843 = CARTESIAN_POINT('',(-28.23820473482,-9.429325972819,
    -32.74183251707));
#6844 = CARTESIAN_POINT('',(-28.39311184026,-8.710915918257,
    -33.62094948349));
#6845 = CARTESIAN_POINT('',(-28.56068367574,-7.922431422619,
    -34.44170202548));
#6846 = CARTESIAN_POINT('',(-28.73770461111,-7.07005884874,
    -35.19401955418));
#6847 = CARTESIAN_POINT('',(-28.92053324073,-6.162399494624,
    -35.87105425283));
#6848 = CARTESIAN_POINT('',(-29.10566609754,-5.208309564219,
    -36.46898933572));
#6849 = CARTESIAN_POINT('',(-29.47393911275,-3.224929234073,
    -37.50359097334));
#6850 = CARTESIAN_POINT('',(-29.65706295409,-2.195739601939,
    -37.9402414723));
#6851 = CARTESIAN_POINT('',(-29.83584498827,-1.137976716701,
    -38.2945562741));
#6852 = CARTESIAN_POINT('',(-30.00718251261,-6.058689105519E-02,
    -38.56754977074));
#6853 = CARTESIAN_POINT('',(-30.16843648813,1.028558738577,
    -38.76188115745));
#6854 = CARTESIAN_POINT('',(-30.31748212961,2.122893918157,
    -38.8811424129));
#6855 = CARTESIAN_POINT('',(-30.45265223444,3.216899130742,
    -38.92942805259));
#6856 = CARTESIAN_POINT('',(-30.57265262549,4.305733317102,
    -38.91112548232));
#6857 = CARTESIAN_POINT('',(-30.67652908203,5.385133179793,
    -38.83086477854));
#6858 = CARTESIAN_POINT('',(-30.76376513381,6.451957787992,
    -38.69356672265));
#6859 = CARTESIAN_POINT('',(-30.62460904876,-9.844107123875,
    -7.464267860609));
#6860 = CARTESIAN_POINT('',(-30.5962889196,-9.8931321194,-7.631370319097
    ));
#6861 = CARTESIAN_POINT('',(-30.56838801925,-9.941431387653,
    -7.79599912491));
#6862 = CARTESIAN_POINT('',(-30.54090351449,-9.989009833201,
    -7.95817099534));
#6863 = CARTESIAN_POINT('',(-30.51383265355,-10.03587221964,
    -8.117902167201));
#6864 = CARTESIAN_POINT('',(-30.48717276516,-10.08202317121,
    -8.275208402241));
#6865 = CARTESIAN_POINT('',(-30.46092125769,-10.12746717428,
    -8.430104992328));
#6866 = CARTESIAN_POINT('',(-30.43507561831,-10.17220857881,
    -8.582606764403));
#6867 = CARTESIAN_POINT('',(-30.40963341218,-10.21625159976,
    -8.732728085213));
#6868 = CARTESIAN_POINT('',(-30.38459228168,-10.25960031841,
    -8.880482865818));
#6869 = CARTESIAN_POINT('',(-30.20396011501,-10.57229278934,
    -9.946300008375));
#6870 = CARTESIAN_POINT('',(-30.05192847482,-10.81105226967,
    -10.87612833002));
#6871 = CARTESIAN_POINT('',(-29.90521051256,-11.01883956442,
    -11.81428292475));
#6872 = CARTESIAN_POINT('',(-29.76506026513,-11.19585536469,
    -12.75984946369));
#6873 = CARTESIAN_POINT('',(-29.63265361807,-11.34218013876,
    -13.71180814792));
#6874 = CARTESIAN_POINT('',(-29.50908911547,-11.45776072971,
    -14.66905665742));
#6875 = CARTESIAN_POINT('',(-29.39538109749,-11.54239030826,
    -15.63055659531));
#6876 = CARTESIAN_POINT('',(-29.29246037004,-11.59566919289,
    -16.59542390516));
#6877 = CARTESIAN_POINT('',(-29.20119792737,-11.61693351446,
    -17.56278216907));
#6878 = CARTESIAN_POINT('',(-29.04377923214,-11.59334960779,
    -19.49909218442));
#6879 = CARTESIAN_POINT('',(-28.9776482252,-11.54855485361,
    -20.46751248837));
#6880 = CARTESIAN_POINT('',(-28.92491174755,-11.46974140047,
    -21.4352958407));
#6881 = CARTESIAN_POINT('',(-28.88631434149,-11.35584268747,
    -22.40029344414));
#6882 = CARTESIAN_POINT('',(-28.86258406109,-11.20449343176,
    -23.36387482067));
#6883 = CARTESIAN_POINT('',(-28.85450345307,-11.01436394576,
    -24.31832149946));
#6884 = CARTESIAN_POINT('',(-28.86252195543,-10.78175808234,
    -25.2670743597));
#6885 = CARTESIAN_POINT('',(-28.88729425379,-10.5031305041,-26.202697554
    ));
#6886 = CARTESIAN_POINT('',(-28.92902236174,-10.17400577781,
    -27.12155296646));
#6887 = CARTESIAN_POINT('',(-29.0460179733,-9.408354351621,
    -28.91044894779));
#6888 = CARTESIAN_POINT('',(-29.12124461975,-8.971876300176,
    -29.78093545772));
#6889 = CARTESIAN_POINT('',(-29.213122683,-8.477758927299,
    -30.62193396076));
#6890 = CARTESIAN_POINT('',(-29.3211478007,-7.922810193991,
    -31.4261863726));
#6891 = CARTESIAN_POINT('',(-29.44425350782,-7.305652798891,
    -32.18492178855));
#6892 = CARTESIAN_POINT('',(-29.58058663194,-6.627870895119,
    -32.88924296993));
#6893 = CARTESIAN_POINT('',(-29.72752180623,-5.894054245939,
    -33.53173572523));
#6894 = CARTESIAN_POINT('',(-29.88196259621,-5.110697105833,
    -34.10732195078));
#6895 = CARTESIAN_POINT('',(-30.04074973838,-4.284743665838,
    -34.61315534797));
#6896 = CARTESIAN_POINT('',(-30.36097031989,-2.561098352288,
    -35.48363180552));
#6897 = CARTESIAN_POINT('',(-30.52248559781,-1.662900682462,
    -35.84833037693));
#6898 = CARTESIAN_POINT('',(-30.68216173252,-0.736206987691,
    -36.14095811617));
#6899 = CARTESIAN_POINT('',(-30.83696379597,0.211701488228,
    -36.36224487801));
#6900 = CARTESIAN_POINT('',(-30.98415196528,1.174056374749,
    -36.51433531205));
#6901 = CARTESIAN_POINT('',(-31.12138906933,2.144871724079,
    -36.60028005188));
#6902 = CARTESIAN_POINT('',(-31.24679272959,3.119114445221,
    -36.62362512754));
#6903 = CARTESIAN_POINT('',(-31.35894204956,4.092791433358,
    -36.58810049289));
#6904 = CARTESIAN_POINT('',(-31.45684744647,5.062959689997,
    -36.49740948654));
#6905 = CARTESIAN_POINT('',(-31.53989164969,6.027656773725,
    -36.35512402004));
#6906 = CARTESIAN_POINT('',(-30.04786394511,-7.582211310331,
    -8.020960366049));
#6907 = CARTESIAN_POINT('',(-30.02100278246,-7.628875642006,
    -8.20010846051));
#6908 = CARTESIAN_POINT('',(-29.99484946631,-7.674310273236,
    -8.374535636792));
#6909 = CARTESIAN_POINT('',(-29.96940399665,-7.718515204019,
    -8.544241894894));
#6910 = CARTESIAN_POINT('',(-29.94466637349,-7.761490434356,
    -8.709227234818));
#6911 = CARTESIAN_POINT('',(-29.92063659683,-7.803235964246,
    -8.869491656563));
#6912 = CARTESIAN_POINT('',(-29.89731466667,-7.843751793691,
    -9.025035160128));
#6913 = CARTESIAN_POINT('',(-29.874700583,-7.883037922688,
    -9.175857745515));
#6914 = CARTESIAN_POINT('',(-29.85279434583,-7.92109435124,
    -9.321959412722));
#6915 = CARTESIAN_POINT('',(-29.83159595515,-7.957921079345,
    -9.463340161751));
#6916 = CARTESIAN_POINT('',(-29.68153455633,-8.218613997893,
    -10.46416108685));
#6917 = CARTESIAN_POINT('',(-29.55650992705,-8.417435152209,
    -11.33637092846));
#6918 = CARTESIAN_POINT('',(-29.43714525071,-8.590499994851,
    -12.21577975084));
#6919 = CARTESIAN_POINT('',(-29.32449472859,-8.738088037793,
    -13.10138482098));
#6920 = CARTESIAN_POINT('',(-29.21953566133,-8.86036580753,
    -13.99202309697));
#6921 = CARTESIAN_POINT('',(-29.12315715773,-8.957418369397,
    -14.88647730995));
#6922 = CARTESIAN_POINT('',(-29.03615599015,-9.029215794171,
    -15.78359183687));
#6923 = CARTESIAN_POINT('',(-28.95924065432,-9.075543911272,
    -16.68229472744));
#6924 = CARTESIAN_POINT('',(-28.89304469726,-9.095928694034,
    -17.58142225188));
#6925 = CARTESIAN_POINT('',(-28.78325604649,-9.083238549001,
    -19.37706241472));
#6926 = CARTESIAN_POINT('',(-28.73965780212,-9.050169670599,
    -20.27359825411));
#6927 = CARTESIAN_POINT('',(-28.70793393565,-8.98954600974,
    -21.16739754809));
#6928 = CARTESIAN_POINT('',(-28.68853017288,-8.900481330882,
    -22.05577223124));
#6929 = CARTESIAN_POINT('',(-28.6818818422,-8.780915391728,
    -22.93947231201));
#6930 = CARTESIAN_POINT('',(-28.68826626061,-8.629615533851,
    -23.81034629011));
#6931 = CARTESIAN_POINT('',(-28.70774832441,-8.443209299879,
    -24.67013448834));
#6932 = CARTESIAN_POINT('',(-28.74022313341,-8.21837417968,
    -25.51055453959));
#6933 = CARTESIAN_POINT('',(-28.78523877768,-7.951341691309,
    -26.3275378344));
#6934 = CARTESIAN_POINT('',(-28.89902611312,-7.326789072288,
    -27.90294122579));
#6935 = CARTESIAN_POINT('',(-28.96779813868,-6.969254334074,
    -28.66141360976));
#6936 = CARTESIAN_POINT('',(-29.04776414585,-6.563481591824,
    -29.38498650173));
#6937 = CARTESIAN_POINT('',(-29.13800212275,-6.106900165364,
    -30.06823802729));
#6938 = CARTESIAN_POINT('',(-29.23735343335,-5.598348075164,
    -30.70571236061));
#6939 = CARTESIAN_POINT('',(-29.3443276509,-5.038688688853,
    -31.29228292661));
#6940 = CARTESIAN_POINT('',(-29.45708147489,-4.430793545948,
    -31.82368382165));
#6941 = CARTESIAN_POINT('',(-29.57352778652,-3.778975602684,
    -32.29689351349));
#6942 = CARTESIAN_POINT('',(-29.69151668929,-3.088292043189,
    -32.71021618061));
#6943 = CARTESIAN_POINT('',(-29.92631566038,-1.640649372644,
    -33.41591852448));
#6944 = CARTESIAN_POINT('',(-30.04312259583,-0.883668490276,
    -33.70827396551));
#6945 = CARTESIAN_POINT('',(-30.15721500815,-9.93186808357E-02,
    -33.93966992864));
#6946 = CARTESIAN_POINT('',(-30.26657325823,0.70687139607,
    -34.11082702904));
#6947 = CARTESIAN_POINT('',(-30.36935156851,1.529320842973,-34.223482826
    ));
#6948 = CARTESIAN_POINT('',(-30.46396332304,2.362683645997,
    -34.28013595411));
#6949 = CARTESIAN_POINT('',(-30.54914941074,3.202427539502,
    -34.28372454785));
#6950 = CARTESIAN_POINT('',(-30.62399888213,4.045395037348,
    -34.23726170444));
#6951 = CARTESIAN_POINT('',(-30.68789118997,4.890037054252,
    -34.14345072892));
#6952 = CARTESIAN_POINT('',(-30.74032928432,5.736009540673,
    -34.00430290646));
#6953 = ADVANCED_FACE('',(#6954),#6974,.T.);
#6954 = FACE_BOUND('',#6955,.T.);
#6955 = EDGE_LOOP('',(#6956,#6965,#6966,#6967));
#6956 = ORIENTED_EDGE('',*,*,#6957,.F.);
#6957 = EDGE_CURVE('',#2093,#6958,#6960,.T.);
#6958 = VERTEX_POINT('',#6959);
#6959 = CARTESIAN_POINT('',(15.056190909824,60.059514695039,-10.6));
#6960 = CIRCLE('',#6961,1.);
#6961 = AXIS2_PLACEMENT_3D('',#6962,#6963,#6964);
#6962 = CARTESIAN_POINT('',(16.056190909824,60.059514695039,-10.6));
#6963 = DIRECTION('',(0.,-1.,0.));
#6964 = DIRECTION('',(0.,0.,1.));
#6965 = ORIENTED_EDGE('',*,*,#2092,.T.);
#6966 = ORIENTED_EDGE('',*,*,#6724,.T.);
#6967 = ORIENTED_EDGE('',*,*,#6968,.F.);
#6968 = EDGE_CURVE('',#6958,#6725,#6969,.T.);
#6969 = CIRCLE('',#6970,1.515807235825);
#6970 = AXIS2_PLACEMENT_3D('',#6971,#6972,#6973);
#6971 = CARTESIAN_POINT('',(16.571998145654,60.05951469507,-10.6));
#6972 = DIRECTION('',(0.,0.,-1.));
#6973 = DIRECTION('',(-1.,2.029710620932E-11,0.));
#6974 = SURFACE_OF_REVOLUTION('',#6975,#6986);
#6975 = B_SPLINE_CURVE_WITH_KNOTS('',5,(#6976,#6977,#6978,#6979,#6980,
    #6981,#6982,#6983,#6984,#6985),.UNSPECIFIED.,.F.,.F.,(6,4,6),(
    4.712388980385,5.497787143782,6.28318530718),.UNSPECIFIED.);
#6976 = CARTESIAN_POINT('',(16.056190909829,60.059514695081,-9.6));
#6977 = CARTESIAN_POINT('',(15.899111277149,60.059514695084,-9.6));
#6978 = CARTESIAN_POINT('',(15.742029155847,60.059514695087,
    -9.630835592946));
#6979 = CARTESIAN_POINT('',(15.593034092146,60.05951469509,
    -9.692551369057));
#6980 = CARTESIAN_POINT('',(15.460156202096,60.059514695093,
    -9.78182114536));
#6981 = CARTESIAN_POINT('',(15.238012055188,60.059514695097,
    -10.00396529226));
#6982 = CARTESIAN_POINT('',(15.148742278886,60.059514695099,
    -10.13684318231));
#6983 = CARTESIAN_POINT('',(15.087026502775,60.0595146951,
    -10.28583824601));
#6984 = CARTESIAN_POINT('',(15.056190909829,60.059514695101,
    -10.44292036732));
#6985 = CARTESIAN_POINT('',(15.056190909829,60.059514695101,-10.6));
#6986 = AXIS1_PLACEMENT('',#6987,#6988);
#6987 = CARTESIAN_POINT('',(16.571998145654,60.05951469507,-10.6));
#6988 = DIRECTION('',(0.,0.,-1.));
#6989 = ADVANCED_FACE('',(#6990),#7077,.T.);
#6990 = FACE_BOUND('',#6991,.T.);
#6991 = EDGE_LOOP('',(#6992,#6993,#7065,#7076));
#6992 = ORIENTED_EDGE('',*,*,#2311,.T.);
#6993 = ORIENTED_EDGE('',*,*,#6994,.F.);
#6994 = EDGE_CURVE('',#6995,#2270,#6997,.T.);
#6995 = VERTEX_POINT('',#6996);
#6996 = CARTESIAN_POINT('',(-30.84923098145,11.592972363576,
    -32.15961268366));
#6997 = B_SPLINE_CURVE_WITH_KNOTS('',14,(#6998,#6999,#7000,#7001,#7002,
    #7003,#7004,#7005,#7006,#7007,#7008,#7009,#7010,#7011,#7012,#7013,
    #7014,#7015,#7016,#7017,#7018,#7019,#7020,#7021,#7022,#7023,#7024,
    #7025,#7026,#7027,#7028,#7029,#7030,#7031,#7032,#7033,#7034,#7035,
    #7036,#7037,#7038,#7039,#7040,#7041,#7042,#7043,#7044,#7045,#7046,
    #7047,#7048,#7049,#7050,#7051,#7052,#7053,#7054,#7055,#7056,#7057,
    #7058,#7059,#7060,#7061,#7062,#7063,#7064),.UNSPECIFIED.,.F.,.F.,(15
    ,13,13,13,13,15),(-6.261738183909,1.944106715765,10.149951615439,
    26.561641414788,59.385021013486,61.976004024847),.UNSPECIFIED.);
#6998 = CARTESIAN_POINT('',(-30.87037944635,9.505708036873,
    -33.01061683422));
#6999 = CARTESIAN_POINT('',(-30.87249213768,10.030443663009,
    -32.81945266613));
#7000 = CARTESIAN_POINT('',(-30.87041808437,10.551039553861,
    -32.61670684907));
#7001 = CARTESIAN_POINT('',(-30.86434625195,11.067749277205,
    -32.40319285252));
#7002 = CARTESIAN_POINT('',(-30.8544973728,11.581167769964,
    -32.17960766351));
#7003 = CARTESIAN_POINT('',(-30.84115779277,12.091569937488,
    -31.94688987367));
#7004 = CARTESIAN_POINT('',(-30.82465433475,12.599439959613,
    -31.70594876676));
#7005 = CARTESIAN_POINT('',(-30.80533421296,13.105486200471,
    -31.45760995548));
#7006 = CARTESIAN_POINT('',(-30.78355007829,13.610317031963,
    -31.20271010618));
#7007 = CARTESIAN_POINT('',(-30.75963830543,14.114347138844,
    -30.94208450398));
#7008 = CARTESIAN_POINT('',(-30.73389433394,14.618068405231,
    -30.67640320154));
#7009 = CARTESIAN_POINT('',(-30.70656735844,15.122211024804,
    -30.4061001727));
#7010 = CARTESIAN_POINT('',(-30.67789366108,15.627195398897,
    -30.13168187147));
#7011 = CARTESIAN_POINT('',(-30.64813853679,16.132290443175,
    -29.85417281551));
#7012 = CARTESIAN_POINT('',(-30.58685488418,17.143120584128,
    -29.29389274239));
#7013 = CARTESIAN_POINT('',(-30.55532678955,17.648844897517,
    -29.01112713314));
#7014 = CARTESIAN_POINT('',(-30.52311065601,18.154993550986,
    -28.72624056116));
#7015 = CARTESIAN_POINT('',(-30.49043839216,18.660621168879,
    -28.44024344008));
#7016 = CARTESIAN_POINT('',(-30.45699914947,19.174469562092,
    -28.14885348555));
#7017 = CARTESIAN_POINT('',(-30.42463919226,19.664331472868,
    -27.86971752237));
#7018 = CARTESIAN_POINT('',(-30.38972911929,20.201280738355,
    -27.56511307951));
#7019 = CARTESIAN_POINT('',(-30.35788357602,20.68076843337,
    -27.2912393218));
#7020 = CARTESIAN_POINT('',(-30.3234307363,21.212547230462,
    -26.98969563149));
#7021 = CARTESIAN_POINT('',(-30.29089358163,21.712197124978,
    -26.70580936936));
#7022 = CARTESIAN_POINT('',(-30.25781923864,22.227974200697,
    -26.41401124586));
#7023 = CARTESIAN_POINT('',(-30.22533850538,22.739729164817,
    -26.12524313239));
#7024 = CARTESIAN_POINT('',(-30.1932033614,23.253464313108,
    -25.83646363048));
#7025 = CARTESIAN_POINT('',(-30.09819266442,24.797292966158,
    -24.97230088626));
#7026 = CARTESIAN_POINT('',(-30.03669313976,25.830422582668,
    -24.39888116072));
#7027 = CARTESIAN_POINT('',(-29.97750661217,26.867669906837,
    -23.82918914023));
#7028 = CARTESIAN_POINT('',(-29.92102975727,27.909157677724,
    -23.26406560025));
#7029 = CARTESIAN_POINT('',(-29.86759573063,28.954932083119,
    -22.70418075549));
#7030 = CARTESIAN_POINT('',(-29.81748442552,30.004970667726,
    -22.15005848295));
#7031 = CARTESIAN_POINT('',(-29.77093116099,31.059190286976,
    -21.60209719463));
#7032 = CARTESIAN_POINT('',(-29.72813374708,32.117455042888,
    -21.06058732092));
#7033 = CARTESIAN_POINT('',(-29.68925799833,33.179584287434,
    -20.52572545685));
#7034 = CARTESIAN_POINT('',(-29.65444161375,34.245360594909,
    -19.99762511124));
#7035 = CARTESIAN_POINT('',(-29.62379650422,35.314537800902,
    -19.47632411811));
#7036 = CARTESIAN_POINT('',(-29.59740949856,36.386849024869,
    -18.96178865975));
#7037 = CARTESIAN_POINT('',(-29.57534147811,37.462014736512,
    -18.45391393836));
#7038 = CARTESIAN_POINT('',(-29.5221917716,40.69522301462,
    -16.94973654379));
#7039 = CARTESIAN_POINT('',(-29.5041716322,42.860970377762,
    -15.97290087373));
#7040 = CARTESIAN_POINT('',(-29.50386299906,45.034660814946,
    -15.02071386354));
#7041 = CARTESIAN_POINT('',(-29.52117938753,47.213791373686,
    -14.09089824786));
#7042 = CARTESIAN_POINT('',(-29.55568304463,49.395802580605,
    -13.18046870666));
#7043 = CARTESIAN_POINT('',(-29.60658225447,51.578215042225,
    -12.28588839303));
#7044 = CARTESIAN_POINT('',(-29.67270747303,53.75871674294,
    -11.40318547171));
#7045 = CARTESIAN_POINT('',(-29.75247762935,55.935168031274,
    -10.52807220047));
#7046 = CARTESIAN_POINT('',(-29.8438644231,58.105530555516,
    -9.65607968378));
#7047 = CARTESIAN_POINT('',(-29.94435841627,60.267764766232,
    -8.782691818858));
#7048 = CARTESIAN_POINT('',(-30.05093727432,62.419779986992,
    -7.903432576683));
#7049 = CARTESIAN_POINT('',(-30.16003249442,64.559559433976,
    -7.013831157393));
#7050 = CARTESIAN_POINT('',(-30.26748742906,66.685621799535,
    -6.109160147312));
#7051 = CARTESIAN_POINT('',(-30.37646881136,68.964766213427,
    -5.110767955567));
#7052 = CARTESIAN_POINT('',(-30.38448452704,69.132400108752,
    -5.037334972934));
#7053 = CARTESIAN_POINT('',(-30.39254267049,69.300921302212,
    -4.9635133043));
#7054 = CARTESIAN_POINT('',(-30.40064324168,69.470329793807,
    -4.889302949663));
#7055 = CARTESIAN_POINT('',(-30.40878624063,69.640625583539,
    -4.814703909025));
#7056 = CARTESIAN_POINT('',(-30.41697166733,69.811808671406,
    -4.739716182385));
#7057 = CARTESIAN_POINT('',(-30.42519952179,69.983879057408,
    -4.664339769743));
#7058 = CARTESIAN_POINT('',(-30.433469804,70.156836741547,
    -4.588574671099));
#7059 = CARTESIAN_POINT('',(-30.44178251396,70.330681723821,
    -4.512420886454));
#7060 = CARTESIAN_POINT('',(-30.45013765168,70.505414004231,
    -4.435878415806));
#7061 = CARTESIAN_POINT('',(-30.45853521715,70.681033582776,
    -4.358947259157));
#7062 = CARTESIAN_POINT('',(-30.46697521037,70.857540459457,
    -4.281627416506));
#7063 = CARTESIAN_POINT('',(-30.47545763135,71.034934634274,
    -4.203918887853));
#7064 = CARTESIAN_POINT('',(-30.48398248008,71.213216107226,
    -4.125821673198));
#7065 = ORIENTED_EDGE('',*,*,#7066,.F.);
#7066 = EDGE_CURVE('',#6751,#6995,#7067,.T.);
#7067 = ( BOUNDED_CURVE() B_SPLINE_CURVE(7,(#7068,#7069,#7070,#7071,
    #7072,#7073,#7074,#7075),.UNSPECIFIED.,.F.,.F.) 
B_SPLINE_CURVE_WITH_KNOTS((8,8),(-1.678941205045,16.082631516069),
.PIECEWISE_BEZIER_KNOTS.) CURVE() GEOMETRIC_REPRESENTATION_ITEM() 
RATIONAL_B_SPLINE_CURVE((1.,1.,1.,1.,1.,1.,1.,1.)) REPRESENTATION_ITEM(
  '') );
#7068 = CARTESIAN_POINT('',(-30.751252849,0.131949992877,-35.95565030572
    ));
#7069 = CARTESIAN_POINT('',(-30.66621526519,2.402733663011,
    -34.92465041407));
#7070 = CARTESIAN_POINT('',(-30.628742429,4.782124914358,-34.00646029326
    ));
#7071 = CARTESIAN_POINT('',(-30.64606667035,7.254427264303,
    -33.21327065871));
#7072 = CARTESIAN_POINT('',(-30.72343028568,9.779225543365,
    -32.5414909085));
#7073 = CARTESIAN_POINT('',(-30.85471388438,12.321889337551,
    -31.94733122302));
#7074 = CARTESIAN_POINT('',(-31.03212264186,14.86829192031,
    -31.40007289853));
#7075 = CARTESIAN_POINT('',(-31.2457367178,17.407020144318,
    -30.87042856707));
#7076 = ORIENTED_EDGE('',*,*,#6750,.F.);
#7077 = B_SPLINE_SURFACE_WITH_KNOTS('',14,1,(
    (#7078,#7079)
    ,(#7080,#7081)
    ,(#7082,#7083)
    ,(#7084,#7085)
    ,(#7086,#7087)
    ,(#7088,#7089)
    ,(#7090,#7091)
    ,(#7092,#7093)
    ,(#7094,#7095)
    ,(#7096,#7097)
    ,(#7098,#7099)
    ,(#7100,#7101)
    ,(#7102,#7103)
    ,(#7104,#7105)
    ,(#7106,#7107)
    ,(#7108,#7109)
    ,(#7110,#7111)
    ,(#7112,#7113)
    ,(#7114,#7115)
    ,(#7116,#7117)
    ,(#7118,#7119)
    ,(#7120,#7121)
    ,(#7122,#7123)
    ,(#7124,#7125)
    ,(#7126,#7127)
    ,(#7128,#7129)
    ,(#7130,#7131)
    ,(#7132,#7133
    )),.UNSPECIFIED.,.T.,.F.,.F.,(15,13,15),(2,2),(0.,3.14159265359,
    6.28318530718),(0.,1.),.UNSPECIFIED.);
#7078 = CARTESIAN_POINT('',(-79.77190000001,8.894206569963,
    -72.34251041294));
#7079 = CARTESIAN_POINT('',(-55.01209999998,95.334348131838,
    -3.289161358083));
#7080 = CARTESIAN_POINT('',(-68.40003023238,8.894206569963,
    -72.34251041293));
#7081 = CARTESIAN_POINT('',(-47.49200234523,95.334348131844,
    -3.289161358088));
#7082 = CARTESIAN_POINT('',(-57.02816114861,7.689502525745,
    -69.87250108312));
#7083 = CARTESIAN_POINT('',(-39.97190330258,94.537690135445,
    -1.65577040766));
#7084 = CARTESIAN_POINT('',(-46.37574838279,5.280094649824,
    -64.93248285917));
#7085 = CARTESIAN_POINT('',(-32.9275825419,92.944373633452,
    1.611012537231));
#7086 = CARTESIAN_POINT('',(-37.16226865105,1.756057482164,
    -57.70713591646));
#7087 = CARTESIAN_POINT('',(-26.83479290748,90.613965992872,
    6.389056275164));
#7088 = CARTESIAN_POINT('',(-30.04260099281,-2.702456101684,
    -48.56582838776));
#7089 = CARTESIAN_POINT('',(-22.12664095105,87.665596679973,
    12.434109203794));
#7090 = CARTESIAN_POINT('',(-25.54257561725,-7.83510109321,
    -38.04234664416));
#7091 = CARTESIAN_POINT('',(-19.1508216964,84.271433579321,
    19.393174848004));
#7092 = CARTESIAN_POINT('',(-24.00318184185,-13.32108419875,
    -26.79441440803));
#7093 = CARTESIAN_POINT('',(-18.13283095253,80.64361041036,
    26.831314627895));
#7094 = CARTESIAN_POINT('',(-25.54257561725,-18.8070673043,
    -15.5464821719));
#7095 = CARTESIAN_POINT('',(-19.15082032296,77.015787348786,
    34.269454187611));
#7096 = CARTESIAN_POINT('',(-30.04260099281,-23.93971229582,
    -5.023000428306));
#7097 = CARTESIAN_POINT('',(-22.12664065271,73.621623912953,
    41.228520519048));
#7098 = CARTESIAN_POINT('',(-37.16226865104,-28.39822587967,
    4.118307100391));
#7099 = CARTESIAN_POINT('',(-26.83479619123,70.673255242958,
    47.273572129531));
#7100 = CARTESIAN_POINT('',(-46.37574838279,-31.92226304733,
    11.343654043104));
#7101 = CARTESIAN_POINT('',(-32.92757883768,68.342846932143,
    52.051617241642));
#7102 = CARTESIAN_POINT('',(-57.02816114861,-34.33167092325,
    16.283672267047));
#7103 = CARTESIAN_POINT('',(-39.97190478987,66.749530788828,
    55.318399451133));
#7104 = CARTESIAN_POINT('',(-68.40003023239,-35.53637496747,
    18.753681596868));
#7105 = CARTESIAN_POINT('',(-47.49200239493,65.95287271717,
    56.951790555878));
#7106 = CARTESIAN_POINT('',(-91.14376976764,-35.53637496747,
    18.75368159687));
#7107 = CARTESIAN_POINT('',(-62.53219760504,65.95287271717,
    56.951790555878));
#7108 = CARTESIAN_POINT('',(-102.5156388514,-34.33167092325,
    16.283672267041));
#7109 = CARTESIAN_POINT('',(-70.05229521009,66.749530788828,
    55.318399451133));
#7110 = CARTESIAN_POINT('',(-113.1680516172,-31.92226304733,
    11.343654043112));
#7111 = CARTESIAN_POINT('',(-77.09662116228,68.342846932143,
    52.051617241642));
#7112 = CARTESIAN_POINT('',(-122.3815313489,-28.39822587967,
    4.118307100386));
#7113 = CARTESIAN_POINT('',(-83.18940380873,70.673255242958,
    47.273572129531));
#7114 = CARTESIAN_POINT('',(-129.5011990072,-23.93971229582,
    -5.023000428309));
#7115 = CARTESIAN_POINT('',(-87.89755934725,73.621623912953,
    41.228520519048));
#7116 = CARTESIAN_POINT('',(-134.0012243827,-18.80706730429,
    -15.54648217189));
#7117 = CARTESIAN_POINT('',(-90.87337967701,77.015787348786,
    34.269454187611));
#7118 = CARTESIAN_POINT('',(-135.5406181581,-13.32108419875,
    -26.79441440803));
#7119 = CARTESIAN_POINT('',(-91.89136904743,80.64361041036,
    26.831314627895));
#7120 = CARTESIAN_POINT('',(-134.0012243827,-7.835101093211,
    -38.04234664417));
#7121 = CARTESIAN_POINT('',(-90.87337830356,84.271433579322,
    19.393174848004));
#7122 = CARTESIAN_POINT('',(-129.5011990072,-2.702456101683,
    -48.56582838776));
#7123 = CARTESIAN_POINT('',(-87.89755904892,87.665596679973,
    12.434109203794));
#7124 = CARTESIAN_POINT('',(-122.3815313489,1.756057482164,
    -57.70713591645));
#7125 = CARTESIAN_POINT('',(-83.18940709248,90.61396599287,
    6.389056275163));
#7126 = CARTESIAN_POINT('',(-113.1680516172,5.280094649824,
    -64.93248285918));
#7127 = CARTESIAN_POINT('',(-77.09661745805,92.944373633451,
    1.61101253723));
#7128 = CARTESIAN_POINT('',(-102.5156388514,7.689502525746,
    -69.87250108311));
#7129 = CARTESIAN_POINT('',(-70.05229669741,94.537690135451,
    -1.655770407655));
#7130 = CARTESIAN_POINT('',(-91.14376976763,8.894206569963,
    -72.34251041294));
#7131 = CARTESIAN_POINT('',(-62.53219765471,95.334348131838,
    -3.289161358093));
#7132 = CARTESIAN_POINT('',(-79.77190000001,8.894206569963,
    -72.34251041294));
#7133 = CARTESIAN_POINT('',(-55.01209999998,95.334348131838,
    -3.289161358083));
#7134 = ADVANCED_FACE('',(#7135),#7154,.T.);
#7135 = FACE_BOUND('',#7136,.F.);
#7136 = EDGE_LOOP('',(#7137,#7146,#7152,#7153));
#7137 = ORIENTED_EDGE('',*,*,#7138,.T.);
#7138 = EDGE_CURVE('',#2102,#7139,#7141,.T.);
#7139 = VERTEX_POINT('',#7140);
#7140 = CARTESIAN_POINT('',(15.056190909824,56.73047,-10.6));
#7141 = ELLIPSE('',#7142,1.427273189924,1.);
#7142 = AXIS2_PLACEMENT_3D('',#7143,#7144,#7145);
#7143 = CARTESIAN_POINT('',(16.056190909824,55.712084631548,-10.6));
#7144 = DIRECTION('',(-0.71351817973,-0.700636715563,-0.));
#7145 = DIRECTION('',(-0.700636715563,0.71351817973,0.));
#7146 = ORIENTED_EDGE('',*,*,#7147,.T.);
#7147 = EDGE_CURVE('',#7139,#6958,#7148,.T.);
#7148 = LINE('',#7149,#7150);
#7149 = CARTESIAN_POINT('',(15.056190909824,56.73047,-10.6));
#7150 = VECTOR('',#7151,1.);
#7151 = DIRECTION('',(0.,1.,0.));
#7152 = ORIENTED_EDGE('',*,*,#6957,.F.);
#7153 = ORIENTED_EDGE('',*,*,#2101,.F.);
#7154 = CYLINDRICAL_SURFACE('',#7155,1.);
#7155 = AXIS2_PLACEMENT_3D('',#7156,#7157,#7158);
#7156 = CARTESIAN_POINT('',(16.056190909824,56.73047,-10.6));
#7157 = DIRECTION('',(0.,1.,0.));
#7158 = DIRECTION('',(0.,0.,1.));
#7159 = ADVANCED_FACE('',(#7160),#7191,.T.);
#7160 = FACE_BOUND('',#7161,.T.);
#7161 = EDGE_LOOP('',(#7162,#7179,#7180,#7189,#7190));
#7162 = ORIENTED_EDGE('',*,*,#7163,.F.);
#7163 = EDGE_CURVE('',#5733,#2261,#7164,.T.);
#7164 = B_SPLINE_CURVE_WITH_KNOTS('',7,(#7165,#7166,#7167,#7168,#7169,
    #7170,#7171,#7172,#7173,#7174,#7175,#7176,#7177,#7178),
  .UNSPECIFIED.,.F.,.F.,(8,6,8),(0.,0.82315100944,1.),.UNSPECIFIED.);
#7165 = CARTESIAN_POINT('',(-31.61224574874,71.341375416625,
    -10.6747742941));
#7166 = CARTESIAN_POINT('',(-31.66663027406,71.248335171629,
    -10.45650164267));
#7167 = CARTESIAN_POINT('',(-31.71365975886,71.166284820342,
    -10.22844935289));
#7168 = CARTESIAN_POINT('',(-31.75288883703,71.096688944843,
    -9.990565334895));
#7169 = CARTESIAN_POINT('',(-31.78390007339,71.040965531571,
    -9.74292990572));
#7170 = CARTESIAN_POINT('',(-31.80631898731,71.000378265826,
    -9.485810360433));
#7171 = CARTESIAN_POINT('',(-31.81983566174,70.975851727772,
    -9.21972318582));
#7172 = CARTESIAN_POINT('',(-31.82516734521,70.966172487305,
    -8.886494629053));
#7173 = CARTESIAN_POINT('',(-31.82568892846,70.965225039994,
    -8.827184421665));
#7174 = CARTESIAN_POINT('',(-31.82578694389,70.965046889974,
    -8.767502614492));
#7175 = CARTESIAN_POINT('',(-31.82545933141,70.965642069604,
    -8.707457162296));
#7176 = CARTESIAN_POINT('',(-31.82470421914,70.967013662902,
    -8.64705650088));
#7177 = CARTESIAN_POINT('',(-31.82351992333,70.969163805547,
    -8.586309547094));
#7178 = CARTESIAN_POINT('',(-31.82190494841,70.972093684879,
    -8.525225698832));
#7179 = ORIENTED_EDGE('',*,*,#5771,.F.);
#7180 = ORIENTED_EDGE('',*,*,#7181,.T.);
#7181 = EDGE_CURVE('',#5772,#6995,#7182,.T.);
#7182 = B_SPLINE_CURVE_WITH_KNOTS('',5,(#7183,#7184,#7185,#7186,#7187,
    #7188),.UNSPECIFIED.,.F.,.F.,(6,6),(0.,65.646826531088),
  .PIECEWISE_BEZIER_KNOTS.);
#7183 = CARTESIAN_POINT('',(-31.00691857698,13.505992453878,
    -36.72111246858));
#7184 = CARTESIAN_POINT('',(-31.30342777167,13.146091960611,
    -35.84875721105));
#7185 = CARTESIAN_POINT('',(-31.45320645628,12.753860145803,
    -34.90804473847));
#7186 = CARTESIAN_POINT('',(-31.41997038832,12.346394534268,
    -33.93920283795));
#7187 = CARTESIAN_POINT('',(-31.20572294206,11.953663555961,
    -33.01038935623));
#7188 = CARTESIAN_POINT('',(-30.84923098145,11.592972363576,
    -32.15961268366));
#7189 = ORIENTED_EDGE('',*,*,#6994,.T.);
#7190 = ORIENTED_EDGE('',*,*,#2269,.F.);
#7191 = ( BOUNDED_SURFACE() B_SPLINE_SURFACE(2,14,(
    (#7192,#7193,#7194,#7195,#7196,#7197,#7198,#7199,#7200,#7201,#7202
      ,#7203,#7204,#7205,#7206,#7207,#7208,#7209,#7210,#7211,#7212,#7213
      ,#7214,#7215,#7216,#7217,#7218,#7219,#7220,#7221,#7222,#7223,#7224
      ,#7225,#7226,#7227,#7228,#7229,#7230,#7231,#7232,#7233,#7234,#7235
      ,#7236,#7237,#7238,#7239,#7240,#7241,#7242,#7243,#7244,#7245,#7246
      ,#7247,#7248,#7249,#7250,#7251,#7252,#7253,#7254,#7255,#7256,#7257
      ,#7258)
    ,(#7259,#7260,#7261,#7262,#7263,#7264,#7265,#7266,#7267,#7268,#7269
      ,#7270,#7271,#7272,#7273,#7274,#7275,#7276,#7277,#7278,#7279,#7280
      ,#7281,#7282,#7283,#7284,#7285,#7286,#7287,#7288,#7289,#7290,#7291
      ,#7292,#7293,#7294,#7295,#7296,#7297,#7298,#7299,#7300,#7301,#7302
      ,#7303,#7304,#7305,#7306,#7307,#7308,#7309,#7310,#7311,#7312,#7313
      ,#7314,#7315,#7316,#7317,#7318,#7319,#7320,#7321,#7322,#7323,#7324
      ,#7325)
    ,(#7326,#7327,#7328,#7329,#7330,#7331,#7332,#7333,#7334,#7335,#7336
      ,#7337,#7338,#7339,#7340,#7341,#7342,#7343,#7344,#7345,#7346,#7347
      ,#7348,#7349,#7350,#7351,#7352,#7353,#7354,#7355,#7356,#7357,#7358
      ,#7359,#7360,#7361,#7362,#7363,#7364,#7365,#7366,#7367,#7368,#7369
      ,#7370,#7371,#7372,#7373,#7374,#7375,#7376,#7377,#7378,#7379,#7380
      ,#7381,#7382,#7383,#7384,#7385,#7386,#7387,#7388,#7389,#7390,#7391
,#7392
    )),.UNSPECIFIED.,.F.,.F.,.F.) B_SPLINE_SURFACE_WITH_KNOTS((3,3),(15,
    13,13,13,13,15),(0.,65.646759197396),(-6.261738183909,1.944106715765
    ,10.149951615439,26.561641414788,59.385021013486,61.976004024847),
.UNSPECIFIED.) GEOMETRIC_REPRESENTATION_ITEM() RATIONAL_B_SPLINE_SURFACE
((
    (1.,1.,1.,1.,1.,1.,1.,1.,1.,1.,1.,1.,1.,1.,1.,1.,1.,1.,1.,1.,1.,1.
      ,1.,1.,1.,1.,1.,1.,1.,1.,1.,1.,1.,1.,1.,1.,1.,1.,1.,1.,1.,1.,1.,1.
      ,1.,1.,1.,1.,1.,1.,1.,1.,1.,1.,1.,1.,1.,1.,1.,1.,1.,1.,1.,1.,1.,1.
      ,1.)
    ,(0.945733731395,0.945281016424,0.944849065488,0.944426784685
      ,0.944002559406,0.943562422306,0.943093333079,0.942586090589
      ,0.942036307035,0.941443785256,0.940811176465,0.940142549809
      ,0.939442102954,0.938713278251,0.937206008256,0.936427585517
      ,0.935628355689,0.934809060685,0.93399072421,0.933117552905
      ,0.932315692613,0.931409704822,0.930585932751,0.929705614517
      ,0.928850270083,0.927988229741,0.927130686069,0.92456986029
      ,0.922879139652,0.921214986038,0.919585724235,0.917998279733
      ,0.916458480079,0.914971312138,0.913541133831,0.912171842212
      ,0.910866995794,0.909629893147,0.908463606083,0.907370968627
      ,0.904321625911,0.902593798758,0.901191968204,0.900134963675
      ,0.899439996028,0.899122622086,0.899196457774,0.89967281921
      ,0.900560399249,0.901864997603,0.903589253059,0.905732237284
      ,0.908288697307,0.911481220108,0.911678857209,0.911840560292
      ,0.911966329357,0.912056164403,0.912110065431,0.91212803244
      ,0.912110065431,0.912056164403,0.911966329357,0.911840560292
      ,0.911678857209,0.911481220108,0.911247648988)
    ,(1.,1.,1.,1.,1.,1.,1.,1.,1.,1.,1.,1.,1.,1.,1.,1.,1.,1.,1.,1.,1.,1.
      ,1.,1.,1.,1.,1.,1.,1.,1.,1.,1.,1.,1.,1.,1.,1.,1.,1.,1.,1.,1.,1.,1.
      ,1.,1.,1.,1.,1.,1.,1.,1.,1.,1.,1.,1.,1.,1.,1.,1.,1.,1.,1.,1.,1.,1.
,1.))) REPRESENTATION_ITEM('') SURFACE() );
#7192 = CARTESIAN_POINT('',(-31.00743600889,11.270506593463,
    -37.55197523741));
#7193 = CARTESIAN_POINT('',(-31.01645222388,11.858963238174,
    -37.35705279391));
#7194 = CARTESIAN_POINT('',(-31.0202219076,12.441049948932,
    -37.14949019478));
#7195 = CARTESIAN_POINT('',(-31.01883544722,13.01703361823,
    -36.93070662217));
#7196 = CARTESIAN_POINT('',(-31.01246389086,13.586982982582,
    -36.7023229583));
#7197 = CARTESIAN_POINT('',(-31.00129451447,14.151492360812,
    -36.46588603191));
#7198 = CARTESIAN_POINT('',(-30.98560590822,14.711101700994,
    -36.2230089364));
#7199 = CARTESIAN_POINT('',(-30.96578019015,15.266181853058,
    -35.97523092595));
#7200 = CARTESIAN_POINT('',(-30.94225650175,15.817155765694,
    -35.7237751082));
#7201 = CARTESIAN_POINT('',(-30.91548720477,16.364515893084,
    -35.46951429614));
#7202 = CARTESIAN_POINT('',(-30.88592748447,16.908518729603,
    -35.21318443041));
#7203 = CARTESIAN_POINT('',(-30.85403109443,17.449032785707,
    -34.95554965448));
#7204 = CARTESIAN_POINT('',(-30.82020110192,17.986129629692,
    -34.69716295855));
#7205 = CARTESIAN_POINT('',(-30.78471546709,18.520982586927,
    -34.43792005916));
#7206 = CARTESIAN_POINT('',(-30.71103325697,19.586652443091,
    -33.91830246551));
#7207 = CARTESIAN_POINT('',(-30.67283626553,20.117480223212,
    -33.6579209407));
#7208 = CARTESIAN_POINT('',(-30.63358987028,20.64656793898,
    -33.39722987044));
#7209 = CARTESIAN_POINT('',(-30.59342423627,21.175428202051,
    -33.13582629653));
#7210 = CARTESIAN_POINT('',(-30.55346420219,21.694897174459,
    -32.87825106478));
#7211 = CARTESIAN_POINT('',(-30.51083609776,22.239026159871,
    -32.60884474442));
#7212 = CARTESIAN_POINT('',(-30.47230206977,22.734312105257,
    -32.36204016857));
#7213 = CARTESIAN_POINT('',(-30.42846502235,23.289092917876,
    -32.08755943958));
#7214 = CARTESIAN_POINT('',(-30.38943421225,23.790158961109,
    -31.83825884035));
#7215 = CARTESIAN_POINT('',(-30.34771209704,24.324836919164,
    -31.57362754193));
#7216 = CARTESIAN_POINT('',(-30.30776408528,24.843513770632,
    -31.31687942988));
#7217 = CARTESIAN_POINT('',(-30.26789322029,25.367070853166,
    -31.05841062337));
#7218 = CARTESIAN_POINT('',(-30.22873859203,25.889456865511,
    -30.80113877313));
#7219 = CARTESIAN_POINT('',(-30.1134114896,27.456823083686,
    -30.03146091106));
#7220 = CARTESIAN_POINT('',(-30.03941690241,28.50159111548,-29.521391619
    ));
#7221 = CARTESIAN_POINT('',(-29.96907708865,29.546841820319,
    -29.01481259494));
#7222 = CARTESIAN_POINT('',(-29.90304218785,30.593083084529,
    -28.51208016136));
#7223 = CARTESIAN_POINT('',(-29.84186440199,31.640721800298,
    -28.01346937048));
#7224 = CARTESIAN_POINT('',(-29.78601238673,32.690078419783,
    -27.51917742696));
#7225 = CARTESIAN_POINT('',(-29.73588351936,33.741399529555,
    -27.0293271736));
#7226 = CARTESIAN_POINT('',(-29.69181399016,34.794868384065,
    -26.54397058843));
#7227 = CARTESIAN_POINT('',(-29.65408678839,35.850613480085,
    -26.06309236235));
#7228 = CARTESIAN_POINT('',(-29.62293750115,36.908715078124,
    -25.58661347769));
#7229 = CARTESIAN_POINT('',(-29.59855800592,37.969209763529,
    -25.11439486665));
#7230 = CARTESIAN_POINT('',(-29.58109798809,39.032092968786,
    -24.64624108225));
#7231 = CARTESIAN_POINT('',(-29.57066433346,40.097319513678,
    -24.181904031));
#7232 = CARTESIAN_POINT('',(-29.56062642795,43.299767359375,
    -22.79945214859));
#7233 = CARTESIAN_POINT('',(-29.58229719862,45.443817796386,
    -21.89187439443));
#7234 = CARTESIAN_POINT('',(-29.63285879084,47.59623323108,
    -20.99602475986));
#7235 = CARTESIAN_POINT('',(-29.71221606767,49.755939249581,
    -20.10869754184));
#7236 = CARTESIAN_POINT('',(-29.81968390045,51.921458932427,
    -19.22603120916));
#7237 = CARTESIAN_POINT('',(-29.95398340237,54.091000481199,
    -18.34364439424));
#7238 = CARTESIAN_POINT('',(-30.11321252469,56.262587175548,
    -17.45673357612));
#7239 = CARTESIAN_POINT('',(-30.29480054781,58.434164749913,
    -16.56016429574));
#7240 = CARTESIAN_POINT('',(-30.49545455372,60.603650698641,
    -15.64857295925));
#7241 = CARTESIAN_POINT('',(-30.71110398825,62.768918487218,
    -14.71648119745));
#7242 = CARTESIAN_POINT('',(-30.93684804071,64.927739182306,
    -13.75841000063));
#7243 = CARTESIAN_POINT('',(-31.16690860544,67.077731509111,
    -12.76896576947));
#7244 = CARTESIAN_POINT('',(-31.39459012073,69.216400722245,
    -11.74285562309));
#7245 = CARTESIAN_POINT('',(-31.6294268554,71.509114781884,
    -10.5904630387));
#7246 = CARTESIAN_POINT('',(-31.64660796344,71.676854160504,
    -10.50615177659));
#7247 = CARTESIAN_POINT('',(-31.66378907147,71.844593539125,
    -10.42184051447));
#7248 = CARTESIAN_POINT('',(-31.68097017951,72.012332917747,
    -10.33752925236));
#7249 = CARTESIAN_POINT('',(-31.69815128754,72.180072296368,
    -10.25321799025));
#7250 = CARTESIAN_POINT('',(-31.71533239558,72.347811674991,
    -10.16890672814));
#7251 = CARTESIAN_POINT('',(-31.73251350361,72.515551053613,
    -10.08459546602));
#7252 = CARTESIAN_POINT('',(-31.74969461165,72.683290432237,
    -10.00028420391));
#7253 = CARTESIAN_POINT('',(-31.76687571969,72.85102981086,
    -9.915972941805));
#7254 = CARTESIAN_POINT('',(-31.78405682772,73.018769189484,
    -9.831661679693));
#7255 = CARTESIAN_POINT('',(-31.80123793576,73.186508568109,
    -9.747350417581));
#7256 = CARTESIAN_POINT('',(-31.8184190438,73.354247946734,
    -9.663039155469));
#7257 = CARTESIAN_POINT('',(-31.83560015183,73.52198732536,
    -9.578727893357));
#7258 = CARTESIAN_POINT('',(-31.85278125987,73.689726703986,
    -9.494416631246));
#7259 = CARTESIAN_POINT('',(-31.77588729821,10.372253350991,
    -35.26219723716));
#7260 = CARTESIAN_POINT('',(-31.7886564411,10.932406607256,
    -35.0664992002));
#7261 = CARTESIAN_POINT('',(-31.79635502806,11.487160289475,
    -34.85879737452));
#7262 = CARTESIAN_POINT('',(-31.79930381695,12.036798840718,
    -34.64023314361));
#7263 = CARTESIAN_POINT('',(-31.79788968462,12.5816384421,
    -34.41200590767));
#7264 = CARTESIAN_POINT('',(-31.79257557763,13.122152466202,
    -34.17537216384));
#7265 = CARTESIAN_POINT('',(-31.78387669703,13.658860369287,
    -33.93161570563));
#7266 = CARTESIAN_POINT('',(-31.77231054171,14.192266739899,
    -33.68195177977));
#7267 = CARTESIAN_POINT('',(-31.75834881868,14.722854421103,
    -33.42743211803));
#7268 = CARTESIAN_POINT('',(-31.74239389883,15.251063095189,
    -33.16891624645));
#7269 = CARTESIAN_POINT('',(-31.72478402873,15.777235604364,
    -32.90711634531));
#7270 = CARTESIAN_POINT('',(-31.70581216577,16.301597301095,
    -32.64265815992));
#7271 = CARTESIAN_POINT('',(-31.68573532584,16.824352997752,
    -32.37608071504));
#7272 = CARTESIAN_POINT('',(-31.66476718272,17.34584134193,
    -32.10777685654));
#7273 = CARTESIAN_POINT('',(-31.62139619754,18.38754063969,
    -31.56801241638));
#7274 = CARTESIAN_POINT('',(-31.59898836589,18.907806051075,
    -31.29651687199));
#7275 = CARTESIAN_POINT('',(-31.57606647667,19.427248066966,
    -31.02400263014));
#7276 = CARTESIAN_POINT('',(-31.55279305997,19.946313575198,
    -30.75068613496));
#7277 = CARTESIAN_POINT('',(-31.52929761495,20.463459325703,
    -30.47729994293));
#7278 = CARTESIAN_POINT('',(-31.50575115024,20.984438922159,
    -30.2025872214));
#7279 = CARTESIAN_POINT('',(-31.48215379807,21.497440842705,
    -29.92980087908));
#7280 = CARTESIAN_POINT('',(-31.45875650966,22.019992358061,
    -29.65463968724));
#7281 = CARTESIAN_POINT('',(-31.43549426468,22.53388445254,
    -29.38196511768));
#7282 = CARTESIAN_POINT('',(-31.41255936239,23.053325942092,
    -29.10824995968));
#7283 = CARTESIAN_POINT('',(-31.38996229382,23.570313947181,
    -28.8357065132));
#7284 = CARTESIAN_POINT('',(-31.36779551352,24.088294148007,
    -28.56355912322));
#7285 = CARTESIAN_POINT('',(-31.34611293698,24.606325178955,
    -28.29215962973));
#7286 = CARTESIAN_POINT('',(-31.28257480961,26.16416657855,
    -27.47880321325));
#7287 = CARTESIAN_POINT('',(-31.24236179461,27.204745855606,
    -26.93925227634));
#7288 = CARTESIAN_POINT('',(-31.20478562542,28.246756789794,
    -26.40355777219));
#7289 = CARTESIAN_POINT('',(-31.17022858592,29.290485588856,
    -25.87223972584));
#7290 = CARTESIAN_POINT('',(-31.1390122619,30.336147508695,
    -25.34568543833));
#7291 = CARTESIAN_POINT('',(-31.11140552878,31.383897845378,
    -24.82416557923));
#7292 = CARTESIAN_POINT('',(-31.08763141193,32.43384102199,
    -24.30784886863));
#7293 = CARTESIAN_POINT('',(-31.06787279018,33.486038097208,
    -23.79681514652));
#7294 = CARTESIAN_POINT('',(-31.05227690899,34.540513036077,
    -23.29106661204));
#7295 = CARTESIAN_POINT('',(-31.04095867208,35.597258075952,
    -22.79053701962));
#7296 = CARTESIAN_POINT('',(-31.03400268221,36.656238534813,
    -22.29509861556));
#7297 = CARTESIAN_POINT('',(-31.03146400841,37.717397411157,
    -21.80456660711));
#7298 = CARTESIAN_POINT('',(-31.03336766275,38.780660130996,
    -21.31870096205));
#7299 = CARTESIAN_POINT('',(-31.05242775993,41.983683328998,
    -19.87096693771));
#7300 = CARTESIAN_POINT('',(-31.08300077792,44.127462232939,
    -18.92327883052));
#7301 = CARTESIAN_POINT('',(-31.13133869408,46.276162155051,
    -17.99193669443));
#7302 = CARTESIAN_POINT('',(-31.19689844171,48.428701366755,
    -17.07385650887));
#7303 = CARTESIAN_POINT('',(-31.27870214169,50.583865699822,
    -16.16540233831));
#7304 = CARTESIAN_POINT('',(-31.37534461008,52.740352576787,
    -15.26255743033));
#7305 = CARTESIAN_POINT('',(-31.48498667984,54.896881628891,
    -14.3610183667));
#7306 = CARTESIAN_POINT('',(-31.60533471923,57.052272142911,
    -13.45626873475));
#7307 = CARTESIAN_POINT('',(-31.73360762272,59.205433792939,
    -12.54366379776));
#7308 = CARTESIAN_POINT('',(-31.86649343565,61.355266044647,
    -11.618531348));
#7309 = CARTESIAN_POINT('',(-32.0000986767,63.500512375469,
    -10.67626692569));
#7310 = CARTESIAN_POINT('',(-32.12989436568,65.639666969098,
    -9.712374309304));
#7311 = CARTESIAN_POINT('',(-32.25066368289,67.77108258315,
    -8.722375244535));
#7312 = CARTESIAN_POINT('',(-32.36477874506,70.060426819445,
    -7.621182239836));
#7313 = CARTESIAN_POINT('',(-32.3731178001,70.227722592792,
    -7.540711626284));
#7314 = CARTESIAN_POINT('',(-32.38147511696,70.395384729852,
    -7.460064788837));
#7315 = CARTESIAN_POINT('',(-32.38985167385,70.563432854812,
    -7.379232288104));
#7316 = CARTESIAN_POINT('',(-32.39824845288,70.73188667073,
    -7.298204646755));
#7317 = CARTESIAN_POINT('',(-32.40666644049,70.900765967248,
    -7.216972345812));
#7318 = CARTESIAN_POINT('',(-32.41510662783,71.070090628346,
    -7.135525820922));
#7319 = CARTESIAN_POINT('',(-32.42357001111,71.239880640142,
    -7.0538554586));
#7320 = CARTESIAN_POINT('',(-32.43205759207,71.410156098762,
    -6.971951592448));
#7321 = CARTESIAN_POINT('',(-32.44057037829,71.580937218267,
    -6.889804499341));
#7322 = CARTESIAN_POINT('',(-32.44910938365,71.752244338653,
    -6.807404395576));
#7323 = CARTESIAN_POINT('',(-32.45767562869,71.924097933933,
    -6.724741432989));
#7324 = CARTESIAN_POINT('',(-32.46627014105,72.096518620296,
    -6.641805695026));
#7325 = CARTESIAN_POINT('',(-32.47489395588,72.269527164368,
    -6.558587192773));
#7326 = CARTESIAN_POINT('',(-30.87037944635,9.505708036873,
    -33.01061683422));
#7327 = CARTESIAN_POINT('',(-30.87249213768,10.030443663009,
    -32.81945266613));
#7328 = CARTESIAN_POINT('',(-30.87041808437,10.551039553861,
    -32.61670684907));
#7329 = CARTESIAN_POINT('',(-30.86434625195,11.067749277205,
    -32.40319285252));
#7330 = CARTESIAN_POINT('',(-30.8544973728,11.581167769964,
    -32.17960766351));
#7331 = CARTESIAN_POINT('',(-30.84115779277,12.091569937488,
    -31.94688987367));
#7332 = CARTESIAN_POINT('',(-30.82465433475,12.599439959613,
    -31.70594876676));
#7333 = CARTESIAN_POINT('',(-30.80533421296,13.105486200471,
    -31.45760995548));
#7334 = CARTESIAN_POINT('',(-30.78355007829,13.610317031963,
    -31.20271010618));
#7335 = CARTESIAN_POINT('',(-30.75963830543,14.114347138844,
    -30.94208450398));
#7336 = CARTESIAN_POINT('',(-30.73389433394,14.618068405231,
    -30.67640320154));
#7337 = CARTESIAN_POINT('',(-30.70656735844,15.122211024804,
    -30.4061001727));
#7338 = CARTESIAN_POINT('',(-30.67789366108,15.627195398897,
    -30.13168187147));
#7339 = CARTESIAN_POINT('',(-30.64813853679,16.132290443175,
    -29.85417281551));
#7340 = CARTESIAN_POINT('',(-30.58685488418,17.143120584128,
    -29.29389274239));
#7341 = CARTESIAN_POINT('',(-30.55532678955,17.648844897517,
    -29.01112713314));
#7342 = CARTESIAN_POINT('',(-30.52311065601,18.154993550986,
    -28.72624056116));
#7343 = CARTESIAN_POINT('',(-30.49043839216,18.660621168879,
    -28.44024344008));
#7344 = CARTESIAN_POINT('',(-30.45699914947,19.174469562092,
    -28.14885348555));
#7345 = CARTESIAN_POINT('',(-30.42463919226,19.664331472868,
    -27.86971752237));
#7346 = CARTESIAN_POINT('',(-30.38972911929,20.201280738355,
    -27.56511307951));
#7347 = CARTESIAN_POINT('',(-30.35788357602,20.68076843337,
    -27.2912393218));
#7348 = CARTESIAN_POINT('',(-30.3234307363,21.212547230462,
    -26.98969563149));
#7349 = CARTESIAN_POINT('',(-30.29089358163,21.712197124978,
    -26.70580936936));
#7350 = CARTESIAN_POINT('',(-30.25781923864,22.227974200697,
    -26.41401124586));
#7351 = CARTESIAN_POINT('',(-30.22533850538,22.739729164817,
    -26.12524313239));
#7352 = CARTESIAN_POINT('',(-30.1932033614,23.253464313108,
    -25.83646363048));
#7353 = CARTESIAN_POINT('',(-30.09819266442,24.797292966158,
    -24.97230088626));
#7354 = CARTESIAN_POINT('',(-30.03669313976,25.830422582668,
    -24.39888116072));
#7355 = CARTESIAN_POINT('',(-29.97750661217,26.867669906837,
    -23.82918914023));
#7356 = CARTESIAN_POINT('',(-29.92102975727,27.909157677724,
    -23.26406560025));
#7357 = CARTESIAN_POINT('',(-29.86759573063,28.954932083119,
    -22.70418075549));
#7358 = CARTESIAN_POINT('',(-29.81748442552,30.004970667726,
    -22.15005848295));
#7359 = CARTESIAN_POINT('',(-29.77093116099,31.059190286976,
    -21.60209719463));
#7360 = CARTESIAN_POINT('',(-29.72813374708,32.117455042888,
    -21.06058732092));
#7361 = CARTESIAN_POINT('',(-29.68925799833,33.179584287434,
    -20.52572545685));
#7362 = CARTESIAN_POINT('',(-29.65444161375,34.245360594909,
    -19.99762511124));
#7363 = CARTESIAN_POINT('',(-29.62379650422,35.314537800902,
    -19.47632411811));
#7364 = CARTESIAN_POINT('',(-29.59740949856,36.386849024869,
    -18.96178865975));
#7365 = CARTESIAN_POINT('',(-29.57534147811,37.462014736512,
    -18.45391393836));
#7366 = CARTESIAN_POINT('',(-29.5221917716,40.69522301462,
    -16.94973654379));
#7367 = CARTESIAN_POINT('',(-29.5041716322,42.860970377762,
    -15.97290087373));
#7368 = CARTESIAN_POINT('',(-29.50386299906,45.034660814946,
    -15.02071386354));
#7369 = CARTESIAN_POINT('',(-29.52117938753,47.213791373686,
    -14.09089824786));
#7370 = CARTESIAN_POINT('',(-29.55568304463,49.395802580605,
    -13.18046870666));
#7371 = CARTESIAN_POINT('',(-29.60658225447,51.578215042225,
    -12.28588839303));
#7372 = CARTESIAN_POINT('',(-29.67270747303,53.75871674294,
    -11.40318547171));
#7373 = CARTESIAN_POINT('',(-29.75247762935,55.935168031274,
    -10.52807220047));
#7374 = CARTESIAN_POINT('',(-29.8438644231,58.105530555516,
    -9.65607968378));
#7375 = CARTESIAN_POINT('',(-29.94435841627,60.267764766232,
    -8.782691818858));
#7376 = CARTESIAN_POINT('',(-30.05093727432,62.419779986992,
    -7.903432576683));
#7377 = CARTESIAN_POINT('',(-30.16003249442,64.559559433976,
    -7.013831157393));
#7378 = CARTESIAN_POINT('',(-30.26748742906,66.685621799535,
    -6.109160147312));
#7379 = CARTESIAN_POINT('',(-30.37646881136,68.964766213427,
    -5.110767955567));
#7380 = CARTESIAN_POINT('',(-30.38448452704,69.132400108752,
    -5.037334972934));
#7381 = CARTESIAN_POINT('',(-30.39254267049,69.300921302212,
    -4.9635133043));
#7382 = CARTESIAN_POINT('',(-30.40064324168,69.470329793807,
    -4.889302949663));
#7383 = CARTESIAN_POINT('',(-30.40878624063,69.640625583539,
    -4.814703909025));
#7384 = CARTESIAN_POINT('',(-30.41697166733,69.811808671406,
    -4.739716182385));
#7385 = CARTESIAN_POINT('',(-30.42519952179,69.983879057408,
    -4.664339769743));
#7386 = CARTESIAN_POINT('',(-30.433469804,70.156836741547,
    -4.588574671099));
#7387 = CARTESIAN_POINT('',(-30.44178251396,70.330681723821,
    -4.512420886454));
#7388 = CARTESIAN_POINT('',(-30.45013765168,70.505414004231,
    -4.435878415806));
#7389 = CARTESIAN_POINT('',(-30.45853521715,70.681033582776,
    -4.358947259157));
#7390 = CARTESIAN_POINT('',(-30.46697521037,70.857540459457,
    -4.281627416506));
#7391 = CARTESIAN_POINT('',(-30.47545763135,71.034934634274,
    -4.203918887853));
#7392 = CARTESIAN_POINT('',(-30.48398248008,71.213216107226,
    -4.125821673198));
#7393 = ADVANCED_FACE('',(#7394),#7460,.F.);
#7394 = FACE_BOUND('',#7395,.F.);
#7395 = EDGE_LOOP('',(#7396,#7397,#7405,#7413,#7421,#7429,#7437,#7445,
    #7453,#7459));
#7396 = ORIENTED_EDGE('',*,*,#2109,.F.);
#7397 = ORIENTED_EDGE('',*,*,#7398,.T.);
#7398 = EDGE_CURVE('',#2110,#7399,#7401,.T.);
#7399 = VERTEX_POINT('',#7400);
#7400 = CARTESIAN_POINT('',(24.523306930705,47.089297562899,-16.2));
#7401 = LINE('',#7402,#7403);
#7402 = CARTESIAN_POINT('',(24.523306930705,47.089297562899,-9.6));
#7403 = VECTOR('',#7404,1.);
#7404 = DIRECTION('',(0.,0.,-1.));
#7405 = ORIENTED_EDGE('',*,*,#7406,.F.);
#7406 = EDGE_CURVE('',#7407,#7399,#7409,.T.);
#7407 = VERTEX_POINT('',#7408);
#7408 = CARTESIAN_POINT('',(20.968433474368,50.709528677555,-16.2));
#7409 = LINE('',#7410,#7411);
#7410 = CARTESIAN_POINT('',(22.583618489738,49.064647890535,-16.2));
#7411 = VECTOR('',#7412,1.);
#7412 = DIRECTION('',(0.700636715563,-0.71351817973,0.));
#7413 = ORIENTED_EDGE('',*,*,#7414,.T.);
#7414 = EDGE_CURVE('',#7407,#7415,#7417,.T.);
#7415 = VERTEX_POINT('',#7416);
#7416 = CARTESIAN_POINT('',(20.968433474368,50.709528677555,-11.8));
#7417 = LINE('',#7418,#7419);
#7418 = CARTESIAN_POINT('',(20.968433474368,50.709528677555,-16.2));
#7419 = VECTOR('',#7420,1.);
#7420 = DIRECTION('',(0.,0.,1.));
#7421 = ORIENTED_EDGE('',*,*,#7422,.T.);
#7422 = EDGE_CURVE('',#7415,#7423,#7425,.T.);
#7423 = VERTEX_POINT('',#7424);
#7424 = CARTESIAN_POINT('',(15.202193305293,56.581783296696,-11.8));
#7425 = LINE('',#7426,#7427);
#7426 = CARTESIAN_POINT('',(20.806181761548,50.874763447906,-11.8));
#7427 = VECTOR('',#7428,1.);
#7428 = DIRECTION('',(-0.700636715565,0.713518179728,0.));
#7429 = ORIENTED_EDGE('',*,*,#7430,.F.);
#7430 = EDGE_CURVE('',#7431,#7423,#7433,.T.);
#7431 = VERTEX_POINT('',#7432);
#7432 = CARTESIAN_POINT('',(15.202193305293,56.581783296696,-16.2));
#7433 = LINE('',#7434,#7435);
#7434 = CARTESIAN_POINT('',(15.202193305293,56.581783296696,-16.2));
#7435 = VECTOR('',#7436,1.);
#7436 = DIRECTION('',(0.,0.,1.));
#7437 = ORIENTED_EDGE('',*,*,#7438,.F.);
#7438 = EDGE_CURVE('',#7439,#7431,#7441,.T.);
#7439 = VERTEX_POINT('',#7440);
#7440 = CARTESIAN_POINT('',(15.057159715723,56.729483382248,-16.2));
#7441 = LINE('',#7442,#7443);
#7442 = CARTESIAN_POINT('',(22.583618489738,49.064647890535,-16.2));
#7443 = VECTOR('',#7444,1.);
#7444 = DIRECTION('',(0.700636715563,-0.71351817973,0.));
#7445 = ORIENTED_EDGE('',*,*,#7446,.T.);
#7446 = EDGE_CURVE('',#7439,#7447,#7449,.T.);
#7447 = VERTEX_POINT('',#7448);
#7448 = CARTESIAN_POINT('',(15.056190909824,56.73047,-16.19748539336));
#7449 = LINE('',#7450,#7451);
#7450 = CARTESIAN_POINT('',(12.696064436105,59.133988268532,
    -10.07160434593));
#7451 = VECTOR('',#7452,1.);
#7452 = DIRECTION('',(-0.337596928091,0.343803772002,0.876257542336));
#7453 = ORIENTED_EDGE('',*,*,#7454,.F.);
#7454 = EDGE_CURVE('',#7139,#7447,#7455,.T.);
#7455 = LINE('',#7456,#7457);
#7456 = CARTESIAN_POINT('',(15.056190909824,56.73047,-9.6));
#7457 = VECTOR('',#7458,1.);
#7458 = DIRECTION('',(0.,0.,-1.));
#7459 = ORIENTED_EDGE('',*,*,#7138,.F.);
#7460 = PLANE('',#7461);
#7461 = AXIS2_PLACEMENT_3D('',#7462,#7463,#7464);
#7462 = CARTESIAN_POINT('',(24.523306930705,47.089297562899,-9.6));
#7463 = DIRECTION('',(0.71351817973,0.700636715563,0.));
#7464 = DIRECTION('',(-0.700636715563,0.71351817973,0.));
#7465 = ADVANCED_FACE('',(#7466),#7521,.T.);
#7466 = FACE_BOUND('',#7467,.F.);
#7467 = EDGE_LOOP('',(#7468,#7469,#7496,#7504,#7513,#7519,#7520));
#7468 = ORIENTED_EDGE('',*,*,#5732,.F.);
#7469 = ORIENTED_EDGE('',*,*,#7470,.T.);
#7470 = EDGE_CURVE('',#5306,#7471,#7473,.T.);
#7471 = VERTEX_POINT('',#7472);
#7472 = CARTESIAN_POINT('',(-17.06021353536,79.691020549718,
    -20.32884494981));
#7473 = B_SPLINE_CURVE_WITH_KNOTS('',5,(#7474,#7475,#7476,#7477,#7478,
    #7479,#7480,#7481,#7482,#7483,#7484,#7485,#7486,#7487,#7488,#7489,
    #7490,#7491,#7492,#7493,#7494,#7495),.UNSPECIFIED.,.F.,.F.,(6,4,4,4,
    4,6),(0.,5.681617226673E-02,0.259104986224,0.507582398841,
    0.687262268301,1.),.UNSPECIFIED.);
#7474 = CARTESIAN_POINT('',(-32.86878757328,68.683704441751,
    -28.47724077261));
#7475 = CARTESIAN_POINT('',(-32.78677497697,68.905390432462,
    -28.32321125286));
#7476 = CARTESIAN_POINT('',(-32.70099476692,69.125316698659,
    -28.16987125633));
#7477 = CARTESIAN_POINT('',(-32.61151829457,69.343368332445,
    -28.01732104403));
#7478 = CARTESIAN_POINT('',(-32.51840149872,69.559474027856,
    -27.86563077819));
#7479 = CARTESIAN_POINT('',(-32.07733427189,70.536003780399,
    -27.17796553003));
#7480 = CARTESIAN_POINT('',(-31.68736982906,71.273310785834,
    -26.65254967643));
#7481 = CARTESIAN_POINT('',(-31.25410931466,71.982858876924,
    -26.14139512964));
#7482 = CARTESIAN_POINT('',(-30.77986124199,72.662188468657,
    -25.64723083849));
#7483 = CARTESIAN_POINT('',(-29.6368530122,74.103458264901,
    -24.58976609505));
#7484 = CARTESIAN_POINT('',(-28.94843668127,74.848803821595,
    -24.03647297212));
#7485 = CARTESIAN_POINT('',(-28.20593598938,75.540717643521,
    -23.51765653553));
#7486 = CARTESIAN_POINT('',(-27.41392813442,76.174799383707,
    -23.03825037353));
#7487 = CARTESIAN_POINT('',(-25.97306955943,77.160556073419,
    -22.28800822096));
#7488 = CARTESIAN_POINT('',(-25.34531141877,77.541804226969,
    -21.99618276819));
#7489 = CARTESIAN_POINT('',(-24.6965185075,77.889019643168,
    -21.7291322088));
#7490 = CARTESIAN_POINT('',(-24.02898842152,78.20065859959,
    -21.48852434913));
#7491 = CARTESIAN_POINT('',(-22.15549458465,78.953545008803,
    -20.90550963265));
#7492 = CARTESIAN_POINT('',(-20.91661133684,79.31996293588,
    -20.61959155431));
#7493 = CARTESIAN_POINT('',(-19.64320391143,79.567343910302,
    -20.4257467979));
#7494 = CARTESIAN_POINT('',(-18.35153163635,79.691020300082,
    -20.32884514541));
#7495 = CARTESIAN_POINT('',(-17.06021353536,79.691020549718,
    -20.32884494981));
#7496 = ORIENTED_EDGE('',*,*,#7497,.F.);
#7497 = EDGE_CURVE('',#7498,#7471,#7500,.T.);
#7498 = VERTEX_POINT('',#7499);
#7499 = CARTESIAN_POINT('',(-17.06021353536,79.691020549718,-16.2));
#7500 = LINE('',#7501,#7502);
#7501 = CARTESIAN_POINT('',(-17.06021353536,79.691020549718,
    -2.089273589886E-15));
#7502 = VECTOR('',#7503,1.);
#7503 = DIRECTION('',(1.224646799147E-16,0.,-1.));
#7504 = ORIENTED_EDGE('',*,*,#7505,.T.);
#7505 = EDGE_CURVE('',#7498,#7506,#7508,.T.);
#7506 = VERTEX_POINT('',#7507);
#7507 = CARTESIAN_POINT('',(-17.608782,79.682091608804,-16.2));
#7508 = CIRCLE('',#7509,16.855699308226);
#7509 = AXIS2_PLACEMENT_3D('',#7510,#7511,#7512);
#7510 = CARTESIAN_POINT('',(-17.06021353536,62.835321241491,-16.2));
#7511 = DIRECTION('',(-1.224646799147E-16,0.,1.));
#7512 = DIRECTION('',(-1.,0.,-1.224646799147E-16));
#7513 = ORIENTED_EDGE('',*,*,#7514,.T.);
#7514 = EDGE_CURVE('',#7506,#2253,#7515,.T.);
#7515 = LINE('',#7516,#7517);
#7516 = CARTESIAN_POINT('',(-17.608782,79.682091608804,
    -2.089273589886E-15));
#7517 = VECTOR('',#7518,1.);
#7518 = DIRECTION('',(-1.224646799147E-16,0.,1.));
#7519 = ORIENTED_EDGE('',*,*,#2260,.T.);
#7520 = ORIENTED_EDGE('',*,*,#7163,.F.);
#7521 = CYLINDRICAL_SURFACE('',#7522,16.855699308226);
#7522 = AXIS2_PLACEMENT_3D('',#7523,#7524,#7525);
#7523 = CARTESIAN_POINT('',(-17.06021353536,62.835321241491,
    -2.089273589886E-15));
#7524 = DIRECTION('',(-1.224646799147E-16,0.,1.));
#7525 = DIRECTION('',(-1.,0.,-1.224646799147E-16));
#7526 = ADVANCED_FACE('',(#7527),#7546,.F.);
#7527 = FACE_BOUND('',#7528,.F.);
#7528 = EDGE_LOOP('',(#7529,#7530,#7538,#7545));
#7529 = ORIENTED_EDGE('',*,*,#2117,.F.);
#7530 = ORIENTED_EDGE('',*,*,#7531,.T.);
#7531 = EDGE_CURVE('',#2118,#7532,#7534,.T.);
#7532 = VERTEX_POINT('',#7533);
#7533 = CARTESIAN_POINT('',(24.690887329386,46.597138109754,-16.2));
#7534 = LINE('',#7535,#7536);
#7535 = CARTESIAN_POINT('',(24.690887329386,46.597138109754,-9.6));
#7536 = VECTOR('',#7537,1.);
#7537 = DIRECTION('',(0.,0.,-1.));
#7538 = ORIENTED_EDGE('',*,*,#7539,.T.);
#7539 = EDGE_CURVE('',#7532,#7399,#7540,.T.);
#7540 = CIRCLE('',#7541,0.600000291294);
#7541 = AXIS2_PLACEMENT_3D('',#7542,#7543,#7544);
#7542 = CARTESIAN_POINT('',(24.095195815024,46.66891532947,-16.2));
#7543 = DIRECTION('',(0.,0.,1.));
#7544 = DIRECTION('',(-0.700636721034,0.713518174358,0.));
#7545 = ORIENTED_EDGE('',*,*,#7398,.F.);
#7546 = CYLINDRICAL_SURFACE('',#7547,0.600000291294);
#7547 = AXIS2_PLACEMENT_3D('',#7548,#7549,#7550);
#7548 = CARTESIAN_POINT('',(24.095195815024,46.66891532947,-9.6));
#7549 = DIRECTION('',(0.,0.,1.));
#7550 = DIRECTION('',(-0.700636721034,0.713518174358,0.));
#7551 = ADVANCED_FACE('',(#7552),#7578,.F.);
#7552 = FACE_BOUND('',#7553,.F.);
#7553 = EDGE_LOOP('',(#7554,#7555,#7556,#7564,#7572));
#7554 = ORIENTED_EDGE('',*,*,#2252,.F.);
#7555 = ORIENTED_EDGE('',*,*,#7514,.F.);
#7556 = ORIENTED_EDGE('',*,*,#7557,.F.);
#7557 = EDGE_CURVE('',#7558,#7506,#7560,.T.);
#7558 = VERTEX_POINT('',#7559);
#7559 = CARTESIAN_POINT('',(-17.608782,75.903302,-16.2));
#7560 = LINE('',#7561,#7562);
#7561 = CARTESIAN_POINT('',(-17.608782,56.361833552994,-16.2));
#7562 = VECTOR('',#7563,1.);
#7563 = DIRECTION('',(0.,1.,0.));
#7564 = ORIENTED_EDGE('',*,*,#7565,.F.);
#7565 = EDGE_CURVE('',#7566,#7558,#7568,.T.);
#7566 = VERTEX_POINT('',#7567);
#7567 = CARTESIAN_POINT('',(-17.608782,75.903302000002,-11.8));
#7568 = LINE('',#7569,#7570);
#7569 = CARTESIAN_POINT('',(-17.608782,75.903302,-9.6));
#7570 = VECTOR('',#7571,1.);
#7571 = DIRECTION('',(0.,0.,-1.));
#7572 = ORIENTED_EDGE('',*,*,#7573,.F.);
#7573 = EDGE_CURVE('',#2245,#7566,#7574,.T.);
#7574 = LINE('',#7575,#7576);
#7575 = CARTESIAN_POINT('',(-17.608782,75.903302,-9.6));
#7576 = VECTOR('',#7577,1.);
#7577 = DIRECTION('',(0.,0.,-1.));
#7578 = PLANE('',#7579);
#7579 = AXIS2_PLACEMENT_3D('',#7580,#7581,#7582);
#7580 = CARTESIAN_POINT('',(-17.608782,85.217613,-9.6));
#7581 = DIRECTION('',(-1.,0.,0.));
#7582 = DIRECTION('',(0.,-1.,0.));
#7583 = ADVANCED_FACE('',(#7584),#7618,.F.);
#7584 = FACE_BOUND('',#7585,.F.);
#7585 = EDGE_LOOP('',(#7586,#7587,#7595,#7603,#7611,#7617));
#7586 = ORIENTED_EDGE('',*,*,#2126,.F.);
#7587 = ORIENTED_EDGE('',*,*,#7588,.T.);
#7588 = EDGE_CURVE('',#2127,#7589,#7591,.T.);
#7589 = VERTEX_POINT('',#7590);
#7590 = CARTESIAN_POINT('',(21.926612290314,23.655943247744,-11.8));
#7591 = LINE('',#7592,#7593);
#7592 = CARTESIAN_POINT('',(21.926612290314,23.655943247744,-9.6));
#7593 = VECTOR('',#7594,1.);
#7594 = DIRECTION('',(0.,0.,-1.));
#7595 = ORIENTED_EDGE('',*,*,#7596,.F.);
#7596 = EDGE_CURVE('',#7597,#7589,#7599,.T.);
#7597 = VERTEX_POINT('',#7598);
#7598 = CARTESIAN_POINT('',(23.862743286477,39.724228,-11.8));
#7599 = LINE('',#7600,#7601);
#7600 = CARTESIAN_POINT('',(22.942644198871,32.08816712951,-11.8));
#7601 = VECTOR('',#7602,1.);
#7602 = DIRECTION('',(-0.119628641447,-0.9928187086,0.));
#7603 = ORIENTED_EDGE('',*,*,#7604,.F.);
#7604 = EDGE_CURVE('',#7605,#7597,#7607,.T.);
#7605 = VERTEX_POINT('',#7606);
#7606 = CARTESIAN_POINT('',(23.862743286477,39.724228,-16.2));
#7607 = LINE('',#7608,#7609);
#7608 = CARTESIAN_POINT('',(23.862743286477,39.724228,-16.2));
#7609 = VECTOR('',#7610,1.);
#7610 = DIRECTION('',(0.,0.,1.));
#7611 = ORIENTED_EDGE('',*,*,#7612,.F.);
#7612 = EDGE_CURVE('',#7532,#7605,#7613,.T.);
#7613 = LINE('',#7614,#7615);
#7614 = CARTESIAN_POINT('',(21.97457870079,24.054024753382,-16.2));
#7615 = VECTOR('',#7616,1.);
#7616 = DIRECTION('',(-0.119628641447,-0.9928187086,0.));
#7617 = ORIENTED_EDGE('',*,*,#7531,.F.);
#7618 = PLANE('',#7619);
#7619 = AXIS2_PLACEMENT_3D('',#7620,#7621,#7622);
#7620 = CARTESIAN_POINT('',(21.926612290314,23.655943247744,-9.6));
#7621 = DIRECTION('',(0.9928187086,-0.119628641447,0.));
#7622 = DIRECTION('',(0.119628641447,0.9928187086,-3.08148791102E-33));
#7623 = ADVANCED_FACE('',(#7624),#7642,.F.);
#7624 = FACE_BOUND('',#7625,.F.);
#7625 = EDGE_LOOP('',(#7626,#7627,#7628,#7636));
#7626 = ORIENTED_EDGE('',*,*,#2244,.F.);
#7627 = ORIENTED_EDGE('',*,*,#7573,.T.);
#7628 = ORIENTED_EDGE('',*,*,#7629,.F.);
#7629 = EDGE_CURVE('',#7630,#7566,#7632,.T.);
#7630 = VERTEX_POINT('',#7631);
#7631 = CARTESIAN_POINT('',(-18.62005200001,75.903302000009,-11.8));
#7632 = LINE('',#7633,#7634);
#7633 = CARTESIAN_POINT('',(-10.9713731484,75.903301999972,-11.8));
#7634 = VECTOR('',#7635,1.);
#7635 = DIRECTION('',(1.,-4.935049304931E-12,0.));
#7636 = ORIENTED_EDGE('',*,*,#7637,.F.);
#7637 = EDGE_CURVE('',#2236,#7630,#7638,.T.);
#7638 = LINE('',#7639,#7640);
#7639 = CARTESIAN_POINT('',(-18.62005200001,75.903302000009,-9.6));
#7640 = VECTOR('',#7641,1.);
#7641 = DIRECTION('',(0.,0.,-1.));
#7642 = PLANE('',#7643);
#7643 = AXIS2_PLACEMENT_3D('',#7644,#7645,#7646);
#7644 = CARTESIAN_POINT('',(-17.608782,75.903302,-9.6));
#7645 = DIRECTION('',(9.358953830502E-12,1.,0.));
#7646 = DIRECTION('',(-1.,9.358953830502E-12,0.));
#7647 = ADVANCED_FACE('',(#7648),#7666,.F.);
#7648 = FACE_BOUND('',#7649,.F.);
#7649 = EDGE_LOOP('',(#7650,#7651,#7659,#7665));
#7650 = ORIENTED_EDGE('',*,*,#2134,.F.);
#7651 = ORIENTED_EDGE('',*,*,#7652,.T.);
#7652 = EDGE_CURVE('',#2135,#7653,#7655,.T.);
#7653 = VERTEX_POINT('',#7654);
#7654 = CARTESIAN_POINT('',(24.465822498729,-13.66899060525,-11.8));
#7655 = LINE('',#7656,#7657);
#7656 = CARTESIAN_POINT('',(24.465822498729,-13.66899060525,-9.6));
#7657 = VECTOR('',#7658,1.);
#7658 = DIRECTION('',(0.,0.,-1.));
#7659 = ORIENTED_EDGE('',*,*,#7660,.F.);
#7660 = EDGE_CURVE('',#7589,#7653,#7661,.T.);
#7661 = LINE('',#7662,#7663);
#7662 = CARTESIAN_POINT('',(21.738095810788,26.427027384541,-11.8));
#7663 = VECTOR('',#7664,1.);
#7664 = DIRECTION('',(6.787298601705E-02,-0.997693969997,0.));
#7665 = ORIENTED_EDGE('',*,*,#7588,.F.);
#7666 = PLANE('',#7667);
#7667 = AXIS2_PLACEMENT_3D('',#7668,#7669,#7670);
#7668 = CARTESIAN_POINT('',(24.465822498729,-13.66899060525,-9.6));
#7669 = DIRECTION('',(0.997693969997,6.787298601705E-02,0.));
#7670 = DIRECTION('',(-6.787298601705E-02,0.997693969997,
    -3.08148791102E-33));
#7671 = ADVANCED_FACE('',(#7672),#7691,.F.);
#7672 = FACE_BOUND('',#7673,.F.);
#7673 = EDGE_LOOP('',(#7674,#7675,#7676,#7685));
#7674 = ORIENTED_EDGE('',*,*,#2235,.F.);
#7675 = ORIENTED_EDGE('',*,*,#7637,.T.);
#7676 = ORIENTED_EDGE('',*,*,#7677,.F.);
#7677 = EDGE_CURVE('',#7678,#7630,#7680,.T.);
#7678 = VERTEX_POINT('',#7679);
#7679 = CARTESIAN_POINT('',(-18.95865498314,75.798628175192,-11.8));
#7680 = CIRCLE('',#7681,0.600000000014);
#7681 = AXIS2_PLACEMENT_3D('',#7682,#7683,#7684);
#7682 = CARTESIAN_POINT('',(-18.62005200001,75.303301999995,-11.8));
#7683 = DIRECTION('',(-1.391201332307E-32,2.03512216102E-32,-1.));
#7684 = DIRECTION('',(-0.825543625266,-0.56433830526,0.));
#7685 = ORIENTED_EDGE('',*,*,#7686,.F.);
#7686 = EDGE_CURVE('',#2228,#7678,#7687,.T.);
#7687 = LINE('',#7688,#7689);
#7688 = CARTESIAN_POINT('',(-18.95865498314,75.798628175192,-9.6));
#7689 = VECTOR('',#7690,1.);
#7690 = DIRECTION('',(0.,0.,-1.));
#7691 = CYLINDRICAL_SURFACE('',#7692,0.600000000014);
#7692 = AXIS2_PLACEMENT_3D('',#7693,#7694,#7695);
#7693 = CARTESIAN_POINT('',(-18.62005200001,75.303301999995,-9.6));
#7694 = DIRECTION('',(2.465190328816E-32,0.,1.));
#7695 = DIRECTION('',(-0.825543625266,-0.56433830526,1.232595164408E-32)
  );
#7696 = ADVANCED_FACE('',(#7697),#7709,.F.);
#7697 = FACE_BOUND('',#7698,.F.);
#7698 = EDGE_LOOP('',(#7699,#7700,#7701,#7708));
#7699 = ORIENTED_EDGE('',*,*,#2142,.F.);
#7700 = ORIENTED_EDGE('',*,*,#4764,.T.);
#7701 = ORIENTED_EDGE('',*,*,#7702,.F.);
#7702 = EDGE_CURVE('',#7653,#4757,#7703,.T.);
#7703 = CIRCLE('',#7704,0.598964534826);
#7704 = AXIS2_PLACEMENT_3D('',#7705,#7706,#7707);
#7705 = CARTESIAN_POINT('',(23.868239194091,-13.70964411674,-11.8));
#7706 = DIRECTION('',(-3.132749964209E-34,4.611603430975E-33,-1.));
#7707 = DIRECTION('',(-6.777569915724E-02,0.997700583644,
    4.622231866529E-33));
#7708 = ORIENTED_EDGE('',*,*,#7652,.F.);
#7709 = CYLINDRICAL_SURFACE('',#7710,0.598964534826);
#7710 = AXIS2_PLACEMENT_3D('',#7711,#7712,#7713);
#7711 = CARTESIAN_POINT('',(23.868239194091,-13.70964411674,-9.6));
#7712 = DIRECTION('',(0.,-1.54074395551E-33,1.));
#7713 = DIRECTION('',(-6.777569915724E-02,0.997700583644,
    1.54074395551E-33));
#7714 = ADVANCED_FACE('',(#7715),#7733,.F.);
#7715 = FACE_BOUND('',#7716,.F.);
#7716 = EDGE_LOOP('',(#7717,#7718,#7719,#7727));
#7717 = ORIENTED_EDGE('',*,*,#2227,.F.);
#7718 = ORIENTED_EDGE('',*,*,#7686,.T.);
#7719 = ORIENTED_EDGE('',*,*,#7720,.F.);
#7720 = EDGE_CURVE('',#7721,#7678,#7723,.T.);
#7721 = VERTEX_POINT('',#7722);
#7722 = CARTESIAN_POINT('',(-27.20490298319,70.161526176069,-11.8));
#7723 = LINE('',#7724,#7725);
#7724 = CARTESIAN_POINT('',(-29.00306565031,68.932309401906,-11.8));
#7725 = VECTOR('',#7726,1.);
#7726 = DIRECTION('',(0.825543625308,0.564338305198,0.));
#7727 = ORIENTED_EDGE('',*,*,#7728,.F.);
#7728 = EDGE_CURVE('',#2219,#7721,#7729,.T.);
#7729 = LINE('',#7730,#7731);
#7730 = CARTESIAN_POINT('',(-27.20490298319,70.161526176069,-9.6));
#7731 = VECTOR('',#7732,1.);
#7732 = DIRECTION('',(0.,0.,-1.));
#7733 = PLANE('',#7734);
#7734 = AXIS2_PLACEMENT_3D('',#7735,#7736,#7737);
#7735 = CARTESIAN_POINT('',(-18.95865498314,75.798628175192,-9.6));
#7736 = DIRECTION('',(-0.564338305198,0.825543625308,0.));
#7737 = DIRECTION('',(-0.825543625308,-0.564338305198,
    -3.697785493223E-32));
#7738 = ADVANCED_FACE('',(#7739),#7758,.F.);
#7739 = FACE_BOUND('',#7740,.F.);
#7740 = EDGE_LOOP('',(#7741,#7742,#7743,#7752));
#7741 = ORIENTED_EDGE('',*,*,#2218,.F.);
#7742 = ORIENTED_EDGE('',*,*,#7728,.T.);
#7743 = ORIENTED_EDGE('',*,*,#7744,.F.);
#7744 = EDGE_CURVE('',#7745,#7721,#7747,.T.);
#7745 = VERTEX_POINT('',#7746);
#7746 = CARTESIAN_POINT('',(-27.46199100571,69.594420996982,-11.8));
#7747 = CIRCLE('',#7748,0.599999999382);
#7748 = AXIS2_PLACEMENT_3D('',#7749,#7750,#7751);
#7749 = CARTESIAN_POINT('',(-26.86630000042,69.666200001395,-11.8));
#7750 = DIRECTION('',(7.489915954488E-32,-3.389985982391E-33,-1.));
#7751 = DIRECTION('',(0.119631667825,-0.992818343935,1.232595164408E-32)
  );
#7752 = ORIENTED_EDGE('',*,*,#7753,.F.);
#7753 = EDGE_CURVE('',#2211,#7745,#7754,.T.);
#7754 = LINE('',#7755,#7756);
#7755 = CARTESIAN_POINT('',(-27.46199100571,69.594420996982,-9.6));
#7756 = VECTOR('',#7757,1.);
#7757 = DIRECTION('',(0.,0.,-1.));
#7758 = CYLINDRICAL_SURFACE('',#7759,0.599999999382);
#7759 = AXIS2_PLACEMENT_3D('',#7760,#7761,#7762);
#7760 = CARTESIAN_POINT('',(-26.86630000042,69.666200001395,-9.6));
#7761 = DIRECTION('',(-2.465190328816E-32,0.,1.));
#7762 = DIRECTION('',(0.119631667825,-0.992818343935,3.08148791102E-33)
  );
#7763 = ADVANCED_FACE('',(#7764),#7798,.F.);
#7764 = FACE_BOUND('',#7765,.F.);
#7765 = EDGE_LOOP('',(#7766,#7767,#7768,#7776,#7784,#7792));
#7766 = ORIENTED_EDGE('',*,*,#2210,.F.);
#7767 = ORIENTED_EDGE('',*,*,#7753,.T.);
#7768 = ORIENTED_EDGE('',*,*,#7769,.F.);
#7769 = EDGE_CURVE('',#7770,#7745,#7772,.T.);
#7770 = VERTEX_POINT('',#7771);
#7771 = CARTESIAN_POINT('',(-23.38557605616,35.764420996982,-11.8));
#7772 = LINE('',#7773,#7774);
#7773 = CARTESIAN_POINT('',(-22.75157518247,30.502873823213,-11.8));
#7774 = VECTOR('',#7775,1.);
#7775 = DIRECTION('',(-0.119631674144,0.992818343173,0.));
#7776 = ORIENTED_EDGE('',*,*,#7777,.F.);
#7777 = EDGE_CURVE('',#7778,#7770,#7780,.T.);
#7778 = VERTEX_POINT('',#7779);
#7779 = CARTESIAN_POINT('',(-23.38557605616,35.764420996982,-16.2));
#7780 = LINE('',#7781,#7782);
#7781 = CARTESIAN_POINT('',(-23.38557605616,35.764420996982,-16.2));
#7782 = VECTOR('',#7783,1.);
#7783 = DIRECTION('',(0.,0.,1.));
#7784 = ORIENTED_EDGE('',*,*,#7785,.F.);
#7785 = EDGE_CURVE('',#7786,#7778,#7788,.T.);
#7786 = VERTEX_POINT('',#7787);
#7787 = CARTESIAN_POINT('',(-21.92653970019,23.655938290158,-16.2));
#7788 = LINE('',#7789,#7790);
#7789 = CARTESIAN_POINT('',(-24.78978265724,47.417873823213,-16.2));
#7790 = VECTOR('',#7791,1.);
#7791 = DIRECTION('',(-0.119631674144,0.992818343173,0.));
#7792 = ORIENTED_EDGE('',*,*,#7793,.F.);
#7793 = EDGE_CURVE('',#2203,#7786,#7794,.T.);
#7794 = LINE('',#7795,#7796);
#7795 = CARTESIAN_POINT('',(-21.92653970019,23.655938290158,-9.6));
#7796 = VECTOR('',#7797,1.);
#7797 = DIRECTION('',(0.,0.,-1.));
#7798 = PLANE('',#7799);
#7799 = AXIS2_PLACEMENT_3D('',#7800,#7801,#7802);
#7800 = CARTESIAN_POINT('',(-27.46199100571,69.594420996982,-9.6));
#7801 = DIRECTION('',(-0.992818343173,-0.119631674144,0.));
#7802 = DIRECTION('',(0.119631674144,-0.992818343173,0.));
#7803 = ADVANCED_FACE('',(#7804),#7862,.F.);
#7804 = FACE_BOUND('',#7805,.F.);
#7805 = EDGE_LOOP('',(#7806,#7807,#7808,#7816,#7824,#7832,#7840,#7848,
    #7856));
#7806 = ORIENTED_EDGE('',*,*,#2202,.F.);
#7807 = ORIENTED_EDGE('',*,*,#7793,.T.);
#7808 = ORIENTED_EDGE('',*,*,#7809,.F.);
#7809 = EDGE_CURVE('',#7810,#7786,#7812,.T.);
#7810 = VERTEX_POINT('',#7811);
#7811 = CARTESIAN_POINT('',(-22.20111593488,19.615526731726,-16.2));
#7812 = LINE('',#7813,#7814);
#7813 = CARTESIAN_POINT('',(-21.75355812889,26.201376138591,-16.2));
#7814 = VECTOR('',#7815,1.);
#7815 = DIRECTION('',(6.780111173076E-02,0.997698856994,0.));
#7816 = ORIENTED_EDGE('',*,*,#7817,.T.);
#7817 = EDGE_CURVE('',#7810,#7818,#7820,.T.);
#7818 = VERTEX_POINT('',#7819);
#7819 = CARTESIAN_POINT('',(-22.20111593488,19.615526731726,-11.8));
#7820 = LINE('',#7821,#7822);
#7821 = CARTESIAN_POINT('',(-22.20111593488,19.615526731726,-16.2));
#7822 = VECTOR('',#7823,1.);
#7823 = DIRECTION('',(0.,0.,1.));
#7824 = ORIENTED_EDGE('',*,*,#7825,.T.);
#7825 = EDGE_CURVE('',#7818,#7826,#7828,.T.);
#7826 = VERTEX_POINT('',#7827);
#7827 = CARTESIAN_POINT('',(-22.50209207713,15.18663839281,-11.8));
#7828 = LINE('',#7829,#7830);
#7829 = CARTESIAN_POINT('',(-21.89084624624,24.181170359375,-11.8));
#7830 = VECTOR('',#7831,1.);
#7831 = DIRECTION('',(-6.780111173076E-02,-0.997698856994,0.));
#7832 = ORIENTED_EDGE('',*,*,#7833,.F.);
#7833 = EDGE_CURVE('',#7834,#7826,#7836,.T.);
#7834 = VERTEX_POINT('',#7835);
#7835 = CARTESIAN_POINT('',(-22.50209207713,15.18663839281,-16.2));
#7836 = LINE('',#7837,#7838);
#7837 = CARTESIAN_POINT('',(-22.50209207713,15.18663839281,-16.2));
#7838 = VECTOR('',#7839,1.);
#7839 = DIRECTION('',(0.,0.,1.));
#7840 = ORIENTED_EDGE('',*,*,#7841,.F.);
#7841 = EDGE_CURVE('',#7842,#7834,#7844,.T.);
#7842 = VERTEX_POINT('',#7843);
#7843 = CARTESIAN_POINT('',(-24.46256670537,-13.66190473324,-16.2));
#7844 = LINE('',#7845,#7846);
#7845 = CARTESIAN_POINT('',(-21.75355812889,26.201376138591,-16.2));
#7846 = VECTOR('',#7847,1.);
#7847 = DIRECTION('',(6.780111173076E-02,0.997698856994,0.));
#7848 = ORIENTED_EDGE('',*,*,#7849,.F.);
#7849 = EDGE_CURVE('',#7850,#7842,#7852,.T.);
#7850 = VERTEX_POINT('',#7851);
#7851 = CARTESIAN_POINT('',(-24.46256670537,-13.66190473324,-11.8));
#7852 = LINE('',#7853,#7854);
#7853 = CARTESIAN_POINT('',(-24.46256670537,-13.66190473324,-9.6));
#7854 = VECTOR('',#7855,1.);
#7855 = DIRECTION('',(0.,0.,-1.));
#7856 = ORIENTED_EDGE('',*,*,#7857,.F.);
#7857 = EDGE_CURVE('',#2194,#7850,#7858,.T.);
#7858 = LINE('',#7859,#7860);
#7859 = CARTESIAN_POINT('',(-24.46256670537,-13.66190473324,-9.6));
#7860 = VECTOR('',#7861,1.);
#7861 = DIRECTION('',(0.,0.,-1.));
#7862 = PLANE('',#7863);
#7863 = AXIS2_PLACEMENT_3D('',#7864,#7865,#7866);
#7864 = CARTESIAN_POINT('',(-21.92653970019,23.655938290158,-9.6));
#7865 = DIRECTION('',(-0.997698856994,6.780111173076E-02,0.));
#7866 = DIRECTION('',(-6.780111173076E-02,-0.997698856994,0.));
#7867 = ADVANCED_FACE('',(#7868),#7879,.F.);
#7868 = FACE_BOUND('',#7869,.F.);
#7869 = EDGE_LOOP('',(#7870,#7871,#7877,#7878));
#7870 = ORIENTED_EDGE('',*,*,#2176,.F.);
#7871 = ORIENTED_EDGE('',*,*,#7872,.T.);
#7872 = EDGE_CURVE('',#2177,#5971,#7873,.T.);
#7873 = LINE('',#7874,#7875);
#7874 = CARTESIAN_POINT('',(-19.11993778487,-23.93900477592,-9.6));
#7875 = VECTOR('',#7876,1.);
#7876 = DIRECTION('',(0.,0.,-1.));
#7877 = ORIENTED_EDGE('',*,*,#5970,.F.);
#7878 = ORIENTED_EDGE('',*,*,#4779,.F.);
#7879 = CYLINDRICAL_SURFACE('',#7880,0.52697482618);
#7880 = AXIS2_PLACEMENT_3D('',#7881,#7882,#7883);
#7881 = CARTESIAN_POINT('',(-18.654274,-23.69230717382,-9.6));
#7882 = DIRECTION('',(0.,0.,1.));
#7883 = DIRECTION('',(1.,1.224646799147E-16,0.));
#7884 = ADVANCED_FACE('',(#7885),#7904,.F.);
#7885 = FACE_BOUND('',#7886,.F.);
#7886 = EDGE_LOOP('',(#7887,#7888,#7889,#7898));
#7887 = ORIENTED_EDGE('',*,*,#2193,.F.);
#7888 = ORIENTED_EDGE('',*,*,#7857,.T.);
#7889 = ORIENTED_EDGE('',*,*,#7890,.F.);
#7890 = EDGE_CURVE('',#7891,#7850,#7893,.T.);
#7891 = VERTEX_POINT('',#7892);
#7892 = CARTESIAN_POINT('',(-24.39413769218,-13.9834808063,-11.8));
#7893 = CIRCLE('',#7894,0.600022117203);
#7894 = AXIS2_PLACEMENT_3D('',#7895,#7896,#7897);
#7895 = CARTESIAN_POINT('',(-23.86392532487,-13.70258689985,-11.8));
#7896 = DIRECTION('',(0.,-0.,-1.));
#7897 = DIRECTION('',(0.444377638485,-0.895839558411,0.));
#7898 = ORIENTED_EDGE('',*,*,#7899,.F.);
#7899 = EDGE_CURVE('',#2186,#7891,#7900,.T.);
#7900 = LINE('',#7901,#7902);
#7901 = CARTESIAN_POINT('',(-24.39413769218,-13.9834808063,-9.6));
#7902 = VECTOR('',#7903,1.);
#7903 = DIRECTION('',(0.,0.,-1.));
#7904 = CYLINDRICAL_SURFACE('',#7905,0.600022117203);
#7905 = AXIS2_PLACEMENT_3D('',#7906,#7907,#7908);
#7906 = CARTESIAN_POINT('',(-23.86392532487,-13.70258689985,-9.6));
#7907 = DIRECTION('',(0.,0.,1.));
#7908 = DIRECTION('',(0.444377638485,-0.895839558411,0.));
#7909 = ADVANCED_FACE('',(#7910),#7930,.F.);
#7910 = FACE_BOUND('',#7911,.F.);
#7911 = EDGE_LOOP('',(#7912,#7913,#7914,#7922,#7928,#7929));
#7912 = ORIENTED_EDGE('',*,*,#2185,.F.);
#7913 = ORIENTED_EDGE('',*,*,#7899,.T.);
#7914 = ORIENTED_EDGE('',*,*,#7915,.F.);
#7915 = EDGE_CURVE('',#7916,#7891,#7918,.T.);
#7916 = VERTEX_POINT('',#7917);
#7917 = CARTESIAN_POINT('',(-19.32695844347,-23.54823476782,-11.8));
#7918 = LINE('',#7919,#7920);
#7919 = CARTESIAN_POINT('',(-28.13315833179,-6.925744987657,-11.8));
#7920 = VECTOR('',#7921,1.);
#7921 = DIRECTION('',(-0.468139254193,0.883654705574,0.));
#7922 = ORIENTED_EDGE('',*,*,#7923,.F.);
#7923 = EDGE_CURVE('',#5951,#7916,#7924,.T.);
#7924 = LINE('',#7925,#7926);
#7925 = CARTESIAN_POINT('',(-19.32695844347,-23.54823476782,-16.2));
#7926 = VECTOR('',#7927,1.);
#7927 = DIRECTION('',(0.,0.,1.));
#7928 = ORIENTED_EDGE('',*,*,#6019,.F.);
#7929 = ORIENTED_EDGE('',*,*,#7872,.F.);
#7930 = PLANE('',#7931);
#7931 = AXIS2_PLACEMENT_3D('',#7932,#7933,#7934);
#7932 = CARTESIAN_POINT('',(-24.39413769218,-13.9834808063,-9.6));
#7933 = DIRECTION('',(-0.883654705574,-0.468139254193,0.));
#7934 = DIRECTION('',(0.468139254193,-0.883654705574,-1.232595164408E-32
    ));
#7935 = ADVANCED_FACE('',(#7936),#7955,.F.);
#7936 = FACE_BOUND('',#7937,.F.);
#7937 = EDGE_LOOP('',(#7938,#7946,#7953,#7954));
#7938 = ORIENTED_EDGE('',*,*,#7939,.T.);
#7939 = EDGE_CURVE('',#2532,#7940,#7942,.T.);
#7940 = VERTEX_POINT('',#7941);
#7941 = CARTESIAN_POINT('',(24.432337121007,-10.20201699501,-15.6));
#7942 = LINE('',#7943,#7944);
#7943 = CARTESIAN_POINT('',(24.432337121007,-10.20201699501,-9.6));
#7944 = VECTOR('',#7945,1.);
#7945 = DIRECTION('',(0.,0.,-1.));
#7946 = ORIENTED_EDGE('',*,*,#7947,.T.);
#7947 = EDGE_CURVE('',#7940,#7940,#7948,.T.);
#7948 = CIRCLE('',#7949,2.3);
#7949 = AXIS2_PLACEMENT_3D('',#7950,#7951,#7952);
#7950 = CARTESIAN_POINT('',(26.732337121007,-10.20201699501,-15.6));
#7951 = DIRECTION('',(0.,0.,1.));
#7952 = DIRECTION('',(-1.,1.224646799147E-16,0.));
#7953 = ORIENTED_EDGE('',*,*,#7939,.F.);
#7954 = ORIENTED_EDGE('',*,*,#2531,.F.);
#7955 = CYLINDRICAL_SURFACE('',#7956,2.3);
#7956 = AXIS2_PLACEMENT_3D('',#7957,#7958,#7959);
#7957 = CARTESIAN_POINT('',(26.732337121007,-10.20201699501,-9.6));
#7958 = DIRECTION('',(0.,0.,1.));
#7959 = DIRECTION('',(-1.,1.224646799147E-16,0.));
#7960 = ADVANCED_FACE('',(#7961),#7980,.F.);
#7961 = FACE_BOUND('',#7962,.F.);
#7962 = EDGE_LOOP('',(#7963,#7971,#7978,#7979));
#7963 = ORIENTED_EDGE('',*,*,#7964,.T.);
#7964 = EDGE_CURVE('',#2543,#7965,#7967,.T.);
#7965 = VERTEX_POINT('',#7966);
#7966 = CARTESIAN_POINT('',(-29.032337121,-10.20201699501,-15.6));
#7967 = LINE('',#7968,#7969);
#7968 = CARTESIAN_POINT('',(-29.032337121,-10.20201699501,-9.6));
#7969 = VECTOR('',#7970,1.);
#7970 = DIRECTION('',(0.,0.,-1.));
#7971 = ORIENTED_EDGE('',*,*,#7972,.T.);
#7972 = EDGE_CURVE('',#7965,#7965,#7973,.T.);
#7973 = CIRCLE('',#7974,2.3);
#7974 = AXIS2_PLACEMENT_3D('',#7975,#7976,#7977);
#7975 = CARTESIAN_POINT('',(-26.732337121,-10.20201699501,-15.6));
#7976 = DIRECTION('',(0.,0.,1.));
#7977 = DIRECTION('',(-1.,1.224646799147E-16,0.));
#7978 = ORIENTED_EDGE('',*,*,#7964,.F.);
#7979 = ORIENTED_EDGE('',*,*,#2542,.F.);
#7980 = CYLINDRICAL_SURFACE('',#7981,2.3);
#7981 = AXIS2_PLACEMENT_3D('',#7982,#7983,#7984);
#7982 = CARTESIAN_POINT('',(-26.732337121,-10.20201699501,-9.6));
#7983 = DIRECTION('',(0.,0.,1.));
#7984 = DIRECTION('',(-1.,1.224646799147E-16,0.));
#7985 = ADVANCED_FACE('',(#7986),#7999,.F.);
#7986 = FACE_BOUND('',#7987,.F.);
#7987 = EDGE_LOOP('',(#7988,#7997,#7998));
#7988 = ORIENTED_EDGE('',*,*,#7989,.F.);
#7989 = EDGE_CURVE('',#3046,#2561,#7990,.T.);
#7990 = B_SPLINE_CURVE_WITH_KNOTS('',5,(#7991,#7992,#7993,#7994,#7995,
    #7996),.UNSPECIFIED.,.F.,.F.,(6,6),(0.,1.),
  .PIECEWISE_BEZIER_KNOTS.);
#7991 = CARTESIAN_POINT('',(31.055431588552,5.385177109306,
    -36.39102644529));
#7992 = CARTESIAN_POINT('',(31.053624410833,5.242491204574,
    -35.93417427659));
#7993 = CARTESIAN_POINT('',(31.013607773424,5.10035303326,
    -35.47729745189));
#7994 = CARTESIAN_POINT('',(30.935396673993,4.960134068985,
    -35.02423614571));
#7995 = CARTESIAN_POINT('',(30.819664722507,4.823189347583,
    -34.57882273478));
#7996 = CARTESIAN_POINT('',(30.667711582927,4.690801803143,
    -34.14470234027));
#7997 = ORIENTED_EDGE('',*,*,#3045,.T.);
#7998 = ORIENTED_EDGE('',*,*,#2560,.F.);
#7999 = B_SPLINE_SURFACE_WITH_KNOTS('',5,5,(
    (#8000,#8001,#8002,#8003,#8004,#8005)
    ,(#8006,#8007,#8008,#8009,#8010,#8011)
    ,(#8012,#8013,#8014,#8015,#8016,#8017)
    ,(#8018,#8019,#8020,#8021,#8022,#8023)
    ,(#8024,#8025,#8026,#8027,#8028,#8029)
    ,(#8030,#8031,#8032,#8033,#8034,#8035
    )),.UNSPECIFIED.,.F.,.F.,.F.,(6,6),(6,6),(0.,1.),(0.,1.),
  .PIECEWISE_BEZIER_KNOTS.);
#8000 = CARTESIAN_POINT('',(31.055431588552,5.385177109306,
    -36.39102644529));
#8001 = CARTESIAN_POINT('',(31.053624410833,5.242491204574,
    -35.93417427659));
#8002 = CARTESIAN_POINT('',(31.013607773424,5.10035303326,
    -35.47729745189));
#8003 = CARTESIAN_POINT('',(30.935396673993,4.960134068985,
    -35.02423614571));
#8004 = CARTESIAN_POINT('',(30.819664722507,4.823189347583,
    -34.57882273478));
#8005 = CARTESIAN_POINT('',(30.667711582927,4.690801803143,
    -34.14470234027));
#8006 = CARTESIAN_POINT('',(31.055431588047,5.385177069455,
    -36.39102644528));
#8007 = CARTESIAN_POINT('',(31.053679186883,5.246818535492,
    -36.11964688901));
#8008 = CARTESIAN_POINT('',(31.042270076967,5.111425311525,
    -35.8573937611));
#8009 = CARTESIAN_POINT('',(31.024336242519,4.977487084828,
    -35.5973438188));
#8010 = CARTESIAN_POINT('',(30.997987267472,4.843194723425,
    -35.33143298297));
#8011 = CARTESIAN_POINT('',(30.957737403402,4.70777857131,
    -35.05495111199));
#8012 = CARTESIAN_POINT('',(31.055431678846,5.385177008519,
    -36.39102644528));
#8013 = CARTESIAN_POINT('',(31.053818918789,5.257846264531,
    -36.40990479222));
#8014 = CARTESIAN_POINT('',(31.05476490833,5.128360796934,
    -36.29084984359));
#8015 = CARTESIAN_POINT('',(31.062144754395,5.004128627888,
    -36.26521916208));
#8016 = CARTESIAN_POINT('',(31.081598034673,4.871595093656,
    -36.09445929981));
#8017 = CARTESIAN_POINT('',(31.103117112445,4.739186999182,
    -36.01109003237));
#8018 = CARTESIAN_POINT('',(31.055431724624,5.38517700794,
    -36.39102644528));
#8019 = CARTESIAN_POINT('',(31.053826851242,5.258469141245,
    -36.41631096648));
#8020 = CARTESIAN_POINT('',(31.052824694803,5.141400968467,
    -36.57831071543));
#8021 = CARTESIAN_POINT('',(31.060176035116,5.021523252563,
    -36.64577335024));
#8022 = CARTESIAN_POINT('',(31.075972196883,4.905802634813,
    -36.85788113843));
#8023 = CARTESIAN_POINT('',(31.093697836893,4.782669508185,
    -36.98219509097));
#8024 = CARTESIAN_POINT('',(31.055431815423,5.385176947004,
    -36.39102644528));
#8025 = CARTESIAN_POINT('',(31.054008286076,5.272787849517,
    -36.70580550575));
#8026 = CARTESIAN_POINT('',(31.039710807249,5.162496656943,
    -37.01062469849));
#8027 = CARTESIAN_POINT('',(31.016056544327,5.053419902583,
    -37.31218781052));
#8028 = CARTESIAN_POINT('',(30.981264101639,4.944401804671,
    -37.61861316523));
#8029 = CARTESIAN_POINT('',(30.929674856709,4.835029289819,
    -37.93440161435));
#8030 = CARTESIAN_POINT('',(31.055431814919,5.385176907153,
    -36.39102644528));
#8031 = CARTESIAN_POINT('',(31.05414646798,5.283697138902,-36.8897513903
    ));
#8032 = CARTESIAN_POINT('',(31.009692980282,5.182720441147,
    -37.38847302086));
#8033 = CARTESIAN_POINT('',(30.922080712491,5.083227651046,
    -37.88239994254));
#8034 = CARTESIAN_POINT('',(30.792157546042,4.986184660289,
    -38.36675345645));
#8035 = CARTESIAN_POINT('',(30.621565347126,4.892497170069,
    -38.83701658756));
#8036 = ADVANCED_FACE('',(#8037),#8242,.F.);
#8037 = FACE_BOUND('',#8038,.F.);
#8038 = EDGE_LOOP('',(#8039,#8040,#8041,#8042));
#8039 = ORIENTED_EDGE('',*,*,#4252,.T.);
#8040 = ORIENTED_EDGE('',*,*,#5069,.T.);
#8041 = ORIENTED_EDGE('',*,*,#2990,.F.);
#8042 = ORIENTED_EDGE('',*,*,#8043,.F.);
#8043 = EDGE_CURVE('',#4243,#2981,#8044,.T.);
#8044 = B_SPLINE_CURVE_WITH_KNOTS('',14,(#8045,#8046,#8047,#8048,#8049,
    #8050,#8051,#8052,#8053,#8054,#8055,#8056,#8057,#8058,#8059,#8060,
    #8061,#8062,#8063,#8064,#8065,#8066,#8067,#8068,#8069,#8070,#8071,
    #8072,#8073,#8074,#8075,#8076,#8077,#8078,#8079,#8080,#8081,#8082,
    #8083,#8084,#8085,#8086,#8087,#8088,#8089,#8090,#8091,#8092,#8093,
    #8094,#8095,#8096,#8097,#8098,#8099,#8100,#8101,#8102,#8103,#8104,
    #8105,#8106,#8107,#8108,#8109,#8110,#8111,#8112,#8113,#8114,#8115,
    #8116,#8117,#8118,#8119,#8120,#8121,#8122,#8123,#8124,#8125,#8126,
    #8127,#8128,#8129,#8130,#8131,#8132,#8133,#8134,#8135,#8136,#8137,
    #8138,#8139,#8140,#8141,#8142,#8143,#8144,#8145,#8146,#8147,#8148,
    #8149,#8150,#8151,#8152,#8153,#8154,#8155,#8156,#8157,#8158,#8159,
    #8160,#8161,#8162,#8163,#8164,#8165,#8166,#8167,#8168,#8169,#8170,
    #8171,#8172,#8173,#8174,#8175,#8176,#8177,#8178,#8179,#8180,#8181,
    #8182,#8183,#8184,#8185,#8186,#8187,#8188,#8189,#8190,#8191,#8192,
    #8193,#8194,#8195,#8196,#8197,#8198,#8199,#8200,#8201,#8202,#8203,
    #8204,#8205,#8206,#8207,#8208,#8209,#8210,#8211,#8212,#8213,#8214,
    #8215,#8216,#8217,#8218,#8219,#8220,#8221,#8222,#8223,#8224,#8225,
    #8226,#8227,#8228,#8229,#8230,#8231,#8232,#8233,#8234,#8235,#8236,
    #8237,#8238,#8239,#8240,#8241),.UNSPECIFIED.,.F.,.F.,(15,13,13,13,13
    ,13,13,13,13,13,13,13,13,13,13,15),(-4.88848041616,-1.104524645996,
    1.332474787143,2.520690310127,4.003828982198,5.759169283864,
    10.934695043837,22.340429886836,37.705063308517,48.434310639929,
    56.893766253402,63.808875750076,76.126731573052,86.022091274446,
    96.805956083508,100.03365650991),.UNSPECIFIED.);
#8045 = CARTESIAN_POINT('',(-4.833501130743,53.66641008447,
    -37.92214767692));
#8046 = CARTESIAN_POINT('',(-4.730808301251,53.437472947992,
    -38.04051652279));
#8047 = CARTESIAN_POINT('',(-4.628115471758,53.208535811516,
    -38.15888536866));
#8048 = CARTESIAN_POINT('',(-4.525422642266,52.979598675042,
    -38.27725421453));
#8049 = CARTESIAN_POINT('',(-4.422729812774,52.750661538571,
    -38.39562306041));
#8050 = CARTESIAN_POINT('',(-4.320036983283,52.521724402103,
    -38.51399190628));
#8051 = CARTESIAN_POINT('',(-4.217344153791,52.292787265637,
    -38.63236075216));
#8052 = CARTESIAN_POINT('',(-4.114651324299,52.063850129173,
    -38.75072959804));
#8053 = CARTESIAN_POINT('',(-4.011958494808,51.834912992712,
    -38.86909844393));
#8054 = CARTESIAN_POINT('',(-3.909265665317,51.605975856253,
    -38.98746728981));
#8055 = CARTESIAN_POINT('',(-3.806572835826,51.377038719797,
    -39.1058361357));
#8056 = CARTESIAN_POINT('',(-3.703880006335,51.148101583343,
    -39.22420498158));
#8057 = CARTESIAN_POINT('',(-3.601187176844,50.919164446891,
    -39.34257382747));
#8058 = CARTESIAN_POINT('',(-3.498494347354,50.690227310442,
    -39.46094267336));
#8059 = CARTESIAN_POINT('',(-3.32966375557,50.313846676864,
    -39.65554518262));
#8060 = CARTESIAN_POINT('',(-3.263258251092,50.16389324774,
    -39.73282167589));
#8061 = CARTESIAN_POINT('',(-3.197082967806,50.011789007964,
    -39.8109477931));
#8062 = CARTESIAN_POINT('',(-3.130280713539,49.855987359765,
    -39.89068287112));
#8063 = CARTESIAN_POINT('',(-3.065795714738,49.699965420063,
    -39.97026812527));
#8064 = CARTESIAN_POINT('',(-3.000475374579,49.539112923333,
    -40.05200858684));
#8065 = CARTESIAN_POINT('',(-2.936220198162,49.375255138481,
    -40.13496020495));
#8066 = CARTESIAN_POINT('',(-2.8758102305,49.211463057886,
    -40.21756485079));
#8067 = CARTESIAN_POINT('',(-2.816625421491,49.043808422305,
    -40.30179444822));
#8068 = CARTESIAN_POINT('',(-2.757724989814,48.870265790388,
    -40.38863927607));
#8069 = CARTESIAN_POINT('',(-2.703351047692,48.695354418174,
    -40.47578223678));
#8070 = CARTESIAN_POINT('',(-2.650912247255,48.514854969027,
    -40.56533478444));
#8071 = CARTESIAN_POINT('',(-2.602510664948,48.330151468054,
    -40.65655232461));
#8072 = CARTESIAN_POINT('',(-2.537130599643,48.048155909691,
    -40.79516276285));
#8073 = CARTESIAN_POINT('',(-2.516773467157,47.954590640446,
    -40.84105094885));
#8074 = CARTESIAN_POINT('',(-2.497571904656,47.859850415805,
    -40.88741011612));
#8075 = CARTESIAN_POINT('',(-2.479626405492,47.763924826104,
    -40.93424090331));
#8076 = CARTESIAN_POINT('',(-2.463049785012,47.666829266511,
    -40.98153118989));
#8077 = CARTESIAN_POINT('',(-2.44796238443,47.568603530732,
    -41.02925697032));
#8078 = CARTESIAN_POINT('',(-2.434487195752,47.469310503337,
    -41.07738317996));
#8079 = CARTESIAN_POINT('',(-2.422744897882,47.369034958328,
    -41.1258644622));
#8080 = CARTESIAN_POINT('',(-2.412848816972,47.267882449793,
    -41.17464588701));
#8081 = CARTESIAN_POINT('',(-2.404899796184,47.165978315279,
    -41.22366361349));
#8082 = CARTESIAN_POINT('',(-2.398980989398,47.063466767727,
    -41.27284550002));
#8083 = CARTESIAN_POINT('',(-2.395152566562,46.960510099019,
    -41.32211166149));
#8084 = CARTESIAN_POINT('',(-2.393446339646,46.857287977091,
    -41.37137497269));
#8085 = CARTESIAN_POINT('',(-2.394377016318,46.625068160748,
    -41.48191153517));
#8086 = CARTESIAN_POINT('',(-2.398197915551,46.496043876737,
    -41.54312500606));
#8087 = CARTESIAN_POINT('',(-2.405329059698,46.367342530127,
    -41.60398219932));
#8088 = CARTESIAN_POINT('',(-2.415694883246,46.239321999439,
    -41.66431484869));
#8089 = CARTESIAN_POINT('',(-2.429150915043,46.112293073458,
    -41.72397971272));
#8090 = CARTESIAN_POINT('',(-2.445500508905,45.986521820822,
    -41.78285707971));
#8091 = CARTESIAN_POINT('',(-2.46451370571,45.862224797586,
    -41.84085240279));
#8092 = CARTESIAN_POINT('',(-2.485946335839,45.739561184865,
    -41.89789927946));
#8093 = CARTESIAN_POINT('',(-2.509557486163,45.618625866611,
    -41.9539619478));
#8094 = CARTESIAN_POINT('',(-2.535123436004,45.499447556888,
    -42.00903552153));
#8095 = CARTESIAN_POINT('',(-2.562446188545,45.381995982452,
    -42.06314213504));
#8096 = CARTESIAN_POINT('',(-2.591354702887,45.266202219895,
    -42.11632121489));
#8097 = CARTESIAN_POINT('',(-2.621696949658,45.151996213445,
    -42.16861205886));
#8098 = CARTESIAN_POINT('',(-2.690748820339,44.90606368895,
    -42.28087800948));
#8099 = CARTESIAN_POINT('',(-2.729978330181,44.774949978634,
    -42.3405105736));
#8100 = CARTESIAN_POINT('',(-2.770775008613,44.645914921771,
    -42.39898624475));
#8101 = CARTESIAN_POINT('',(-2.812942375143,44.518833911589,
    -42.45637217853));
#8102 = CARTESIAN_POINT('',(-2.856315255623,44.39357599249,
    -42.51273721792));
#8103 = CARTESIAN_POINT('',(-2.900754025181,44.27001081464,-42.568148833
    ));
#8104 = CARTESIAN_POINT('',(-2.94613973292,44.148013830557,
    -42.62267089771));
#8105 = CARTESIAN_POINT('',(-2.992370101755,44.027469661906,
    -42.67636222413));
#8106 = CARTESIAN_POINT('',(-3.039356412021,43.908273725724,
    -42.72927595439));
#8107 = CARTESIAN_POINT('',(-3.087021259292,43.790332025396,
    -42.7814597026));
#8108 = CARTESIAN_POINT('',(-3.135297195455,43.673559192651,
    -42.8329565461));
#8109 = CARTESIAN_POINT('',(-3.184126245728,43.557874712952,
    -42.88380678723));
#8110 = CARTESIAN_POINT('',(-3.233460306649,43.443197379793,
    -42.9340505393));
#8111 = CARTESIAN_POINT('',(-3.43010126092,42.994024442831,
    -43.13021156306));
#8112 = CARTESIAN_POINT('',(-3.581040864795,42.66655829321,
    -43.27180880286));
#8113 = CARTESIAN_POINT('',(-3.734840696595,42.34549723853,
    -43.40930104472));
#8114 = CARTESIAN_POINT('',(-3.890733130461,42.029576544541,
    -43.54331104092));
#8115 = CARTESIAN_POINT('',(-4.048229170655,41.717789404352,
    -43.6743256859));
#8116 = CARTESIAN_POINT('',(-4.206988674377,41.409354922568,
    -43.80271802245));
#8117 = CARTESIAN_POINT('',(-4.366742844991,41.103678152271,
    -43.92877019948));
#8118 = CARTESIAN_POINT('',(-4.52725673891,40.800306641581,
    -44.05269590644));
#8119 = CARTESIAN_POINT('',(-4.688319562753,40.49888796098,
    -44.17466085447));
#8120 = CARTESIAN_POINT('',(-4.849750496034,40.199132663643,
    -44.2947998165));
#8121 = CARTESIAN_POINT('',(-5.011407818996,39.900787151964,
    -44.41322880252));
#8122 = CARTESIAN_POINT('',(-5.173189083972,39.603620903833,
    -44.53005088525));
#8123 = CARTESIAN_POINT('',(-5.335010101813,39.307432527799,
    -44.64535424133));
#8124 = CARTESIAN_POINT('',(-5.85319118793,38.361184303705,
    -45.01009433571));
#8125 = CARTESIAN_POINT('',(-6.209279784051,37.714299201919,
    -45.25393288848));
#8126 = CARTESIAN_POINT('',(-6.563992823896,37.069832771622,
    -45.4914044825));
#8127 = CARTESIAN_POINT('',(-6.916546003082,36.426701831639,
    -45.72294710999));
#8128 = CARTESIAN_POINT('',(-7.266294311231,35.784165466182,
    -45.94883161628));
#8129 = CARTESIAN_POINT('',(-7.612665735772,35.14170891331,
    -46.16922041453));
#8130 = CARTESIAN_POINT('',(-7.955122287921,34.498968163312,
    -46.38420646442));
#8131 = CARTESIAN_POINT('',(-8.293142105754,33.855686453582,
    -46.59383675041));
#8132 = CARTESIAN_POINT('',(-8.626216398187,33.211693925102,
    -46.79812458455));
#8133 = CARTESIAN_POINT('',(-8.953854981607,32.566901605414,
    -46.99705494622));
#8134 = CARTESIAN_POINT('',(-9.275594174592,31.92130099271,
    -47.19058719251));
#8135 = CARTESIAN_POINT('',(-9.591000803047,31.274960412377,
    -47.37865936079));
#8136 = CARTESIAN_POINT('',(-9.899666078714,30.628009400843,
    -47.56119837387));
#8137 = CARTESIAN_POINT('',(-10.60735584962,29.108482042395,
    -47.97649850293));
#8138 = CARTESIAN_POINT('',(-11.00061183363,28.235461841711,
    -48.20471117331));
#8139 = CARTESIAN_POINT('',(-11.37987435524,27.362241246116,
    -48.42254842418));
#8140 = CARTESIAN_POINT('',(-11.744650493,26.488807879092,
    -48.62994684832));
#8141 = CARTESIAN_POINT('',(-12.09426732172,25.615812803849,
    -48.82672305764));
#8142 = CARTESIAN_POINT('',(-12.42816152266,24.744205107506,
    -49.01268736008));
#8143 = CARTESIAN_POINT('',(-12.74628223281,23.874504821604,
    -49.18780684937));
#8144 = CARTESIAN_POINT('',(-13.049186872,23.006370436085,
    -49.35226179953));
#8145 = CARTESIAN_POINT('',(-13.33778165773,22.13860387887,
    -49.5063773415));
#8146 = CARTESIAN_POINT('',(-13.61288241585,21.269431772003,
    -49.65049330186));
#8147 = CARTESIAN_POINT('',(-13.87484731268,20.396807224318,
    -49.78485951987));
#8148 = CARTESIAN_POINT('',(-14.1234610545,19.518591162212,
    -49.90961112277));
#8149 = CARTESIAN_POINT('',(-14.35803013599,18.632796453654,
    -50.02478892109));
#8150 = CARTESIAN_POINT('',(-14.73038511538,17.114195203485,
    -50.20384950169));
#8151 = CARTESIAN_POINT('',(-14.87600963826,16.4856845356,
    -50.27272047471));
#8152 = CARTESIAN_POINT('',(-15.01377348674,15.852747991434,
    -50.33680762203));
#8153 = CARTESIAN_POINT('',(-15.14312090014,15.215214326047,
    -50.39601810491));
#8154 = CARTESIAN_POINT('',(-15.26344305659,14.573065119685,
    -50.45025086878));
#8155 = CARTESIAN_POINT('',(-15.3741144798,13.926446807046,
    -50.49940732165));
#8156 = CARTESIAN_POINT('',(-15.47449907555,13.275690933911,
    -50.54338638592));
#8157 = CARTESIAN_POINT('',(-15.56396136332,12.621328196562,
    -50.58208347165));
#8158 = CARTESIAN_POINT('',(-15.6418987139,11.964078606998,
    -50.61540252143));
#8159 = CARTESIAN_POINT('',(-15.7077908614,11.304797115795,
    -50.64328055301));
#8160 = CARTESIAN_POINT('',(-15.7612431823,10.644350791955,
    -50.66571366441));
#8161 = CARTESIAN_POINT('',(-15.8019806819,9.983400638903,
    -50.68276370749));
#8162 = CARTESIAN_POINT('',(-15.82972988997,9.322057927858,
    -50.69451449411));
#8163 = CARTESIAN_POINT('',(-15.85508359941,8.136896117704,
    -50.70599987747));
#8164 = CARTESIAN_POINT('',(-15.85786005112,7.613513778242,
    -50.70769811662));
#8165 = CARTESIAN_POINT('',(-15.85256473549,7.089629710356,
    -50.70588937508));
#8166 = CARTESIAN_POINT('',(-15.83898676195,6.556241430729,
    -50.70009147952));
#8167 = CARTESIAN_POINT('',(-15.81867832236,6.031963159208,
    -50.6909655617));
#8168 = CARTESIAN_POINT('',(-15.78708855931,5.467463645995,
    -50.67560310052));
#8169 = CARTESIAN_POINT('',(-15.75309817669,4.970895797538,
    -50.65812038255));
#8170 = CARTESIAN_POINT('',(-15.7068068767,4.393923384595,
    -50.63353324206));
#8171 = CARTESIAN_POINT('',(-15.65685426408,3.877315885592,
    -50.60520558393));
#8172 = CARTESIAN_POINT('',(-15.59832228393,3.324081904245,
    -50.57081662761));
#8173 = CARTESIAN_POINT('',(-15.53389684756,2.784740944897,
    -50.53098202931));
#8174 = CARTESIAN_POINT('',(-15.46302006608,2.240236100474,
    -50.48518124303));
#8175 = CARTESIAN_POINT('',(-15.3861804822,1.696082980726,-50.4332245209
    ));
#8176 = CARTESIAN_POINT('',(-15.23613642662,0.706471923827,
    -50.32715630196));
#8177 = CARTESIAN_POINT('',(-15.16483052429,0.261189392504,
    -50.27516926554));
#8178 = CARTESIAN_POINT('',(-15.08985760838,-0.184150567221,
    -50.21877188833));
#8179 = CARTESIAN_POINT('',(-15.01136837359,-0.62942458169,
    -50.15783533308));
#8180 = CARTESIAN_POINT('',(-14.92951059589,-1.074506802394,
    -50.09223339567));
#8181 = CARTESIAN_POINT('',(-14.84442820269,-1.519267947772,
    -50.02184374306));
#8182 = CARTESIAN_POINT('',(-14.75626033981,-1.963574343072,
    -49.94654913917));
#8183 = CARTESIAN_POINT('',(-14.66514044451,-2.407286963051,
    -49.86623869265));
#8184 = CARTESIAN_POINT('',(-14.57119530953,-2.850260471102,
    -49.78080907284));
#8185 = CARTESIAN_POINT('',(-14.47454415799,-3.292342262238,
    -49.69016576381));
#8186 = CARTESIAN_POINT('',(-14.37529770742,-3.733371502521,
    -49.59422428044));
#8187 = CARTESIAN_POINT('',(-14.27355724287,-4.173178171267,
    -49.49291141606));
#8188 = CARTESIAN_POINT('',(-14.16941368368,-4.611582101439,
    -49.38616646831));
#8189 = CARTESIAN_POINT('',(-13.87329737604,-5.826479716334,
    -49.07403834836));
#8190 = CARTESIAN_POINT('',(-13.67627212783,-6.599501105705,
    -48.85675359396));
#8191 = CARTESIAN_POINT('',(-13.47233821695,-7.366435986196,
    -48.62182457569));
#8192 = CARTESIAN_POINT('',(-13.26184593568,-8.126135163521,
    -48.36913315394));
#8193 = CARTESIAN_POINT('',(-13.045029703,-8.877359413173,
    -48.09873809128));
#8194 = CARTESIAN_POINT('',(-12.82201194601,-9.618815926162,
    -47.81089791093));
#8195 = CARTESIAN_POINT('',(-12.59280970459,-10.3491922226,
    -47.50608516106));
#8196 = CARTESIAN_POINT('',(-12.35734398553,-11.06718755996,
    -47.18499216684));
#8197 = CARTESIAN_POINT('',(-12.1154518296,-11.77154179947,
    -46.84852815508));
#8198 = CARTESIAN_POINT('',(-11.86690113522,-12.46106177329,
    -46.4978078896));
#8199 = CARTESIAN_POINT('',(-11.61140819388,-13.13464510967,
    -46.13413167528));
#8200 = CARTESIAN_POINT('',(-11.34865797689,-13.79130155304,
    -45.75895685614));
#8201 = CARTESIAN_POINT('',(-11.07832714357,-14.43017175167,
    -45.37386071277));
#8202 = CARTESIAN_POINT('',(-10.57660816537,-15.54890964067,
    -44.66449039022));
#8203 = CARTESIAN_POINT('',(-10.34801496351,-16.03532796318,
    -44.34314665749));
#8204 = CARTESIAN_POINT('',(-10.11416235507,-16.50940603465,
    -44.01734609312));
#8205 = CARTESIAN_POINT('',(-9.874886226602,-16.97080341256,
    -43.68800059061));
#8206 = CARTESIAN_POINT('',(-9.630029017915,-17.41922461804,
    -43.35605005742));
#8207 = CARTESIAN_POINT('',(-9.379442558465,-17.85441207471,
    -43.02246100457));
#8208 = CARTESIAN_POINT('',(-9.122990905267,-18.27613905508,
    -42.68822513988));
#8209 = CARTESIAN_POINT('',(-8.860553178603,-18.68420261578,
    -42.3543579561));
#8210 = CARTESIAN_POINT('',(-8.592026400487,-19.0784165468,
    -42.02189732533));
#8211 = CARTESIAN_POINT('',(-8.317328330165,-19.45860430565,
    -41.6919020866));
#8212 = CARTESIAN_POINT('',(-8.036400302367,-19.82459196553,-41.36545064
    ));
#8213 = CARTESIAN_POINT('',(-7.749210063357,-20.17620115227,
    -41.04363953534));
#8214 = CARTESIAN_POINT('',(-7.455754608493,-20.513241989,
    -40.72758206478));
#8215 = CARTESIAN_POINT('',(-6.829462098474,-21.18670619718,
    -40.08147077509));
#8216 = CARTESIAN_POINT('',(-6.495365303082,-21.52034106594,
    -39.75271320476));
#8217 = CARTESIAN_POINT('',(-6.155415145419,-21.83572713365,
    -39.43426494604));
#8218 = CARTESIAN_POINT('',(-5.79788788047,-22.13805219581,
    -39.12072362781));
#8219 = CARTESIAN_POINT('',(-5.475924349817,-22.39508999877,
    -38.8508583736));
#8220 = CARTESIAN_POINT('',(-5.03472048745,-22.71472501195,
    -38.50463063545));
#8221 = CARTESIAN_POINT('',(-4.781435474305,-22.85983569395,
    -38.34326104256));
#8222 = CARTESIAN_POINT('',(-4.309106874463,-23.16771431329,
    -38.0047419724));
#8223 = CARTESIAN_POINT('',(-3.99345280891,-23.31984606869,
    -37.82884894473));
#8224 = CARTESIAN_POINT('',(-3.528208059419,-23.56403415184,
    -37.55204274027));
#8225 = CARTESIAN_POINT('',(-3.047082958204,-23.76400022958,
    -37.31833148693));
#8226 = CARTESIAN_POINT('',(-2.470457709402,-23.97544984747,
    -37.06908485314));
#8227 = CARTESIAN_POINT('',(-1.797816430557,-24.17830726789,
    -36.82598241542));
#8228 = CARTESIAN_POINT('',(-0.757484115062,-24.41854520288,
    -36.53470300702));
#8229 = CARTESIAN_POINT('',(-0.514581388953,-24.47463732696,
    -36.46669342844));
#8230 = CARTESIAN_POINT('',(-0.268426611151,-24.53148042856,
    -36.39777331803));
#8231 = CARTESIAN_POINT('',(-1.901978165797E-02,-24.58907450768,
    -36.32794267578));
#8232 = CARTESIAN_POINT('',(0.233639099527,-24.64741956432,
    -36.25720150169));
#8233 = CARTESIAN_POINT('',(0.489550032405,-24.70651559848,
    -36.18554979577));
#8234 = CARTESIAN_POINT('',(0.748713016974,-24.76636261016,
    -36.11298755801));
#8235 = CARTESIAN_POINT('',(1.011128053235,-24.82696059936,
    -36.03951478842));
#8236 = CARTESIAN_POINT('',(1.276795141188,-24.88830956609,
    -35.96513148699));
#8237 = CARTESIAN_POINT('',(1.545714280833,-24.95040951033,
    -35.88983765373));
#8238 = CARTESIAN_POINT('',(1.81788547217,-25.01326043209,
    -35.81363328863));
#8239 = CARTESIAN_POINT('',(2.093308715199,-25.07686233138,
    -35.73651839169));
#8240 = CARTESIAN_POINT('',(2.37198400992,-25.14121520819,
    -35.65849296292));
#8241 = CARTESIAN_POINT('',(2.653911356333,-25.20631906251,
    -35.57955700231));
#8242 = ( BOUNDED_SURFACE() B_SPLINE_SURFACE(2,14,(
    (#8243,#8244,#8245,#8246,#8247,#8248,#8249,#8250,#8251,#8252,#8253
      ,#8254,#8255,#8256,#8257,#8258,#8259,#8260,#8261,#8262,#8263,#8264
      ,#8265,#8266,#8267,#8268,#8269,#8270,#8271,#8272,#8273,#8274,#8275
      ,#8276,#8277,#8278,#8279,#8280,#8281,#8282,#8283,#8284,#8285,#8286
      ,#8287,#8288,#8289,#8290,#8291,#8292,#8293,#8294,#8295,#8296,#8297
      ,#8298,#8299,#8300,#8301,#8302,#8303,#8304,#8305,#8306,#8307,#8308
      ,#8309,#8310,#8311,#8312,#8313,#8314,#8315,#8316,#8317,#8318,#8319
      ,#8320,#8321,#8322,#8323,#8324,#8325,#8326,#8327,#8328,#8329,#8330
      ,#8331,#8332,#8333,#8334,#8335,#8336,#8337,#8338,#8339,#8340,#8341
      ,#8342,#8343,#8344,#8345,#8346,#8347,#8348,#8349,#8350,#8351,#8352
      ,#8353,#8354,#8355,#8356,#8357,#8358,#8359,#8360,#8361,#8362,#8363
      ,#8364,#8365,#8366,#8367,#8368,#8369,#8370,#8371,#8372,#8373,#8374
      ,#8375,#8376,#8377,#8378,#8379,#8380,#8381,#8382,#8383,#8384,#8385
      ,#8386,#8387,#8388,#8389,#8390,#8391,#8392,#8393,#8394,#8395,#8396
      ,#8397,#8398,#8399,#8400,#8401,#8402,#8403,#8404,#8405,#8406,#8407
      ,#8408,#8409,#8410,#8411,#8412,#8413,#8414,#8415,#8416,#8417,#8418
      ,#8419,#8420,#8421,#8422,#8423,#8424,#8425,#8426,#8427,#8428,#8429
      ,#8430,#8431,#8432,#8433,#8434,#8435,#8436,#8437,#8438,#8439)
    ,(#8440,#8441,#8442,#8443,#8444,#8445,#8446,#8447,#8448,#8449,#8450
      ,#8451,#8452,#8453,#8454,#8455,#8456,#8457,#8458,#8459,#8460,#8461
      ,#8462,#8463,#8464,#8465,#8466,#8467,#8468,#8469,#8470,#8471,#8472
      ,#8473,#8474,#8475,#8476,#8477,#8478,#8479,#8480,#8481,#8482,#8483
      ,#8484,#8485,#8486,#8487,#8488,#8489,#8490,#8491,#8492,#8493,#8494
      ,#8495,#8496,#8497,#8498,#8499,#8500,#8501,#8502,#8503,#8504,#8505
      ,#8506,#8507,#8508,#8509,#8510,#8511,#8512,#8513,#8514,#8515,#8516
      ,#8517,#8518,#8519,#8520,#8521,#8522,#8523,#8524,#8525,#8526,#8527
      ,#8528,#8529,#8530,#8531,#8532,#8533,#8534,#8535,#8536,#8537,#8538
      ,#8539,#8540,#8541,#8542,#8543,#8544,#8545,#8546,#8547,#8548,#8549
      ,#8550,#8551,#8552,#8553,#8554,#8555,#8556,#8557,#8558,#8559,#8560
      ,#8561,#8562,#8563,#8564,#8565,#8566,#8567,#8568,#8569,#8570,#8571
      ,#8572,#8573,#8574,#8575,#8576,#8577,#8578,#8579,#8580,#8581,#8582
      ,#8583,#8584,#8585,#8586,#8587,#8588,#8589,#8590,#8591,#8592,#8593
      ,#8594,#8595,#8596,#8597,#8598,#8599,#8600,#8601,#8602,#8603,#8604
      ,#8605,#8606,#8607,#8608,#8609,#8610,#8611,#8612,#8613,#8614,#8615
      ,#8616,#8617,#8618,#8619,#8620,#8621,#8622,#8623,#8624,#8625,#8626
      ,#8627,#8628,#8629,#8630,#8631,#8632,#8633,#8634,#8635,#8636)
    ,(#8637,#8638,#8639,#8640,#8641,#8642,#8643,#8644,#8645,#8646,#8647
      ,#8648,#8649,#8650,#8651,#8652,#8653,#8654,#8655,#8656,#8657,#8658
      ,#8659,#8660,#8661,#8662,#8663,#8664,#8665,#8666,#8667,#8668,#8669
      ,#8670,#8671,#8672,#8673,#8674,#8675,#8676,#8677,#8678,#8679,#8680
      ,#8681,#8682,#8683,#8684,#8685,#8686,#8687,#8688,#8689,#8690,#8691
      ,#8692,#8693,#8694,#8695,#8696,#8697,#8698,#8699,#8700,#8701,#8702
      ,#8703,#8704,#8705,#8706,#8707,#8708,#8709,#8710,#8711,#8712,#8713
      ,#8714,#8715,#8716,#8717,#8718,#8719,#8720,#8721,#8722,#8723,#8724
      ,#8725,#8726,#8727,#8728,#8729,#8730,#8731,#8732,#8733,#8734,#8735
      ,#8736,#8737,#8738,#8739,#8740,#8741,#8742,#8743,#8744,#8745,#8746
      ,#8747,#8748,#8749,#8750,#8751,#8752,#8753,#8754,#8755,#8756,#8757
      ,#8758,#8759,#8760,#8761,#8762,#8763,#8764,#8765,#8766,#8767,#8768
      ,#8769,#8770,#8771,#8772,#8773,#8774,#8775,#8776,#8777,#8778,#8779
      ,#8780,#8781,#8782,#8783,#8784,#8785,#8786,#8787,#8788,#8789,#8790
      ,#8791,#8792,#8793,#8794,#8795,#8796,#8797,#8798,#8799,#8800,#8801
      ,#8802,#8803,#8804,#8805,#8806,#8807,#8808,#8809,#8810,#8811,#8812
      ,#8813,#8814,#8815,#8816,#8817,#8818,#8819,#8820,#8821,#8822,#8823
      ,#8824,#8825,#8826,#8827,#8828,#8829,#8830,#8831,#8832,#8833
)),.UNSPECIFIED.,.F.,.F.,.F.) B_SPLINE_SURFACE_WITH_KNOTS((3,3),(15,13,
    13,13,13,13,13,13,13,13,13,13,13,13,13,15),(0.,97.910480729504),(
    -4.88848041616,-1.104524645996,1.332474787143,2.520690310127,
    4.003828982198,5.759169283864,10.934695043837,22.340429886836,
    37.705063308517,48.434310639929,56.893766253402,63.808875750076,
    76.126731573052,86.022091274446,96.805956083508,100.03365650991),
.UNSPECIFIED.) GEOMETRIC_REPRESENTATION_ITEM() RATIONAL_B_SPLINE_SURFACE
((
    (1.,1.,1.,1.,1.,1.,1.,1.,1.,1.,1.,1.,1.,1.,1.,1.,1.,1.,1.,1.,1.,1.
      ,1.,1.,1.,1.,1.,1.,1.,1.,1.,1.,1.,1.,1.,1.,1.,1.,1.,1.,1.,1.,1.,1.
      ,1.,1.,1.,1.,1.,1.,1.,1.,1.,1.,1.,1.,1.,1.,1.,1.,1.,1.,1.,1.,1.,1.
      ,1.,1.,1.,1.,1.,1.,1.,1.,1.,1.,1.,1.,1.,1.,1.,1.,1.,1.,1.,1.,1.,1.
      ,1.,1.,1.,1.,1.,1.,1.,1.,1.,1.,1.,1.,1.,1.,1.,1.,1.,1.,1.,1.,1.,1.
      ,1.,1.,1.,1.,1.,1.,1.,1.,1.,1.,1.,1.,1.,1.,1.,1.,1.,1.,1.,1.,1.,1.
      ,1.,1.,1.,1.,1.,1.,1.,1.,1.,1.,1.,1.,1.,1.,1.,1.,1.,1.,1.,1.,1.,1.
      ,1.,1.,1.,1.,1.,1.,1.,1.,1.,1.,1.,1.,1.,1.,1.,1.,1.,1.,1.,1.,1.,1.
      ,1.,1.,1.,1.,1.,1.,1.,1.,1.,1.,1.,1.,1.,1.,1.,1.,1.,1.,1.,1.,1.)
    ,(0.995529712876,0.995195116906,0.994911997238,0.994680353874
      ,0.994500186812,0.994371496054,0.9942942816,0.994268543448
      ,0.9942942816,0.994371496054,0.994500186812,0.994680353874
      ,0.994911997238,0.995195116906,0.995745204346,0.995948748964
      ,0.996142192503,0.996321611385,0.996498192929,0.99665899644
      ,0.996809922625,0.996960860376,0.997100992606,0.997224337794
      ,0.997343960185,0.997448155732,0.997541327537,0.997660720537
      ,0.997696832315,0.997729829534,0.997759642129,0.997786229909
      ,0.997809585527,0.997829734335,0.99784673078,0.997860651698
      ,0.997871586214,0.997879622433,0.997884830834,0.997887244398
      ,0.997886325017,0.997881401661,0.997872152958,0.997858443373
      ,0.997840051071,0.997816757544,0.997788398467,0.997754884502
      ,0.99771620032,0.997672390659,0.997623541679,0.997569766349
      ,0.997511202252,0.997373264637,0.99729204531,0.99720465
      ,0.997111342947,0.997012372009,0.996907965927,0.996798333029
      ,0.996683659782,0.996564111127,0.99643983059,0.996310941956
      ,0.996177551136,0.996039749132,0.995478542534,0.995021877746
      ,0.994529802901,0.994003629329,0.993444132299,0.992851781432
      ,0.99222688575,0.991569672449,0.990880317712,0.990158948774
      ,0.989405635532,0.988620390831,0.987803197881,0.985082820548
      ,0.983056472912,0.98087494454,0.978538122822,0.976045887007
      ,0.973398180052,0.970595132254,0.967637223507,0.964525472896
      ,0.96126164198,0.957848440681,0.95428972229,0.950590656054
      ,0.941594721593,0.936188790511,0.930557334408,0.924721431866
      ,0.918710204934,0.912562030992,0.906325406266,0.900060147171
      ,0.893838311017,0.887743587116,0.881867957179,0.876305144915
      ,0.871141774395,0.863172388607,0.860125374734,0.857331002401
      ,0.85481055067,0.852577991613,0.850636801399,0.848979554591
      ,0.847590069095,0.846447429715,0.845530787477,0.84482339164
      ,0.844313880008,0.843992414511,0.843717710773,0.843700892002
      ,0.843784443883,0.843963713331,0.8442358666,0.844579849216
      ,0.845044482024,0.845553611954,0.846179954395,0.846870243867
      ,0.847652292988,0.848515046742,0.849461326106,0.851331638176
      ,0.852228182638,0.853179997919,0.854186949975,0.855248805329
      ,0.856365213491,0.857535689191,0.858759594945,0.860036123139
      ,0.861364278689,0.862742861128,0.864170447171,0.865645372947
      ,0.869873897933,0.872726034691,0.8757123301,0.878820133039
      ,0.882034724426,0.885340032441,0.888719275666,0.892155535374
      ,0.895632255231,0.899133670494,0.902645164563,0.906153554781
      ,0.909647306042,0.915903735756,0.918674820671,0.921424673956
      ,0.924148536142,0.92684203693,0.929501089661,0.9321217862
      ,0.934700291205,0.937232737182,0.939715118675,0.942143187272
      ,0.944512345952,0.94681754389,0.951489535211,0.953843676877
      ,0.956103376919,0.958303901345,0.960233512326,0.962508650767
      ,0.963834849037,0.965968675197,0.967293635269,0.968985720888
      ,0.970402292314,0.971862110357,0.973352965468,0.975455758545
      ,0.975865634496,0.976200987547,0.976461817698,0.976648124949
      ,0.9767599093,0.97679717075,0.9767599093,0.976648124949
      ,0.976461817698,0.976200987547,0.975865634496,0.975455758545
      ,0.974971359693)
    ,(1.,1.,1.,1.,1.,1.,1.,1.,1.,1.,1.,1.,1.,1.,1.,1.,1.,1.,1.,1.,1.,1.
      ,1.,1.,1.,1.,1.,1.,1.,1.,1.,1.,1.,1.,1.,1.,1.,1.,1.,1.,1.,1.,1.,1.
      ,1.,1.,1.,1.,1.,1.,1.,1.,1.,1.,1.,1.,1.,1.,1.,1.,1.,1.,1.,1.,1.,1.
      ,1.,1.,1.,1.,1.,1.,1.,1.,1.,1.,1.,1.,1.,1.,1.,1.,1.,1.,1.,1.,1.,1.
      ,1.,1.,1.,1.,1.,1.,1.,1.,1.,1.,1.,1.,1.,1.,1.,1.,1.,1.,1.,1.,1.,1.
      ,1.,1.,1.,1.,1.,1.,1.,1.,1.,1.,1.,1.,1.,1.,1.,1.,1.,1.,1.,1.,1.,1.
      ,1.,1.,1.,1.,1.,1.,1.,1.,1.,1.,1.,1.,1.,1.,1.,1.,1.,1.,1.,1.,1.,1.
      ,1.,1.,1.,1.,1.,1.,1.,1.,1.,1.,1.,1.,1.,1.,1.,1.,1.,1.,1.,1.,1.,1.
      ,1.,1.,1.,1.,1.,1.,1.,1.,1.,1.,1.,1.,1.,1.,1.,1.,1.,1.,1.,1.,1.
))) REPRESENTATION_ITEM('') SURFACE() );
#8243 = CARTESIAN_POINT('',(-4.833501130743,53.66641008447,
    -37.92214767692));
#8244 = CARTESIAN_POINT('',(-4.730808301251,53.437472947992,
    -38.04051652279));
#8245 = CARTESIAN_POINT('',(-4.628115471758,53.208535811516,
    -38.15888536866));
#8246 = CARTESIAN_POINT('',(-4.525422642266,52.979598675042,
    -38.27725421453));
#8247 = CARTESIAN_POINT('',(-4.422729812774,52.750661538571,
    -38.39562306041));
#8248 = CARTESIAN_POINT('',(-4.320036983283,52.521724402103,
    -38.51399190628));
#8249 = CARTESIAN_POINT('',(-4.217344153791,52.292787265637,
    -38.63236075216));
#8250 = CARTESIAN_POINT('',(-4.114651324299,52.063850129173,
    -38.75072959804));
#8251 = CARTESIAN_POINT('',(-4.011958494808,51.834912992712,
    -38.86909844393));
#8252 = CARTESIAN_POINT('',(-3.909265665317,51.605975856253,
    -38.98746728981));
#8253 = CARTESIAN_POINT('',(-3.806572835826,51.377038719797,
    -39.1058361357));
#8254 = CARTESIAN_POINT('',(-3.703880006335,51.148101583343,
    -39.22420498158));
#8255 = CARTESIAN_POINT('',(-3.601187176844,50.919164446891,
    -39.34257382747));
#8256 = CARTESIAN_POINT('',(-3.498494347354,50.690227310442,
    -39.46094267336));
#8257 = CARTESIAN_POINT('',(-3.32966375557,50.313846676864,
    -39.65554518262));
#8258 = CARTESIAN_POINT('',(-3.263258251092,50.16389324774,
    -39.73282167589));
#8259 = CARTESIAN_POINT('',(-3.197082967806,50.011789007964,
    -39.8109477931));
#8260 = CARTESIAN_POINT('',(-3.130280713539,49.855987359765,
    -39.89068287112));
#8261 = CARTESIAN_POINT('',(-3.065795714738,49.699965420063,
    -39.97026812527));
#8262 = CARTESIAN_POINT('',(-3.000475374579,49.539112923333,
    -40.05200858684));
#8263 = CARTESIAN_POINT('',(-2.936220198162,49.375255138481,
    -40.13496020495));
#8264 = CARTESIAN_POINT('',(-2.8758102305,49.211463057886,
    -40.21756485079));
#8265 = CARTESIAN_POINT('',(-2.816625421491,49.043808422305,
    -40.30179444822));
#8266 = CARTESIAN_POINT('',(-2.757724989814,48.870265790388,
    -40.38863927607));
#8267 = CARTESIAN_POINT('',(-2.703351047692,48.695354418174,
    -40.47578223678));
#8268 = CARTESIAN_POINT('',(-2.650912247255,48.514854969027,
    -40.56533478444));
#8269 = CARTESIAN_POINT('',(-2.602510664948,48.330151468054,
    -40.65655232461));
#8270 = CARTESIAN_POINT('',(-2.537130599643,48.048155909691,
    -40.79516276285));
#8271 = CARTESIAN_POINT('',(-2.516773467157,47.954590640446,
    -40.84105094885));
#8272 = CARTESIAN_POINT('',(-2.497571904656,47.859850415805,
    -40.88741011612));
#8273 = CARTESIAN_POINT('',(-2.479626405492,47.763924826104,
    -40.93424090331));
#8274 = CARTESIAN_POINT('',(-2.463049785012,47.666829266511,
    -40.98153118989));
#8275 = CARTESIAN_POINT('',(-2.44796238443,47.568603530732,
    -41.02925697032));
#8276 = CARTESIAN_POINT('',(-2.434487195752,47.469310503337,
    -41.07738317996));
#8277 = CARTESIAN_POINT('',(-2.422744897882,47.369034958328,
    -41.1258644622));
#8278 = CARTESIAN_POINT('',(-2.412848816972,47.267882449793,
    -41.17464588701));
#8279 = CARTESIAN_POINT('',(-2.404899796184,47.165978315279,
    -41.22366361349));
#8280 = CARTESIAN_POINT('',(-2.398980989398,47.063466767727,
    -41.27284550002));
#8281 = CARTESIAN_POINT('',(-2.395152566562,46.960510099019,
    -41.32211166149));
#8282 = CARTESIAN_POINT('',(-2.393446339646,46.857287977091,
    -41.37137497269));
#8283 = CARTESIAN_POINT('',(-2.394377016318,46.625068160748,
    -41.48191153517));
#8284 = CARTESIAN_POINT('',(-2.398197915551,46.496043876737,
    -41.54312500606));
#8285 = CARTESIAN_POINT('',(-2.405329059698,46.367342530127,
    -41.60398219932));
#8286 = CARTESIAN_POINT('',(-2.415694883246,46.239321999439,
    -41.66431484869));
#8287 = CARTESIAN_POINT('',(-2.429150915043,46.112293073458,
    -41.72397971272));
#8288 = CARTESIAN_POINT('',(-2.445500508905,45.986521820822,
    -41.78285707971));
#8289 = CARTESIAN_POINT('',(-2.46451370571,45.862224797586,
    -41.84085240279));
#8290 = CARTESIAN_POINT('',(-2.485946335839,45.739561184865,
    -41.89789927946));
#8291 = CARTESIAN_POINT('',(-2.509557486163,45.618625866611,
    -41.9539619478));
#8292 = CARTESIAN_POINT('',(-2.535123436004,45.499447556888,
    -42.00903552153));
#8293 = CARTESIAN_POINT('',(-2.562446188545,45.381995982452,
    -42.06314213504));
#8294 = CARTESIAN_POINT('',(-2.591354702887,45.266202219895,
    -42.11632121489));
#8295 = CARTESIAN_POINT('',(-2.621696949658,45.151996213445,
    -42.16861205886));
#8296 = CARTESIAN_POINT('',(-2.690748820339,44.90606368895,
    -42.28087800948));
#8297 = CARTESIAN_POINT('',(-2.729978330181,44.774949978634,
    -42.3405105736));
#8298 = CARTESIAN_POINT('',(-2.770775008613,44.645914921771,
    -42.39898624475));
#8299 = CARTESIAN_POINT('',(-2.812942375143,44.518833911589,
    -42.45637217853));
#8300 = CARTESIAN_POINT('',(-2.856315255623,44.39357599249,
    -42.51273721792));
#8301 = CARTESIAN_POINT('',(-2.900754025181,44.27001081464,-42.568148833
    ));
#8302 = CARTESIAN_POINT('',(-2.94613973292,44.148013830557,
    -42.62267089771));
#8303 = CARTESIAN_POINT('',(-2.992370101755,44.027469661906,
    -42.67636222413));
#8304 = CARTESIAN_POINT('',(-3.039356412021,43.908273725724,
    -42.72927595439));
#8305 = CARTESIAN_POINT('',(-3.087021259292,43.790332025396,
    -42.7814597026));
#8306 = CARTESIAN_POINT('',(-3.135297195455,43.673559192651,
    -42.8329565461));
#8307 = CARTESIAN_POINT('',(-3.184126245728,43.557874712952,
    -42.88380678723));
#8308 = CARTESIAN_POINT('',(-3.233460306649,43.443197379793,
    -42.9340505393));
#8309 = CARTESIAN_POINT('',(-3.43010126092,42.994024442831,
    -43.13021156306));
#8310 = CARTESIAN_POINT('',(-3.581040864795,42.66655829321,
    -43.27180880286));
#8311 = CARTESIAN_POINT('',(-3.734840696595,42.34549723853,
    -43.40930104472));
#8312 = CARTESIAN_POINT('',(-3.890733130461,42.029576544541,
    -43.54331104092));
#8313 = CARTESIAN_POINT('',(-4.048229170655,41.717789404352,
    -43.6743256859));
#8314 = CARTESIAN_POINT('',(-4.206988674377,41.409354922568,
    -43.80271802245));
#8315 = CARTESIAN_POINT('',(-4.366742844991,41.103678152271,
    -43.92877019948));
#8316 = CARTESIAN_POINT('',(-4.52725673891,40.800306641581,
    -44.05269590644));
#8317 = CARTESIAN_POINT('',(-4.688319562753,40.49888796098,
    -44.17466085447));
#8318 = CARTESIAN_POINT('',(-4.849750496034,40.199132663643,
    -44.2947998165));
#8319 = CARTESIAN_POINT('',(-5.011407818996,39.900787151964,
    -44.41322880252));
#8320 = CARTESIAN_POINT('',(-5.173189083972,39.603620903833,
    -44.53005088525));
#8321 = CARTESIAN_POINT('',(-5.335010101813,39.307432527799,
    -44.64535424133));
#8322 = CARTESIAN_POINT('',(-5.85319118793,38.361184303705,
    -45.01009433571));
#8323 = CARTESIAN_POINT('',(-6.209279784051,37.714299201919,
    -45.25393288848));
#8324 = CARTESIAN_POINT('',(-6.563992823896,37.069832771622,
    -45.4914044825));
#8325 = CARTESIAN_POINT('',(-6.916546003082,36.426701831639,
    -45.72294710999));
#8326 = CARTESIAN_POINT('',(-7.266294311231,35.784165466182,
    -45.94883161628));
#8327 = CARTESIAN_POINT('',(-7.612665735772,35.14170891331,
    -46.16922041453));
#8328 = CARTESIAN_POINT('',(-7.955122287921,34.498968163312,
    -46.38420646442));
#8329 = CARTESIAN_POINT('',(-8.293142105754,33.855686453582,
    -46.59383675041));
#8330 = CARTESIAN_POINT('',(-8.626216398187,33.211693925102,
    -46.79812458455));
#8331 = CARTESIAN_POINT('',(-8.953854981607,32.566901605414,
    -46.99705494622));
#8332 = CARTESIAN_POINT('',(-9.275594174592,31.92130099271,
    -47.19058719251));
#8333 = CARTESIAN_POINT('',(-9.591000803047,31.274960412377,
    -47.37865936079));
#8334 = CARTESIAN_POINT('',(-9.899666078714,30.628009400843,
    -47.56119837387));
#8335 = CARTESIAN_POINT('',(-10.60735584962,29.108482042395,
    -47.97649850293));
#8336 = CARTESIAN_POINT('',(-11.00061183363,28.235461841711,
    -48.20471117331));
#8337 = CARTESIAN_POINT('',(-11.37987435524,27.362241246116,
    -48.42254842418));
#8338 = CARTESIAN_POINT('',(-11.744650493,26.488807879092,
    -48.62994684832));
#8339 = CARTESIAN_POINT('',(-12.09426732172,25.615812803849,
    -48.82672305764));
#8340 = CARTESIAN_POINT('',(-12.42816152266,24.744205107506,
    -49.01268736008));
#8341 = CARTESIAN_POINT('',(-12.74628223281,23.874504821604,
    -49.18780684937));
#8342 = CARTESIAN_POINT('',(-13.049186872,23.006370436085,
    -49.35226179953));
#8343 = CARTESIAN_POINT('',(-13.33778165773,22.13860387887,
    -49.5063773415));
#8344 = CARTESIAN_POINT('',(-13.61288241585,21.269431772003,
    -49.65049330186));
#8345 = CARTESIAN_POINT('',(-13.87484731268,20.396807224318,
    -49.78485951987));
#8346 = CARTESIAN_POINT('',(-14.1234610545,19.518591162212,
    -49.90961112277));
#8347 = CARTESIAN_POINT('',(-14.35803013599,18.632796453654,
    -50.02478892109));
#8348 = CARTESIAN_POINT('',(-14.73038511538,17.114195203485,
    -50.20384950169));
#8349 = CARTESIAN_POINT('',(-14.87600963826,16.4856845356,
    -50.27272047471));
#8350 = CARTESIAN_POINT('',(-15.01377348674,15.852747991434,
    -50.33680762203));
#8351 = CARTESIAN_POINT('',(-15.14312090014,15.215214326047,
    -50.39601810491));
#8352 = CARTESIAN_POINT('',(-15.26344305659,14.573065119685,
    -50.45025086878));
#8353 = CARTESIAN_POINT('',(-15.3741144798,13.926446807046,
    -50.49940732165));
#8354 = CARTESIAN_POINT('',(-15.47449907555,13.275690933911,
    -50.54338638592));
#8355 = CARTESIAN_POINT('',(-15.56396136332,12.621328196562,
    -50.58208347165));
#8356 = CARTESIAN_POINT('',(-15.6418987139,11.964078606998,
    -50.61540252143));
#8357 = CARTESIAN_POINT('',(-15.7077908614,11.304797115795,
    -50.64328055301));
#8358 = CARTESIAN_POINT('',(-15.7612431823,10.644350791955,
    -50.66571366441));
#8359 = CARTESIAN_POINT('',(-15.8019806819,9.983400638903,
    -50.68276370749));
#8360 = CARTESIAN_POINT('',(-15.82972988997,9.322057927858,
    -50.69451449411));
#8361 = CARTESIAN_POINT('',(-15.85508359941,8.136896117704,
    -50.70599987747));
#8362 = CARTESIAN_POINT('',(-15.85786005112,7.613513778242,
    -50.70769811662));
#8363 = CARTESIAN_POINT('',(-15.85256473549,7.089629710356,
    -50.70588937508));
#8364 = CARTESIAN_POINT('',(-15.83898676195,6.556241430729,
    -50.70009147952));
#8365 = CARTESIAN_POINT('',(-15.81867832236,6.031963159208,
    -50.6909655617));
#8366 = CARTESIAN_POINT('',(-15.78708855931,5.467463645995,
    -50.67560310052));
#8367 = CARTESIAN_POINT('',(-15.75309817669,4.970895797538,
    -50.65812038255));
#8368 = CARTESIAN_POINT('',(-15.7068068767,4.393923384595,
    -50.63353324206));
#8369 = CARTESIAN_POINT('',(-15.65685426408,3.877315885592,
    -50.60520558393));
#8370 = CARTESIAN_POINT('',(-15.59832228393,3.324081904245,
    -50.57081662761));
#8371 = CARTESIAN_POINT('',(-15.53389684756,2.784740944897,
    -50.53098202931));
#8372 = CARTESIAN_POINT('',(-15.46302006608,2.240236100474,
    -50.48518124303));
#8373 = CARTESIAN_POINT('',(-15.3861804822,1.696082980726,-50.4332245209
    ));
#8374 = CARTESIAN_POINT('',(-15.23613642662,0.706471923827,
    -50.32715630196));
#8375 = CARTESIAN_POINT('',(-15.16483052429,0.261189392504,
    -50.27516926554));
#8376 = CARTESIAN_POINT('',(-15.08985760838,-0.184150567221,
    -50.21877188833));
#8377 = CARTESIAN_POINT('',(-15.01136837359,-0.62942458169,
    -50.15783533308));
#8378 = CARTESIAN_POINT('',(-14.92951059589,-1.074506802394,
    -50.09223339567));
#8379 = CARTESIAN_POINT('',(-14.84442820269,-1.519267947772,
    -50.02184374306));
#8380 = CARTESIAN_POINT('',(-14.75626033981,-1.963574343072,
    -49.94654913917));
#8381 = CARTESIAN_POINT('',(-14.66514044451,-2.407286963051,
    -49.86623869265));
#8382 = CARTESIAN_POINT('',(-14.57119530953,-2.850260471102,
    -49.78080907284));
#8383 = CARTESIAN_POINT('',(-14.47454415799,-3.292342262238,
    -49.69016576381));
#8384 = CARTESIAN_POINT('',(-14.37529770742,-3.733371502521,
    -49.59422428044));
#8385 = CARTESIAN_POINT('',(-14.27355724287,-4.173178171267,
    -49.49291141606));
#8386 = CARTESIAN_POINT('',(-14.16941368368,-4.611582101439,
    -49.38616646831));
#8387 = CARTESIAN_POINT('',(-13.87329737604,-5.826479716334,
    -49.07403834836));
#8388 = CARTESIAN_POINT('',(-13.67627212783,-6.599501105705,
    -48.85675359396));
#8389 = CARTESIAN_POINT('',(-13.47233821695,-7.366435986196,
    -48.62182457569));
#8390 = CARTESIAN_POINT('',(-13.26184593568,-8.126135163521,
    -48.36913315394));
#8391 = CARTESIAN_POINT('',(-13.045029703,-8.877359413173,
    -48.09873809128));
#8392 = CARTESIAN_POINT('',(-12.82201194601,-9.618815926162,
    -47.81089791093));
#8393 = CARTESIAN_POINT('',(-12.59280970459,-10.3491922226,
    -47.50608516106));
#8394 = CARTESIAN_POINT('',(-12.35734398553,-11.06718755996,
    -47.18499216684));
#8395 = CARTESIAN_POINT('',(-12.1154518296,-11.77154179947,
    -46.84852815508));
#8396 = CARTESIAN_POINT('',(-11.86690113522,-12.46106177329,
    -46.4978078896));
#8397 = CARTESIAN_POINT('',(-11.61140819388,-13.13464510967,
    -46.13413167528));
#8398 = CARTESIAN_POINT('',(-11.34865797689,-13.79130155304,
    -45.75895685614));
#8399 = CARTESIAN_POINT('',(-11.07832714357,-14.43017175167,
    -45.37386071277));
#8400 = CARTESIAN_POINT('',(-10.57660816537,-15.54890964067,
    -44.66449039022));
#8401 = CARTESIAN_POINT('',(-10.34801496351,-16.03532796318,
    -44.34314665749));
#8402 = CARTESIAN_POINT('',(-10.11416235507,-16.50940603465,
    -44.01734609312));
#8403 = CARTESIAN_POINT('',(-9.874886226602,-16.97080341256,
    -43.68800059061));
#8404 = CARTESIAN_POINT('',(-9.630029017915,-17.41922461804,
    -43.35605005742));
#8405 = CARTESIAN_POINT('',(-9.379442558465,-17.85441207471,
    -43.02246100457));
#8406 = CARTESIAN_POINT('',(-9.122990905267,-18.27613905508,
    -42.68822513988));
#8407 = CARTESIAN_POINT('',(-8.860553178603,-18.68420261578,
    -42.3543579561));
#8408 = CARTESIAN_POINT('',(-8.592026400487,-19.0784165468,
    -42.02189732533));
#8409 = CARTESIAN_POINT('',(-8.317328330165,-19.45860430565,
    -41.6919020866));
#8410 = CARTESIAN_POINT('',(-8.036400302367,-19.82459196553,-41.36545064
    ));
#8411 = CARTESIAN_POINT('',(-7.749210063357,-20.17620115227,
    -41.04363953534));
#8412 = CARTESIAN_POINT('',(-7.455754608493,-20.513241989,
    -40.72758206478));
#8413 = CARTESIAN_POINT('',(-6.829462098474,-21.18670619718,
    -40.08147077509));
#8414 = CARTESIAN_POINT('',(-6.495365303082,-21.52034106594,
    -39.75271320476));
#8415 = CARTESIAN_POINT('',(-6.155415145419,-21.83572713365,
    -39.43426494604));
#8416 = CARTESIAN_POINT('',(-5.79788788047,-22.13805219581,
    -39.12072362781));
#8417 = CARTESIAN_POINT('',(-5.475924349817,-22.39508999877,
    -38.8508583736));
#8418 = CARTESIAN_POINT('',(-5.03472048745,-22.71472501195,
    -38.50463063545));
#8419 = CARTESIAN_POINT('',(-4.781435474305,-22.85983569395,
    -38.34326104256));
#8420 = CARTESIAN_POINT('',(-4.309106874463,-23.16771431329,
    -38.0047419724));
#8421 = CARTESIAN_POINT('',(-3.99345280891,-23.31984606869,
    -37.82884894473));
#8422 = CARTESIAN_POINT('',(-3.528208059419,-23.56403415184,
    -37.55204274027));
#8423 = CARTESIAN_POINT('',(-3.047082958204,-23.76400022958,
    -37.31833148693));
#8424 = CARTESIAN_POINT('',(-2.470457709402,-23.97544984747,
    -37.06908485314));
#8425 = CARTESIAN_POINT('',(-1.797816430557,-24.17830726789,
    -36.82598241542));
#8426 = CARTESIAN_POINT('',(-0.757484115062,-24.41854520288,
    -36.53470300702));
#8427 = CARTESIAN_POINT('',(-0.514581388953,-24.47463732696,
    -36.46669342844));
#8428 = CARTESIAN_POINT('',(-0.268426611151,-24.53148042856,
    -36.39777331803));
#8429 = CARTESIAN_POINT('',(-1.901978165797E-02,-24.58907450768,
    -36.32794267578));
#8430 = CARTESIAN_POINT('',(0.233639099527,-24.64741956432,
    -36.25720150169));
#8431 = CARTESIAN_POINT('',(0.489550032405,-24.70651559848,
    -36.18554979577));
#8432 = CARTESIAN_POINT('',(0.748713016974,-24.76636261016,
    -36.11298755801));
#8433 = CARTESIAN_POINT('',(1.011128053235,-24.82696059936,
    -36.03951478842));
#8434 = CARTESIAN_POINT('',(1.276795141188,-24.88830956609,
    -35.96513148699));
#8435 = CARTESIAN_POINT('',(1.545714280833,-24.95040951033,
    -35.88983765373));
#8436 = CARTESIAN_POINT('',(1.81788547217,-25.01326043209,
    -35.81363328863));
#8437 = CARTESIAN_POINT('',(2.093308715199,-25.07686233138,
    -35.73651839169));
#8438 = CARTESIAN_POINT('',(2.37198400992,-25.14121520819,
    -35.65849296292));
#8439 = CARTESIAN_POINT('',(2.653911356333,-25.20631906251,
    -35.57955700231));
#8440 = CARTESIAN_POINT('',(-6.707826348607,52.692803151284,
    -38.4505331023));
#8441 = CARTESIAN_POINT('',(-6.548831995763,52.47366267241,
    -38.56195263515));
#8442 = CARTESIAN_POINT('',(-6.391021336391,52.256153667547,
    -38.67254266324));
#8443 = CARTESIAN_POINT('',(-6.234419882113,52.040311299132,
    -38.7822853086));
#8444 = CARTESIAN_POINT('',(-6.079052795423,51.826170248401,
    -38.89116293797));
#8445 = CARTESIAN_POINT('',(-5.924944876255,51.61376469688,
    -38.99915817211));
#8446 = CARTESIAN_POINT('',(-5.772120548813,51.403128308229,
    -39.10625389512));
#8447 = CARTESIAN_POINT('',(-5.620603848687,51.194294210483,
    -39.21243326341));
#8448 = CARTESIAN_POINT('',(-5.470418410253,50.987294978691,
    -39.31767971457));
#8449 = CARTESIAN_POINT('',(-5.321587454392,50.782162617981,
    -39.42197697595));
#8450 = CARTESIAN_POINT('',(-5.17413377652,50.578928547069,
    -39.52530907305));
#8451 = CARTESIAN_POINT('',(-5.028079734956,50.377623582226,
    -39.62766033768));
#8452 = CARTESIAN_POINT('',(-4.883447239641,50.178277921723,
    -39.72901541586));
#8453 = CARTESIAN_POINT('',(-4.740257741204,49.980921130769,
    -39.8293592755));
#8454 = CARTESIAN_POINT('',(-4.507306468577,49.65984649809,
    -39.99260609219));
#8455 = CARTESIAN_POINT('',(-4.417876952893,49.53288153136,
    -40.05697106777));
#8456 = CARTESIAN_POINT('',(-4.330105219811,49.404544741515,
    -40.12184245535));
#8457 = CARTESIAN_POINT('',(-4.244836171994,49.274757473808,
    -40.18724582917));
#8458 = CARTESIAN_POINT('',(-4.16051529717,49.143395634002,
    -40.25325964155));
#8459 = CARTESIAN_POINT('',(-4.079294908458,49.010117100255,
    -40.32002069357));
#8460 = CARTESIAN_POINT('',(-4.000695355584,48.875058760518,
    -40.38746446382));
#8461 = CARTESIAN_POINT('',(-3.923437959153,48.738045149985,
    -40.45568927075));
#8462 = CARTESIAN_POINT('',(-3.849212373842,48.598344545979,
    -40.52502656795));
#8463 = CARTESIAN_POINT('',(-3.779417765398,48.455833464686,
    -40.59551212689));
#8464 = CARTESIAN_POINT('',(-3.712887357572,48.310991370098,
    -40.66691945784));
#8465 = CARTESIAN_POINT('',(-3.651611656814,48.163087041357,
    -40.73957558273));
#8466 = CARTESIAN_POINT('',(-3.595722518018,48.012252501522,
    -40.81340551525));
#8467 = CARTESIAN_POINT('',(-3.521944287343,47.783466103136,
    -40.9249767612));
#8468 = CARTESIAN_POINT('',(-3.499253060632,47.707782704342,
    -40.96182014515));
#8469 = CARTESIAN_POINT('',(-3.478142177527,47.631394117666,
    -40.99894056084));
#8470 = CARTESIAN_POINT('',(-3.458704525728,47.554322400655,
    -41.03632535196));
#8471 = CARTESIAN_POINT('',(-3.441028902141,47.47660782884,
    -41.07395318154));
#8472 = CARTESIAN_POINT('',(-3.42519586709,47.398302743098,
    -41.11179707235));
#8473 = CARTESIAN_POINT('',(-3.411274778335,47.319466787773,
    -41.14982675202));
#8474 = CARTESIAN_POINT('',(-3.399321996844,47.240163586725,
    -41.18801030426));
#8475 = CARTESIAN_POINT('',(-3.389380273405,47.160458786843,
    -41.22631512711));
#8476 = CARTESIAN_POINT('',(-3.381479304474,47.0804195473,
    -41.26470819947));
#8477 = CARTESIAN_POINT('',(-3.375637468788,47.000115390079,
    -41.3031556569));
#8478 = CARTESIAN_POINT('',(-3.371864735028,46.919620482334,
    -41.34162167757));
#8479 = CARTESIAN_POINT('',(-3.370166748815,46.839017293749,
    -41.38006667932));
#8480 = CARTESIAN_POINT('',(-3.371028590869,46.657776592173,
    -41.4663487389));
#8481 = CARTESIAN_POINT('',(-3.374755294006,46.557115091533,
    -41.51415647359));
#8482 = CARTESIAN_POINT('',(-3.38170053432,46.456647749605,
    -41.56175882323));
#8483 = CARTESIAN_POINT('',(-3.391861625692,46.356520095754,
    -41.60908679744));
#8484 = CARTESIAN_POINT('',(-3.405223518285,46.256856823858,
    -41.65608184419));
#8485 = CARTESIAN_POINT('',(-3.421737538396,46.157790628483,
    -41.70268249545));
#8486 = CARTESIAN_POINT('',(-3.441314381736,46.059464917227,
    -41.74882311732));
#8487 = CARTESIAN_POINT('',(-3.463827534828,45.962019720512,
    -41.79444044192));
#8488 = CARTESIAN_POINT('',(-3.489123295963,45.865570049214,
    -41.8394835534));
#8489 = CARTESIAN_POINT('',(-3.517033574181,45.77018605565,
    -41.8839229987));
#8490 = CARTESIAN_POINT('',(-3.547387638712,45.675884257375,
    -41.92775468695));
#8491 = CARTESIAN_POINT('',(-3.580018992602,45.582639194009,
    -41.97099423826));
#8492 = CARTESIAN_POINT('',(-3.614763537574,45.490424818925,
    -42.01365743491));
#8493 = CARTESIAN_POINT('',(-3.694865066151,45.291425131741,
    -42.10551451745));
#8494 = CARTESIAN_POINT('',(-3.741003495234,45.18504878991,
    -42.15448070202));
#8495 = CARTESIAN_POINT('',(-3.789583272952,45.08014216132,
    -42.20263806579));
#8496 = CARTESIAN_POINT('',(-3.840354595242,44.976656949629,
    -42.25001460275));
#8497 = CARTESIAN_POINT('',(-3.893093226958,44.874529252573,
    -42.29664508961));
#8498 = CARTESIAN_POINT('',(-3.947598709669,44.773686849507,
    -42.34256770494));
#8499 = CARTESIAN_POINT('',(-4.003692609554,44.674054910833,
    -42.38782138988));
#8500 = CARTESIAN_POINT('',(-4.061216807031,44.575560108246,
    -42.43244394951));
#8501 = CARTESIAN_POINT('',(-4.120031823811,44.47813315545,
    -42.47647089607));
#8502 = CARTESIAN_POINT('',(-4.180015191355,44.381709742771,
    -42.51993503308));
#8503 = CARTESIAN_POINT('',(-4.241059854921,44.286229902574,
    -42.56286678194));
#8504 = CARTESIAN_POINT('',(-4.303072617387,44.191635770694,
    -42.60529525034));
#8505 = CARTESIAN_POINT('',(-4.36597261835,44.097867768699,
    -42.64725004394));
#8506 = CARTESIAN_POINT('',(-4.617662567832,43.730473831298,
    -42.81123394929));
#8507 = CARTESIAN_POINT('',(-4.812766928335,43.462670543699,
    -42.92987722412));
#8508 = CARTESIAN_POINT('',(-5.013051540578,43.200265678585,
    -43.04529072707));
#8509 = CARTESIAN_POINT('',(-5.21726253988,42.942254048929,
    -43.15797072156));
#8510 = CARTESIAN_POINT('',(-5.424579707475,42.687812900103,
    -43.26831727968));
#8511 = CARTESIAN_POINT('',(-5.634435088883,42.436289614877,
    -43.37664449882));
#8512 = CARTESIAN_POINT('',(-5.846399120698,42.187177753605,
    -43.48319451519));
#8513 = CARTESIAN_POINT('',(-6.060119267257,41.940086114316,
    -43.58815348757));
#8514 = CARTESIAN_POINT('',(-6.275296135924,41.694705543682,
    -43.69166769384));
#8515 = CARTESIAN_POINT('',(-6.491681966444,41.450778321606,
    -43.79385785437));
#8516 = CARTESIAN_POINT('',(-6.709086310652,41.208074979312,
    -43.89482976611));
#8517 = CARTESIAN_POINT('',(-6.927373602913,40.96638351345,
    -43.99467930186));
#8518 = CARTESIAN_POINT('',(-7.146437200574,40.725516008454,
    -44.09348979671));
#8519 = CARTESIAN_POINT('',(-7.851636124237,39.954575424912,
    -44.40751130167));
#8520 = CARTESIAN_POINT('',(-8.340507623588,39.426884694293,
    -44.61903610678));
#8521 = CARTESIAN_POINT('',(-8.831572380453,38.9007055228,
    -44.82656694307));
#8522 = CARTESIAN_POINT('',(-9.324024314217,38.374896844335,
    -45.03056189213));
#8523 = CARTESIAN_POINT('',(-9.817295971735,37.848583070969,
    -45.23133717874));
#8524 = CARTESIAN_POINT('',(-10.31096446099,37.321046062658,
    -45.42911805881));
#8525 = CARTESIAN_POINT('',(-10.80468857479,36.791654315641,
    -45.62407167243));
#8526 = CARTESIAN_POINT('',(-11.29817069349,36.259821010268,
    -45.81632573421));
#8527 = CARTESIAN_POINT('',(-11.79113707897,35.724982516888,
    -46.0059769796));
#8528 = CARTESIAN_POINT('',(-12.2833301693,35.186588745867,
    -46.19309334524));
#8529 = CARTESIAN_POINT('',(-12.77450643129,34.644096598299,
    -46.37771395385));
#8530 = CARTESIAN_POINT('',(-13.26443324993,34.09695745052,
    -46.55985108568));
#8531 = CARTESIAN_POINT('',(-13.7528782023,33.544589339957,
    -46.73949846028));
#8532 = CARTESIAN_POINT('',(-14.90148772424,32.227101655166,
    -47.15757105283));
#8533 = CARTESIAN_POINT('',(-15.56086844359,31.456171947325,
    -47.39412308818));
#8534 = CARTESIAN_POINT('',(-16.21694621983,30.672133751719,
    -47.62619053202));
#8535 = CARTESIAN_POINT('',(-16.86913005254,29.872861486217,
    -47.85373147377));
#8536 = CARTESIAN_POINT('',(-17.51643859456,29.056498460085,
    -48.0765302973));
#8537 = CARTESIAN_POINT('',(-18.15757365619,28.221139202556,
    -48.29427020672));
#8538 = CARTESIAN_POINT('',(-18.79098693732,27.364405938077,
    -48.50663260378));
#8539 = CARTESIAN_POINT('',(-19.41470813687,26.483430903026,
    -48.71330115529));
#8540 = CARTESIAN_POINT('',(-20.0260047523,25.575255217703,
    -48.9138720543));
#8541 = CARTESIAN_POINT('',(-20.6211095472,24.637359059783,
    -49.10774409254));
#8542 = CARTESIAN_POINT('',(-21.19526602391,23.667965590518,
    -49.29407762389));
#8543 = CARTESIAN_POINT('',(-21.74318704345,22.665936621858,
    -49.47186394632));
#8544 = CARTESIAN_POINT('',(-22.25967848815,21.630529187035,
    -49.64002969273));
#8545 = CARTESIAN_POINT('',(-23.07788760473,19.809006277732,
    -49.90815344177));
#8546 = CARTESIAN_POINT('',(-23.39755846202,19.040467295323,
    -50.01345756286));
#8547 = CARTESIAN_POINT('',(-23.69694023339,18.256769743556,
    -50.11276712884));
#8548 = CARTESIAN_POINT('',(-23.97429216433,17.458448459625,
    -50.20563785506));
#8549 = CARTESIAN_POINT('',(-24.22814510565,16.646256475582,
    -50.29161606522));
#8550 = CARTESIAN_POINT('',(-24.457455095,15.821158152083,
    -50.37025262115));
#8551 = CARTESIAN_POINT('',(-24.66162602426,14.984286604382,
    -50.4411299692));
#8552 = CARTESIAN_POINT('',(-24.84042916713,14.136882057253,
    -50.50388713594));
#8553 = CARTESIAN_POINT('',(-24.99385615424,13.280233013993,
    -50.55823381604));
#8554 = CARTESIAN_POINT('',(-25.12195081819,12.415642737061,
    -50.60395154923));
#8555 = CARTESIAN_POINT('',(-25.22467328616,11.54443926008,
    -50.64088687908));
#8556 = CARTESIAN_POINT('',(-25.30185624754,10.668038102666,
    -50.6689480937));
#8557 = CARTESIAN_POINT('',(-25.35331803339,9.788053181721,
    -50.68812322799));
#8558 = CARTESIAN_POINT('',(-25.39961227432,8.211095781553,
    -50.70675987901));
#8559 = CARTESIAN_POINT('',(-25.40415469382,7.515148735549,
    -50.70946322658));
#8560 = CARTESIAN_POINT('',(-25.3931525212,6.819317400597,
    -50.70626624628));
#8561 = CARTESIAN_POINT('',(-25.36743644544,6.126553749168,
    -50.69676592184));
#8562 = CARTESIAN_POINT('',(-25.32636260952,5.433106673331,
    -50.68069022813));
#8563 = CARTESIAN_POINT('',(-25.27445040066,4.751297332932,
    -50.65744075641));
#8564 = CARTESIAN_POINT('',(-25.2049078471,4.055909827245,
    -50.62709721728));
#8565 = CARTESIAN_POINT('',(-25.126937231,3.383195879533,-50.58892102254
    ));
#8566 = CARTESIAN_POINT('',(-25.03381464229,2.699612227409,
    -50.54295992578));
#8567 = CARTESIAN_POINT('',(-24.93058815614,2.029089379125,
    -50.48875807874));
#8568 = CARTESIAN_POINT('',(-24.81562686182,1.359779704911,
    -50.42615340245));
#8569 = CARTESIAN_POINT('',(-24.69015962533,0.696686902874,
    -50.35490014124));
#8570 = CARTESIAN_POINT('',(-24.55447564394,3.881484623045E-02,
    -50.27480603134));
#8571 = CARTESIAN_POINT('',(-24.29044397776,-1.145281470286,
    -50.11301333121));
#8572 = CARTESIAN_POINT('',(-24.16538750895,-1.67327698637,
    -50.03435264203));
#8573 = CARTESIAN_POINT('',(-24.03413663671,-2.197199522267,
    -49.94962489831));
#8574 = CARTESIAN_POINT('',(-23.89693335348,-2.716925198163,
    -49.8587507287));
#8575 = CARTESIAN_POINT('',(-23.75401079328,-3.232339877513,
    -49.76166089829));
#8576 = CARTESIAN_POINT('',(-23.60559303167,-3.743337968872,
    -49.65829700276));
#8577 = CARTESIAN_POINT('',(-23.45189486917,-4.249821280425,
    -49.5486121217));
#8578 = CARTESIAN_POINT('',(-23.29312159556,-4.751697930693,
    -49.4325714294));
#8579 = CARTESIAN_POINT('',(-23.12946873598,-5.248881308535,
    -49.31015275765));
#8580 = CARTESIAN_POINT('',(-22.96112177683,-5.741289086207,
    -49.18134711047));
#8581 = CARTESIAN_POINT('',(-22.78825587166,-6.228842279529,
    -49.04615912505));
#8582 = CARTESIAN_POINT('',(-22.61103552669,-6.711464356026,
    -48.90460747949));
#8583 = CARTESIAN_POINT('',(-22.42961426509,-7.189080387776,
    -48.7567252431));
#8584 = CARTESIAN_POINT('',(-21.91534560041,-8.499250713755,
    -48.32928148201));
#8585 = CARTESIAN_POINT('',(-21.57396667734,-9.320514151033,
    -48.03639814603));
#8586 = CARTESIAN_POINT('',(-21.22078175996,-10.12508843725,
    -47.72418951586));
#8587 = CARTESIAN_POINT('',(-20.85646196424,-10.91266357285,
    -47.39307665944));
#8588 = CARTESIAN_POINT('',(-20.48155593163,-11.68293555266,
    -47.04363281704));
#8589 = CARTESIAN_POINT('',(-20.09648508673,-12.43560324373,
    -46.67658977904));
#8590 = CARTESIAN_POINT('',(-19.70154333399,-13.17036499599,
    -46.29284051958));
#8591 = CARTESIAN_POINT('',(-19.2969009659,-13.88691571805,
    -45.89343837588));
#8592 = CARTESIAN_POINT('',(-18.88261251577,-14.58494502067,
    -45.4795930075));
#8593 = CARTESIAN_POINT('',(-18.45862825267,-15.26413707235,
    -45.05266329798));
#8594 = CARTESIAN_POINT('',(-18.02480901413,-15.92417265596,
    -44.61414728699));
#8595 = CARTESIAN_POINT('',(-17.58094406855,-16.56473395861,
    -44.1656691416));
#8596 = CARTESIAN_POINT('',(-17.12677171267,-17.18551250275,
    -43.70896309791));
#8597 = CARTESIAN_POINT('',(-16.2911874037,-18.26549387554,
    -42.87636416455));
#8598 = CARTESIAN_POINT('',(-15.91358417528,-18.73204967161,
    -42.50275649129));
#8599 = CARTESIAN_POINT('',(-15.52902776536,-19.18574367676,
    -42.12594510861));
#8600 = CARTESIAN_POINT('',(-15.13734634649,-19.6264317378,
    -41.74688869361));
#8601 = CARTESIAN_POINT('',(-14.73836905373,-20.05396865961,
    -41.3665871343));
#8602 = CARTESIAN_POINT('',(-14.33193353001,-20.46820737067,
    -40.98607789254));
#8603 = CARTESIAN_POINT('',(-13.91789309332,-20.86899843567,
    -40.60643228953));
#8604 = CARTESIAN_POINT('',(-13.49612352636,-21.25618989683,
    -40.2287517085));
#8605 = CARTESIAN_POINT('',(-13.06652948514,-21.62962737926,
    -39.85416371274));
#8606 = CARTESIAN_POINT('',(-12.62905052756,-21.9891544549,
    -39.48381808452));
#8607 = CARTESIAN_POINT('',(-12.18366675972,-22.33461319541,
    -39.11888279511));
#8608 = CARTESIAN_POINT('',(-11.73040410104,-22.66584490523,
    -38.76053992267));
#8609 = CARTESIAN_POINT('',(-11.26933916906,-22.98269097696,
    -38.40998154104));
#8610 = CARTESIAN_POINT('',(-10.29228885695,-23.61282286765,
    -37.69798734371));
#8611 = CARTESIAN_POINT('',(-9.774586189553,-23.92371542835,
    -37.3379359142));
#8612 = CARTESIAN_POINT('',(-9.249904443499,-24.21664532593,
    -36.99079026083));
#8613 = CARTESIAN_POINT('',(-8.705432630007,-24.49659095845,
    -36.6512401097));
#8614 = CARTESIAN_POINT('',(-8.189142933482,-24.74204889826,
    -36.34989275444));
#8615 = CARTESIAN_POINT('',(-7.582906847738,-25.0111318413,
    -36.00628773747));
#8616 = CARTESIAN_POINT('',(-7.09300053154,-25.19255649207,
    -35.78095841276));
#8617 = CARTESIAN_POINT('',(-6.47424726038,-25.43041379078,
    -35.46649724475));
#8618 = CARTESIAN_POINT('',(-5.934730512555,-25.59561222172,
    -35.25153624869));
#8619 = CARTESIAN_POINT('',(-5.322996905378,-25.78385312241,
    -34.99569335009));
#8620 = CARTESIAN_POINT('',(-4.698411315888,-25.94642002468,
    -34.77231753437));
#8621 = CARTESIAN_POINT('',(-4.017024524357,-26.10162758524,
    -34.55402585344));
#8622 = CARTESIAN_POINT('',(-3.263386842741,-26.2399112992,
    -34.35536345592));
#8623 = CARTESIAN_POINT('',(-2.140893048099,-26.38085761491,
    -34.14681282306));
#8624 = CARTESIAN_POINT('',(-1.881050589823,-26.4134848217,
    -34.09853611153));
#8625 = CARTESIAN_POINT('',(-1.619456446364,-26.44633197944,
    -34.04993395049));
#8626 = CARTESIAN_POINT('',(-1.356052528443,-26.47940638213,
    -34.00099554741));
#8627 = CARTESIAN_POINT('',(-1.090779989131,-26.51271541889,
    -33.95170996898));
#8628 = CARTESIAN_POINT('',(-0.823579179971,-26.54626657952,
    -33.90206613298));
#8629 = CARTESIAN_POINT('',(-0.554389606226,-26.58006746005,
    -33.85205279996));
#8630 = CARTESIAN_POINT('',(-0.283149881214,-26.61412576852,
    -33.80165856475));
#8631 = CARTESIAN_POINT('',(-9.797679634143E-03,-26.64844933083,
    -33.7508718478));
#8632 = CARTESIAN_POINT('',(0.265730310177,-26.68304609674,
    -33.69968088628));
#8633 = CARTESIAN_POINT('',(0.543498435142,-26.71792414597,
    -33.64807372504));
#8634 = CARTESIAN_POINT('',(0.823572127572,-26.75309169457,
    -33.59603820726));
#8635 = CARTESIAN_POINT('',(1.106017956605,-26.78855710131,
    -33.54356196492));
#8636 = CARTESIAN_POINT('',(1.390903681044,-26.82432887435,
    -33.49063240896));
#8637 = CARTESIAN_POINT('',(-8.495982525395,51.337080647919,
    -38.53351994495));
#8638 = CARTESIAN_POINT('',(-8.286538278016,51.156822225694,
    -38.64921942782));
#8639 = CARTESIAN_POINT('',(-8.079475785624,50.978613663523,
    -38.76360320102));
#8640 = CARTESIAN_POINT('',(-7.874795048218,50.802454961408,
    -38.87667126456));
#8641 = CARTESIAN_POINT('',(-7.672496065799,50.628346119347,
    -38.98842361844));
#8642 = CARTESIAN_POINT('',(-7.472578838367,50.45628713734,
    -39.09886026265));
#8643 = CARTESIAN_POINT('',(-7.275043365921,50.286278015389,
    -39.20798119721));
#8644 = CARTESIAN_POINT('',(-7.079889648461,50.118318753493,
    -39.3157864221));
#8645 = CARTESIAN_POINT('',(-6.887117685988,49.952409351651,
    -39.42227593734));
#8646 = CARTESIAN_POINT('',(-6.696727478502,49.788549809864,
    -39.52744974291));
#8647 = CARTESIAN_POINT('',(-6.508719026002,49.626740128132,
    -39.63130783882));
#8648 = CARTESIAN_POINT('',(-6.323092328489,49.466980306455,
    -39.73385022506));
#8649 = CARTESIAN_POINT('',(-6.139847385962,49.309270344832,
    -39.83507690165));
#8650 = CARTESIAN_POINT('',(-5.958984198421,49.153610243265,
    -39.93498786857));
#8651 = CARTESIAN_POINT('',(-5.665554501041,48.901069651021,
    -40.09708190877));
#8652 = CARTESIAN_POINT('',(-5.554347808205,48.801916657382,
    -40.15974900692));
#8653 = CARTESIAN_POINT('',(-5.4461313942,48.701946042631,
    -40.22201672682));
#8654 = CARTESIAN_POINT('',(-5.343420741129,48.602431440017,
    -40.28297205753));
#8655 = CARTESIAN_POINT('',(-5.240269871706,48.499957885551,
    -40.345123225));
#8656 = CARTESIAN_POINT('',(-5.144021439896,48.398090811509,
    -40.40575390986));
#8657 = CARTESIAN_POINT('',(-5.051874364843,48.295435738982,
    -40.4659947305));
#8658 = CARTESIAN_POINT('',(-4.95857772895,48.188836350968,
    -40.52812867946));
#8659 = CARTESIAN_POINT('',(-4.870039345384,48.080470826148,
    -40.59026717799));
#8660 = CARTESIAN_POINT('',(-4.789955444782,47.971958249588,
    -40.65117109087));
#8661 = CARTESIAN_POINT('',(-4.711861656457,47.860070971269,
    -40.7134109986));
#8662 = CARTESIAN_POINT('',(-4.642238815595,47.747264818273,
    -40.77489784057));
#8663 = CARTESIAN_POINT('',(-4.579288806695,47.632524508063,
    -40.83646776707));
#8664 = CARTESIAN_POINT('',(-4.497632572818,47.459747035265,
    -40.92759599544));
#8665 = CARTESIAN_POINT('',(-4.472758479859,47.402775983934,
    -40.95739764702));
#8666 = CARTESIAN_POINT('',(-4.449873940177,47.345491560214,
    -40.98711271222));
#8667 = CARTESIAN_POINT('',(-4.429064216591,47.287945878466,
    -41.01671173161));
#8668 = CARTESIAN_POINT('',(-4.410394285776,47.230202388667,
    -41.04616228915));
#8669 = CARTESIAN_POINT('',(-4.393905356369,47.172325125574,
    -41.07543433933));
#8670 = CARTESIAN_POINT('',(-4.379613803493,47.114370561889,
    -41.10450403817));
#8671 = CARTESIAN_POINT('',(-4.367512505703,47.05638208122,
    -41.13335606733));
#8672 = CARTESIAN_POINT('',(-4.357574602894,46.998387044291,
    -41.16198446181));
#8673 = CARTESIAN_POINT('',(-4.349759654117,46.940396484988,
    -41.19039193367));
#8674 = CARTESIAN_POINT('',(-4.344022215934,46.882407394523,
    -41.21858769523));
#8675 = CARTESIAN_POINT('',(-4.340322823834,46.82440763331,
    -41.24658378163));
#8676 = CARTESIAN_POINT('',(-4.338641389474,46.766383439222,
    -41.27438987136));
#8677 = CARTESIAN_POINT('',(-4.339431895629,46.635866298161,
    -41.3364780018));
#8678 = CARTESIAN_POINT('',(-4.343048194885,46.563313556837,
    -41.37067378215));
#8679 = CARTESIAN_POINT('',(-4.349776986033,46.490716560152,
    -41.40457983428));
#8680 = CARTESIAN_POINT('',(-4.359687197937,46.418005325137,
    -41.43821897651));
#8681 = CARTESIAN_POINT('',(-4.372891147758,46.345112815752,
    -41.47160534129));
#8682 = CARTESIAN_POINT('',(-4.389485934356,46.272032410484,
    -41.50472407345));
#8683 = CARTESIAN_POINT('',(-4.409520959594,46.198829389661,
    -41.53752995287));
#8684 = CARTESIAN_POINT('',(-4.432985865914,46.125621212933,
    -41.56995857914));
#8685 = CARTESIAN_POINT('',(-4.459813162367,46.052541276297,
    -41.60194371557));
#8686 = CARTESIAN_POINT('',(-4.489889830121,45.979700936279,
    -41.63343443802));
#8687 = CARTESIAN_POINT('',(-4.523072179553,45.90716448645,
    -41.66440568451));
#8688 = CARTESIAN_POINT('',(-4.559198247467,45.834951863858,
    -41.69485584583));
#8689 = CARTESIAN_POINT('',(-4.598092010599,45.763083790628,
    -41.72478500275));
#8690 = CARTESIAN_POINT('',(-4.688624885769,45.607180378167,
    -41.78889878724));
#8691 = CARTESIAN_POINT('',(-4.741293588396,45.523304346539,
    -41.82286994025));
#8692 = CARTESIAN_POINT('',(-4.797240361782,45.440123185875,
    -41.85604934555));
#8693 = CARTESIAN_POINT('',(-4.856162654666,45.357670145832,
    -41.88844086842));
#8694 = CARTESIAN_POINT('',(-4.917777733144,45.275953436598,
    -41.92005925053));
#8695 = CARTESIAN_POINT('',(-4.981824811438,45.194963733294,
    -41.95092626786));
#8696 = CARTESIAN_POINT('',(-5.04806639602,45.114680344308,
    -41.98106764052));
#8697 = CARTESIAN_POINT('',(-5.11628883489,45.035075977076,
    -42.01051061668));
#8698 = CARTESIAN_POINT('',(-5.186302082528,44.956120182256,
    -42.03928232832));
#8699 = CARTESIAN_POINT('',(-5.257938668942,44.877781392409,
    -42.06740881389));
#8700 = CARTESIAN_POINT('',(-5.3310518838,44.800027629632,
    -42.09491480472));
#8701 = CARTESIAN_POINT('',(-5.405513166636,44.722825825424,
    -42.12182419821));
#8702 = CARTESIAN_POINT('',(-5.481208709498,44.646139789845,
    -42.14816127032));
#8703 = CARTESIAN_POINT('',(-5.784554213398,44.345216966096,
    -42.24999692562));
#8704 = CARTESIAN_POINT('',(-6.020873763201,44.124654261247,
    -42.32128569811));
#8705 = CARTESIAN_POINT('',(-6.264330863347,43.907453256907,
    -42.38836037731));
#8706 = CARTESIAN_POINT('',(-6.513178407193,43.692888184602,
    -42.45166783191));
#8707 = CARTESIAN_POINT('',(-6.766253381078,43.480328384564,
    -42.51156841949));
#8708 = CARTESIAN_POINT('',(-7.022745425023,43.269250754802,
    -42.56834729668));
#8709 = CARTESIAN_POINT('',(-7.282047885121,43.05923476976,
    -42.62222769822));
#8710 = CARTESIAN_POINT('',(-7.54367342308,42.849945658899,
    -42.67338489875));
#8711 = CARTESIAN_POINT('',(-7.807216264541,42.641111294902,
    -42.72195961393));
#8712 = CARTESIAN_POINT('',(-8.072343147282,42.432498388034,
    -42.76806954224));
#8713 = CARTESIAN_POINT('',(-8.338795052828,42.223893536129,
    -42.81181780994));
#8714 = CARTESIAN_POINT('',(-8.606381783881,42.015094721104,
    -42.8532970235));
#8715 = CARTESIAN_POINT('',(-8.874951467084,41.805918810906,
    -42.89258768139));
#8716 = CARTESIAN_POINT('',(-9.737940294668,41.134123471585,
    -43.01164660297));
#8717 = CARTESIAN_POINT('',(-10.33548305818,40.669482855737,
    -43.08322309569));
#8718 = CARTESIAN_POINT('',(-10.93537559854,40.200708788311,
    -43.14516303582));
#8719 = CARTESIAN_POINT('',(-11.53652666838,39.726546814686,
    -43.1979625292));
#8720 = CARTESIAN_POINT('',(-12.13815754515,39.245947843657,
    -43.24199347813));
#8721 = CARTESIAN_POINT('',(-12.73967780312,38.757973898393,
    -43.27754975861));
#8722 = CARTESIAN_POINT('',(-13.34059653672,38.261741095842,
    -43.30487919826));
#8723 = CARTESIAN_POINT('',(-13.94046273168,37.756391069824,
    -43.32420450623));
#8724 = CARTESIAN_POINT('',(-14.53882850163,37.241082152863,
    -43.33573639038));
#8725 = CARTESIAN_POINT('',(-15.13522888105,36.71499150774,
    -43.33968199129));
#8726 = CARTESIAN_POINT('',(-15.72917189426,36.177319532264,
    -43.3362518764));
#8727 = CARTESIAN_POINT('',(-16.32013259368,35.627287738963,
    -43.32566873261));
#8728 = CARTESIAN_POINT('',(-16.90754478135,35.064121407626,
    -43.30818097876));
#8729 = CARTESIAN_POINT('',(-18.27646418313,33.70958071864,
    -43.25162411489));
#8730 = CARTESIAN_POINT('',(-19.0545828021,32.906826626282,
    -43.20716775838));
#8731 = CARTESIAN_POINT('',(-19.82353483992,32.077013327106,
    -43.15142361221));
#8732 = CARTESIAN_POINT('',(-20.58161774153,31.218034015942,
    -43.08525894255));
#8733 = CARTESIAN_POINT('',(-21.32670742126,30.328281159527,
    -43.0096937362));
#8734 = CARTESIAN_POINT('',(-22.05624929086,29.406452930289,
    -42.92600454153));
#8735 = CARTESIAN_POINT('',(-22.76725607614,28.45143879657,
    -42.83582339495));
#8736 = CARTESIAN_POINT('',(-23.45625145092,27.462618110232,
    -42.74118279463));
#8737 = CARTESIAN_POINT('',(-24.11924514062,26.440381585757,
    -42.64450034898));
#8738 = CARTESIAN_POINT('',(-24.75187077986,25.386449732627,
    -42.54851555132));
#8739 = CARTESIAN_POINT('',(-25.34976276056,24.303614921907,
    -42.45618671629));
#8740 = CARTESIAN_POINT('',(-25.90909222799,23.194874458232,
    -42.37052777863));
#8741 = CARTESIAN_POINT('',(-26.42692561746,22.062551162532,
    -42.29431306894));
#8742 = CARTESIAN_POINT('',(-27.23155979121,20.103321963916,
    -42.18424521691));
#8743 = CARTESIAN_POINT('',(-27.54092715521,19.287340564995,
    -42.14456841611));
#8744 = CARTESIAN_POINT('',(-27.82799668613,18.461749444522,
    -42.11105162748));
#8745 = CARTESIAN_POINT('',(-28.09205158493,17.627252731733,
    -42.08425658126));
#8746 = CARTESIAN_POINT('',(-28.33255509785,16.784533956715,
    -42.06438029636));
#8747 = CARTESIAN_POINT('',(-28.54920643044,15.934224423368,
    -42.05111351318));
#8748 = CARTESIAN_POINT('',(-28.74194072568,15.076835026362,
    -42.04366152527));
#8749 = CARTESIAN_POINT('',(-28.91086291118,14.212698983167,
    -42.040880633));
#8750 = CARTESIAN_POINT('',(-29.05612653116,13.341971486362,
    -42.0414794166));
#8751 = CARTESIAN_POINT('',(-29.17779034474,12.46473104778,
    -42.04423058885));
#8752 = CARTESIAN_POINT('',(-29.27570675126,11.581225818005,
    -42.04813510387));
#8753 = CARTESIAN_POINT('',(-29.34951774914,10.692306919809,
    -42.05247673348));
#8754 = CARTESIAN_POINT('',(-29.39885547803,9.800089386328,
    -42.05670134197));
#8755 = CARTESIAN_POINT('',(-29.44358541756,8.206207564509,
    -42.06269289395));
#8756 = CARTESIAN_POINT('',(-29.44823921854,7.504294737528,
    -42.06472766968));
#8757 = CARTESIAN_POINT('',(-29.43778820623,6.803638691447,
    -42.06539995537));
#8758 = CARTESIAN_POINT('',(-29.41381171324,6.123022238347,
    -42.06456322042));
#8759 = CARTESIAN_POINT('',(-29.37286021322,5.427497584158,
    -42.06011700184));
#8760 = CARTESIAN_POINT('',(-29.32850686317,4.813027124935,
    -42.05548977233));
#8761 = CARTESIAN_POINT('',(-29.25826830151,4.071147188268,
    -42.04504256603));
#8762 = CARTESIAN_POINT('',(-29.18914648981,3.490835048567,-42.033192054
    ));
#8763 = CARTESIAN_POINT('',(-29.1002217684,2.798571855708,
    -42.01693878408));
#8764 = CARTESIAN_POINT('',(-29.00502969974,2.183966221324,
    -41.99709096366));
#8765 = CARTESIAN_POINT('',(-28.89811296818,1.548849334789,
    -41.97334862184));
#8766 = CARTESIAN_POINT('',(-28.78193643294,0.93085073997,
    -41.94548809002));
#8767 = CARTESIAN_POINT('',(-28.65642663071,0.31950003796,
    -41.91342136879));
#8768 = CARTESIAN_POINT('',(-28.41216845307,-0.776508950489,
    -41.84723944308));
#8769 = CARTESIAN_POINT('',(-28.29636409435,-1.264027567277,
    -41.81456447567));
#8770 = CARTESIAN_POINT('',(-28.17482124062,-1.746206788869,
    -41.77891610434));
#8771 = CARTESIAN_POINT('',(-28.04772526265,-2.22316687907,
    -41.74022753022));
#8772 = CARTESIAN_POINT('',(-27.91524309626,-2.695044962247,
    -41.69843005073));
#8773 = CARTESIAN_POINT('',(-27.77752385131,-3.161992083494,
    -41.65345248438));
#8774 = CARTESIAN_POINT('',(-27.63469941411,-3.624170267341,
    -41.60522058576));
#8775 = CARTESIAN_POINT('',(-27.4868850617,-4.081749578831,
    -41.55365647833));
#8776 = CARTESIAN_POINT('',(-27.33418005888,-4.534905181272,
    -41.49867806132));
#8777 = CARTESIAN_POINT('',(-27.17666827585,-4.983814397983,
    -41.44019844757));
#8778 = CARTESIAN_POINT('',(-27.0144187854,-5.42865376996,
    -41.37812537062));
#8779 = CARTESIAN_POINT('',(-26.84748647701,-5.869596117071,
    -41.31236061734));
#8780 = CARTESIAN_POINT('',(-26.67591265935,-6.30680759668,
    -41.24279944288));
#8781 = CARTESIAN_POINT('',(-26.18588451566,-7.512880848472,
    -41.03845917455));
#8782 = CARTESIAN_POINT('',(-25.85741142122,-8.2739715926,
    -40.89517940339));
#8783 = CARTESIAN_POINT('',(-25.51446592011,-9.024616493364,
    -40.73893604459));
#8784 = CARTESIAN_POINT('',(-25.15709466012,-9.765609445543,
    -40.56909453515));
#8785 = CARTESIAN_POINT('',(-24.78524405156,-10.49759840312,
    -40.38501375642));
#8786 = CARTESIAN_POINT('',(-24.39877225389,-11.22105480956,
    -40.18611152136));
#8787 = CARTESIAN_POINT('',(-23.99746047735,-11.93625280142,
    -39.9719221349));
#8788 = CARTESIAN_POINT('',(-23.58102363755,-12.64325817827,
    -39.74214610117));
#8789 = CARTESIAN_POINT('',(-23.14912030952,-13.34192714812,
    -39.49669187403));
#8790 = CARTESIAN_POINT('',(-22.7013620455,-14.03191483792,
    -39.23570977505));
#8791 = CARTESIAN_POINT('',(-22.23732199029,-14.7126935794,
    -38.95961795131));
#8792 = CARTESIAN_POINT('',(-21.75654285257,-15.38358096147,
    -38.66912048562));
#8793 = CARTESIAN_POINT('',(-21.25854418814,-16.0437776557,
    -38.36521757414));
#8794 = CARTESIAN_POINT('',(-20.3285371909,-17.21348783669,
    -37.79534626331));
#8795 = CARTESIAN_POINT('',(-19.90281608313,-17.72709809168,
    -37.53366902154));
#8796 = CARTESIAN_POINT('',(-19.4654138026,-18.23277652519,
    -37.26481987357));
#8797 = CARTESIAN_POINT('',(-19.01607880643,-18.73001370985,
    -36.98956863187));
#8798 = CARTESIAN_POINT('',(-18.55456832406,-19.21826426742,
    -36.70879788764));
#8799 = CARTESIAN_POINT('',(-18.08065677422,-19.69695109684,
    -36.42348974756));
#8800 = CARTESIAN_POINT('',(-17.59414418319,-20.16546959856,
    -36.1347125744));
#8801 = CARTESIAN_POINT('',(-17.09486460133,-20.62319190464,
    -35.8436077222));
#8802 = CARTESIAN_POINT('',(-16.5826945217,-21.06947110122,
    -35.55137627822));
#8803 = CARTESIAN_POINT('',(-16.05756129646,-21.50364545956,
    -35.25926579747));
#8804 = CARTESIAN_POINT('',(-15.51945155529,-21.92504265891,
    -34.96855704433));
#8805 = CARTESIAN_POINT('',(-14.96841962224,-22.33298401596,
    -34.68055072828));
#8806 = CARTESIAN_POINT('',(-14.40459593363,-22.72678870989,
    -34.39655424391));
#8807 = CARTESIAN_POINT('',(-13.20003993387,-23.518796788,
    -33.81415934986));
#8808 = CARTESIAN_POINT('',(-12.55666557527,-23.9143568353,
    -33.5166295766));
#8809 = CARTESIAN_POINT('',(-11.90134891076,-24.29005335856,
    -33.22826031311));
#8810 = CARTESIAN_POINT('',(-11.21938297243,-24.6526590172,
    -32.94451231276));
#8811 = CARTESIAN_POINT('',(-10.55857803089,-24.97721509951,
    -32.68511298454));
#8812 = CARTESIAN_POINT('',(-9.820603034702,-25.3135789345,
    -32.41765926475));
#8813 = CARTESIAN_POINT('',(-9.148577640963,-25.58686723085,
    -32.18548880961));
#8814 = CARTESIAN_POINT('',(-8.404468242173,-25.87145158173,
    -31.95714293028));
#8815 = CARTESIAN_POINT('',(-7.682406297733,-26.11164393232,
    -31.75240823632));
#8816 = CARTESIAN_POINT('',(-6.942757262761,-26.33543002568,
    -31.56746534148));
#8817 = CARTESIAN_POINT('',(-6.194794434024,-26.53456817835,
    -31.39866032648));
#8818 = CARTESIAN_POINT('',(-5.421291472546,-26.71222109623,
    -31.25398328506));
#8819 = CARTESIAN_POINT('',(-4.597001734367,-26.86708758141,
    -31.14181820752));
#8820 = CARTESIAN_POINT('',(-3.405070513629,-27.02490348943,
    -31.07219095763));
#8821 = CARTESIAN_POINT('',(-3.130497555878,-27.06125791986,
    -31.05615164294));
#8822 = CARTESIAN_POINT('',(-2.855924598127,-27.09761235029,
    -31.04011232825));
#8823 = CARTESIAN_POINT('',(-2.581351640377,-27.13396678073,
    -31.02407301355));
#8824 = CARTESIAN_POINT('',(-2.306778682626,-27.17032121116,
    -31.00803369886));
#8825 = CARTESIAN_POINT('',(-2.032205724875,-27.20667564159,
    -30.99199438417));
#8826 = CARTESIAN_POINT('',(-1.757632767124,-27.24303007202,
    -30.97595506948));
#8827 = CARTESIAN_POINT('',(-1.483059809374,-27.27938450245,
    -30.95991575478));
#8828 = CARTESIAN_POINT('',(-1.208486851623,-27.31573893289,
    -30.94387644009));
#8829 = CARTESIAN_POINT('',(-0.933913893872,-27.35209336332,
    -30.9278371254));
#8830 = CARTESIAN_POINT('',(-0.659340936122,-27.38844779375,
    -30.91179781071));
#8831 = CARTESIAN_POINT('',(-0.384767978371,-27.42480222418,
    -30.89575849601));
#8832 = CARTESIAN_POINT('',(-0.11019502062,-27.46115665461,
    -30.87971918132));
#8833 = CARTESIAN_POINT('',(0.16437793713,-27.49751108505,
    -30.86367986663));
#8834 = ADVANCED_FACE('',(#8835),#8841,.F.);
#8835 = FACE_BOUND('',#8836,.F.);
#8836 = EDGE_LOOP('',(#8837,#8838,#8839,#8840));
#8837 = ORIENTED_EDGE('',*,*,#4242,.F.);
#8838 = ORIENTED_EDGE('',*,*,#8043,.T.);
#8839 = ORIENTED_EDGE('',*,*,#2980,.T.);
#8840 = ORIENTED_EDGE('',*,*,#3275,.T.);
#8841 = SURFACE_OF_LINEAR_EXTRUSION('',#8842,#8848);
#8842 = B_SPLINE_CURVE_WITH_KNOTS('',3,(#8843,#8844,#8845,#8846,#8847),
  .UNSPECIFIED.,.F.,.F.,(4,1,4),(0.,1.,2.),.QUASI_UNIFORM_KNOTS.);
#8843 = CARTESIAN_POINT('',(446.26170144114,80.109879999973,-20.));
#8844 = CARTESIAN_POINT('',(446.26170144114,50.039639747234,
    -43.65491833001));
#8845 = CARTESIAN_POINT('',(446.26170144114,7.11271928759,
    -57.26537937586));
#8846 = CARTESIAN_POINT('',(446.26170144114,-28.77751432256,
    -44.60880291824));
#8847 = CARTESIAN_POINT('',(446.26170144114,-41.1801,2.568000000006E-02)
  );
#8848 = VECTOR('',#8849,1.);
#8849 = DIRECTION('',(1.,0.,1.224646799147E-16));
#8850 = ADVANCED_FACE('',(#8851),#8865,.T.);
#8851 = FACE_BOUND('',#8852,.T.);
#8852 = EDGE_LOOP('',(#8853,#8864));
#8853 = ORIENTED_EDGE('',*,*,#8854,.F.);
#8854 = EDGE_CURVE('',#3046,#3057,#8855,.T.);
#8855 = ( BOUNDED_CURVE() B_SPLINE_CURVE(7,(#8856,#8857,#8858,#8859,
    #8860,#8861,#8862,#8863),.UNSPECIFIED.,.F.,.F.) 
B_SPLINE_CURVE_WITH_KNOTS((8,8),(-1.678941205045,16.082631516073),
.PIECEWISE_BEZIER_KNOTS.) CURVE() GEOMETRIC_REPRESENTATION_ITEM() 
RATIONAL_B_SPLINE_CURVE((1.,1.,1.,1.,1.,1.,1.,1.)) REPRESENTATION_ITEM(
  '') );
#8856 = CARTESIAN_POINT('',(31.089809056561,1.108608331948,
    -38.06248697891));
#8857 = CARTESIAN_POINT('',(31.026776247538,3.250020308865,
    -37.07672785139));
#8858 = CARTESIAN_POINT('',(31.015403827283,5.512310039276,
    -36.22514941021));
#8859 = CARTESIAN_POINT('',(31.063714542926,7.885008214438,
    -35.51993026596));
#8860 = CARTESIAN_POINT('',(31.178247270594,10.332726661378,
    -34.95499856285));
#8861 = CARTESIAN_POINT('',(31.353223200762,12.820064129732,
    -34.47905017201));
#8862 = CARTESIAN_POINT('',(31.581870942636,15.336351244067,
    -34.05654013557));
#8863 = CARTESIAN_POINT('',(31.853922088694,17.86680117585,
    -33.65467128943));
#8864 = ORIENTED_EDGE('',*,*,#3056,.T.);
#8865 = SURFACE_OF_LINEAR_EXTRUSION('',#8866,#8871);
#8866 = B_SPLINE_CURVE_WITH_KNOTS('',3,(#8867,#8868,#8869,#8870),
  .UNSPECIFIED.,.F.,.F.,(4,4),(0.,1.),.PIECEWISE_BEZIER_KNOTS.);
#8867 = CARTESIAN_POINT('',(31.5,-5.308979449436,3.857637417314E-15));
#8868 = CARTESIAN_POINT('',(28.58682,23.912029,3.50087576108E-15));
#8869 = CARTESIAN_POINT('',(40.99162,47.632029,5.020025622486E-15));
#8870 = CARTESIAN_POINT('',(32.868787573284,68.683704441751,
    4.025265549348E-15));
#8871 = VECTOR('',#8872,1.);
#8872 = DIRECTION('',(-1.224646799147E-16,0.,1.));
#8873 = ADVANCED_FACE('',(#8874),#8886,.T.);
#8874 = FACE_BOUND('',#8875,.T.);
#8875 = EDGE_LOOP('',(#8876,#8877,#8885));
#8876 = ORIENTED_EDGE('',*,*,#4070,.T.);
#8877 = ORIENTED_EDGE('',*,*,#8878,.T.);
#8878 = EDGE_CURVE('',#4014,#3057,#8879,.T.);
#8879 = B_SPLINE_CURVE_WITH_KNOTS('',4,(#8880,#8881,#8882,#8883,#8884),
  .UNSPECIFIED.,.F.,.F.,(5,5),(0.,17.761738764488),
  .PIECEWISE_BEZIER_KNOTS.);
#8880 = CARTESIAN_POINT('',(30.849229818748,11.592973640806,
    -32.15961333334));
#8881 = CARTESIAN_POINT('',(31.079900031292,11.692482479508,
    -32.7613454768));
#8882 = CARTESIAN_POINT('',(31.242252969685,11.803969690072,
    -33.39402880449));
#8883 = CARTESIAN_POINT('',(31.326030092434,11.924048854398,
    -34.03962483731));
#8884 = CARTESIAN_POINT('',(31.33458958034,12.04788804035,
    -34.67804691736));
#8885 = ORIENTED_EDGE('',*,*,#3111,.T.);
#8886 = B_SPLINE_SURFACE_WITH_KNOTS('',8,8,(
    (#8887,#8888,#8889,#8890,#8891,#8892,#8893,#8894,#8895)
    ,(#8896,#8897,#8898,#8899,#8900,#8901,#8902,#8903,#8904)
    ,(#8905,#8906,#8907,#8908,#8909,#8910,#8911,#8912,#8913)
    ,(#8914,#8915,#8916,#8917,#8918,#8919,#8920,#8921,#8922)
    ,(#8923,#8924,#8925,#8926,#8927,#8928,#8929,#8930,#8931)
    ,(#8932,#8933,#8934,#8935,#8936,#8937,#8938,#8939,#8940)
    ,(#8941,#8942,#8943,#8944,#8945,#8946,#8947,#8948,#8949)
    ,(#8950,#8951,#8952,#8953,#8954,#8955,#8956,#8957,#8958)
    ,(#8959,#8960,#8961,#8962,#8963,#8964,#8965,#8966,#8967
  )),.UNSPECIFIED.,.F.,.F.,.F.,(9,9),(9,9),(-2.73604714741,
    2.707760292117),(-0.408773201098,0.208368069556),
  .PIECEWISE_BEZIER_KNOTS.);
#8887 = CARTESIAN_POINT('',(30.729939336587,10.94815569678,-32.163833183
    ));
#8888 = CARTESIAN_POINT('',(30.737199705749,11.019316383925,
    -32.13382380189));
#8889 = CARTESIAN_POINT('',(30.743176283366,11.090482093104,
    -32.10385706516));
#8890 = CARTESIAN_POINT('',(30.748315885592,11.161649717575,
    -32.07390375342));
#8891 = CARTESIAN_POINT('',(30.749971925531,11.232821588445,
    -32.04408884881));
#8892 = CARTESIAN_POINT('',(30.752641677448,11.303962106881,
    -32.01412830865));
#8893 = CARTESIAN_POINT('',(30.751125819622,11.375137245895,
    -31.98442487337));
#8894 = CARTESIAN_POINT('',(30.750694593956,11.446300267893,
    -31.95465447373));
#8895 = CARTESIAN_POINT('',(30.749357870007,11.517459727716,
    -31.92488668446));
#8896 = CARTESIAN_POINT('',(31.011767695117,11.210499475298,
    -32.78237250513));
#8897 = CARTESIAN_POINT('',(31.018818882678,11.281658415761,
    -32.75236597251));
#8898 = CARTESIAN_POINT('',(31.02470176167,11.35282399655,
    -32.72240580718));
#8899 = CARTESIAN_POINT('',(31.029973278142,11.423985889823,
    -32.69241202574));
#8900 = CARTESIAN_POINT('',(31.031657686995,11.495164899157,
    -32.66265593063));
#8901 = CARTESIAN_POINT('',(31.035071543402,11.566286820041,
    -32.63258282554));
#8902 = CARTESIAN_POINT('',(31.03402302275,11.637458746066,
    -32.60287051413));
#8903 = CARTESIAN_POINT('',(31.035676605869,11.708627446119,
    -32.57306020151));
#8904 = CARTESIAN_POINT('',(31.034442001173,11.779787281993,
    -32.54329148738));
#8905 = CARTESIAN_POINT('',(31.216620218231,11.472946008192,
    -33.40351175095));
#8906 = CARTESIAN_POINT('',(31.222874257116,11.544097582955,
    -33.3735150216));
#8907 = CARTESIAN_POINT('',(31.228721296428,11.615358944649,
    -33.34376146302));
#8908 = CARTESIAN_POINT('',(31.229752192166,11.686126265732,
    -33.31284989138));
#8909 = CARTESIAN_POINT('',(31.242052994666,11.757968966686,
    -33.28486984182));
#8910 = CARTESIAN_POINT('',(31.233867351731,11.828550555253,
    -33.25310649967));
#8911 = CARTESIAN_POINT('',(31.240595655832,11.899905607391,
    -33.22404449649));
#8912 = CARTESIAN_POINT('',(31.241713098314,11.971072759739,
    -33.19416655366));
#8913 = CARTESIAN_POINT('',(31.239839454029,12.042232133339,
    -33.16441376706));
#8914 = CARTESIAN_POINT('',(31.348392022943,11.735530756886,
    -34.02721116534));
#8915 = CARTESIAN_POINT('',(31.355382236897,11.806698486397,
    -33.99722721905));
#8916 = CARTESIAN_POINT('',(31.360506514751,11.877658022677,
    -33.96713493143));
#8917 = CARTESIAN_POINT('',(31.369335259485,11.949636893378,
    -33.93840817654));
#8918 = CARTESIAN_POINT('',(31.352411111998,12.019506131252,
    -33.90573936434));
#8919 = CARTESIAN_POINT('',(31.360026098154,12.091566477337,
    -33.87931007637));
#8920 = CARTESIAN_POINT('',(31.365630603182,12.162439562781,
    -33.84747417664));
#8921 = CARTESIAN_POINT('',(31.351428984057,12.233625328691,
    -33.8184467897));
#8922 = CARTESIAN_POINT('',(31.353481863375,12.304785617941,
    -33.78859562047));
#8923 = CARTESIAN_POINT('',(31.397530275471,11.998190785673,
    -34.65360997735));
#8924 = CARTESIAN_POINT('',(31.399280078288,12.069342122241,
    -34.62375040858));
#8925 = CARTESIAN_POINT('',(31.400952998786,12.140629908294,
    -34.59356637334));
#8926 = CARTESIAN_POINT('',(31.396886941567,12.211639967398,
    -34.56499979261));
#8927 = CARTESIAN_POINT('',(31.420630043161,12.282451405968,
    -34.53309060578));
#8928 = CARTESIAN_POINT('',(31.420994067546,12.354346608024,
    -34.50382546211));
#8929 = CARTESIAN_POINT('',(31.414721514865,12.425014899541,
    -34.47429523074));
#8930 = CARTESIAN_POINT('',(31.430841824672,12.496256022283,
    -34.4438894251));
#8931 = CARTESIAN_POINT('',(31.42616167021,12.567428894984,
    -34.41424296337));
#8932 = CARTESIAN_POINT('',(31.39204223148,12.260902687566,
    -35.28182108186));
#8933 = CARTESIAN_POINT('',(31.399074337997,12.332033283837,
    -35.25175238331));
#8934 = CARTESIAN_POINT('',(31.403965704743,12.403289198019,
    -35.2223046121));
#8935 = CARTESIAN_POINT('',(31.413520315829,12.473486871823,
    -35.18958384962));
#8936 = CARTESIAN_POINT('',(31.396213621589,12.546953951809,
    -35.16508047509));
#8937 = CARTESIAN_POINT('',(31.404577766324,12.615740834075,
    -35.13112020299));
#8938 = CARTESIAN_POINT('',(31.408977533292,12.688057284308,
    -35.10268198896));
#8939 = CARTESIAN_POINT('',(31.395032834855,12.759063401702,
    -35.07321010612));
#8940 = CARTESIAN_POINT('',(31.397053251026,12.830212314981,
    -35.0433337106));
#8941 = CARTESIAN_POINT('',(31.303707590021,12.523810823723,
    -35.91301513038));
#8942 = CARTESIAN_POINT('',(31.309940239769,12.594954707301,
    -35.88300176913));
#8943 = CARTESIAN_POINT('',(31.315802970831,12.665987511062,
    -35.85273024976));
#8944 = CARTESIAN_POINT('',(31.316598122979,12.737690202781,
    -35.82399402855));
#8945 = CARTESIAN_POINT('',(31.328855458811,12.807727219202,
    -35.79176692717));
#8946 = CARTESIAN_POINT('',(31.321211849287,12.879972462279,
    -35.76396851469));
#8947 = CARTESIAN_POINT('',(31.327958051481,12.95070410296,
    -35.73335257828));
#8948 = CARTESIAN_POINT('',(31.328959233851,13.021854960789,
    -35.70347766917));
#8949 = CARTESIAN_POINT('',(31.327088910797,13.093027602354,
    -35.67375571255));
#8950 = CARTESIAN_POINT('',(31.142338881371,12.786778641155,
    -36.54658853455));
#8951 = CARTESIAN_POINT('',(31.149375298396,12.857914644598,
    -36.51653115289));
#8952 = CARTESIAN_POINT('',(31.155267491978,12.929052122012,
    -36.48650396213));
#8953 = CARTESIAN_POINT('',(31.160308311837,13.0002070604,
    -36.45651815582));
#8954 = CARTESIAN_POINT('',(31.162518029203,13.071334714411,
    -36.4265969012));
#8955 = CARTESIAN_POINT('',(31.165427141162,13.142548638832,
    -36.39678391332));
#8956 = CARTESIAN_POINT('',(31.165051053292,13.213702550909,
    -36.36698696004));
#8957 = CARTESIAN_POINT('',(31.166400414666,13.284831824391,
    -36.33710208712));
#8958 = CARTESIAN_POINT('',(31.165270304188,13.355999811948,
    -36.30734948987));
#8959 = CARTESIAN_POINT('',(30.903996628823,13.04986402974,
    -37.18279539463));
#8960 = CARTESIAN_POINT('',(30.911249138353,13.12099790067,
    -37.15272620128));
#8961 = CARTESIAN_POINT('',(30.917225125725,13.19213384747,
    -37.12269361694));
#8962 = CARTESIAN_POINT('',(30.922278291253,13.263285461375,
    -37.09270287086));
#8963 = CARTESIAN_POINT('',(30.924192310433,13.334415568744,
    -37.06279226529));
#8964 = CARTESIAN_POINT('',(30.926726465813,13.40561887819,
    -37.03297184632));
#8965 = CARTESIAN_POINT('',(30.925608270602,13.47675619024,
    -37.00317236738));
#8966 = CARTESIAN_POINT('',(30.925127282183,13.547910062772,
    -36.97338240133));
#8967 = CARTESIAN_POINT('',(30.923883728713,13.619080220537,
    -36.94363658929));
#8968 = ADVANCED_FACE('',(#8969),#9024,.F.);
#8969 = FACE_BOUND('',#8970,.F.);
#8970 = EDGE_LOOP('',(#8971,#8972,#8973,#8974,#8982,#8991,#8999,#9008,
    #9014,#9015,#9021,#9022,#9023));
#8971 = ORIENTED_EDGE('',*,*,#4629,.F.);
#8972 = ORIENTED_EDGE('',*,*,#4546,.T.);
#8973 = ORIENTED_EDGE('',*,*,#4857,.T.);
#8974 = ORIENTED_EDGE('',*,*,#8975,.F.);
#8975 = EDGE_CURVE('',#8976,#4848,#8978,.T.);
#8976 = VERTEX_POINT('',#8977);
#8977 = CARTESIAN_POINT('',(15.056190909825,73.091129166752,
    -16.19748539336));
#8978 = LINE('',#8979,#8980);
#8979 = CARTESIAN_POINT('',(15.056190909824,70.365235,-16.19748539336));
#8980 = VECTOR('',#8981,1.);
#8981 = DIRECTION('',(0.,1.,2.22044604925E-16));
#8982 = ORIENTED_EDGE('',*,*,#8983,.T.);
#8983 = EDGE_CURVE('',#8976,#8984,#8986,.T.);
#8984 = VERTEX_POINT('',#8985);
#8985 = CARTESIAN_POINT('',(15.211268256548,72.423232658964,-16.6));
#8986 = ELLIPSE('',#8987,4.216288136249,1.515807235825);
#8987 = AXIS2_PLACEMENT_3D('',#8988,#8989,#8990);
#8988 = CARTESIAN_POINT('',(16.571998145654,73.091129166721,
    -20.13187404622));
#8989 = DIRECTION('',(0.933140365581,-7.982775558617E-17,0.359512250312)
  );
#8990 = DIRECTION('',(-0.359512250312,3.075534732683E-17,0.933140365581)
  );
#8991 = ORIENTED_EDGE('',*,*,#8992,.T.);
#8992 = EDGE_CURVE('',#8984,#8993,#8995,.T.);
#8993 = VERTEX_POINT('',#8994);
#8994 = CARTESIAN_POINT('',(15.211268256548,60.727411202828,-16.6));
#8995 = LINE('',#8996,#8997);
#8996 = CARTESIAN_POINT('',(15.211268256548,73.684348657439,-16.6));
#8997 = VECTOR('',#8998,1.);
#8998 = DIRECTION('',(-8.554742515774E-17,-1.,-1.368455531567E-48));
#8999 = ORIENTED_EDGE('',*,*,#9000,.T.);
#9000 = EDGE_CURVE('',#8993,#9001,#9003,.T.);
#9001 = VERTEX_POINT('',#9002);
#9002 = CARTESIAN_POINT('',(15.056190909827,60.059514695039,
    -16.19748539336));
#9003 = ELLIPSE('',#9004,4.216288136249,1.515807235825);
#9004 = AXIS2_PLACEMENT_3D('',#9005,#9006,#9007);
#9005 = CARTESIAN_POINT('',(16.571998145654,60.05951469507,
    -20.13187404622));
#9006 = DIRECTION('',(0.933140365581,-7.982775558617E-17,0.359512250312)
  );
#9007 = DIRECTION('',(-0.359512250312,3.075534732683E-17,0.933140365581)
  );
#9008 = ORIENTED_EDGE('',*,*,#9009,.F.);
#9009 = EDGE_CURVE('',#7447,#9001,#9010,.T.);
#9010 = LINE('',#9011,#9012);
#9011 = CARTESIAN_POINT('',(15.056190909824,70.365235,-16.19748539336));
#9012 = VECTOR('',#9013,1.);
#9013 = DIRECTION('',(0.,1.,2.22044604925E-16));
#9014 = ORIENTED_EDGE('',*,*,#7446,.F.);
#9015 = ORIENTED_EDGE('',*,*,#9016,.T.);
#9016 = EDGE_CURVE('',#7439,#4423,#9017,.T.);
#9017 = LINE('',#9018,#9019);
#9018 = CARTESIAN_POINT('',(15.057159715723,55.753027052994,-16.2));
#9019 = VECTOR('',#9020,1.);
#9020 = DIRECTION('',(-8.554742515774E-17,-1.,-1.368455531567E-48));
#9021 = ORIENTED_EDGE('',*,*,#4430,.T.);
#9022 = ORIENTED_EDGE('',*,*,#4513,.F.);
#9023 = ORIENTED_EDGE('',*,*,#4603,.F.);
#9024 = PLANE('',#9025);
#9025 = AXIS2_PLACEMENT_3D('',#9026,#9027,#9028);
#9026 = CARTESIAN_POINT('',(13.013227,84.,-10.894823));
#9027 = DIRECTION('',(0.933140365581,-7.982775558617E-17,0.359512250312)
  );
#9028 = DIRECTION('',(0.359512250312,2.071987838149E-16,-0.933140365581)
  );
#9029 = ADVANCED_FACE('',(#9030),#9075,.T.);
#9030 = FACE_BOUND('',#9031,.T.);
#9031 = EDGE_LOOP('',(#9032,#9040,#9041,#9042,#9043,#9052,#9058,#9059,
    #9060,#9061,#9069));
#9032 = ORIENTED_EDGE('',*,*,#9033,.T.);
#9033 = EDGE_CURVE('',#9034,#7605,#9036,.T.);
#9034 = VERTEX_POINT('',#9035);
#9035 = CARTESIAN_POINT('',(23.4499724,39.6942327,-16.2));
#9036 = LINE('',#9037,#9038);
#9037 = CARTESIAN_POINT('',(23.4499724,39.6942327,-16.2));
#9038 = VECTOR('',#9039,1.);
#9039 = DIRECTION('',(0.997370080619,7.247704661175E-02,0.));
#9040 = ORIENTED_EDGE('',*,*,#7612,.F.);
#9041 = ORIENTED_EDGE('',*,*,#7539,.T.);
#9042 = ORIENTED_EDGE('',*,*,#7406,.F.);
#9043 = ORIENTED_EDGE('',*,*,#9044,.F.);
#9044 = EDGE_CURVE('',#9045,#7407,#9047,.T.);
#9045 = VERTEX_POINT('',#9046);
#9046 = CARTESIAN_POINT('',(15.202193305291,49.000000000085,-16.2));
#9047 = CIRCLE('',#9048,11.36);
#9048 = AXIS2_PLACEMENT_3D('',#9049,#9050,#9051);
#9049 = CARTESIAN_POINT('',(14.971499834386,60.357657351955,-16.2));
#9050 = DIRECTION('',(0.,0.,1.));
#9051 = DIRECTION('',(-1.,0.,0.));
#9052 = ORIENTED_EDGE('',*,*,#9053,.T.);
#9053 = EDGE_CURVE('',#9045,#7431,#9054,.T.);
#9054 = LINE('',#9055,#9056);
#9055 = CARTESIAN_POINT('',(15.202193305291,49.000000000085,-16.2));
#9056 = VECTOR('',#9057,1.);
#9057 = DIRECTION('',(2.277325505556E-13,1.,0.));
#9058 = ORIENTED_EDGE('',*,*,#7438,.F.);
#9059 = ORIENTED_EDGE('',*,*,#9016,.T.);
#9060 = ORIENTED_EDGE('',*,*,#4422,.F.);
#9061 = ORIENTED_EDGE('',*,*,#9062,.F.);
#9062 = EDGE_CURVE('',#9063,#4415,#9065,.T.);
#9063 = VERTEX_POINT('',#9064);
#9064 = CARTESIAN_POINT('',(12.91585,39.6942327,-16.2));
#9065 = LINE('',#9066,#9067);
#9066 = CARTESIAN_POINT('',(12.91585,18.64,-16.2));
#9067 = VECTOR('',#9068,1.);
#9068 = DIRECTION('',(-0.,1.,0.));
#9069 = ORIENTED_EDGE('',*,*,#9070,.T.);
#9070 = EDGE_CURVE('',#9063,#9034,#9071,.T.);
#9071 = LINE('',#9072,#9073);
#9072 = CARTESIAN_POINT('',(11.6031584,39.6942327,-16.2));
#9073 = VECTOR('',#9074,1.);
#9074 = DIRECTION('',(1.,0.,0.));
#9075 = PLANE('',#9076);
#9076 = AXIS2_PLACEMENT_3D('',#9077,#9078,#9079);
#9077 = CARTESIAN_POINT('',(-3.322694297041,27.506054105987,-16.2));
#9078 = DIRECTION('',(0.,0.,1.));
#9079 = DIRECTION('',(1.,0.,0.));
#9080 = ADVANCED_FACE('',(#9081),#9131,.T.);
#9081 = FACE_BOUND('',#9082,.T.);
#9082 = EDGE_LOOP('',(#9083,#9093,#9101,#9109,#9117,#9123,#9124,#9125));
#9083 = ORIENTED_EDGE('',*,*,#9084,.F.);
#9084 = EDGE_CURVE('',#9085,#9087,#9089,.T.);
#9085 = VERTEX_POINT('',#9086);
#9086 = CARTESIAN_POINT('',(12.91585,18.64,-11.8));
#9087 = VERTEX_POINT('',#9088);
#9088 = CARTESIAN_POINT('',(12.91585,18.64,-26.2));
#9089 = LINE('',#9090,#9091);
#9090 = CARTESIAN_POINT('',(12.91585,18.64,-21.2));
#9091 = VECTOR('',#9092,1.);
#9092 = DIRECTION('',(0.,0.,-1.));
#9093 = ORIENTED_EDGE('',*,*,#9094,.T.);
#9094 = EDGE_CURVE('',#9085,#9095,#9097,.T.);
#9095 = VERTEX_POINT('',#9096);
#9096 = CARTESIAN_POINT('',(12.91585,25.0135557,-11.8));
#9097 = LINE('',#9098,#9099);
#9098 = CARTESIAN_POINT('',(12.91585,23.073027052993,-11.8));
#9099 = VECTOR('',#9100,1.);
#9100 = DIRECTION('',(0.,1.,0.));
#9101 = ORIENTED_EDGE('',*,*,#9102,.F.);
#9102 = EDGE_CURVE('',#9103,#9095,#9105,.T.);
#9103 = VERTEX_POINT('',#9104);
#9104 = CARTESIAN_POINT('',(12.91585,25.0135557,-20.2));
#9105 = LINE('',#9106,#9107);
#9106 = CARTESIAN_POINT('',(12.91585,25.0135557,-16.2));
#9107 = VECTOR('',#9108,1.);
#9108 = DIRECTION('',(0.,0.,1.));
#9109 = ORIENTED_EDGE('',*,*,#9110,.T.);
#9110 = EDGE_CURVE('',#9103,#9111,#9113,.T.);
#9111 = VERTEX_POINT('',#9112);
#9112 = CARTESIAN_POINT('',(12.91585,39.6942327,-20.2));
#9113 = LINE('',#9114,#9115);
#9114 = CARTESIAN_POINT('',(12.91585,22.455903881139,-20.2));
#9115 = VECTOR('',#9116,1.);
#9116 = DIRECTION('',(0.,1.,0.));
#9117 = ORIENTED_EDGE('',*,*,#9118,.T.);
#9118 = EDGE_CURVE('',#9111,#9063,#9119,.T.);
#9119 = LINE('',#9120,#9121);
#9120 = CARTESIAN_POINT('',(12.91585,39.6942327,-18.7));
#9121 = VECTOR('',#9122,1.);
#9122 = DIRECTION('',(-1.224646799147E-16,0.,1.));
#9123 = ORIENTED_EDGE('',*,*,#9062,.T.);
#9124 = ORIENTED_EDGE('',*,*,#4414,.T.);
#9125 = ORIENTED_EDGE('',*,*,#9126,.F.);
#9126 = EDGE_CURVE('',#9087,#4407,#9127,.T.);
#9127 = LINE('',#9128,#9129);
#9128 = CARTESIAN_POINT('',(12.91585,18.64,-26.2));
#9129 = VECTOR('',#9130,1.);
#9130 = DIRECTION('',(-0.,1.,0.));
#9131 = PLANE('',#9132);
#9132 = AXIS2_PLACEMENT_3D('',#9133,#9134,#9135);
#9133 = CARTESIAN_POINT('',(12.91585,32.617485630435,-20.61877628096));
#9134 = DIRECTION('',(-1.,0.,-1.224646799147E-16));
#9135 = DIRECTION('',(1.224646799147E-16,0.,-1.));
#9136 = ADVANCED_FACE('',(#9137),#9157,.T.);
#9137 = FACE_BOUND('',#9138,.T.);
#9138 = EDGE_LOOP('',(#9139,#9149,#9155,#9156));
#9139 = ORIENTED_EDGE('',*,*,#9140,.T.);
#9140 = EDGE_CURVE('',#5271,#9141,#9143,.T.);
#9141 = VERTEX_POINT('',#9142);
#9142 = CARTESIAN_POINT('',(-19.6642,71.106750546843,-26.7685));
#9143 = B_SPLINE_CURVE_WITH_KNOTS('',4,(#9144,#9145,#9146,#9147,#9148),
  .UNSPECIFIED.,.F.,.F.,(5,5),(0.,1.),.PIECEWISE_BEZIER_KNOTS.);
#9144 = CARTESIAN_POINT('',(-25.90236991538,71.106750546843,-26.7685));
#9145 = CARTESIAN_POINT('',(-24.34282743653,71.106750546843,-26.7685));
#9146 = CARTESIAN_POINT('',(-22.78328495769,71.106750546843,-26.7685));
#9147 = CARTESIAN_POINT('',(-21.22374247884,71.106750546843,-26.7685));
#9148 = CARTESIAN_POINT('',(-19.6642,71.106750546843,-26.7685));
#9149 = ORIENTED_EDGE('',*,*,#9150,.T.);
#9150 = EDGE_CURVE('',#9141,#4367,#9151,.T.);
#9151 = LINE('',#9152,#9153);
#9152 = CARTESIAN_POINT('',(-19.6642,84.,-26.7685));
#9153 = VECTOR('',#9154,1.);
#9154 = DIRECTION('',(2.719262146894E-32,-1.,-2.22044604925E-16));
#9155 = ORIENTED_EDGE('',*,*,#4366,.T.);
#9156 = ORIENTED_EDGE('',*,*,#5270,.F.);
#9157 = PLANE('',#9158);
#9158 = AXIS2_PLACEMENT_3D('',#9159,#9160,#9161);
#9159 = CARTESIAN_POINT('',(-19.6642,84.,-26.7685));
#9160 = DIRECTION('',(1.224646799147E-16,2.22044604925E-16,-1.));
#9161 = DIRECTION('',(-1.,0.,-1.224646799147E-16));
#9162 = ADVANCED_FACE('',(#9163),#9199,.T.);
#9163 = FACE_BOUND('',#9164,.T.);
#9164 = EDGE_LOOP('',(#9165,#9166,#9167,#9175,#9184,#9192));
#9165 = ORIENTED_EDGE('',*,*,#9126,.T.);
#9166 = ORIENTED_EDGE('',*,*,#4406,.F.);
#9167 = ORIENTED_EDGE('',*,*,#9168,.T.);
#9168 = EDGE_CURVE('',#4399,#9169,#9171,.T.);
#9169 = VERTEX_POINT('',#9170);
#9170 = CARTESIAN_POINT('',(-9.96585,18.64,-26.2));
#9171 = LINE('',#9172,#9173);
#9172 = CARTESIAN_POINT('',(-9.96585,49.84,-26.2));
#9173 = VECTOR('',#9174,1.);
#9174 = DIRECTION('',(0.,-1.,0.));
#9175 = ORIENTED_EDGE('',*,*,#9176,.T.);
#9176 = EDGE_CURVE('',#9169,#9177,#9179,.T.);
#9177 = VERTEX_POINT('',#9178);
#9178 = CARTESIAN_POINT('',(-6.425,15.09915,-26.2));
#9179 = CIRCLE('',#9180,3.54085);
#9180 = AXIS2_PLACEMENT_3D('',#9181,#9182,#9183);
#9181 = CARTESIAN_POINT('',(-6.425,18.64,-26.2));
#9182 = DIRECTION('',(0.,0.,1.));
#9183 = DIRECTION('',(-1.,0.,0.));
#9184 = ORIENTED_EDGE('',*,*,#9185,.T.);
#9185 = EDGE_CURVE('',#9177,#9186,#9188,.T.);
#9186 = VERTEX_POINT('',#9187);
#9187 = CARTESIAN_POINT('',(9.375,15.09915,-26.2));
#9188 = LINE('',#9189,#9190);
#9189 = CARTESIAN_POINT('',(-6.425,15.09915,-26.2));
#9190 = VECTOR('',#9191,1.);
#9191 = DIRECTION('',(1.,0.,0.));
#9192 = ORIENTED_EDGE('',*,*,#9193,.T.);
#9193 = EDGE_CURVE('',#9186,#9087,#9194,.T.);
#9194 = CIRCLE('',#9195,3.54085);
#9195 = AXIS2_PLACEMENT_3D('',#9196,#9197,#9198);
#9196 = CARTESIAN_POINT('',(9.375,18.64,-26.2));
#9197 = DIRECTION('',(0.,0.,1.));
#9198 = DIRECTION('',(-1.,0.,0.));
#9199 = PLANE('',#9200);
#9200 = AXIS2_PLACEMENT_3D('',#9201,#9202,#9203);
#9201 = CARTESIAN_POINT('',(1.475,34.24,-26.2));
#9202 = DIRECTION('',(0.,0.,1.));
#9203 = DIRECTION('',(1.,0.,0.));
#9204 = ADVANCED_FACE('',(#9205),#9234,.T.);
#9205 = FACE_BOUND('',#9206,.T.);
#9206 = EDGE_LOOP('',(#9207,#9208,#9219,#9227,#9233));
#9207 = ORIENTED_EDGE('',*,*,#9150,.F.);
#9208 = ORIENTED_EDGE('',*,*,#9209,.T.);
#9209 = EDGE_CURVE('',#9141,#9210,#9212,.T.);
#9210 = VERTEX_POINT('',#9211);
#9211 = CARTESIAN_POINT('',(-16.96602415403,79.691020549718,
    -20.32884494981));
#9212 = B_SPLINE_CURVE_WITH_KNOTS('',5,(#9213,#9214,#9215,#9216,#9217,
    #9218),.UNSPECIFIED.,.F.,.F.,(6,6),(0.,1.),
  .PIECEWISE_BEZIER_KNOTS.);
#9213 = CARTESIAN_POINT('',(-19.6642,71.106750546843,-26.7685));
#9214 = CARTESIAN_POINT('',(-19.13741347373,72.863970723474,
    -25.51123445915));
#9215 = CARTESIAN_POINT('',(-18.60260136908,74.602671722071,
    -24.23481451204));
#9216 = CARTESIAN_POINT('',(-18.06052492518,76.323999326527,
    -22.94105698519));
#9217 = CARTESIAN_POINT('',(-17.51181453864,78.028964565828,
    -21.63146642716));
#9218 = CARTESIAN_POINT('',(-16.95699788821,79.718511246245,
    -20.30730223296));
#9219 = ORIENTED_EDGE('',*,*,#9220,.T.);
#9220 = EDGE_CURVE('',#9210,#9221,#9223,.T.);
#9221 = VERTEX_POINT('',#9222);
#9222 = CARTESIAN_POINT('',(-16.26351,79.691020549718,-18.6521755709));
#9223 = LINE('',#9224,#9225);
#9224 = CARTESIAN_POINT('',(-11.37383586109,79.691020549718,
    -6.982137530419));
#9225 = VECTOR('',#9226,1.);
#9226 = DIRECTION('',(0.386443505813,0.,0.922313079608));
#9227 = ORIENTED_EDGE('',*,*,#9228,.F.);
#9228 = EDGE_CURVE('',#4375,#9221,#9229,.T.);
#9229 = LINE('',#9230,#9231);
#9230 = CARTESIAN_POINT('',(-16.26351,66.5,-18.6521755709));
#9231 = VECTOR('',#9232,1.);
#9232 = DIRECTION('',(0.,1.,2.22044604925E-16));
#9233 = ORIENTED_EDGE('',*,*,#4374,.T.);
#9234 = PLANE('',#9235);
#9235 = AXIS2_PLACEMENT_3D('',#9236,#9237,#9238);
#9236 = CARTESIAN_POINT('',(-13.013227,84.,-10.894823));
#9237 = DIRECTION('',(0.922313079608,8.580769557401E-17,-0.386443505813)
  );
#9238 = DIRECTION('',(-0.386443505813,2.047946433787E-16,-0.922313079608
    ));
#9239 = ADVANCED_FACE('',(#9240),#9258,.T.);
#9240 = FACE_BOUND('',#9241,.T.);
#9241 = EDGE_LOOP('',(#9242,#9243,#9251,#9257));
#9242 = ORIENTED_EDGE('',*,*,#4398,.T.);
#9243 = ORIENTED_EDGE('',*,*,#9244,.T.);
#9244 = EDGE_CURVE('',#4391,#9245,#9247,.T.);
#9245 = VERTEX_POINT('',#9246);
#9246 = CARTESIAN_POINT('',(-9.96585,18.64,-16.2));
#9247 = LINE('',#9248,#9249);
#9248 = CARTESIAN_POINT('',(-9.96585,49.84,-16.2));
#9249 = VECTOR('',#9250,1.);
#9250 = DIRECTION('',(0.,-1.,0.));
#9251 = ORIENTED_EDGE('',*,*,#9252,.T.);
#9252 = EDGE_CURVE('',#9245,#9169,#9253,.T.);
#9253 = LINE('',#9254,#9255);
#9254 = CARTESIAN_POINT('',(-9.96585,18.64,-16.2));
#9255 = VECTOR('',#9256,1.);
#9256 = DIRECTION('',(0.,0.,-1.));
#9257 = ORIENTED_EDGE('',*,*,#9168,.F.);
#9258 = PLANE('',#9259);
#9259 = AXIS2_PLACEMENT_3D('',#9260,#9261,#9262);
#9260 = CARTESIAN_POINT('',(-9.96585,33.82,-21.2));
#9261 = DIRECTION('',(1.,0.,1.224646799147E-16));
#9262 = DIRECTION('',(-1.224646799147E-16,0.,1.));
#9263 = ADVANCED_FACE('',(#9264),#9314,.T.);
#9264 = FACE_BOUND('',#9265,.T.);
#9265 = EDGE_LOOP('',(#9266,#9267,#9268,#9276,#9284,#9292,#9300,#9308));
#9266 = ORIENTED_EDGE('',*,*,#4382,.T.);
#9267 = ORIENTED_EDGE('',*,*,#9228,.T.);
#9268 = ORIENTED_EDGE('',*,*,#9269,.F.);
#9269 = EDGE_CURVE('',#9270,#9221,#9272,.T.);
#9270 = VERTEX_POINT('',#9271);
#9271 = CARTESIAN_POINT('',(-16.26351,79.691020549718,-16.2));
#9272 = LINE('',#9273,#9274);
#9273 = CARTESIAN_POINT('',(-16.26351,79.691020549718,-0.577663));
#9274 = VECTOR('',#9275,1.);
#9275 = DIRECTION('',(0.,0.,-1.));
#9276 = ORIENTED_EDGE('',*,*,#9277,.T.);
#9277 = EDGE_CURVE('',#9270,#9278,#9280,.T.);
#9278 = VERTEX_POINT('',#9279);
#9279 = CARTESIAN_POINT('',(-16.26351,75.303302,-16.2));
#9280 = LINE('',#9281,#9282);
#9281 = CARTESIAN_POINT('',(-16.26351,38.253027052994,-16.2));
#9282 = VECTOR('',#9283,1.);
#9283 = DIRECTION('',(0.,-1.,0.));
#9284 = ORIENTED_EDGE('',*,*,#9285,.T.);
#9285 = EDGE_CURVE('',#9278,#9286,#9288,.T.);
#9286 = VERTEX_POINT('',#9287);
#9287 = CARTESIAN_POINT('',(-16.26351,75.303302,-11.8));
#9288 = LINE('',#9289,#9290);
#9289 = CARTESIAN_POINT('',(-16.26351,75.303302,-16.2));
#9290 = VECTOR('',#9291,1.);
#9291 = DIRECTION('',(0.,0.,1.));
#9292 = ORIENTED_EDGE('',*,*,#9293,.T.);
#9293 = EDGE_CURVE('',#9286,#9294,#9296,.T.);
#9294 = VERTEX_POINT('',#9295);
#9295 = CARTESIAN_POINT('',(-16.26351,54.033826401472,-11.8));
#9296 = LINE('',#9297,#9298);
#9297 = CARTESIAN_POINT('',(-16.26351,38.253027052994,-11.8));
#9298 = VECTOR('',#9299,1.);
#9299 = DIRECTION('',(0.,-1.,0.));
#9300 = ORIENTED_EDGE('',*,*,#9301,.T.);
#9301 = EDGE_CURVE('',#9294,#9302,#9304,.T.);
#9302 = VERTEX_POINT('',#9303);
#9303 = CARTESIAN_POINT('',(-16.26351,54.033826401472,-16.2));
#9304 = LINE('',#9305,#9306);
#9305 = CARTESIAN_POINT('',(-16.26351,54.033826401472,-16.2));
#9306 = VECTOR('',#9307,1.);
#9307 = DIRECTION('',(0.,0.,-1.));
#9308 = ORIENTED_EDGE('',*,*,#9309,.T.);
#9309 = EDGE_CURVE('',#9302,#4383,#9310,.T.);
#9310 = LINE('',#9311,#9312);
#9311 = CARTESIAN_POINT('',(-16.26351,38.253027052994,-16.2));
#9312 = VECTOR('',#9313,1.);
#9313 = DIRECTION('',(0.,-1.,0.));
#9314 = PLANE('',#9315);
#9315 = AXIS2_PLACEMENT_3D('',#9316,#9317,#9318);
#9316 = CARTESIAN_POINT('',(-16.26351,64.383371656439,-15.77818246663));
#9317 = DIRECTION('',(1.,-2.448366404532E-15,-2.8867864776E-15));
#9318 = DIRECTION('',(2.8867864776E-15,0.,1.));
#9319 = ADVANCED_FACE('',(#9320),#9459,.T.);
#9320 = FACE_BOUND('',#9321,.T.);
#9321 = EDGE_LOOP('',(#9322,#9332,#9340,#9349,#9376,#9383,#9391,#9400,
    #9408,#9415,#9416,#9417,#9418,#9427,#9436,#9443,#9444,#9445,#9452,
    #9453));
#9322 = ORIENTED_EDGE('',*,*,#9323,.F.);
#9323 = EDGE_CURVE('',#9324,#9326,#9328,.T.);
#9324 = VERTEX_POINT('',#9325);
#9325 = CARTESIAN_POINT('',(-23.32494393548,-10.07292815483,-16.2));
#9326 = VERTEX_POINT('',#9327);
#9327 = CARTESIAN_POINT('',(-24.213029,-10.002613,-16.2));
#9328 = LINE('',#9329,#9330);
#9329 = CARTESIAN_POINT('',(-23.32494393548,-10.07292815483,-16.2));
#9330 = VECTOR('',#9331,1.);
#9331 = DIRECTION('',(-0.996880229186,7.892913693926E-02,0.));
#9332 = ORIENTED_EDGE('',*,*,#9333,.F.);
#9333 = EDGE_CURVE('',#9334,#9324,#9336,.T.);
#9334 = VERTEX_POINT('',#9335);
#9335 = CARTESIAN_POINT('',(-23.32494393548,-1.906918735484,-16.2));
#9336 = LINE('',#9337,#9338);
#9337 = CARTESIAN_POINT('',(-23.32494393548,-1.906918735484,-16.2));
#9338 = VECTOR('',#9339,1.);
#9339 = DIRECTION('',(0.,-1.,0.));
#9340 = ORIENTED_EDGE('',*,*,#9341,.F.);
#9341 = EDGE_CURVE('',#9342,#9334,#9344,.T.);
#9342 = VERTEX_POINT('',#9343);
#9343 = CARTESIAN_POINT('',(-20.93322791467,1.721402298379,-16.2));
#9344 = CIRCLE('',#9345,3.948006135484);
#9345 = AXIS2_PLACEMENT_3D('',#9346,#9347,#9348);
#9346 = CARTESIAN_POINT('',(-19.3769378,-1.906918735484,-16.2));
#9347 = DIRECTION('',(0.,0.,1.));
#9348 = DIRECTION('',(-1.,0.,0.));
#9349 = ORIENTED_EDGE('',*,*,#9350,.T.);
#9350 = EDGE_CURVE('',#9342,#9351,#9353,.T.);
#9351 = VERTEX_POINT('',#9352);
#9352 = CARTESIAN_POINT('',(-17.94467764928,3.934926331655,-16.2));
#9353 = B_SPLINE_CURVE_WITH_KNOTS('',6,(#9354,#9355,#9356,#9357,#9358,
    #9359,#9360,#9361,#9362,#9363,#9364,#9365,#9366,#9367,#9368,#9369,
    #9370,#9371,#9372,#9373,#9374,#9375),.UNSPECIFIED.,.F.,.F.,(7,5,5,5,
    7),(0.,0.332742847906,0.517420976434,0.709650299224,1.),
  .UNSPECIFIED.);
#9354 = CARTESIAN_POINT('',(-21.05617536977,0.870831450707,-16.2));
#9355 = CARTESIAN_POINT('',(-21.05587478113,1.139699163092,-16.2));
#9356 = CARTESIAN_POINT('',(-21.02690268307,1.4085669895,-16.2));
#9357 = CARTESIAN_POINT('',(-20.96924599713,1.673495576029,-16.2));
#9358 = CARTESIAN_POINT('',(-20.88371271442,1.930770688755,-16.2));
#9359 = CARTESIAN_POINT('',(-20.77166481705,2.176867796746,-16.2));
#9360 = CARTESIAN_POINT('',(-20.55945100804,2.53710459073,-16.2));
#9361 = CARTESIAN_POINT('',(-20.47617322713,2.661252037708,-16.2));
#9362 = CARTESIAN_POINT('',(-20.38570646394,2.780427433765,-16.2));
#9363 = CARTESIAN_POINT('',(-20.28844342778,2.894131727053,-16.2));
#9364 = CARTESIAN_POINT('',(-20.1848211723,3.00190970693,-16.2));
#9365 = CARTESIAN_POINT('',(-19.96133758186,3.208936551987,-16.2));
#9366 = CARTESIAN_POINT('',(-19.84098178238,3.307659912099,-16.2));
#9367 = CARTESIAN_POINT('',(-19.71479015144,3.399055616045,-16.2));
#9368 = CARTESIAN_POINT('',(-19.58333763032,3.482722147538,-16.2));
#9369 = CARTESIAN_POINT('',(-19.44723181434,3.558318635125,-16.2));
#9370 = CARTESIAN_POINT('',(-19.09546558931,3.727131853234,-16.2));
#9371 = CARTESIAN_POINT('',(-18.87463952162,3.809656292675,-16.2));
#9372 = CARTESIAN_POINT('',(-18.64684367001,3.872153897799,-16.2));
#9373 = CARTESIAN_POINT('',(-18.41436047333,3.914014895339,-16.2));
#9374 = CARTESIAN_POINT('',(-18.1795147278,3.934926331655,-16.2));
#9375 = CARTESIAN_POINT('',(-17.94467764928,3.934926331655,-16.2));
#9376 = ORIENTED_EDGE('',*,*,#9377,.T.);
#9377 = EDGE_CURVE('',#9351,#9378,#9380,.T.);
#9378 = VERTEX_POINT('',#9379);
#9379 = CARTESIAN_POINT('',(-13.87985832007,3.934926331655,-16.2));
#9380 = B_SPLINE_CURVE_WITH_KNOTS('',1,(#9381,#9382),.UNSPECIFIED.,.F.,
  .F.,(2,2),(0.,1.),.PIECEWISE_BEZIER_KNOTS.);
#9381 = CARTESIAN_POINT('',(-17.94467764928,3.934926331655,-16.2));
#9382 = CARTESIAN_POINT('',(16.94782315414,3.934926331655,-16.2));
#9383 = ORIENTED_EDGE('',*,*,#9384,.F.);
#9384 = EDGE_CURVE('',#9385,#9378,#9387,.T.);
#9385 = VERTEX_POINT('',#9386);
#9386 = CARTESIAN_POINT('',(-13.87985832007,9.419118478171,-16.2));
#9387 = LINE('',#9388,#9389);
#9388 = CARTESIAN_POINT('',(-13.87985832007,9.419118478171,-16.2));
#9389 = VECTOR('',#9390,1.);
#9390 = DIRECTION('',(0.,-1.,0.));
#9391 = ORIENTED_EDGE('',*,*,#9392,.F.);
#9392 = EDGE_CURVE('',#9393,#9385,#9395,.T.);
#9393 = VERTEX_POINT('',#9394);
#9394 = CARTESIAN_POINT('',(-8.035386798242,15.26359,-16.2));
#9395 = CIRCLE('',#9396,5.844471521829);
#9396 = AXIS2_PLACEMENT_3D('',#9397,#9398,#9399);
#9397 = CARTESIAN_POINT('',(-8.035386798242,9.419118478171,-16.2));
#9398 = DIRECTION('',(0.,0.,1.));
#9399 = DIRECTION('',(-1.,0.,0.));
#9400 = ORIENTED_EDGE('',*,*,#9401,.F.);
#9401 = EDGE_CURVE('',#9402,#9393,#9404,.T.);
#9402 = VERTEX_POINT('',#9403);
#9403 = CARTESIAN_POINT('',(-7.491524371217,15.26359,-16.2));
#9404 = LINE('',#9405,#9406);
#9405 = CARTESIAN_POINT('',(7.14116,15.26359,-16.2));
#9406 = VECTOR('',#9407,1.);
#9407 = DIRECTION('',(-1.,0.,0.));
#9408 = ORIENTED_EDGE('',*,*,#9409,.F.);
#9409 = EDGE_CURVE('',#9245,#9402,#9410,.T.);
#9410 = CIRCLE('',#9411,3.54085);
#9411 = AXIS2_PLACEMENT_3D('',#9412,#9413,#9414);
#9412 = CARTESIAN_POINT('',(-6.425,18.64,-16.2));
#9413 = DIRECTION('',(0.,0.,1.));
#9414 = DIRECTION('',(-1.,0.,0.));
#9415 = ORIENTED_EDGE('',*,*,#9244,.F.);
#9416 = ORIENTED_EDGE('',*,*,#4390,.F.);
#9417 = ORIENTED_EDGE('',*,*,#9309,.F.);
#9418 = ORIENTED_EDGE('',*,*,#9419,.F.);
#9419 = EDGE_CURVE('',#9420,#9302,#9422,.T.);
#9420 = VERTEX_POINT('',#9421);
#9421 = CARTESIAN_POINT('',(-19.04064772637,49.789301303225,-16.2));
#9422 = CIRCLE('',#9423,14.02);
#9423 = AXIS2_PLACEMENT_3D('',#9424,#9425,#9426);
#9424 = CARTESIAN_POINT('',(-29.19047214188,59.460984938167,-16.2));
#9425 = DIRECTION('',(0.,0.,1.));
#9426 = DIRECTION('',(-1.,0.,0.));
#9427 = ORIENTED_EDGE('',*,*,#9428,.T.);
#9428 = EDGE_CURVE('',#9420,#9429,#9431,.T.);
#9429 = VERTEX_POINT('',#9430);
#9430 = CARTESIAN_POINT('',(-17.21847359899,42.397237341413,-16.2));
#9431 = CIRCLE('',#9432,4.6);
#9432 = AXIS2_PLACEMENT_3D('',#9433,#9434,#9435);
#9433 = CARTESIAN_POINT('',(-15.62212590885,46.71136228772,-16.2));
#9434 = DIRECTION('',(0.,0.,1.));
#9435 = DIRECTION('',(-1.,0.,0.));
#9436 = ORIENTED_EDGE('',*,*,#9437,.F.);
#9437 = EDGE_CURVE('',#7778,#9429,#9438,.T.);
#9438 = CIRCLE('',#9439,5.93);
#9439 = AXIS2_PLACEMENT_3D('',#9440,#9441,#9442);
#9440 = CARTESIAN_POINT('',(-17.49816328114,36.473836824658,-16.2));
#9441 = DIRECTION('',(0.,0.,1.));
#9442 = DIRECTION('',(-1.,0.,0.));
#9443 = ORIENTED_EDGE('',*,*,#7785,.F.);
#9444 = ORIENTED_EDGE('',*,*,#7809,.F.);
#9445 = ORIENTED_EDGE('',*,*,#9446,.F.);
#9446 = EDGE_CURVE('',#7834,#7810,#9447,.T.);
#9447 = CIRCLE('',#9448,4.121329048524);
#9448 = AXIS2_PLACEMENT_3D('',#9449,#9450,#9451);
#9449 = CARTESIAN_POINT('',(-18.886996,17.165636492673,-16.2));
#9450 = DIRECTION('',(0.,0.,1.));
#9451 = DIRECTION('',(-1.,0.,0.));
#9452 = ORIENTED_EDGE('',*,*,#7841,.F.);
#9453 = ORIENTED_EDGE('',*,*,#9454,.F.);
#9454 = EDGE_CURVE('',#9326,#7842,#9455,.T.);
#9455 = LINE('',#9456,#9457);
#9456 = CARTESIAN_POINT('',(-24.213029,-10.002613,-16.2));
#9457 = VECTOR('',#9458,1.);
#9458 = DIRECTION('',(-6.803489043904E-02,-0.997682942464,0.));
#9459 = PLANE('',#9460);
#9460 = AXIS2_PLACEMENT_3D('',#9461,#9462,#9463);
#9461 = CARTESIAN_POINT('',(-3.322694297041,27.506054105987,-16.2));
#9462 = DIRECTION('',(0.,0.,1.));
#9463 = DIRECTION('',(1.,0.,0.));
#9464 = ADVANCED_FACE('',(#9465,#9476),#9479,.F.);
#9465 = FACE_BOUND('',#9466,.F.);
#9466 = EDGE_LOOP('',(#9467));
#9467 = ORIENTED_EDGE('',*,*,#9468,.T.);
#9468 = EDGE_CURVE('',#9469,#9469,#9471,.T.);
#9469 = VERTEX_POINT('',#9470);
#9470 = CARTESIAN_POINT('',(18.610174962979,66.575321930896,-21.));
#9471 = CIRCLE('',#9472,2.5);
#9472 = AXIS2_PLACEMENT_3D('',#9473,#9474,#9475);
#9473 = CARTESIAN_POINT('',(21.110174962979,66.575321930896,-21.));
#9474 = DIRECTION('',(0.,0.,-1.));
#9475 = DIRECTION('',(-1.,0.,0.));
#9476 = FACE_BOUND('',#9477,.F.);
#9477 = EDGE_LOOP('',(#9478));
#9478 = ORIENTED_EDGE('',*,*,#4593,.T.);
#9479 = PLANE('',#9480);
#9480 = AXIS2_PLACEMENT_3D('',#9481,#9482,#9483);
#9481 = CARTESIAN_POINT('',(21.110174962979,66.575321930896,-21.));
#9482 = DIRECTION('',(0.,0.,1.));
#9483 = DIRECTION('',(1.,0.,0.));
#9484 = ADVANCED_FACE('',(#9485),#9503,.T.);
#9485 = FACE_BOUND('',#9486,.T.);
#9486 = EDGE_LOOP('',(#9487,#9488,#9496,#9502));
#9487 = ORIENTED_EDGE('',*,*,#4716,.F.);
#9488 = ORIENTED_EDGE('',*,*,#9489,.T.);
#9489 = EDGE_CURVE('',#4710,#9490,#9492,.T.);
#9490 = VERTEX_POINT('',#9491);
#9491 = CARTESIAN_POINT('',(-16.71014301733,-22.35870701612,-11.8));
#9492 = LINE('',#9493,#9494);
#9493 = CARTESIAN_POINT('',(-16.71014301733,-22.35870701612,-16.2));
#9494 = VECTOR('',#9495,1.);
#9495 = DIRECTION('',(0.,0.,1.));
#9496 = ORIENTED_EDGE('',*,*,#9497,.T.);
#9497 = EDGE_CURVE('',#9490,#4806,#9498,.T.);
#9498 = LINE('',#9499,#9500);
#9499 = CARTESIAN_POINT('',(-16.71014301733,2.573673544931,-11.8));
#9500 = VECTOR('',#9501,1.);
#9501 = DIRECTION('',(0.,-1.,0.));
#9502 = ORIENTED_EDGE('',*,*,#4813,.F.);
#9503 = PLANE('',#9504);
#9504 = AXIS2_PLACEMENT_3D('',#9505,#9506,#9507);
#9505 = CARTESIAN_POINT('',(-16.71014301733,-22.35870701612,-16.2));
#9506 = DIRECTION('',(1.,0.,0.));
#9507 = DIRECTION('',(0.,-1.,0.));
#9508 = ADVANCED_FACE('',(#9509),#9532,.T.);
#9509 = FACE_BOUND('',#9510,.T.);
#9510 = EDGE_LOOP('',(#9511,#9518,#9519,#9526));
#9511 = ORIENTED_EDGE('',*,*,#9512,.F.);
#9512 = EDGE_CURVE('',#4710,#9513,#9515,.T.);
#9513 = VERTEX_POINT('',#9514);
#9514 = CARTESIAN_POINT('',(-14.97931525483,-23.09453100266,
    -17.50278186663));
#9515 = B_SPLINE_CURVE_WITH_KNOTS('',1,(#9516,#9517),.UNSPECIFIED.,.F.,
  .F.,(2,2),(0.,1.),.PIECEWISE_BEZIER_KNOTS.);
#9516 = CARTESIAN_POINT('',(-18.038706,-21.7938972,-15.2));
#9517 = CARTESIAN_POINT('',(-14.97931525483,-23.09453100266,
    -17.50278186663));
#9518 = ORIENTED_EDGE('',*,*,#4709,.F.);
#9519 = ORIENTED_EDGE('',*,*,#9520,.T.);
#9520 = EDGE_CURVE('',#4661,#9521,#9523,.T.);
#9521 = VERTEX_POINT('',#9522);
#9522 = CARTESIAN_POINT('',(12.902117207103,-23.09453100266,
    -17.50278186663));
#9523 = B_SPLINE_CURVE_WITH_KNOTS('',1,(#9524,#9525),.UNSPECIFIED.,.F.,
  .F.,(2,2),(0.,1.),.PIECEWISE_BEZIER_KNOTS.);
#9524 = CARTESIAN_POINT('',(17.076108,-21.7938972,-15.2));
#9525 = CARTESIAN_POINT('',(12.902117207103,-23.09453100266,
    -17.50278186663));
#9526 = ORIENTED_EDGE('',*,*,#9527,.T.);
#9527 = EDGE_CURVE('',#9521,#9513,#9528,.T.);
#9528 = LINE('',#9529,#9530);
#9529 = CARTESIAN_POINT('',(12.902117207103,-23.09453100266,
    -17.50278186663));
#9530 = VECTOR('',#9531,1.);
#9531 = DIRECTION('',(-1.,0.,-1.232595164408E-32));
#9532 = B_SPLINE_SURFACE_WITH_KNOTS('',1,1,(
    (#9533,#9534)
    ,(#9535,#9536
  )),.UNSPECIFIED.,.F.,.F.,.F.,(2,2),(2,2),(0.,35.114814),(0.,1.),
  .PIECEWISE_BEZIER_KNOTS.);
#9533 = CARTESIAN_POINT('',(-18.038706,-21.7938972,-15.2));
#9534 = CARTESIAN_POINT('',(-14.97931525483,-23.09453100266,
    -17.50278186663));
#9535 = CARTESIAN_POINT('',(17.076108,-21.7938972,-15.2));
#9536 = CARTESIAN_POINT('',(12.902117207103,-23.09453100266,
    -17.50278186663));
#9537 = ADVANCED_FACE('',(#9538),#9556,.T.);
#9538 = FACE_BOUND('',#9539,.T.);
#9539 = EDGE_LOOP('',(#9540,#9541,#9542,#9549));
#9540 = ORIENTED_EDGE('',*,*,#9520,.F.);
#9541 = ORIENTED_EDGE('',*,*,#4660,.F.);
#9542 = ORIENTED_EDGE('',*,*,#9543,.T.);
#9543 = EDGE_CURVE('',#4653,#9544,#9546,.T.);
#9544 = VERTEX_POINT('',#9545);
#9545 = CARTESIAN_POINT('',(19.436400976133,-19.34661980432,
    -22.85535377399));
#9546 = B_SPLINE_CURVE_WITH_KNOTS('',1,(#9547,#9548),.UNSPECIFIED.,.F.,
  .F.,(2,2),(0.,1.),.PIECEWISE_BEZIER_KNOTS.);
#9547 = CARTESIAN_POINT('',(20.076108,-18.7938972,-15.2));
#9548 = CARTESIAN_POINT('',(19.436400976133,-19.34661980432,
    -22.85535377399));
#9549 = ORIENTED_EDGE('',*,*,#9550,.T.);
#9550 = EDGE_CURVE('',#9544,#9521,#9551,.T.);
#9551 = CIRCLE('',#9552,6.53428376903);
#9552 = AXIS2_PLACEMENT_3D('',#9553,#9554,#9555);
#9553 = CARTESIAN_POINT('',(12.902117207103,-19.34661980432,
    -22.85535377399));
#9554 = DIRECTION('',(7.069875418646E-33,-0.819152044289,-0.573576436351
    ));
#9555 = DIRECTION('',(1.,0.,1.232595164408E-32));
#9556 = B_SPLINE_SURFACE_WITH_KNOTS('',8,1,(
    (#9557,#9558)
    ,(#9559,#9560)
    ,(#9561,#9562)
    ,(#9563,#9564)
    ,(#9565,#9566)
    ,(#9567,#9568)
    ,(#9569,#9570)
    ,(#9571,#9572)
    ,(#9573,#9574
    )),.UNSPECIFIED.,.F.,.F.,.F.,(9,9),(2,2),(4.712388980385,
    6.28318530718),(0.,1.),.PIECEWISE_BEZIER_KNOTS.);
#9557 = CARTESIAN_POINT('',(17.076108,-21.7938972,-15.2));
#9558 = CARTESIAN_POINT('',(12.902117207103,-23.09453100266,
    -17.50278186663));
#9559 = CARTESIAN_POINT('',(17.665156622548,-21.7938972,-15.2));
#9560 = CARTESIAN_POINT('',(14.185120824931,-23.09453100266,
    -17.50278186663));
#9561 = CARTESIAN_POINT('',(18.254205430514,-21.66171483311,-15.2));
#9562 = CARTESIAN_POINT('',(15.468124846615,-22.92939507831,
    -17.73862040784));
#9563 = CARTESIAN_POINT('',(18.808647703003,-21.39735139761,
    -15.19999999999));
#9564 = CARTESIAN_POINT('',(16.675752560618,-22.59912485152,
    -18.2102951739));
#9565 = CARTESIAN_POINT('',(19.293884267342,-21.01167346734,-15.2));
#9566 = CARTESIAN_POINT('',(17.73264369611,-22.11729597358,
    -18.89841812553));
#9567 = CARTESIAN_POINT('',(19.679562197613,-20.526436903,
    -15.19999999999));
#9568 = CARTESIAN_POINT('',(18.572686709397,-21.51108812247,
    -19.76417265976));
#9569 = CARTESIAN_POINT('',(19.943925633117,-19.97199463051,-15.2));
#9570 = CARTESIAN_POINT('',(19.148495277973,-20.81842132184,
    -20.75340337043));
#9571 = CARTESIAN_POINT('',(20.076108,-19.38294582254,-15.2));
#9572 = CARTESIAN_POINT('',(19.436400976133,-20.08252044726,
    -21.80437873762));
#9573 = CARTESIAN_POINT('',(20.076108,-18.7938972,-15.2));
#9574 = CARTESIAN_POINT('',(19.436400976133,-19.34661980432,
    -22.85535377399));
#9575 = ADVANCED_FACE('',(#9576),#9594,.T.);
#9576 = FACE_BOUND('',#9577,.T.);
#9577 = EDGE_LOOP('',(#9578,#9579,#9580,#9588));
#9578 = ORIENTED_EDGE('',*,*,#4652,.F.);
#9579 = ORIENTED_EDGE('',*,*,#4748,.T.);
#9580 = ORIENTED_EDGE('',*,*,#9581,.T.);
#9581 = EDGE_CURVE('',#4749,#9582,#9584,.T.);
#9582 = VERTEX_POINT('',#9583);
#9583 = CARTESIAN_POINT('',(19.992544647769,-18.86609799184,-11.8));
#9584 = LINE('',#9585,#9586);
#9585 = CARTESIAN_POINT('',(2.190127789667,-4.639708464624,-11.8));
#9586 = VECTOR('',#9587,1.);
#9587 = DIRECTION('',(-0.781201428596,0.624279046548,0.));
#9588 = ORIENTED_EDGE('',*,*,#9589,.F.);
#9589 = EDGE_CURVE('',#4653,#9582,#9590,.T.);
#9590 = LINE('',#9591,#9592);
#9591 = CARTESIAN_POINT('',(19.992544647769,-18.86609799184,-16.2));
#9592 = VECTOR('',#9593,1.);
#9593 = DIRECTION('',(0.,0.,1.));
#9594 = PLANE('',#9595);
#9595 = AXIS2_PLACEMENT_3D('',#9596,#9597,#9598);
#9596 = CARTESIAN_POINT('',(21.231561460002,-19.85622960948,-16.2));
#9597 = DIRECTION('',(-0.624279046548,-0.781201428596,0.));
#9598 = DIRECTION('',(-0.781201428596,0.624279046548,0.));
#9599 = ADVANCED_FACE('',(#9600),#9677,.T.);
#9600 = FACE_BOUND('',#9601,.T.);
#9601 = EDGE_LOOP('',(#9602,#9610,#9618,#9626,#9634,#9647,#9672,#9673,
    #9674,#9675,#9676));
#9602 = ORIENTED_EDGE('',*,*,#9603,.F.);
#9603 = EDGE_CURVE('',#9604,#7597,#9606,.T.);
#9604 = VERTEX_POINT('',#9605);
#9605 = CARTESIAN_POINT('',(23.4499724,39.6942327,-11.8));
#9606 = LINE('',#9607,#9608);
#9607 = CARTESIAN_POINT('',(9.693436413197,38.694570569256,-11.8));
#9608 = VECTOR('',#9609,1.);
#9609 = DIRECTION('',(0.997370080619,7.247704661175E-02,0.));
#9610 = ORIENTED_EDGE('',*,*,#9611,.T.);
#9611 = EDGE_CURVE('',#9604,#9612,#9614,.T.);
#9612 = VERTEX_POINT('',#9613);
#9613 = CARTESIAN_POINT('',(21.7095334,25.0135557,-11.8));
#9614 = LINE('',#9615,#9616);
#9615 = CARTESIAN_POINT('',(22.551978119655,32.119612746303,-11.8));
#9616 = VECTOR('',#9617,1.);
#9617 = DIRECTION('',(-0.117728606901,-0.99304580716,0.));
#9618 = ORIENTED_EDGE('',*,*,#9619,.T.);
#9619 = EDGE_CURVE('',#9612,#9620,#9622,.T.);
#9620 = VERTEX_POINT('',#9621);
#9621 = CARTESIAN_POINT('',(19.91585,25.0135557,-11.8));
#9622 = LINE('',#9623,#9624);
#9623 = CARTESIAN_POINT('',(9.19341955148,25.0135557,-11.8));
#9624 = VECTOR('',#9625,1.);
#9625 = DIRECTION('',(-1.,0.,0.));
#9626 = ORIENTED_EDGE('',*,*,#9627,.F.);
#9627 = EDGE_CURVE('',#9628,#9620,#9630,.T.);
#9628 = VERTEX_POINT('',#9629);
#9629 = CARTESIAN_POINT('',(19.91585,1.774146227515,-11.8));
#9630 = LINE('',#9631,#9632);
#9631 = CARTESIAN_POINT('',(19.91585,14.640100166751,-11.8));
#9632 = VECTOR('',#9633,1.);
#9633 = DIRECTION('',(0.,1.,0.));
#9634 = ORIENTED_EDGE('',*,*,#9635,.F.);
#9635 = EDGE_CURVE('',#9636,#9628,#9638,.T.);
#9636 = VERTEX_POINT('',#9637);
#9637 = CARTESIAN_POINT('',(20.052575798042,0.870831450707,-11.8));
#9638 = B_SPLINE_CURVE_WITH_KNOTS('',4,(#9639,#9640,#9641,#9642,#9643,
    #9644,#9645,#9646),.UNSPECIFIED.,.F.,.F.,(5,3,5),(0.,0.270006853315,
    1.),.UNSPECIFIED.);
#9639 = CARTESIAN_POINT('',(20.052575798042,0.870831450707,-11.8));
#9640 = CARTESIAN_POINT('',(20.052669028712,0.93273842331,-11.8));
#9641 = CARTESIAN_POINT('',(20.051071675279,0.994647907519,-11.8));
#9642 = CARTESIAN_POINT('',(20.047783039572,1.056490487068,-11.8));
#9643 = CARTESIAN_POINT('',(20.029359844483,1.285028140942,-11.8));
#9644 = CARTESIAN_POINT('',(20.003588574094,1.450868158997,-11.8));
#9645 = CARTESIAN_POINT('',(19.965606959403,1.614341634094,-11.8));
#9646 = CARTESIAN_POINT('',(19.91585,1.774146227515,-11.8));
#9647 = ORIENTED_EDGE('',*,*,#9648,.F.);
#9648 = EDGE_CURVE('',#9582,#9636,#9649,.T.);
#9649 = B_SPLINE_CURVE_WITH_KNOTS('',6,(#9650,#9651,#9652,#9653,#9654,
    #9655,#9656,#9657,#9658,#9659,#9660,#9661,#9662,#9663,#9664,#9665,
    #9666,#9667,#9668,#9669,#9670,#9671),.UNSPECIFIED.,.F.,.F.,(7,5,5,5,
    7),(0.,0.163673960127,0.407389688307,0.763169708657,1.),
  .UNSPECIFIED.);
#9650 = CARTESIAN_POINT('',(19.992544647769,-18.86609799184,-11.8));
#9651 = CARTESIAN_POINT('',(19.998495917798,-18.32774279343,-11.8));
#9652 = CARTESIAN_POINT('',(20.003397379826,-17.78937160771,-11.8));
#9653 = CARTESIAN_POINT('',(20.007603592605,-17.25099127715,-11.8));
#9654 = CARTESIAN_POINT('',(20.011265260849,-16.71260500533,-11.8));
#9655 = CARTESIAN_POINT('',(20.014502961893,-16.17421460864,-11.8));
#9656 = CARTESIAN_POINT('',(20.021697439903,-14.83413410293,-11.8));
#9657 = CARTESIAN_POINT('',(20.025232537795,-14.03244045799,-11.8));
#9658 = CARTESIAN_POINT('',(20.028257913071,-13.23074240865,-11.8));
#9659 = CARTESIAN_POINT('',(20.030885538768,-12.42904135973,-11.8));
#9660 = CARTESIAN_POINT('',(20.033203662538,-11.62733815872,-11.8));
#9661 = CARTESIAN_POINT('',(20.03828403729,-9.655291316636,-11.8));
#9662 = CARTESIAN_POINT('',(20.040760970414,-8.484945897781,-11.8));
#9663 = CARTESIAN_POINT('',(20.042879668767,-7.314598170411,-11.8));
#9664 = CARTESIAN_POINT('',(20.044719153029,-6.144248790742,-11.8));
#9665 = CARTESIAN_POINT('',(20.04634112078,-4.973898185524,-11.8));
#9666 = CARTESIAN_POINT('',(20.048747030005,-3.024484423658,-11.8));
#9667 = CARTESIAN_POINT('',(20.049630103702,-2.245421887703,-11.8));
#9668 = CARTESIAN_POINT('',(20.050446193443,-1.466358981118,-11.8));
#9669 = CARTESIAN_POINT('',(20.051204661137,-0.687295762458,-11.8));
#9670 = CARTESIAN_POINT('',(20.051912792697,9.176772448984E-02,-11.8));
#9671 = CARTESIAN_POINT('',(20.052575798042,0.870831450707,-11.8));
#9672 = ORIENTED_EDGE('',*,*,#9581,.F.);
#9673 = ORIENTED_EDGE('',*,*,#4756,.T.);
#9674 = ORIENTED_EDGE('',*,*,#7702,.F.);
#9675 = ORIENTED_EDGE('',*,*,#7660,.F.);
#9676 = ORIENTED_EDGE('',*,*,#7596,.F.);
#9677 = PLANE('',#9678);
#9678 = AXIS2_PLACEMENT_3D('',#9679,#9680,#9681);
#9679 = CARTESIAN_POINT('',(-3.322694297041,27.506054105987,-11.8));
#9680 = DIRECTION('',(0.,0.,1.));
#9681 = DIRECTION('',(1.,0.,0.));
#9682 = ADVANCED_FACE('',(#9683),#9800,.T.);
#9683 = FACE_BOUND('',#9684,.T.);
#9684 = EDGE_LOOP('',(#9685,#9696,#9704,#9710,#9711,#9712,#9720,#9721,
    #9722,#9785));
#9685 = ORIENTED_EDGE('',*,*,#9686,.T.);
#9686 = EDGE_CURVE('',#9687,#9689,#9691,.T.);
#9687 = VERTEX_POINT('',#9688);
#9688 = CARTESIAN_POINT('',(-21.07561562157,-13.65234504367,-11.8));
#9689 = VERTEX_POINT('',#9690);
#9690 = CARTESIAN_POINT('',(-23.32494393548,-10.07292815483,-11.8));
#9691 = CIRCLE('',#9692,3.972675535484);
#9692 = AXIS2_PLACEMENT_3D('',#9693,#9694,#9695);
#9693 = CARTESIAN_POINT('',(-19.3522684,-10.07292815483,-11.8));
#9694 = DIRECTION('',(0.,0.,-1.));
#9695 = DIRECTION('',(-1.,0.,0.));
#9696 = ORIENTED_EDGE('',*,*,#9697,.T.);
#9697 = EDGE_CURVE('',#9689,#9698,#9700,.T.);
#9698 = VERTEX_POINT('',#9699);
#9699 = CARTESIAN_POINT('',(-24.213029,-10.002613,-11.8));
#9700 = LINE('',#9701,#9702);
#9701 = CARTESIAN_POINT('',(-14.86453578904,-10.74279068556,-11.8));
#9702 = VECTOR('',#9703,1.);
#9703 = DIRECTION('',(-0.996880229186,7.892913693926E-02,0.));
#9704 = ORIENTED_EDGE('',*,*,#9705,.T.);
#9705 = EDGE_CURVE('',#9698,#7850,#9706,.T.);
#9706 = LINE('',#9707,#9708);
#9707 = CARTESIAN_POINT('',(-22.89168838886,9.373900732933,-11.8));
#9708 = VECTOR('',#9709,1.);
#9709 = DIRECTION('',(-6.803489043904E-02,-0.997682942464,0.));
#9710 = ORIENTED_EDGE('',*,*,#7890,.F.);
#9711 = ORIENTED_EDGE('',*,*,#7915,.F.);
#9712 = ORIENTED_EDGE('',*,*,#9713,.T.);
#9713 = EDGE_CURVE('',#7916,#4798,#9714,.T.);
#9714 = B_SPLINE_CURVE_WITH_KNOTS('',4,(#9715,#9716,#9717,#9718,#9719),
  .UNSPECIFIED.,.F.,.F.,(5,5),(0.,1.),.PIECEWISE_BEZIER_KNOTS.);
#9715 = CARTESIAN_POINT('',(-19.32695844279,-23.5482347669,-11.8));
#9716 = CARTESIAN_POINT('',(-19.09566422158,-23.72013513491,-11.8));
#9717 = CARTESIAN_POINT('',(-18.86233740621,-23.88930062369,-11.8));
#9718 = CARTESIAN_POINT('',(-18.62702605453,-24.05569456427,-11.8));
#9719 = CARTESIAN_POINT('',(-18.38977954999,-24.219282,-11.8));
#9720 = ORIENTED_EDGE('',*,*,#4805,.F.);
#9721 = ORIENTED_EDGE('',*,*,#9497,.F.);
#9722 = ORIENTED_EDGE('',*,*,#9723,.F.);
#9723 = EDGE_CURVE('',#9724,#9490,#9726,.T.);
#9724 = VERTEX_POINT('',#9725);
#9725 = CARTESIAN_POINT('',(-21.10074010552,-18.86609799184,-11.8));
#9726 = B_SPLINE_CURVE_WITH_KNOTS('',8,(#9727,#9728,#9729,#9730,#9731,
    #9732,#9733,#9734,#9735,#9736,#9737,#9738,#9739,#9740,#9741,#9742,
    #9743,#9744,#9745,#9746,#9747,#9748,#9749,#9750,#9751,#9752,#9753,
    #9754,#9755,#9756,#9757,#9758,#9759,#9760,#9761,#9762,#9763,#9764,
    #9765,#9766,#9767,#9768,#9769,#9770,#9771,#9772,#9773,#9774,#9775,
    #9776,#9777,#9778,#9779,#9780,#9781,#9782,#9783,#9784),
  .UNSPECIFIED.,.F.,.F.,(9,7,7,7,7,7,7,7,9),(0.,9.363144638669E-02,
    0.277498416679,0.348013417243,0.457727335148,0.541863015191,
    0.668607018479,0.795822095561,1.),.UNSPECIFIED.);
#9727 = CARTESIAN_POINT('',(-21.10074010552,-18.86609799184,-11.8));
#9728 = CARTESIAN_POINT('',(-21.10174376619,-18.93894617174,-11.8));
#9729 = CARTESIAN_POINT('',(-21.10066480421,-19.01182386874,-11.8));
#9730 = CARTESIAN_POINT('',(-21.09749613815,-19.0846609061,-11.8));
#9731 = CARTESIAN_POINT('',(-21.09223417354,-19.1573870032,-11.8));
#9732 = CARTESIAN_POINT('',(-21.08487910209,-19.22993180559,-11.8));
#9733 = CARTESIAN_POINT('',(-21.07543520086,-19.30222491514,-11.8));
#9734 = CARTESIAN_POINT('',(-21.06391113146,-19.37419592014,-11.8));
#9735 = CARTESIAN_POINT('',(-21.02363138356,-19.58633535252,-11.8));
#9736 = CARTESIAN_POINT('',(-20.98896707598,-19.72541076391,-11.8));
#9737 = CARTESIAN_POINT('',(-20.9464279087,-19.86243715781,-11.8));
#9738 = CARTESIAN_POINT('',(-20.89619029769,-19.99689339833,-11.8));
#9739 = CARTESIAN_POINT('',(-20.83848871454,-20.12831186551,-11.8));
#9740 = CARTESIAN_POINT('',(-20.77362594009,-20.25626708485,-11.8));
#9741 = CARTESIAN_POINT('',(-20.70196759387,-20.38038476205,-11.8));
#9742 = CARTESIAN_POINT('',(-20.59403421079,-20.5463455579,-11.8));
#9743 = CARTESIAN_POINT('',(-20.56317788617,-20.59174144939,-11.8));
#9744 = CARTESIAN_POINT('',(-20.53140788285,-20.63651208318,-11.8));
#9745 = CARTESIAN_POINT('',(-20.49874840277,-20.68064267852,-11.8));
#9746 = CARTESIAN_POINT('',(-20.46522433778,-20.72412022051,-11.8));
#9747 = CARTESIAN_POINT('',(-20.43086113468,-20.7669333976,-11.8));
#9748 = CARTESIAN_POINT('',(-20.39568466026,-20.80907253922,-11.8));
#9749 = CARTESIAN_POINT('',(-20.30376550009,-20.91503230322,-11.8));
#9750 = CARTESIAN_POINT('',(-20.24590438164,-20.97788421554,-11.8));
#9751 = CARTESIAN_POINT('',(-20.18623623,-21.03905518903,-11.8));
#9752 = CARTESIAN_POINT('',(-20.12486014676,-21.09852580589,-11.8));
#9753 = CARTESIAN_POINT('',(-20.06187466059,-21.15628610649,-11.8));
#9754 = CARTESIAN_POINT('',(-19.9973765718,-21.21233436423,-11.8));
#9755 = CARTESIAN_POINT('',(-19.93145979683,-21.26667586024,-11.8));
#9756 = CARTESIAN_POINT('',(-19.81264597923,-21.35969383788,-11.8));
#9757 = CARTESIAN_POINT('',(-19.76029601618,-21.39906900826,-11.8));
#9758 = CARTESIAN_POINT('',(-19.70720534654,-21.43745191437,-11.8));
#9759 = CARTESIAN_POINT('',(-19.6534123109,-21.47484998201,-11.8));
#9760 = CARTESIAN_POINT('',(-19.59895387254,-21.51127223728,-11.8));
#9761 = CARTESIAN_POINT('',(-19.54386619894,-21.54672821809,-11.8));
#9762 = CARTESIAN_POINT('',(-19.48818256999,-21.58122905819,-11.8));
#9763 = CARTESIAN_POINT('',(-19.34720167964,-21.66533729909,-11.8));
#9764 = CARTESIAN_POINT('',(-19.26119058116,-21.71374537451,-11.8));
#9765 = CARTESIAN_POINT('',(-19.17400759418,-21.76005105134,-11.8));
#9766 = CARTESIAN_POINT('',(-19.08575157433,-21.80429564231,-11.8));
#9767 = CARTESIAN_POINT('',(-18.99651345652,-21.84651976913,-11.8));
#9768 = CARTESIAN_POINT('',(-18.90637562111,-21.88676205669,-11.8));
#9769 = CARTESIAN_POINT('',(-18.81541126016,-21.92505782738,-11.8));
#9770 = CARTESIAN_POINT('',(-18.63161530018,-21.99795297799,-11.8));
#9771 = CARTESIAN_POINT('',(-18.5387819338,-22.03253653683,-11.8));
#9772 = CARTESIAN_POINT('',(-18.44524698806,-22.06522019918,-11.8));
#9773 = CARTESIAN_POINT('',(-18.35107167201,-22.09602767221,-11.8));
#9774 = CARTESIAN_POINT('',(-18.25630658468,-22.12497811581,-11.8));
#9775 = CARTESIAN_POINT('',(-18.16100659129,-22.15207841395,-11.8));
#9776 = CARTESIAN_POINT('',(-18.06521081905,-22.17733155348,-11.8));
#9777 = CARTESIAN_POINT('',(-17.81448306401,-22.23827519679,-11.8));
#9778 = CARTESIAN_POINT('',(-17.65888536528,-22.2710254929,-11.8));
#9779 = CARTESIAN_POINT('',(-17.50228501487,-22.29895548352,-11.8));
#9780 = CARTESIAN_POINT('',(-17.34482433135,-22.32194733047,-11.8));
#9781 = CARTESIAN_POINT('',(-17.1866728513,-22.33979560705,-11.8));
#9782 = CARTESIAN_POINT('',(-17.02802648513,-22.352194937,-11.8));
#9783 = CARTESIAN_POINT('',(-16.86910431248,-22.35870701612,-11.8));
#9784 = CARTESIAN_POINT('',(-16.71014301733,-22.35870701612,-11.8));
#9785 = ORIENTED_EDGE('',*,*,#9786,.F.);
#9786 = EDGE_CURVE('',#9687,#9724,#9787,.T.);
#9787 = B_SPLINE_CURVE_WITH_KNOTS('',6,(#9788,#9789,#9790,#9791,#9792,
    #9793,#9794,#9795,#9796,#9797,#9798,#9799),.UNSPECIFIED.,.F.,.F.,(7,
    5,7),(0.,0.753252019352,1.),.UNSPECIFIED.);
#9788 = CARTESIAN_POINT('',(-21.07561562157,-13.65234504367,-11.8));
#9789 = CARTESIAN_POINT('',(-21.07747787431,-14.30690360969,-11.8));
#9790 = CARTESIAN_POINT('',(-21.07956830729,-14.96145996696,-11.8));
#9791 = CARTESIAN_POINT('',(-21.08193866527,-15.61601387306,-11.8));
#9792 = CARTESIAN_POINT('',(-21.0846687113,-16.27056437471,-11.8));
#9793 = CARTESIAN_POINT('',(-21.08786085597,-16.92510995005,-11.8));
#9794 = CARTESIAN_POINT('',(-21.0930302141,-17.79405852557,-11.8));
#9795 = CARTESIAN_POINT('',(-21.09438127774,-18.00846891409,-11.8));
#9796 = CARTESIAN_POINT('',(-21.09581583106,-18.22287826779,-11.8));
#9797 = CARTESIAN_POINT('',(-21.09734450405,-18.43728640579,-11.8));
#9798 = CARTESIAN_POINT('',(-21.09898060201,-18.65169308333,-11.8));
#9799 = CARTESIAN_POINT('',(-21.10074010552,-18.86609799184,-11.8));
#9800 = PLANE('',#9801);
#9801 = AXIS2_PLACEMENT_3D('',#9802,#9803,#9804);
#9802 = CARTESIAN_POINT('',(-3.322694297041,27.506054105987,-11.8));
#9803 = DIRECTION('',(0.,0.,1.));
#9804 = DIRECTION('',(1.,0.,0.));
#9805 = ADVANCED_FACE('',(#9806),#9812,.T.);
#9806 = FACE_BOUND('',#9807,.T.);
#9807 = EDGE_LOOP('',(#9808,#9809,#9810,#9811));
#9808 = ORIENTED_EDGE('',*,*,#5950,.F.);
#9809 = ORIENTED_EDGE('',*,*,#4797,.T.);
#9810 = ORIENTED_EDGE('',*,*,#9713,.F.);
#9811 = ORIENTED_EDGE('',*,*,#7923,.F.);
#9812 = SURFACE_OF_LINEAR_EXTRUSION('',#9813,#9819);
#9813 = B_SPLINE_CURVE_WITH_KNOTS('',4,(#9814,#9815,#9816,#9817,#9818),
  .UNSPECIFIED.,.F.,.F.,(5,5),(0.,8.727743770937E-02),
  .PIECEWISE_BEZIER_KNOTS.);
#9814 = CARTESIAN_POINT('',(-18.38977954999,-24.219282,-16.2));
#9815 = CARTESIAN_POINT('',(-18.62702601678,-24.0556945903,-16.2));
#9816 = CARTESIAN_POINT('',(-18.86233737977,-23.88930064298,-16.2));
#9817 = CARTESIAN_POINT('',(-19.09566420428,-23.72013514776,-16.2));
#9818 = CARTESIAN_POINT('',(-19.32695844279,-23.5482347669,-16.2));
#9819 = VECTOR('',#9820,1.);
#9820 = DIRECTION('',(0.,0.,-1.));
#9821 = ADVANCED_FACE('',(#9822),#9833,.T.);
#9822 = FACE_BOUND('',#9823,.T.);
#9823 = EDGE_LOOP('',(#9824,#9825,#9826,#9832));
#9824 = ORIENTED_EDGE('',*,*,#4847,.F.);
#9825 = ORIENTED_EDGE('',*,*,#8975,.F.);
#9826 = ORIENTED_EDGE('',*,*,#9827,.F.);
#9827 = EDGE_CURVE('',#4956,#8976,#9828,.T.);
#9828 = LINE('',#9829,#9830);
#9829 = CARTESIAN_POINT('',(15.056190909827,73.091129166752,-9.6));
#9830 = VECTOR('',#9831,1.);
#9831 = DIRECTION('',(0.,0.,-1.));
#9832 = ORIENTED_EDGE('',*,*,#4964,.T.);
#9833 = PLANE('',#9834);
#9834 = AXIS2_PLACEMENT_3D('',#9835,#9836,#9837);
#9835 = CARTESIAN_POINT('',(15.056190909825,76.391074858236,
    -12.89874269668));
#9836 = DIRECTION('',(-1.,-1.85692443691E-13,-1.224646799147E-16));
#9837 = DIRECTION('',(-1.85692443691E-13,1.,-2.274076567921E-29));
#9838 = ADVANCED_FACE('',(#9839),#9845,.T.);
#9839 = FACE_BOUND('',#9840,.T.);
#9840 = EDGE_LOOP('',(#9841,#9842,#9843,#9844));
#9841 = ORIENTED_EDGE('',*,*,#7989,.F.);
#9842 = ORIENTED_EDGE('',*,*,#8854,.T.);
#9843 = ORIENTED_EDGE('',*,*,#8878,.F.);
#9844 = ORIENTED_EDGE('',*,*,#4883,.F.);
#9845 = ( BOUNDED_SURFACE() B_SPLINE_SURFACE(2,7,(
    (#9846,#9847,#9848,#9849,#9850,#9851,#9852,#9853)
    ,(#9854,#9855,#9856,#9857,#9858,#9859,#9860,#9861)
    ,(#9862,#9863,#9864,#9865,#9866,#9867,#9868,#9869
)),.UNSPECIFIED.,.F.,.F.,.F.) B_SPLINE_SURFACE_WITH_KNOTS((3,3),(8,8),(
    0.,17.761572721118),(-1.678941205045,16.082631516073),
.PIECEWISE_BEZIER_KNOTS.) GEOMETRIC_REPRESENTATION_ITEM() 
RATIONAL_B_SPLINE_SURFACE((
    (1.,1.,1.,1.,1.,1.,1.,1.)
    ,(0.987685864175,0.987792003136,0.987534353192,0.986898022918
      ,0.985898857097,0.984604740893,0.983061842953,0.981306848421)
,(1.,1.,1.,1.,1.,1.,1.,1.))) REPRESENTATION_ITEM('') SURFACE() );
#9846 = CARTESIAN_POINT('',(30.751252849008,0.131949992878,
    -35.95565030572));
#9847 = CARTESIAN_POINT('',(30.666215265199,2.40273366301,
    -34.92465041407));
#9848 = CARTESIAN_POINT('',(30.62874242901,4.782124914385,
    -34.00646029325));
#9849 = CARTESIAN_POINT('',(30.646066670346,7.254427264233,
    -33.21327065873));
#9850 = CARTESIAN_POINT('',(30.723430285694,9.77922554348,
    -32.54149090847));
#9851 = CARTESIAN_POINT('',(30.854713884384,12.321889337473,
    -31.94733122304));
#9852 = CARTESIAN_POINT('',(31.032122641871,14.868291920343,
    -31.40007289852));
#9853 = CARTESIAN_POINT('',(31.245736717806,17.407020144323,
    -30.87042856707));
#9854 = CARTESIAN_POINT('',(31.104356651493,0.614383268761,
    -36.98226207566));
#9855 = CARTESIAN_POINT('',(31.028582744416,2.817683600455,
    -35.97375233938));
#9856 = CARTESIAN_POINT('',(31.007746089731,5.13707092128,
    -35.08691772533));
#9857 = CARTESIAN_POINT('',(31.049830166265,7.55878861637,
    -34.33448827634));
#9858 = CARTESIAN_POINT('',(31.160523589321,10.042711825143,
    -33.71227149663));
#9859 = CARTESIAN_POINT('',(31.332534116078,12.552582161894,
    -33.17226360453));
#9860 = CARTESIAN_POINT('',(31.557614451781,15.075290125274,
    -32.68146107393));
#9861 = CARTESIAN_POINT('',(31.824987292518,17.597667764469,
    -32.20892534204));
#9862 = CARTESIAN_POINT('',(31.089809056561,1.108608331948,
    -38.06248697891));
#9863 = CARTESIAN_POINT('',(31.026776247538,3.250020308865,
    -37.07672785139));
#9864 = CARTESIAN_POINT('',(31.015403827283,5.512310039276,
    -36.22514941021));
#9865 = CARTESIAN_POINT('',(31.063714542926,7.885008214438,
    -35.51993026596));
#9866 = CARTESIAN_POINT('',(31.178247270594,10.332726661378,
    -34.95499856285));
#9867 = CARTESIAN_POINT('',(31.353223200762,12.820064129732,
    -34.47905017201));
#9868 = CARTESIAN_POINT('',(31.581870942636,15.336351244067,
    -34.05654013557));
#9869 = CARTESIAN_POINT('',(31.853922088694,17.86680117585,
    -33.65467128943));
#9870 = ADVANCED_FACE('',(#9871),#9891,.T.);
#9871 = FACE_BOUND('',#9872,.T.);
#9872 = EDGE_LOOP('',(#9873,#9881,#9882,#9883,#9884));
#9873 = ORIENTED_EDGE('',*,*,#9874,.F.);
#9874 = EDGE_CURVE('',#4981,#9875,#9877,.T.);
#9875 = VERTEX_POINT('',#9876);
#9876 = CARTESIAN_POINT('',(16.571998145643,71.575321930896,-16.6));
#9877 = LINE('',#9878,#9879);
#9878 = CARTESIAN_POINT('',(16.571998145643,71.575321930896,-9.6));
#9879 = VECTOR('',#9880,1.);
#9880 = DIRECTION('',(0.,0.,-1.));
#9881 = ORIENTED_EDGE('',*,*,#4991,.T.);
#9882 = ORIENTED_EDGE('',*,*,#9827,.T.);
#9883 = ORIENTED_EDGE('',*,*,#8983,.T.);
#9884 = ORIENTED_EDGE('',*,*,#9885,.T.);
#9885 = EDGE_CURVE('',#8984,#9875,#9886,.T.);
#9886 = CIRCLE('',#9887,1.515807235825);
#9887 = AXIS2_PLACEMENT_3D('',#9888,#9889,#9890);
#9888 = CARTESIAN_POINT('',(16.571998145654,73.091129166721,-16.6));
#9889 = DIRECTION('',(0.,0.,1.));
#9890 = DIRECTION('',(-1.,0.,0.));
#9891 = CYLINDRICAL_SURFACE('',#9892,1.515807235825);
#9892 = AXIS2_PLACEMENT_3D('',#9893,#9894,#9895);
#9893 = CARTESIAN_POINT('',(16.571998145654,73.091129166721,-9.6));
#9894 = DIRECTION('',(0.,0.,1.));
#9895 = DIRECTION('',(-1.,0.,0.));
#9896 = ADVANCED_FACE('',(#9897),#9915,.F.);
#9897 = FACE_BOUND('',#9898,.F.);
#9898 = EDGE_LOOP('',(#9899,#9907,#9913,#9914));
#9899 = ORIENTED_EDGE('',*,*,#9900,.T.);
#9900 = EDGE_CURVE('',#5017,#9901,#9903,.T.);
#9901 = VERTEX_POINT('',#9902);
#9902 = CARTESIAN_POINT('',(21.110174962979,71.575321930896,-16.6));
#9903 = LINE('',#9904,#9905);
#9904 = CARTESIAN_POINT('',(21.110174962979,71.575321930896,-9.6));
#9905 = VECTOR('',#9906,1.);
#9906 = DIRECTION('',(0.,0.,-1.));
#9907 = ORIENTED_EDGE('',*,*,#9908,.T.);
#9908 = EDGE_CURVE('',#9901,#9875,#9909,.T.);
#9909 = LINE('',#9910,#9911);
#9910 = CARTESIAN_POINT('',(21.110174962979,71.575321930896,-16.6));
#9911 = VECTOR('',#9912,1.);
#9912 = DIRECTION('',(-1.,0.,0.));
#9913 = ORIENTED_EDGE('',*,*,#9874,.F.);
#9914 = ORIENTED_EDGE('',*,*,#5025,.F.);
#9915 = PLANE('',#9916);
#9916 = AXIS2_PLACEMENT_3D('',#9917,#9918,#9919);
#9917 = CARTESIAN_POINT('',(21.110174962979,71.575321930896,-9.6));
#9918 = DIRECTION('',(0.,1.,0.));
#9919 = DIRECTION('',(-1.,0.,0.));
#9920 = ADVANCED_FACE('',(#9921),#9940,.F.);
#9921 = FACE_BOUND('',#9922,.F.);
#9922 = EDGE_LOOP('',(#9923,#9931,#9938,#9939));
#9923 = ORIENTED_EDGE('',*,*,#9924,.T.);
#9924 = EDGE_CURVE('',#5042,#9925,#9927,.T.);
#9925 = VERTEX_POINT('',#9926);
#9926 = CARTESIAN_POINT('',(21.110174962979,61.575321930896,-16.6));
#9927 = LINE('',#9928,#9929);
#9928 = CARTESIAN_POINT('',(21.110174962979,61.575321930896,-9.6));
#9929 = VECTOR('',#9930,1.);
#9930 = DIRECTION('',(0.,0.,-1.));
#9931 = ORIENTED_EDGE('',*,*,#9932,.T.);
#9932 = EDGE_CURVE('',#9925,#9901,#9933,.T.);
#9933 = CIRCLE('',#9934,5.);
#9934 = AXIS2_PLACEMENT_3D('',#9935,#9936,#9937);
#9935 = CARTESIAN_POINT('',(21.110174962979,66.575321930896,-16.6));
#9936 = DIRECTION('',(0.,0.,1.));
#9937 = DIRECTION('',(-1.,0.,0.));
#9938 = ORIENTED_EDGE('',*,*,#9900,.F.);
#9939 = ORIENTED_EDGE('',*,*,#5052,.F.);
#9940 = CYLINDRICAL_SURFACE('',#9941,5.);
#9941 = AXIS2_PLACEMENT_3D('',#9942,#9943,#9944);
#9942 = CARTESIAN_POINT('',(21.110174962979,66.575321930896,-9.6));
#9943 = DIRECTION('',(0.,0.,1.));
#9944 = DIRECTION('',(-1.,0.,0.));
#9945 = ADVANCED_FACE('',(#9946),#10023,.T.);
#9946 = FACE_BOUND('',#9947,.T.);
#9947 = EDGE_LOOP('',(#9948,#9959,#10014,#10022));
#9948 = ORIENTED_EDGE('',*,*,#9949,.F.);
#9949 = EDGE_CURVE('',#9950,#5844,#9952,.T.);
#9950 = VERTEX_POINT('',#9951);
#9951 = CARTESIAN_POINT('',(-31.05543181491,5.385176907154,
    -36.39102644528));
#9952 = B_SPLINE_CURVE_WITH_KNOTS('',5,(#9953,#9954,#9955,#9956,#9957,
    #9958),.UNSPECIFIED.,.F.,.F.,(6,6),(0.,1.),
  .PIECEWISE_BEZIER_KNOTS.);
#9953 = CARTESIAN_POINT('',(-31.05543181491,5.385176907154,
    -36.39102644528));
#9954 = CARTESIAN_POINT('',(-31.05414647553,5.283697735196,
    -36.88975150609));
#9955 = CARTESIAN_POINT('',(-31.00969295312,5.182721673355,
    -37.38847294422));
#9956 = CARTESIAN_POINT('',(-30.92208066629,5.08322965981,-37.8823999076
    ));
#9957 = CARTESIAN_POINT('',(-30.79215748359,4.986187485003,
    -38.36675317134));
#9958 = CARTESIAN_POINT('',(-30.62156532912,4.892500947301,
    -38.83701630196));
#9959 = ORIENTED_EDGE('',*,*,#9960,.T.);
#9960 = EDGE_CURVE('',#9950,#9961,#9963,.T.);
#9961 = VERTEX_POINT('',#9962);
#9962 = CARTESIAN_POINT('',(-31.33458958034,12.04788804035,
    -34.67804691736));
#9963 = ( BOUNDED_CURVE() B_SPLINE_CURVE(13,(#9964,#9965,#9966,#9967,
    #9968,#9969,#9970,#9971,#9972,#9973,#9974,#9975,#9976,#9977,#9978,
    #9979,#9980,#9981,#9982,#9983,#9984,#9985,#9986,#9987,#9988,#9989,
    #9990,#9991,#9992,#9993,#9994,#9995,#9996,#9997,#9998,#9999,#10000,
    #10001,#10002,#10003,#10004,#10005,#10006,#10007,#10008,#10009,
    #10010,#10011,#10012,#10013),.UNSPECIFIED.,.F.,.F.) 
B_SPLINE_CURVE_WITH_KNOTS((14,12,12,12,14),(-1.891584720166,
    3.088253024232,8.06809076863,13.047928513028,18.027766257426),
.UNSPECIFIED.) CURVE() GEOMETRIC_REPRESENTATION_ITEM() 
RATIONAL_B_SPLINE_CURVE((1.,1.,1.000000000001,0.999999999998,
    1.000000000005,0.999999999993,1.000000000008,0.999999999992,
    1.000000000006,0.999999999997,1.000000000002,0.999999999999,1.,1.,1.
    ,0.999999999999,1.000000000001,0.999999999997,1.000000000004,
    0.999999999996,1.000000000003,0.999999999998,1.000000000001,
    0.999999999999,1.,1.,1.000000000001,0.999999999996,1.000000000008,
    0.999999999989,1.000000000013,0.999999999988,1.000000000009,
    0.999999999994,1.000000000003,0.999999999999,1.,1.,1.000000000001,
    0.999999999998,1.000000000003,0.999999999995,1.000000000005,
    0.999999999995,1.000000000004,0.999999999998,1.000000000001,1.,1.,1.
)) REPRESENTATION_ITEM('') );
#9964 = CARTESIAN_POINT('',(-31.07840679206,1.526498626253,
    -34.29729490985));
#9965 = CARTESIAN_POINT('',(-31.07279392055,1.749748678213,
    -34.51102032775));
#9966 = CARTESIAN_POINT('',(-31.06749176169,1.982446815734,
    -34.71847863256));
#9967 = CARTESIAN_POINT('',(-31.06255619522,2.226974470108,
    -34.92010504768));
#9968 = CARTESIAN_POINT('',(-31.05812552191,2.473354589671,
    -35.10979640715));
#9969 = CARTESIAN_POINT('',(-31.0540553609,2.754017349752,
    -35.30424704813));
#9970 = CARTESIAN_POINT('',(-31.05099007515,2.999757985473,
    -35.46355724472));
#9971 = CARTESIAN_POINT('',(-31.04802036653,3.318268508101,
    -35.65019876292));
#9972 = CARTESIAN_POINT('',(-31.04654883275,3.594467056412,
    -35.79069012513));
#9973 = CARTESIAN_POINT('',(-31.04553677313,3.912156515611,
    -35.94064675331));
#9974 = CARTESIAN_POINT('',(-31.04581962161,4.230086138311,
    -36.06787023004));
#9975 = CARTESIAN_POINT('',(-31.04718750483,4.560433653799,
    -36.18241820796));
#9976 = CARTESIAN_POINT('',(-31.04982246936,4.899668893103,
    -36.28014831629));
#9977 = CARTESIAN_POINT('',(-31.05771079481,5.593545314116,
    -36.44063645815));
#9978 = CARTESIAN_POINT('',(-31.06296648264,5.948213380508,
    -36.50336341242));
#9979 = CARTESIAN_POINT('',(-31.06958805478,6.308965013791,
    -36.54745813529));
#9980 = CARTESIAN_POINT('',(-31.07762053713,6.67448020855,
    -36.57198813127));
#9981 = CARTESIAN_POINT('',(-31.08703358758,7.041932221293,
    -36.57644148925));
#9982 = CARTESIAN_POINT('',(-31.0977958232,7.409530098932,
    -36.56056964201));
#9983 = CARTESIAN_POINT('',(-31.10981324807,7.775055572531,
    -36.52473761292));
#9984 = CARTESIAN_POINT('',(-31.1229348818,8.135871832684,
    -36.46986965622));
#9985 = CARTESIAN_POINT('',(-31.13702483201,8.490553141903,
    -36.39705856886));
#9986 = CARTESIAN_POINT('',(-31.15196015285,8.838459576869,
    -36.30750134053));
#9987 = CARTESIAN_POINT('',(-31.16757587693,9.177939569269,
    -36.20266873643));
#9988 = CARTESIAN_POINT('',(-31.18377140901,9.509051468431,
    -36.08376605693));
#9989 = CARTESIAN_POINT('',(-31.21709989632,10.153766938974,
    -35.82037101328));
#9990 = CARTESIAN_POINT('',(-31.23423379808,10.467396157087,
    -35.67587268494));
#9991 = CARTESIAN_POINT('',(-31.25173586771,10.77214424305,
    -35.5197939247));
#9992 = CARTESIAN_POINT('',(-31.26951703529,11.068049150295,
    -35.35330351515));
#9993 = CARTESIAN_POINT('',(-31.28750453393,11.355336929546,
    -35.17749329992));
#9994 = CARTESIAN_POINT('',(-31.30564367492,11.634397894981,
    -34.99334536142));
#9995 = CARTESIAN_POINT('',(-31.32389720358,11.905744351251,
    -34.80171230386));
#9996 = CARTESIAN_POINT('',(-31.3422424108,12.169955776001,
    -34.60332100992));
#9997 = CARTESIAN_POINT('',(-31.36066666166,12.427620326581,
    -34.39880002752));
#9998 = CARTESIAN_POINT('',(-31.3791624891,12.67928450912,
    -34.18872053091));
#9999 = CARTESIAN_POINT('',(-31.39772388738,12.925425823386,
    -33.97363058831));
#10000 = CARTESIAN_POINT('',(-31.41634592622,13.166466166028,
    -33.75405225628));
#10001 = CARTESIAN_POINT('',(-31.45371466109,13.639227332657,
    -33.30674936132));
#10002 = CARTESIAN_POINT('',(-31.47246214169,13.870955812534,
    -33.07901414264));
#10003 = CARTESIAN_POINT('',(-31.49126166513,14.098329029862,
    -32.84777016576));
#10004 = CARTESIAN_POINT('',(-31.51016138428,14.322242722479,
    -32.61283796029));
#10005 = CARTESIAN_POINT('',(-31.52905294902,14.541788419183,
    -32.37587173653));
#10006 = CARTESIAN_POINT('',(-31.5481139208,14.759256089325,
    -32.13520209012));
#10007 = CARTESIAN_POINT('',(-31.56722319695,14.973434170472,
    -31.89233400576));
#10008 = CARTESIAN_POINT('',(-31.58633062916,15.184013116162,
    -31.64830838929));
#10009 = CARTESIAN_POINT('',(-31.60557353947,15.392788436634,
    -31.40188266625));
#10010 = CARTESIAN_POINT('',(-31.62487603308,15.5989473837,
    -31.15367576717));
#10011 = CARTESIAN_POINT('',(-31.6442706186,15.803075389037,
    -30.90378885187));
#10012 = CARTESIAN_POINT('',(-31.66375140033,16.00520540363,
    -30.65225124162));
#10013 = CARTESIAN_POINT('',(-31.68332144127,16.205496021642,
    -30.39913999355));
#10014 = ORIENTED_EDGE('',*,*,#10015,.T.);
#10015 = EDGE_CURVE('',#9961,#5772,#10016,.T.);
#10016 = B_SPLINE_CURVE_WITH_KNOTS('',4,(#10017,#10018,#10019,#10020,
    #10021),.UNSPECIFIED.,.F.,.F.,(5,5),(0.,19.919472961798),
  .PIECEWISE_BEZIER_KNOTS.);
#10017 = CARTESIAN_POINT('',(-31.33458995181,12.047887680782,
    -34.67804691736));
#10018 = CARTESIAN_POINT('',(-31.35979963742,12.412622558135,
    -35.19454526524));
#10019 = CARTESIAN_POINT('',(-31.31407906303,12.78453803397,
    -35.71707555231));
#10020 = CARTESIAN_POINT('',(-31.19363771152,13.152492985076,
    -36.23048522077));
#10021 = CARTESIAN_POINT('',(-31.00691856921,13.505992240959,
    -36.72111212575));
#10022 = ORIENTED_EDGE('',*,*,#5843,.F.);
#10023 = ( BOUNDED_SURFACE() B_SPLINE_SURFACE(2,13,(
    (#10024,#10025,#10026,#10027,#10028,#10029,#10030,#10031,#10032
      ,#10033,#10034,#10035,#10036,#10037,#10038,#10039,#10040,#10041
      ,#10042,#10043,#10044,#10045,#10046,#10047,#10048,#10049,#10050
      ,#10051,#10052,#10053,#10054,#10055,#10056,#10057,#10058,#10059
      ,#10060,#10061,#10062,#10063,#10064,#10065,#10066,#10067,#10068
      ,#10069,#10070,#10071,#10072,#10073)
    ,(#10074,#10075,#10076,#10077,#10078,#10079,#10080,#10081,#10082
      ,#10083,#10084,#10085,#10086,#10087,#10088,#10089,#10090,#10091
      ,#10092,#10093,#10094,#10095,#10096,#10097,#10098,#10099,#10100
      ,#10101,#10102,#10103,#10104,#10105,#10106,#10107,#10108,#10109
      ,#10110,#10111,#10112,#10113,#10114,#10115,#10116,#10117,#10118
      ,#10119,#10120,#10121,#10122,#10123)
    ,(#10124,#10125,#10126,#10127,#10128,#10129,#10130,#10131,#10132
      ,#10133,#10134,#10135,#10136,#10137,#10138,#10139,#10140,#10141
      ,#10142,#10143,#10144,#10145,#10146,#10147,#10148,#10149,#10150
      ,#10151,#10152,#10153,#10154,#10155,#10156,#10157,#10158,#10159
      ,#10160,#10161,#10162,#10163,#10164,#10165,#10166,#10167,#10168
      ,#10169,#10170,#10171,#10172,#10173
)),.UNSPECIFIED.,.F.,.F.,.F.) B_SPLINE_SURFACE_WITH_KNOTS((3,3),(14,12,
    12,12,14),(0.,19.919350977592),(-1.891584720166,3.088253024232,
    8.06809076863,13.047928513028,18.027766257426),.UNSPECIFIED.) 
GEOMETRIC_REPRESENTATION_ITEM() RATIONAL_B_SPLINE_SURFACE((
    (1.,1.,1.000000000001,0.999999999998,1.000000000005,0.999999999993
      ,1.000000000008,0.999999999992,1.000000000006,0.999999999997
      ,1.000000000002,0.999999999999,1.,1.,1.,0.999999999999
      ,1.000000000001,0.999999999997,1.000000000004,0.999999999996
      ,1.000000000003,0.999999999998,1.000000000001,0.999999999999,1.,1.
      ,1.000000000001,0.999999999996,1.000000000008,0.999999999989
      ,1.000000000013,0.999999999988,1.000000000009,0.999999999994
      ,1.000000000003,0.999999999999,1.,1.,1.000000000001,0.999999999998
      ,1.000000000003,0.999999999995,1.000000000005,0.999999999995
      ,1.000000000004,0.999999999998,1.000000000001,1.,1.,1.)
    ,(0.984273586039,0.984391088134,0.984509079556,0.984627727614
      ,0.984742164428,0.984865276699,0.984965017967,0.985092648979
      ,0.985185817179,0.985292829785,0.985385024017,0.985471689888
      ,0.98554924891,0.985685534978,0.985744236929,0.985792756067
      ,0.985830638958,0.985857816086,0.985874460789,0.985881385815
      ,0.985879848811,0.985871077994,0.985856406413,0.985837593747
      ,0.985815875405,0.985769821891,0.985745455347,0.985721294713
      ,0.985698769306,0.985679363623,0.985664612811,0.985656013415
      ,0.985654918175,0.985662457302,0.985679506855,0.985706698323
      ,0.985744441211,0.985841368565,0.985900562504,0.985970566287
      ,0.98605208229,0.986142335009,0.986246496706,0.986357945652
      ,0.98647817134,0.98661220309,0.986750342825,0.986898511227
      ,0.987053516475,0.987215487977)
    ,(1.,1.,1.000000000001,0.999999999998,1.000000000005,0.999999999993
      ,1.000000000008,0.999999999992,1.000000000006,0.999999999997
      ,1.000000000002,0.999999999999,1.,1.,1.,0.999999999999
      ,1.000000000001,0.999999999997,1.000000000004,0.999999999996
      ,1.000000000003,0.999999999998,1.000000000001,0.999999999999,1.,1.
      ,1.000000000001,0.999999999996,1.000000000008,0.999999999989
      ,1.000000000013,0.999999999988,1.000000000009,0.999999999994
      ,1.000000000003,0.999999999999,1.,1.,1.000000000001,0.999999999998
      ,1.000000000003,0.999999999995,1.000000000005,0.999999999995
      ,1.000000000004,0.999999999998,1.000000000001,1.,1.,1.
))) REPRESENTATION_ITEM('') SURFACE() );
#10024 = CARTESIAN_POINT('',(-30.65517725584,-0.263038092849,
    -36.20508796772));
#10025 = CARTESIAN_POINT('',(-30.64724189717,2.91460810368E-02,
    -36.46931938777));
#10026 = CARTESIAN_POINT('',(-30.63970289376,0.335382205831,
    -36.72738282513));
#10027 = CARTESIAN_POINT('',(-30.63264221923,0.657918118123,
    -36.97928856269));
#10028 = CARTESIAN_POINT('',(-30.6262766677,0.988011829473,
    -37.21848252414));
#10029 = CARTESIAN_POINT('',(-30.62040329866,1.35336197289,
    -37.46044933778));
#10030 = CARTESIAN_POINT('',(-30.61586510605,1.698392273608,
    -37.66865339313));
#10031 = CARTESIAN_POINT('',(-30.61172438946,2.102138846827,
    -37.89399494548));
#10032 = CARTESIAN_POINT('',(-30.60931772461,2.490259377881,
    -38.08119655622));
#10033 = CARTESIAN_POINT('',(-30.60789714171,2.907524520179,
    -38.26607261477));
#10034 = CARTESIAN_POINT('',(-30.60813976252,3.337359247676,
    -38.42897016505));
#10035 = CARTESIAN_POINT('',(-30.60999930826,3.781140050031,
    -38.5736576077));
#10036 = CARTESIAN_POINT('',(-30.61365983529,4.237490611327,
    -38.69714682002));
#10037 = CARTESIAN_POINT('',(-30.62473424605,5.170653880368,
    -38.89906017413));
#10038 = CARTESIAN_POINT('',(-30.63215055161,5.647546103323,
    -38.9774735418));
#10039 = CARTESIAN_POINT('',(-30.64152086318,6.132174789421,
    -39.03183643693));
#10040 = CARTESIAN_POINT('',(-30.65291109801,6.622756867522,
    -39.06095510919));
#10041 = CARTESIAN_POINT('',(-30.66628136876,7.115133950472,
    -39.06405048226));
#10042 = CARTESIAN_POINT('',(-30.6815524291,7.606103752736,
    -39.04101416223));
#10043 = CARTESIAN_POINT('',(-30.69859080524,8.092791231575,
    -38.99240914742));
#10044 = CARTESIAN_POINT('',(-30.717191233,8.571868324532,
    -38.91944782894));
#10045 = CARTESIAN_POINT('',(-30.73711766609,9.040575232163,
    -38.82385878433));
#10046 = CARTESIAN_POINT('',(-30.75816092955,9.497519719036,
    -38.7075229933));
#10047 = CARTESIAN_POINT('',(-30.7801368808,9.941663042733,
    -38.57223064248));
#10048 = CARTESIAN_POINT('',(-30.80283862341,10.371797890325,
    -38.42005007914));
#10049 = CARTESIAN_POINT('',(-30.84941120684,11.203738076644,
    -38.08542277796));
#10050 = CARTESIAN_POINT('',(-30.87327800864,11.605481178226,
    -37.90300275932));
#10051 = CARTESIAN_POINT('',(-30.89758177043,11.99274505582,
    -37.70722038608));
#10052 = CARTESIAN_POINT('',(-30.92218484286,12.365375232006,
    -37.49988589362));
#10053 = CARTESIAN_POINT('',(-30.94698297902,12.723548846517,
    -37.28265366416));
#10054 = CARTESIAN_POINT('',(-30.97190937156,13.067759166998,
    -37.05695683667));
#10055 = CARTESIAN_POINT('',(-30.99692692457,13.398694514505,
    -36.82402288901));
#10056 = CARTESIAN_POINT('',(-31.02201732832,13.717112399484,
    -36.5849149132));
#10057 = CARTESIAN_POINT('',(-31.04717237426,14.023766699892,
    -36.34056374452));
#10058 = CARTESIAN_POINT('',(-31.07238981588,14.319402739716,
    -36.09177653746));
#10059 = CARTESIAN_POINT('',(-31.09767295042,14.604792164233,
    -35.83922782154));
#10060 = CARTESIAN_POINT('',(-31.12302996508,14.880736534514,
    -35.58345950351));
#10061 = CARTESIAN_POINT('',(-31.17390195526,15.415114666024,
    -35.06641393734));
#10062 = CARTESIAN_POINT('',(-31.19941845983,15.673563815075,
    -34.80512228067));
#10063 = CARTESIAN_POINT('',(-31.2250076141,15.923900463543,
    -34.54166824599));
#10064 = CARTESIAN_POINT('',(-31.25076314968,16.167413007655,
    -34.27554353202));
#10065 = CARTESIAN_POINT('',(-31.27641201363,16.402770882634,
    -34.00977824192));
#10066 = CARTESIAN_POINT('',(-31.30252215324,16.634612808738,
    -33.73910664655));
#10067 = CARTESIAN_POINT('',(-31.3284974661,16.859099563864,
    -33.46943339609));
#10068 = CARTESIAN_POINT('',(-31.35445559451,17.077483207644,
    -33.19988588046));
#10069 = CARTESIAN_POINT('',(-31.38093556374,17.294080794737,
    -32.9253628874));
#10070 = CARTESIAN_POINT('',(-31.4071339065,17.503555504416,
    -32.65348592943));
#10071 = CARTESIAN_POINT('',(-31.43358863512,17.710112118525,
    -32.37924036353));
#10072 = CARTESIAN_POINT('',(-31.46006475194,17.912378764446,
    -32.10481582029));
#10073 = CARTESIAN_POINT('',(-31.4866039351,18.110955647159,
    -31.82979767642));
#10074 = CARTESIAN_POINT('',(-31.10144694695,0.610084314987,
    -35.28294366084));
#10075 = CARTESIAN_POINT('',(-31.09285651569,0.868531159549,
    -35.52243096535));
#10076 = CARTESIAN_POINT('',(-31.08461420647,1.138760694178,
    -35.75567876773));
#10077 = CARTESIAN_POINT('',(-31.07678657809,1.423088048916,
    -35.98290849564));
#10078 = CARTESIAN_POINT('',(-31.0696260495,1.712153128124,
    -36.1977863445));
#10079 = CARTESIAN_POINT('',(-31.06276197476,2.036004326985,
    -36.41639709343));
#10080 = CARTESIAN_POINT('',(-31.05742785899,2.332327064705,
    -36.60055456974));
#10081 = CARTESIAN_POINT('',(-31.0519194548,2.694273738673,
    -36.80682671835));
#10082 = CARTESIAN_POINT('',(-31.04855452568,3.027473612098,
    -36.97103542458));
#10083 = CARTESIAN_POINT('',(-31.04570735966,3.395853648929,
    -37.13867688436));
#10084 = CARTESIAN_POINT('',(-31.04456851532,3.7707418204,
    -37.28397254779));
#10085 = CARTESIAN_POINT('',(-31.04487000476,4.158801749488,
    -37.41376552662));
#10086 = CARTESIAN_POINT('',(-31.04684908208,4.557604577556,
    -37.52450852766));
#10087 = CARTESIAN_POINT('',(-31.05428933244,5.373091865068,
    -37.70587058519));
#10088 = CARTESIAN_POINT('',(-31.05975292097,5.789843238444,
    -37.77647801071));
#10089 = CARTESIAN_POINT('',(-31.0670363157,6.213515582974,
    -37.82570464437));
#10090 = CARTESIAN_POINT('',(-31.07620209703,6.642555141596,
    -37.85248500996));
#10091 = CARTESIAN_POINT('',(-31.08721623065,7.073460926721,
    -37.85617057816));
#10092 = CARTESIAN_POINT('',(-31.100020486,7.503725420598,
    -37.83658233513));
#10093 = CARTESIAN_POINT('',(-31.11448853913,7.930796181025,
    -37.79418371964));
#10094 = CARTESIAN_POINT('',(-31.13042277943,8.351685043322,
    -37.73004321008));
#10095 = CARTESIAN_POINT('',(-31.14761782589,8.764288785588,
    -37.64557462291));
#10096 = CARTESIAN_POINT('',(-31.16588670314,9.167584983522,
    -37.54232041046));
#10097 = CARTESIAN_POINT('',(-31.1850279315,9.560231916211,
    -37.42191160146));
#10098 = CARTESIAN_POINT('',(-31.20486817123,9.941645332735,
    -37.28599014523));
#10099 = CARTESIAN_POINT('',(-31.24564619165,10.681480956854,
    -36.98614907237));
#10100 = CARTESIAN_POINT('',(-31.26658302303,11.03988513659,
    -36.82223804166));
#10101 = CARTESIAN_POINT('',(-31.28792065931,11.386559528791,
    -36.64582558389));
#10102 = CARTESIAN_POINT('',(-31.30952337001,11.721439999075,
    -36.45840653));
#10103 = CARTESIAN_POINT('',(-31.33127958085,12.04472398606,
    -36.26135880482));
#10104 = CARTESIAN_POINT('',(-31.35310489464,12.356851066129,
    -36.05589375034));
#10105 = CARTESIAN_POINT('',(-31.37493920712,12.658420706459,
    -35.84305429749));
#10106 = CARTESIAN_POINT('',(-31.39674134061,12.950101427801,
    -35.62373782));
#10107 = CARTESIAN_POINT('',(-31.41848362473,13.232565102311,
    -35.39872596855));
#10108 = CARTESIAN_POINT('',(-31.44014786391,13.506459688786,
    -35.16870921501));
#10109 = CARTESIAN_POINT('',(-31.46172314696,13.772413354266,
    -34.93429922745));
#10110 = CARTESIAN_POINT('',(-31.48320497369,14.031042630589,
    -34.69602753793));
#10111 = CARTESIAN_POINT('',(-31.52598131967,14.534766647365,
    -34.21266472622));
#10112 = CARTESIAN_POINT('',(-31.5472759481,14.779863363436,
    -33.96757217295));
#10113 = CARTESIAN_POINT('',(-31.56846740282,15.018674324016,
    -33.71964828458));
#10114 = CARTESIAN_POINT('',(-31.58961649197,15.252298236251,
    -33.46854303275));
#10115 = CARTESIAN_POINT('',(-31.61057311438,15.479615316476,
    -33.2166184925));
#10116 = CARTESIAN_POINT('',(-31.63163522277,15.704111686156,
    -32.9603602033));
#10117 = CARTESIAN_POINT('',(-31.65254058751,15.923245432246,
    -32.70352559406));
#10118 = CARTESIAN_POINT('',(-31.67330207023,16.137505150484,
    -32.44617677773));
#10119 = CARTESIAN_POINT('',(-31.69418482761,16.349964778759,
    -32.18509955838));
#10120 = CARTESIAN_POINT('',(-31.71489072327,16.557524147149,
    -31.92448672718));
#10121 = CARTESIAN_POINT('',(-31.73561917057,16.762603054221,
    -31.66183045459));
#10122 = CARTESIAN_POINT('',(-31.75629660481,16.964526730102,
    -31.39826043155));
#10123 = CARTESIAN_POINT('',(-31.77694382857,17.163679291042,
    -31.1336031884));
#10124 = CARTESIAN_POINT('',(-31.07840679206,1.526498626253,
    -34.29729490985));
#10125 = CARTESIAN_POINT('',(-31.07279392055,1.749748678213,
    -34.51102032775));
#10126 = CARTESIAN_POINT('',(-31.06749176169,1.982446815734,
    -34.71847863256));
#10127 = CARTESIAN_POINT('',(-31.06255619522,2.226974470108,
    -34.92010504768));
#10128 = CARTESIAN_POINT('',(-31.05812552191,2.473354589671,
    -35.10979640715));
#10129 = CARTESIAN_POINT('',(-31.0540553609,2.754017349752,
    -35.30424704813));
#10130 = CARTESIAN_POINT('',(-31.05099007515,2.999757985473,
    -35.46355724472));
#10131 = CARTESIAN_POINT('',(-31.04802036653,3.318268508101,
    -35.65019876292));
#10132 = CARTESIAN_POINT('',(-31.04654883275,3.594467056412,
    -35.79069012513));
#10133 = CARTESIAN_POINT('',(-31.04553677313,3.912156515611,
    -35.94064675331));
#10134 = CARTESIAN_POINT('',(-31.04581962161,4.230086138311,
    -36.06787023004));
#10135 = CARTESIAN_POINT('',(-31.04718750483,4.560433653799,
    -36.18241820796));
#10136 = CARTESIAN_POINT('',(-31.04982246936,4.899668893103,
    -36.28014831629));
#10137 = CARTESIAN_POINT('',(-31.05771079481,5.593545314116,
    -36.44063645815));
#10138 = CARTESIAN_POINT('',(-31.06296648264,5.948213380508,
    -36.50336341242));
#10139 = CARTESIAN_POINT('',(-31.06958805478,6.308965013791,
    -36.54745813529));
#10140 = CARTESIAN_POINT('',(-31.07762053713,6.67448020855,
    -36.57198813127));
#10141 = CARTESIAN_POINT('',(-31.08703358758,7.041932221293,
    -36.57644148925));
#10142 = CARTESIAN_POINT('',(-31.0977958232,7.409530098932,
    -36.56056964201));
#10143 = CARTESIAN_POINT('',(-31.10981324807,7.775055572531,
    -36.52473761292));
#10144 = CARTESIAN_POINT('',(-31.1229348818,8.135871832684,
    -36.46986965622));
#10145 = CARTESIAN_POINT('',(-31.13702483201,8.490553141903,
    -36.39705856886));
#10146 = CARTESIAN_POINT('',(-31.15196015285,8.838459576869,
    -36.30750134053));
#10147 = CARTESIAN_POINT('',(-31.16757587693,9.177939569269,
    -36.20266873643));
#10148 = CARTESIAN_POINT('',(-31.18377140901,9.509051468431,
    -36.08376605693));
#10149 = CARTESIAN_POINT('',(-31.21709989632,10.153766938974,
    -35.82037101328));
#10150 = CARTESIAN_POINT('',(-31.23423379808,10.467396157087,
    -35.67587268494));
#10151 = CARTESIAN_POINT('',(-31.25173586771,10.77214424305,
    -35.5197939247));
#10152 = CARTESIAN_POINT('',(-31.26951703529,11.068049150295,
    -35.35330351515));
#10153 = CARTESIAN_POINT('',(-31.28750453393,11.355336929546,
    -35.17749329992));
#10154 = CARTESIAN_POINT('',(-31.30564367492,11.634397894981,
    -34.99334536142));
#10155 = CARTESIAN_POINT('',(-31.32389720358,11.905744351251,
    -34.80171230386));
#10156 = CARTESIAN_POINT('',(-31.3422424108,12.169955776001,
    -34.60332100992));
#10157 = CARTESIAN_POINT('',(-31.36066666166,12.427620326581,
    -34.39880002752));
#10158 = CARTESIAN_POINT('',(-31.3791624891,12.67928450912,
    -34.18872053091));
#10159 = CARTESIAN_POINT('',(-31.39772388738,12.925425823386,
    -33.97363058831));
#10160 = CARTESIAN_POINT('',(-31.41634592622,13.166466166028,
    -33.75405225628));
#10161 = CARTESIAN_POINT('',(-31.45371466109,13.639227332657,
    -33.30674936132));
#10162 = CARTESIAN_POINT('',(-31.47246214169,13.870955812534,
    -33.07901414264));
#10163 = CARTESIAN_POINT('',(-31.49126166513,14.098329029862,
    -32.84777016576));
#10164 = CARTESIAN_POINT('',(-31.51016138428,14.322242722479,
    -32.61283796029));
#10165 = CARTESIAN_POINT('',(-31.52905294902,14.541788419183,
    -32.37587173653));
#10166 = CARTESIAN_POINT('',(-31.5481139208,14.759256089325,
    -32.13520209012));
#10167 = CARTESIAN_POINT('',(-31.56722319695,14.973434170472,
    -31.89233400576));
#10168 = CARTESIAN_POINT('',(-31.58633062916,15.184013116162,
    -31.64830838929));
#10169 = CARTESIAN_POINT('',(-31.60557353947,15.392788436634,
    -31.40188266625));
#10170 = CARTESIAN_POINT('',(-31.62487603308,15.5989473837,
    -31.15367576717));
#10171 = CARTESIAN_POINT('',(-31.6442706186,15.803075389037,
    -30.90378885187));
#10172 = CARTESIAN_POINT('',(-31.66375140033,16.00520540363,
    -30.65225124162));
#10173 = CARTESIAN_POINT('',(-31.68332144127,16.205496021642,
    -30.39913999355));
#10174 = ADVANCED_FACE('',(#10175),#10189,.F.);
#10175 = FACE_BOUND('',#10176,.F.);
#10176 = EDGE_LOOP('',(#10177,#10178,#10179,#10180,#10181));
#10177 = ORIENTED_EDGE('',*,*,#7470,.F.);
#10178 = ORIENTED_EDGE('',*,*,#5305,.T.);
#10179 = ORIENTED_EDGE('',*,*,#9140,.T.);
#10180 = ORIENTED_EDGE('',*,*,#9209,.T.);
#10181 = ORIENTED_EDGE('',*,*,#10182,.F.);
#10182 = EDGE_CURVE('',#7471,#9210,#10183,.T.);
#10183 = B_SPLINE_CURVE_WITH_KNOTS('',4,(#10184,#10185,#10186,#10187,
    #10188),.UNSPECIFIED.,.F.,.F.,(5,5),(0.,1.),
  .PIECEWISE_BEZIER_KNOTS.);
#10184 = CARTESIAN_POINT('',(-17.06021353536,79.691020549718,
    -20.32884494981));
#10185 = CARTESIAN_POINT('',(-8.530106767684,79.691020549718,
    -20.32884494981));
#10186 = CARTESIAN_POINT('',(-1.060434510184E-15,79.691020549718,
    -20.32884494981));
#10187 = CARTESIAN_POINT('',(8.530106767684,79.691020549718,
    -20.32884494981));
#10188 = CARTESIAN_POINT('',(17.060213535368,79.691020549718,
    -20.32884494981));
#10189 = SURFACE_OF_LINEAR_EXTRUSION('',#10190,#10196);
#10190 = B_SPLINE_CURVE_WITH_KNOTS('',3,(#10191,#10192,#10193,#10194,
    #10195),.UNSPECIFIED.,.F.,.F.,(4,1,4),(0.,1.,2.),
  .QUASI_UNIFORM_KNOTS.);
#10191 = CARTESIAN_POINT('',(446.26170144114,80.109879999973,-20.));
#10192 = CARTESIAN_POINT('',(446.26170144114,50.039639747234,
    -43.65491833001));
#10193 = CARTESIAN_POINT('',(446.26170144114,7.11271928759,
    -57.26537937586));
#10194 = CARTESIAN_POINT('',(446.26170144114,-28.77751432256,
    -44.60880291824));
#10195 = CARTESIAN_POINT('',(446.26170144114,-41.1801,2.568000000006E-02
    ));
#10196 = VECTOR('',#10197,1.);
#10197 = DIRECTION('',(1.,0.,1.224646799147E-16));
#10198 = ADVANCED_FACE('',(#10199),#10217,.T.);
#10199 = FACE_BOUND('',#10200,.T.);
#10200 = EDGE_LOOP('',(#10201,#10202,#10210,#10216));
#10201 = ORIENTED_EDGE('',*,*,#9924,.T.);
#10202 = ORIENTED_EDGE('',*,*,#10203,.T.);
#10203 = EDGE_CURVE('',#9925,#10204,#10206,.T.);
#10204 = VERTEX_POINT('',#10205);
#10205 = CARTESIAN_POINT('',(16.571998145643,61.575321930896,-16.6));
#10206 = LINE('',#10207,#10208);
#10207 = CARTESIAN_POINT('',(21.110174962979,61.575321930896,-16.6));
#10208 = VECTOR('',#10209,1.);
#10209 = DIRECTION('',(-1.,0.,0.));
#10210 = ORIENTED_EDGE('',*,*,#10211,.F.);
#10211 = EDGE_CURVE('',#6725,#10204,#10212,.T.);
#10212 = LINE('',#10213,#10214);
#10213 = CARTESIAN_POINT('',(16.571998145643,61.575321930896,-9.6));
#10214 = VECTOR('',#10215,1.);
#10215 = DIRECTION('',(0.,0.,-1.));
#10216 = ORIENTED_EDGE('',*,*,#6733,.T.);
#10217 = PLANE('',#10218);
#10218 = AXIS2_PLACEMENT_3D('',#10219,#10220,#10221);
#10219 = CARTESIAN_POINT('',(21.110174962979,61.575321930896,-9.6));
#10220 = DIRECTION('',(0.,1.,0.));
#10221 = DIRECTION('',(-1.,0.,0.));
#10222 = ADVANCED_FACE('',(#10223),#10236,.F.);
#10223 = FACE_BOUND('',#10224,.F.);
#10224 = EDGE_LOOP('',(#10225,#10226,#10235));
#10225 = ORIENTED_EDGE('',*,*,#9949,.F.);
#10226 = ORIENTED_EDGE('',*,*,#10227,.T.);
#10227 = EDGE_CURVE('',#9950,#6751,#10228,.T.);
#10228 = B_SPLINE_CURVE_WITH_KNOTS('',5,(#10229,#10230,#10231,#10232,
    #10233,#10234),.UNSPECIFIED.,.F.,.F.,(6,6),(0.,1.),
  .PIECEWISE_BEZIER_KNOTS.);
#10229 = CARTESIAN_POINT('',(-31.05543158855,5.385177109307,
    -36.39102644528));
#10230 = CARTESIAN_POINT('',(-31.05362441363,5.242491425595,
    -35.93417419913));
#10231 = CARTESIAN_POINT('',(-31.01360778175,5.100353479629,
    -35.47729729578));
#10232 = CARTESIAN_POINT('',(-30.93539668961,4.960134745052,
    -35.02423590781));
#10233 = CARTESIAN_POINT('',(-30.81966473042,4.823190262183,
    -34.57882241948));
#10234 = CARTESIAN_POINT('',(-30.6677115674,4.690802964912,
    -34.14470194999));
#10235 = ORIENTED_EDGE('',*,*,#6802,.F.);
#10236 = B_SPLINE_SURFACE_WITH_KNOTS('',5,5,(
    (#10237,#10238,#10239,#10240,#10241,#10242)
    ,(#10243,#10244,#10245,#10246,#10247,#10248)
    ,(#10249,#10250,#10251,#10252,#10253,#10254)
    ,(#10255,#10256,#10257,#10258,#10259,#10260)
    ,(#10261,#10262,#10263,#10264,#10265,#10266)
    ,(#10267,#10268,#10269,#10270,#10271,#10272
  )),.UNSPECIFIED.,.F.,.F.,.F.,(6,6),(6,6),(0.,1.),(0.,1.),
  .PIECEWISE_BEZIER_KNOTS.);
#10237 = CARTESIAN_POINT('',(-31.05543181491,5.385176907154,
    -36.39102644528));
#10238 = CARTESIAN_POINT('',(-31.05414647553,5.283697735196,
    -36.88975150609));
#10239 = CARTESIAN_POINT('',(-31.00969295312,5.182721673355,
    -37.38847294422));
#10240 = CARTESIAN_POINT('',(-30.92208066629,5.08322965981,
    -37.8823999076));
#10241 = CARTESIAN_POINT('',(-30.79215748359,4.986187485003,
    -38.36675317134));
#10242 = CARTESIAN_POINT('',(-30.62156532912,4.892500947301,
    -38.83701630196));
#10243 = CARTESIAN_POINT('',(-31.05543181542,5.385176947005,
    -36.39102644528));
#10244 = CARTESIAN_POINT('',(-31.05400828889,5.272788072216,
    -36.70580564153));
#10245 = CARTESIAN_POINT('',(-31.03971074728,5.162497120455,
    -37.01062465707));
#10246 = CARTESIAN_POINT('',(-31.0160564228,5.053420725078,
    -37.3121878182));
#10247 = CARTESIAN_POINT('',(-30.98126391865,4.944403010732,
    -37.61861292298));
#10248 = CARTESIAN_POINT('',(-30.92967468186,4.835031015109,
    -37.93440136947));
#10249 = CARTESIAN_POINT('',(-31.05543172462,5.38517700794,
    -36.39102644528));
#10250 = CARTESIAN_POINT('',(-31.05382685113,5.25846913265,
    -36.41631102725));
#10251 = CARTESIAN_POINT('',(-31.05282463199,5.141401034597,
    -36.57831060711));
#10252 = CARTESIAN_POINT('',(-31.06017590395,5.021523422267,
    -36.64577322268));
#10253 = CARTESIAN_POINT('',(-31.07597200146,4.905802993363,
    -36.85788080828));
#10254 = CARTESIAN_POINT('',(-31.09369764066,4.782670098389,
    -36.98219475982));
#10255 = CARTESIAN_POINT('',(-31.05543167884,5.38517700852,
    -36.39102644528));
#10256 = CARTESIAN_POINT('',(-31.05381891906,5.257846286494,
    -36.40990480662));
#10257 = CARTESIAN_POINT('',(-31.054764868,5.128360812403,
    -36.29084979743));
#10258 = CARTESIAN_POINT('',(-31.06214466665,5.004128755188,
    -36.26521912669));
#10259 = CARTESIAN_POINT('',(-31.08159790933,4.871595266154,
    -36.09445918139));
#10260 = CARTESIAN_POINT('',(-31.10311699417,4.739187301858,
    -36.0110898828));
#10261 = CARTESIAN_POINT('',(-31.05543158804,5.385177069456,
    -36.39102644528));
#10262 = CARTESIAN_POINT('',(-31.05367918762,5.246818594144,
    -36.11964681612));
#10263 = CARTESIAN_POINT('',(-31.04227006365,5.111425452399,
    -35.8573936228));
#10264 = CARTESIAN_POINT('',(-31.02433621361,4.977487331525,
    -35.59734361757));
#10265 = CARTESIAN_POINT('',(-30.99798721977,4.843195103432,
    -35.3314327234));
#10266 = CARTESIAN_POINT('',(-30.95773734649,4.707779110987,
    -35.05495078942));
#10267 = CARTESIAN_POINT('',(-31.05543158855,5.385177109307,
    -36.39102644528));
#10268 = CARTESIAN_POINT('',(-31.05362441363,5.242491425595,
    -35.93417419913));
#10269 = CARTESIAN_POINT('',(-31.01360778175,5.100353479629,
    -35.47729729578));
#10270 = CARTESIAN_POINT('',(-30.93539668961,4.960134745052,
    -35.02423590781));
#10271 = CARTESIAN_POINT('',(-30.81966473042,4.823190262183,
    -34.57882241948));
#10272 = CARTESIAN_POINT('',(-30.6677115674,4.690802964912,
    -34.14470194999));
#10273 = ADVANCED_FACE('',(#10274),#10292,.T.);
#10274 = FACE_BOUND('',#10275,.T.);
#10275 = EDGE_LOOP('',(#10276,#10282,#10283,#10284,#10291));
#10276 = ORIENTED_EDGE('',*,*,#10277,.F.);
#10277 = EDGE_CURVE('',#6958,#9001,#10278,.T.);
#10278 = LINE('',#10279,#10280);
#10279 = CARTESIAN_POINT('',(15.056190909829,60.059514695039,-9.6));
#10280 = VECTOR('',#10281,1.);
#10281 = DIRECTION('',(0.,0.,-1.));
#10282 = ORIENTED_EDGE('',*,*,#6968,.T.);
#10283 = ORIENTED_EDGE('',*,*,#10211,.T.);
#10284 = ORIENTED_EDGE('',*,*,#10285,.T.);
#10285 = EDGE_CURVE('',#10204,#8993,#10286,.T.);
#10286 = CIRCLE('',#10287,1.515807235825);
#10287 = AXIS2_PLACEMENT_3D('',#10288,#10289,#10290);
#10288 = CARTESIAN_POINT('',(16.571998145654,60.05951469507,-16.6));
#10289 = DIRECTION('',(0.,0.,1.));
#10290 = DIRECTION('',(-1.,0.,0.));
#10291 = ORIENTED_EDGE('',*,*,#9000,.T.);
#10292 = CYLINDRICAL_SURFACE('',#10293,1.515807235825);
#10293 = AXIS2_PLACEMENT_3D('',#10294,#10295,#10296);
#10294 = CARTESIAN_POINT('',(16.571998145654,60.05951469507,-9.6));
#10295 = DIRECTION('',(0.,0.,1.));
#10296 = DIRECTION('',(-1.,0.,0.));
#10297 = ADVANCED_FACE('',(#10298),#10321,.F.);
#10298 = FACE_BOUND('',#10299,.F.);
#10299 = EDGE_LOOP('',(#10300,#10301,#10312,#10320));
#10300 = ORIENTED_EDGE('',*,*,#10227,.F.);
#10301 = ORIENTED_EDGE('',*,*,#10302,.T.);
#10302 = EDGE_CURVE('',#9950,#9961,#10303,.T.);
#10303 = ( BOUNDED_CURVE() B_SPLINE_CURVE(7,(#10304,#10305,#10306,#10307
    ,#10308,#10309,#10310,#10311),.UNSPECIFIED.,.F.,.F.) 
B_SPLINE_CURVE_WITH_KNOTS((8,8),(-1.678941205045,16.082631516069),
.PIECEWISE_BEZIER_KNOTS.) CURVE() GEOMETRIC_REPRESENTATION_ITEM() 
RATIONAL_B_SPLINE_CURVE((1.,1.,1.,1.,1.,1.,1.,1.)) REPRESENTATION_ITEM(
  '') );
#10304 = CARTESIAN_POINT('',(-31.08980905656,1.108608331947,
    -38.06248697891));
#10305 = CARTESIAN_POINT('',(-31.02677624753,3.250020308865,
    -37.07672785139));
#10306 = CARTESIAN_POINT('',(-31.01540382728,5.512310039296,
    -36.22514941021));
#10307 = CARTESIAN_POINT('',(-31.06371454291,7.885008214358,
    -35.51993026598));
#10308 = CARTESIAN_POINT('',(-31.1782472706,10.332726661482,
    -34.95499856282));
#10309 = CARTESIAN_POINT('',(-31.35322320075,12.820064129646,
    -34.47905017203));
#10310 = CARTESIAN_POINT('',(-31.58187094263,15.336351244085,
    -34.05654013557));
#10311 = CARTESIAN_POINT('',(-31.85392208869,17.866801175856,
    -33.65467128943));
#10312 = ORIENTED_EDGE('',*,*,#10313,.F.);
#10313 = EDGE_CURVE('',#6995,#9961,#10314,.T.);
#10314 = B_SPLINE_CURVE_WITH_KNOTS('',4,(#10315,#10316,#10317,#10318,
    #10319),.UNSPECIFIED.,.F.,.F.,(5,5),(0.,17.761738760762),
  .PIECEWISE_BEZIER_KNOTS.);
#10315 = CARTESIAN_POINT('',(-30.84922977523,11.59297278189,
    -32.15961354133));
#10316 = CARTESIAN_POINT('',(-31.07989999209,11.6924818408,
    -32.76134562443));
#10317 = CARTESIAN_POINT('',(-31.24225294092,11.803969267364,
    -33.39402889596));
#10318 = CARTESIAN_POINT('',(-31.32603007791,11.924048644278,
    -34.0396248797));
#10319 = CARTESIAN_POINT('',(-31.33458958034,12.04788804035,
    -34.67804691736));
#10320 = ORIENTED_EDGE('',*,*,#7066,.F.);
#10321 = ( BOUNDED_SURFACE() B_SPLINE_SURFACE(2,7,(
    (#10322,#10323,#10324,#10325,#10326,#10327,#10328,#10329)
    ,(#10330,#10331,#10332,#10333,#10334,#10335,#10336,#10337)
    ,(#10338,#10339,#10340,#10341,#10342,#10343,#10344,#10345
)),.UNSPECIFIED.,.F.,.F.,.F.) B_SPLINE_SURFACE_WITH_KNOTS((3,3),(8,8),(
    0.,17.761572721115),(-1.678941205045,16.082631516069),
.PIECEWISE_BEZIER_KNOTS.) GEOMETRIC_REPRESENTATION_ITEM() 
RATIONAL_B_SPLINE_SURFACE((
    (1.,1.,1.,1.,1.,1.,1.,1.)
    ,(0.987685864175,0.987792003136,0.987534353192,0.986898022918
      ,0.985898857097,0.984604740892,0.983061842954,0.981306848421)
,(1.,1.,1.,1.,1.,1.,1.,1.))) REPRESENTATION_ITEM('') SURFACE() );
#10322 = CARTESIAN_POINT('',(-30.751252849,0.131949992877,
    -35.95565030572));
#10323 = CARTESIAN_POINT('',(-30.66621526519,2.402733663011,
    -34.92465041407));
#10324 = CARTESIAN_POINT('',(-30.628742429,4.782124914358,
    -34.00646029326));
#10325 = CARTESIAN_POINT('',(-30.64606667035,7.254427264303,
    -33.21327065871));
#10326 = CARTESIAN_POINT('',(-30.72343028568,9.779225543365,
    -32.5414909085));
#10327 = CARTESIAN_POINT('',(-30.85471388438,12.321889337551,
    -31.94733122302));
#10328 = CARTESIAN_POINT('',(-31.03212264186,14.86829192031,
    -31.40007289853));
#10329 = CARTESIAN_POINT('',(-31.2457367178,17.407020144318,
    -30.87042856707));
#10330 = CARTESIAN_POINT('',(-31.10435665149,0.614383268761,
    -36.98226207566));
#10331 = CARTESIAN_POINT('',(-31.02858274441,2.817683600454,
    -35.97375233938));
#10332 = CARTESIAN_POINT('',(-31.00774608973,5.137070921275,
    -35.08691772533));
#10333 = CARTESIAN_POINT('',(-31.04983016626,7.558788616371,
    -34.33448827633));
#10334 = CARTESIAN_POINT('',(-31.16052358932,10.042711825129,
    -33.71227149663));
#10335 = CARTESIAN_POINT('',(-31.33253411607,12.552582161898,
    -33.17226360453));
#10336 = CARTESIAN_POINT('',(-31.55761445178,15.075290125262,
    -32.68146107394));
#10337 = CARTESIAN_POINT('',(-31.82498729251,17.597667764471,
    -32.20892534204));
#10338 = CARTESIAN_POINT('',(-31.08980905656,1.108608331947,
    -38.06248697891));
#10339 = CARTESIAN_POINT('',(-31.02677624753,3.250020308865,
    -37.07672785139));
#10340 = CARTESIAN_POINT('',(-31.01540382728,5.512310039296,
    -36.22514941021));
#10341 = CARTESIAN_POINT('',(-31.06371454291,7.885008214358,
    -35.51993026598));
#10342 = CARTESIAN_POINT('',(-31.1782472706,10.332726661482,
    -34.95499856282));
#10343 = CARTESIAN_POINT('',(-31.35322320075,12.820064129646,
    -34.47905017203));
#10344 = CARTESIAN_POINT('',(-31.58187094263,15.336351244085,
    -34.05654013557));
#10345 = CARTESIAN_POINT('',(-31.85392208869,17.866801175856,
    -33.65467128943));
#10346 = ADVANCED_FACE('',(#10347),#10353,.F.);
#10347 = FACE_BOUND('',#10348,.F.);
#10348 = EDGE_LOOP('',(#10349,#10350,#10351,#10352));
#10349 = ORIENTED_EDGE('',*,*,#10277,.F.);
#10350 = ORIENTED_EDGE('',*,*,#7147,.F.);
#10351 = ORIENTED_EDGE('',*,*,#7454,.T.);
#10352 = ORIENTED_EDGE('',*,*,#9009,.T.);
#10353 = PLANE('',#10354);
#10354 = AXIS2_PLACEMENT_3D('',#10355,#10356,#10357);
#10355 = CARTESIAN_POINT('',(15.056190909824,56.73047,-9.6));
#10356 = DIRECTION('',(1.,0.,0.));
#10357 = DIRECTION('',(0.,1.,0.));
#10358 = ADVANCED_FACE('',(#10359),#10364,.T.);
#10359 = FACE_BOUND('',#10360,.T.);
#10360 = EDGE_LOOP('',(#10361,#10362,#10363));
#10361 = ORIENTED_EDGE('',*,*,#7181,.F.);
#10362 = ORIENTED_EDGE('',*,*,#10015,.F.);
#10363 = ORIENTED_EDGE('',*,*,#10313,.F.);
#10364 = B_SPLINE_SURFACE_WITH_KNOTS('',8,8,(
    (#10365,#10366,#10367,#10368,#10369,#10370,#10371,#10372,#10373)
    ,(#10374,#10375,#10376,#10377,#10378,#10379,#10380,#10381,#10382)
    ,(#10383,#10384,#10385,#10386,#10387,#10388,#10389,#10390,#10391)
    ,(#10392,#10393,#10394,#10395,#10396,#10397,#10398,#10399,#10400)
    ,(#10401,#10402,#10403,#10404,#10405,#10406,#10407,#10408,#10409)
    ,(#10410,#10411,#10412,#10413,#10414,#10415,#10416,#10417,#10418)
    ,(#10419,#10420,#10421,#10422,#10423,#10424,#10425,#10426,#10427)
    ,(#10428,#10429,#10430,#10431,#10432,#10433,#10434,#10435,#10436)
    ,(#10437,#10438,#10439,#10440,#10441,#10442,#10443,#10444,#10445
  )),.UNSPECIFIED.,.F.,.F.,.F.,(9,9),(9,9),(-2.736047316779,
    2.707760491721),(-0.208369004256,0.408773169926),
  .PIECEWISE_BEZIER_KNOTS.);
#10365 = CARTESIAN_POINT('',(-30.7493577535,11.517460513641,
    -31.92488618922));
#10366 = CARTESIAN_POINT('',(-30.75069450739,11.446300950026,
    -31.95465402314));
#10367 = CARTESIAN_POINT('',(-30.75112566337,11.375137824393,
    -31.98442446951));
#10368 = CARTESIAN_POINT('',(-30.75264148448,11.303962581809,
    -32.01412795165));
#10369 = CARTESIAN_POINT('',(-30.74997143437,11.232821960237,
    -32.04408854443));
#10370 = CARTESIAN_POINT('',(-30.74831517215,11.161649986794,
    -32.07390350401));
#10371 = CARTESIAN_POINT('',(-30.74317514604,11.090482259799,
    -32.10385687364));
#10372 = CARTESIAN_POINT('',(-30.73719806913,11.019316448487,
    -32.13382367214));
#10373 = CARTESIAN_POINT('',(-30.72993708685,10.948155659463,
    -32.16383311845));
#10374 = CARTESIAN_POINT('',(-31.03444206794,11.779788066089,
    -32.54329103533));
#10375 = CARTESIAN_POINT('',(-31.03567674573,11.708628126569,
    -32.57305979277));
#10376 = CARTESIAN_POINT('',(-31.03402309257,11.637459324024,
    -32.60287015244));
#10377 = CARTESIAN_POINT('',(-31.03507185683,11.566287292028,
    -32.63258249832));
#10378 = CARTESIAN_POINT('',(-31.03165771293,11.495165270337,
    -32.66265565936));
#10379 = CARTESIAN_POINT('',(-31.02997334557,11.423986156524,
    -32.69241179802));
#10380 = CARTESIAN_POINT('',(-31.02470156278,11.352824161144,
    -32.72240563299));
#10381 = CARTESIAN_POINT('',(-31.01881838945,11.281658477787,
    -32.75236585299));
#10382 = CARTESIAN_POINT('',(-31.01176679656,11.210499435121,
    -32.78237244378));
#10383 = CARTESIAN_POINT('',(-31.23983894417,12.042232926109,
    -33.16441338059));
#10384 = CARTESIAN_POINT('',(-31.24171197219,11.971073448821,
    -33.19416623085));
#10385 = CARTESIAN_POINT('',(-31.2405962084,11.899906197996,
    -33.22404417586));
#10386 = CARTESIAN_POINT('',(-31.23386852081,11.828551025946,
    -33.25310616552));
#10387 = CARTESIAN_POINT('',(-31.24205188921,11.757969354236,
    -33.28486967468));
#10388 = CARTESIAN_POINT('',(-31.22975299215,11.686126536653,
    -33.31284967689));
#10389 = CARTESIAN_POINT('',(-31.22872112491,11.615359117878,
    -33.34376133448));
#10390 = CARTESIAN_POINT('',(-31.2228742165,11.544097652379,
    -33.3735149324));
#10391 = CARTESIAN_POINT('',(-31.21662002316,11.472945974939,
    -33.40351171142));
#10392 = CARTESIAN_POINT('',(-31.35348336397,12.304786424761,
    -33.78859520818));
#10393 = CARTESIAN_POINT('',(-31.35143233926,12.233626029879,
    -33.81844636186));
#10394 = CARTESIAN_POINT('',(-31.36562991514,12.162440158415,
    -33.84747391627));
#10395 = CARTESIAN_POINT('',(-31.36001585692,12.091567001491,
    -33.87931021137));
#10396 = CARTESIAN_POINT('',(-31.35242500279,12.019506498186,
    -33.90573870664));
#10397 = CARTESIAN_POINT('',(-31.36932695859,11.949637200325,
    -33.93840831224));
#10398 = CARTESIAN_POINT('',(-31.36051036799,11.87765820469,
    -33.96713471197));
#10399 = CARTESIAN_POINT('',(-31.35538311777,11.806698570515,
    -33.99722714095));
#10400 = CARTESIAN_POINT('',(-31.3483925566,11.735530738792,
    -34.02721114345));
#10401 = CARTESIAN_POINT('',(-31.42615833063,12.567429736527,
    -34.41424275195));
#10402 = CARTESIAN_POINT('',(-31.43083502867,12.496256765185,
    -34.44388937346));
#10403 = CARTESIAN_POINT('',(-31.41472446973,12.425015522648,
    -34.4742948909));
#10404 = CARTESIAN_POINT('',(-31.42100383563,12.354347119252,
    -34.50382495779));
#10405 = CARTESIAN_POINT('',(-31.42061757257,12.282451846705,
    -34.5330908667));
#10406 = CARTESIAN_POINT('',(-31.39689319878,12.211640271817,
    -34.56499949233));
#10407 = CARTESIAN_POINT('',(-31.40094931919,12.140630131411,
    -34.59356644159));
#10408 = CARTESIAN_POINT('',(-31.39927892487,12.06934223582,
    -34.62375043799));
#10409 = CARTESIAN_POINT('',(-31.39752969892,11.998190795086,
    -34.65361003214));
#10410 = CARTESIAN_POINT('',(-31.39705800737,12.830213174783,
    -35.04333326323));
#10411 = CARTESIAN_POINT('',(-31.39504144559,12.75906415227,
    -35.07320957363));
#10412 = CARTESIAN_POINT('',(-31.40897762374,12.688057953258,
    -35.10268181351));
#10413 = CARTESIAN_POINT('',(-31.40455627268,12.615741403484,
    -35.13112073298));
#10414 = CARTESIAN_POINT('',(-31.39623762692,12.546954385776,
    -35.16507959985));
#10415 = CARTESIAN_POINT('',(-31.41350482237,12.47348724111,
    -35.18958429408));
#10416 = CARTESIAN_POINT('',(-31.40397092353,12.403289435858,
    -35.22230442066));
#10417 = CARTESIAN_POINT('',(-31.39907524297,12.332033425962,
    -35.25175238023));
#10418 = CARTESIAN_POINT('',(-31.39204290023,12.260902727306,
    -35.28182113115));
#10419 = CARTESIAN_POINT('',(-31.32708417906,13.093028517395,
    -35.67375562091));
#10420 = CARTESIAN_POINT('',(-31.32895200475,13.021855776179,
    -35.70347770815));
#10421 = CARTESIAN_POINT('',(-31.32796043121,12.950704794169,
    -35.73335231928));
#10422 = CARTESIAN_POINT('',(-31.32121233016,12.879973074334,
    -35.76396840846));
#10423 = CARTESIAN_POINT('',(-31.32885823719,12.807727695987,
    -35.79176673412));
#10424 = CARTESIAN_POINT('',(-31.31659702247,12.737690600931,
    -35.82399404714));
#10425 = CARTESIAN_POINT('',(-31.31580447226,12.665987796284,
    -35.85273021281));
#10426 = CARTESIAN_POINT('',(-31.30994066018,12.594954891848,
    -35.88300181509));
#10427 = CARTESIAN_POINT('',(-31.303707688,12.523810906003,
    -35.91301523209));
#10428 = CARTESIAN_POINT('',(-31.16527351041,13.356000765694,
    -36.3073491585));
#10429 = CARTESIAN_POINT('',(-31.16640429787,13.284832673006,
    -36.33710177701));
#10430 = CARTESIAN_POINT('',(-31.16504962747,13.213703303986,
    -36.36698687442));
#10431 = CARTESIAN_POINT('',(-31.16542977224,13.142549282838,
    -36.39678373638));
#10432 = CARTESIAN_POINT('',(-31.16251919783,13.071335258344,
    -36.42659682004));
#10433 = CARTESIAN_POINT('',(-31.1603071955,13.000207502229,
    -36.45651819331));
#10434 = CARTESIAN_POINT('',(-31.15526773843,12.929052460243,
    -36.48650400051));
#10435 = CARTESIAN_POINT('',(-31.14937444631,12.857914881222,
    -36.51653127265));
#10436 = CARTESIAN_POINT('',(-31.1423374188,12.786778776011,
    -36.5465887197));
#10437 = CARTESIAN_POINT('',(-30.92388225852,13.619081240684,
    -36.94363644351));
#10438 = CARTESIAN_POINT('',(-30.92512665368,13.547910977852,
    -36.97338227212));
#10439 = CARTESIAN_POINT('',(-30.92560724146,13.476757002353,
    -37.00317229673));
#10440 = CARTESIAN_POINT('',(-30.92672492329,13.405619587032,
    -37.03297183746));
#10441 = CARTESIAN_POINT('',(-30.92418961576,13.334416177424,
    -37.06279234248));
#10442 = CARTESIAN_POINT('',(-30.92227578809,13.263285964824,
    -37.09270298383));
#10443 = CARTESIAN_POINT('',(-30.91722157411,13.192134250271,
    -37.12269381139));
#10444 = CARTESIAN_POINT('',(-30.91124499897,13.12099820133,
    -37.15272646012));
#10445 = CARTESIAN_POINT('',(-30.90399174113,13.049864228866,
    -37.18279572354));
#10446 = ADVANCED_FACE('',(#10447),#10466,.T.);
#10447 = FACE_BOUND('',#10448,.F.);
#10448 = EDGE_LOOP('',(#10449,#10450,#10458,#10465));
#10449 = ORIENTED_EDGE('',*,*,#9044,.F.);
#10450 = ORIENTED_EDGE('',*,*,#10451,.T.);
#10451 = EDGE_CURVE('',#9045,#10452,#10454,.T.);
#10452 = VERTEX_POINT('',#10453);
#10453 = CARTESIAN_POINT('',(15.202193305291,49.000000000085,-11.8));
#10454 = LINE('',#10455,#10456);
#10455 = CARTESIAN_POINT('',(15.202193305291,49.000000000085,-16.2));
#10456 = VECTOR('',#10457,1.);
#10457 = DIRECTION('',(0.,0.,1.));
#10458 = ORIENTED_EDGE('',*,*,#10459,.F.);
#10459 = EDGE_CURVE('',#7415,#10452,#10460,.T.);
#10460 = CIRCLE('',#10461,11.36);
#10461 = AXIS2_PLACEMENT_3D('',#10462,#10463,#10464);
#10462 = CARTESIAN_POINT('',(14.971499834386,60.357657351955,-11.8));
#10463 = DIRECTION('',(0.,0.,-1.));
#10464 = DIRECTION('',(-1.,0.,0.));
#10465 = ORIENTED_EDGE('',*,*,#7414,.F.);
#10466 = CYLINDRICAL_SURFACE('',#10467,11.36);
#10467 = AXIS2_PLACEMENT_3D('',#10468,#10469,#10470);
#10468 = CARTESIAN_POINT('',(14.971499834386,60.357657351955,-16.2));
#10469 = DIRECTION('',(0.,0.,-1.));
#10470 = DIRECTION('',(-1.,0.,0.));
#10471 = ADVANCED_FACE('',(#10472),#10482,.T.);
#10472 = FACE_BOUND('',#10473,.T.);
#10473 = EDGE_LOOP('',(#10474,#10475,#10476));
#10474 = ORIENTED_EDGE('',*,*,#10459,.F.);
#10475 = ORIENTED_EDGE('',*,*,#7422,.T.);
#10476 = ORIENTED_EDGE('',*,*,#10477,.F.);
#10477 = EDGE_CURVE('',#10452,#7423,#10478,.T.);
#10478 = LINE('',#10479,#10480);
#10479 = CARTESIAN_POINT('',(15.202193305289,38.253027053034,-11.8));
#10480 = VECTOR('',#10481,1.);
#10481 = DIRECTION('',(2.277325505556E-13,1.,0.));
#10482 = PLANE('',#10483);
#10483 = AXIS2_PLACEMENT_3D('',#10484,#10485,#10486);
#10484 = CARTESIAN_POINT('',(-3.322694297041,27.506054105987,-11.8));
#10485 = DIRECTION('',(0.,0.,1.));
#10486 = DIRECTION('',(1.,0.,0.));
#10487 = ADVANCED_FACE('',(#10488),#10494,.T.);
#10488 = FACE_BOUND('',#10489,.T.);
#10489 = EDGE_LOOP('',(#10490,#10491,#10492,#10493));
#10490 = ORIENTED_EDGE('',*,*,#9053,.F.);
#10491 = ORIENTED_EDGE('',*,*,#10451,.T.);
#10492 = ORIENTED_EDGE('',*,*,#10477,.T.);
#10493 = ORIENTED_EDGE('',*,*,#7430,.F.);
#10494 = PLANE('',#10495);
#10495 = AXIS2_PLACEMENT_3D('',#10496,#10497,#10498);
#10496 = CARTESIAN_POINT('',(15.202193305291,49.000000000085,-16.2));
#10497 = DIRECTION('',(-1.,2.277325505556E-13,0.));
#10498 = DIRECTION('',(2.277325505556E-13,1.,0.));
#10499 = ADVANCED_FACE('',(#10500),#10512,.F.);
#10500 = FACE_BOUND('',#10501,.F.);
#10501 = EDGE_LOOP('',(#10502,#10503,#10509,#10510,#10511));
#10502 = ORIENTED_EDGE('',*,*,#9269,.F.);
#10503 = ORIENTED_EDGE('',*,*,#10504,.T.);
#10504 = EDGE_CURVE('',#9270,#7498,#10505,.T.);
#10505 = LINE('',#10506,#10507);
#10506 = CARTESIAN_POINT('',(-10.1914539162,79.691020549718,-16.2));
#10507 = VECTOR('',#10508,1.);
#10508 = DIRECTION('',(-1.,0.,0.));
#10509 = ORIENTED_EDGE('',*,*,#7497,.T.);
#10510 = ORIENTED_EDGE('',*,*,#10182,.T.);
#10511 = ORIENTED_EDGE('',*,*,#9220,.T.);
#10512 = PLANE('',#10513);
#10513 = AXIS2_PLACEMENT_3D('',#10514,#10515,#10516);
#10514 = CARTESIAN_POINT('',(-17.06021353536,79.691020549718,
    -2.089273589886E-15));
#10515 = DIRECTION('',(0.,-1.,0.));
#10516 = DIRECTION('',(1.,0.,1.224646799147E-16));
#10517 = ADVANCED_FACE('',(#10518),#10539,.T.);
#10518 = FACE_BOUND('',#10519,.T.);
#10519 = EDGE_LOOP('',(#10520,#10529,#10530,#10531,#10532,#10533));
#10520 = ORIENTED_EDGE('',*,*,#10521,.F.);
#10521 = EDGE_CURVE('',#9278,#10522,#10524,.T.);
#10522 = VERTEX_POINT('',#10523);
#10523 = CARTESIAN_POINT('',(-16.86350999999,75.903302000001,-16.2));
#10524 = CIRCLE('',#10525,0.600000000001);
#10525 = AXIS2_PLACEMENT_3D('',#10526,#10527,#10528);
#10526 = CARTESIAN_POINT('',(-16.86351,75.303302,-16.2));
#10527 = DIRECTION('',(0.,0.,1.));
#10528 = DIRECTION('',(-1.,0.,0.));
#10529 = ORIENTED_EDGE('',*,*,#9277,.F.);
#10530 = ORIENTED_EDGE('',*,*,#10504,.T.);
#10531 = ORIENTED_EDGE('',*,*,#7505,.T.);
#10532 = ORIENTED_EDGE('',*,*,#7557,.F.);
#10533 = ORIENTED_EDGE('',*,*,#10534,.T.);
#10534 = EDGE_CURVE('',#7558,#10522,#10535,.T.);
#10535 = LINE('',#10536,#10537);
#10536 = CARTESIAN_POINT('',(-18.62005200001,75.903302000009,-16.2));
#10537 = VECTOR('',#10538,1.);
#10538 = DIRECTION('',(1.,-4.935049304931E-12,0.));
#10539 = PLANE('',#10540);
#10540 = AXIS2_PLACEMENT_3D('',#10541,#10542,#10543);
#10541 = CARTESIAN_POINT('',(-3.322694297041,27.506054105987,-16.2));
#10542 = DIRECTION('',(0.,0.,1.));
#10543 = DIRECTION('',(1.,0.,0.));
#10544 = ADVANCED_FACE('',(#10545),#10563,.T.);
#10545 = FACE_BOUND('',#10546,.T.);
#10546 = EDGE_LOOP('',(#10547,#10548,#10549,#10557));
#10547 = ORIENTED_EDGE('',*,*,#10534,.F.);
#10548 = ORIENTED_EDGE('',*,*,#7565,.F.);
#10549 = ORIENTED_EDGE('',*,*,#10550,.T.);
#10550 = EDGE_CURVE('',#7566,#10551,#10553,.T.);
#10551 = VERTEX_POINT('',#10552);
#10552 = CARTESIAN_POINT('',(-16.86350999999,75.903302000001,-11.8));
#10553 = LINE('',#10554,#10555);
#10554 = CARTESIAN_POINT('',(-10.9713731484,75.903301999972,-11.8));
#10555 = VECTOR('',#10556,1.);
#10556 = DIRECTION('',(1.,-4.935049304931E-12,0.));
#10557 = ORIENTED_EDGE('',*,*,#10558,.F.);
#10558 = EDGE_CURVE('',#10522,#10551,#10559,.T.);
#10559 = LINE('',#10560,#10561);
#10560 = CARTESIAN_POINT('',(-16.86350999999,75.903302000001,-16.2));
#10561 = VECTOR('',#10562,1.);
#10562 = DIRECTION('',(0.,0.,1.));
#10563 = PLANE('',#10564);
#10564 = AXIS2_PLACEMENT_3D('',#10565,#10566,#10567);
#10565 = CARTESIAN_POINT('',(-18.62005200001,75.903302000009,-16.2));
#10566 = DIRECTION('',(4.935049304931E-12,1.,0.));
#10567 = DIRECTION('',(1.,-4.935049304931E-12,0.));
#10568 = ADVANCED_FACE('',(#10569),#10580,.T.);
#10569 = FACE_BOUND('',#10570,.T.);
#10570 = EDGE_LOOP('',(#10571,#10572,#10578,#10579));
#10571 = ORIENTED_EDGE('',*,*,#9033,.F.);
#10572 = ORIENTED_EDGE('',*,*,#10573,.T.);
#10573 = EDGE_CURVE('',#9034,#9604,#10574,.T.);
#10574 = LINE('',#10575,#10576);
#10575 = CARTESIAN_POINT('',(23.4499724,39.6942327,-16.2));
#10576 = VECTOR('',#10577,1.);
#10577 = DIRECTION('',(0.,0.,1.));
#10578 = ORIENTED_EDGE('',*,*,#9603,.T.);
#10579 = ORIENTED_EDGE('',*,*,#7604,.F.);
#10580 = PLANE('',#10581);
#10581 = AXIS2_PLACEMENT_3D('',#10582,#10583,#10584);
#10582 = CARTESIAN_POINT('',(23.4499724,39.6942327,-16.2));
#10583 = DIRECTION('',(-7.247704661175E-02,0.997370080619,0.));
#10584 = DIRECTION('',(0.997370080619,7.247704661175E-02,
    -4.930380657631E-32));
#10585 = ADVANCED_FACE('',(#10586,#10627),#10638,.T.);
#10586 = FACE_BOUND('',#10587,.T.);
#10587 = EDGE_LOOP('',(#10588,#10589,#10590,#10599,#10608,#10615,#10616,
    #10623,#10624,#10625,#10626));
#10588 = ORIENTED_EDGE('',*,*,#7744,.F.);
#10589 = ORIENTED_EDGE('',*,*,#7769,.F.);
#10590 = ORIENTED_EDGE('',*,*,#10591,.F.);
#10591 = EDGE_CURVE('',#10592,#7770,#10594,.T.);
#10592 = VERTEX_POINT('',#10593);
#10593 = CARTESIAN_POINT('',(-17.21847359899,42.397237341413,-11.8));
#10594 = CIRCLE('',#10595,5.93);
#10595 = AXIS2_PLACEMENT_3D('',#10596,#10597,#10598);
#10596 = CARTESIAN_POINT('',(-17.49816328114,36.473836824658,-11.8));
#10597 = DIRECTION('',(0.,0.,-1.));
#10598 = DIRECTION('',(-1.,0.,0.));
#10599 = ORIENTED_EDGE('',*,*,#10600,.T.);
#10600 = EDGE_CURVE('',#10592,#10601,#10603,.T.);
#10601 = VERTEX_POINT('',#10602);
#10602 = CARTESIAN_POINT('',(-19.04064772637,49.789301303225,-11.8));
#10603 = CIRCLE('',#10604,4.6);
#10604 = AXIS2_PLACEMENT_3D('',#10605,#10606,#10607);
#10605 = CARTESIAN_POINT('',(-15.62212590885,46.71136228772,-11.8));
#10606 = DIRECTION('',(0.,0.,-1.));
#10607 = DIRECTION('',(-1.,0.,0.));
#10608 = ORIENTED_EDGE('',*,*,#10609,.F.);
#10609 = EDGE_CURVE('',#9294,#10601,#10610,.T.);
#10610 = CIRCLE('',#10611,14.02);
#10611 = AXIS2_PLACEMENT_3D('',#10612,#10613,#10614);
#10612 = CARTESIAN_POINT('',(-29.19047214188,59.460984938167,-11.8));
#10613 = DIRECTION('',(0.,0.,-1.));
#10614 = DIRECTION('',(-1.,0.,0.));
#10615 = ORIENTED_EDGE('',*,*,#9293,.F.);
#10616 = ORIENTED_EDGE('',*,*,#10617,.F.);
#10617 = EDGE_CURVE('',#10551,#9286,#10618,.T.);
#10618 = CIRCLE('',#10619,0.600000000001);
#10619 = AXIS2_PLACEMENT_3D('',#10620,#10621,#10622);
#10620 = CARTESIAN_POINT('',(-16.86351,75.303302,-11.8));
#10621 = DIRECTION('',(0.,0.,-1.));
#10622 = DIRECTION('',(-1.,0.,0.));
#10623 = ORIENTED_EDGE('',*,*,#10550,.F.);
#10624 = ORIENTED_EDGE('',*,*,#7629,.F.);
#10625 = ORIENTED_EDGE('',*,*,#7677,.F.);
#10626 = ORIENTED_EDGE('',*,*,#7720,.F.);
#10627 = FACE_BOUND('',#10628,.T.);
#10628 = EDGE_LOOP('',(#10629));
#10629 = ORIENTED_EDGE('',*,*,#10630,.F.);
#10630 = EDGE_CURVE('',#10631,#10631,#10633,.T.);
#10631 = VERTEX_POINT('',#10632);
#10632 = CARTESIAN_POINT('',(-23.8,62.25,-11.8));
#10633 = CIRCLE('',#10634,2.3);
#10634 = AXIS2_PLACEMENT_3D('',#10635,#10636,#10637);
#10635 = CARTESIAN_POINT('',(-21.5,62.25,-11.8));
#10636 = DIRECTION('',(0.,0.,1.));
#10637 = DIRECTION('',(-1.,1.224646799147E-16,0.));
#10638 = PLANE('',#10639);
#10639 = AXIS2_PLACEMENT_3D('',#10640,#10641,#10642);
#10640 = CARTESIAN_POINT('',(-3.322694297041,27.506054105987,-11.8));
#10641 = DIRECTION('',(0.,0.,1.));
#10642 = DIRECTION('',(1.,0.,0.));
#10643 = ADVANCED_FACE('',(#10644),#10655,.T.);
#10644 = FACE_BOUND('',#10645,.F.);
#10645 = EDGE_LOOP('',(#10646,#10647,#10648,#10649));
#10646 = ORIENTED_EDGE('',*,*,#9437,.F.);
#10647 = ORIENTED_EDGE('',*,*,#7777,.T.);
#10648 = ORIENTED_EDGE('',*,*,#10591,.F.);
#10649 = ORIENTED_EDGE('',*,*,#10650,.F.);
#10650 = EDGE_CURVE('',#9429,#10592,#10651,.T.);
#10651 = LINE('',#10652,#10653);
#10652 = CARTESIAN_POINT('',(-17.21847359899,42.397237341413,-16.2));
#10653 = VECTOR('',#10654,1.);
#10654 = DIRECTION('',(0.,0.,1.));
#10655 = CYLINDRICAL_SURFACE('',#10656,5.93);
#10656 = AXIS2_PLACEMENT_3D('',#10657,#10658,#10659);
#10657 = CARTESIAN_POINT('',(-17.49816328114,36.473836824658,-16.2));
#10658 = DIRECTION('',(0.,0.,-1.));
#10659 = DIRECTION('',(-1.,0.,0.));
#10660 = ADVANCED_FACE('',(#10661),#10672,.F.);
#10661 = FACE_BOUND('',#10662,.F.);
#10662 = EDGE_LOOP('',(#10663,#10664,#10670,#10671));
#10663 = ORIENTED_EDGE('',*,*,#9454,.F.);
#10664 = ORIENTED_EDGE('',*,*,#10665,.T.);
#10665 = EDGE_CURVE('',#9326,#9698,#10666,.T.);
#10666 = LINE('',#10667,#10668);
#10667 = CARTESIAN_POINT('',(-24.213029,-10.002613,-16.2));
#10668 = VECTOR('',#10669,1.);
#10669 = DIRECTION('',(0.,0.,1.));
#10670 = ORIENTED_EDGE('',*,*,#9705,.T.);
#10671 = ORIENTED_EDGE('',*,*,#7849,.T.);
#10672 = PLANE('',#10673);
#10673 = AXIS2_PLACEMENT_3D('',#10674,#10675,#10676);
#10674 = CARTESIAN_POINT('',(-24.213029,-10.002613,-16.2));
#10675 = DIRECTION('',(0.997682942464,-6.803489043904E-02,0.));
#10676 = DIRECTION('',(-6.803489043904E-02,-0.997682942464,
    -3.08148791102E-33));
#10677 = ADVANCED_FACE('',(#10678),#10690,.T.);
#10678 = FACE_BOUND('',#10679,.F.);
#10679 = EDGE_LOOP('',(#10680,#10681,#10682,#10689));
#10680 = ORIENTED_EDGE('',*,*,#9446,.F.);
#10681 = ORIENTED_EDGE('',*,*,#7833,.T.);
#10682 = ORIENTED_EDGE('',*,*,#10683,.F.);
#10683 = EDGE_CURVE('',#7818,#7826,#10684,.T.);
#10684 = CIRCLE('',#10685,4.121329048524);
#10685 = AXIS2_PLACEMENT_3D('',#10686,#10687,#10688);
#10686 = CARTESIAN_POINT('',(-18.886996,17.165636492673,-11.8));
#10687 = DIRECTION('',(0.,0.,-1.));
#10688 = DIRECTION('',(-1.,0.,0.));
#10689 = ORIENTED_EDGE('',*,*,#7817,.F.);
#10690 = CYLINDRICAL_SURFACE('',#10691,4.121329048524);
#10691 = AXIS2_PLACEMENT_3D('',#10692,#10693,#10694);
#10692 = CARTESIAN_POINT('',(-18.886996,17.165636492673,-16.2));
#10693 = DIRECTION('',(0.,0.,-1.));
#10694 = DIRECTION('',(-1.,0.,0.));
#10695 = ADVANCED_FACE('',(#10696),#10700,.T.);
#10696 = FACE_BOUND('',#10697,.T.);
#10697 = EDGE_LOOP('',(#10698,#10699));
#10698 = ORIENTED_EDGE('',*,*,#10683,.F.);
#10699 = ORIENTED_EDGE('',*,*,#7825,.T.);
#10700 = PLANE('',#10701);
#10701 = AXIS2_PLACEMENT_3D('',#10702,#10703,#10704);
#10702 = CARTESIAN_POINT('',(-3.322694297041,27.506054105987,-11.8));
#10703 = DIRECTION('',(0.,0.,1.));
#10704 = DIRECTION('',(1.,0.,0.));
#10705 = ADVANCED_FACE('',(#10706),#10709,.T.);
#10706 = FACE_BOUND('',#10707,.T.);
#10707 = EDGE_LOOP('',(#10708));
#10708 = ORIENTED_EDGE('',*,*,#7947,.T.);
#10709 = PLANE('',#10710);
#10710 = AXIS2_PLACEMENT_3D('',#10711,#10712,#10713);
#10711 = CARTESIAN_POINT('',(-7.166666666667,13.948655336658,-15.6));
#10712 = DIRECTION('',(0.,0.,1.));
#10713 = DIRECTION('',(1.,0.,0.));
#10714 = ADVANCED_FACE('',(#10715),#10718,.T.);
#10715 = FACE_BOUND('',#10716,.T.);
#10716 = EDGE_LOOP('',(#10717));
#10717 = ORIENTED_EDGE('',*,*,#7972,.T.);
#10718 = PLANE('',#10719);
#10719 = AXIS2_PLACEMENT_3D('',#10720,#10721,#10722);
#10720 = CARTESIAN_POINT('',(-7.166666666667,13.948655336658,-15.6));
#10721 = DIRECTION('',(0.,0.,1.));
#10722 = DIRECTION('',(1.,0.,0.));
#10723 = ADVANCED_FACE('',(#10724,#10732),#10743,.T.);
#10724 = FACE_BOUND('',#10725,.T.);
#10725 = EDGE_LOOP('',(#10726,#10727,#10728,#10729,#10730,#10731));
#10726 = ORIENTED_EDGE('',*,*,#10203,.F.);
#10727 = ORIENTED_EDGE('',*,*,#9932,.T.);
#10728 = ORIENTED_EDGE('',*,*,#9908,.T.);
#10729 = ORIENTED_EDGE('',*,*,#9885,.F.);
#10730 = ORIENTED_EDGE('',*,*,#8992,.T.);
#10731 = ORIENTED_EDGE('',*,*,#10285,.F.);
#10732 = FACE_BOUND('',#10733,.T.);
#10733 = EDGE_LOOP('',(#10734));
#10734 = ORIENTED_EDGE('',*,*,#10735,.T.);
#10735 = EDGE_CURVE('',#10736,#10736,#10738,.T.);
#10736 = VERTEX_POINT('',#10737);
#10737 = CARTESIAN_POINT('',(19.610174962979,66.575321930896,-16.6));
#10738 = CIRCLE('',#10739,1.5);
#10739 = AXIS2_PLACEMENT_3D('',#10740,#10741,#10742);
#10740 = CARTESIAN_POINT('',(21.110174962979,66.575321930896,-16.6));
#10741 = DIRECTION('',(0.,0.,-1.));
#10742 = DIRECTION('',(-1.,0.,0.));
#10743 = PLANE('',#10744);
#10744 = AXIS2_PLACEMENT_3D('',#10745,#10746,#10747);
#10745 = CARTESIAN_POINT('',(8.581488931016,63.368697314877,-16.6));
#10746 = DIRECTION('',(0.,0.,1.));
#10747 = DIRECTION('',(1.,0.,0.));
#10748 = ADVANCED_FACE('',(#10749),#10783,.T.);
#10749 = FACE_BOUND('',#10750,.T.);
#10750 = EDGE_LOOP('',(#10751,#10752,#10753,#10761,#10769,#10777));
#10751 = ORIENTED_EDGE('',*,*,#9070,.F.);
#10752 = ORIENTED_EDGE('',*,*,#9118,.F.);
#10753 = ORIENTED_EDGE('',*,*,#10754,.T.);
#10754 = EDGE_CURVE('',#9111,#10755,#10757,.T.);
#10755 = VERTEX_POINT('',#10756);
#10756 = CARTESIAN_POINT('',(15.91585,39.6942327,-20.2));
#10757 = LINE('',#10758,#10759);
#10758 = CARTESIAN_POINT('',(11.6031584,39.6942327,-20.2));
#10759 = VECTOR('',#10760,1.);
#10760 = DIRECTION('',(1.,0.,0.));
#10761 = ORIENTED_EDGE('',*,*,#10762,.T.);
#10762 = EDGE_CURVE('',#10755,#10763,#10765,.T.);
#10763 = VERTEX_POINT('',#10764);
#10764 = CARTESIAN_POINT('',(19.91585,39.6942327,-20.2));
#10765 = LINE('',#10766,#10767);
#10766 = CARTESIAN_POINT('',(11.6031584,39.6942327,-20.2));
#10767 = VECTOR('',#10768,1.);
#10768 = DIRECTION('',(1.,0.,0.));
#10769 = ORIENTED_EDGE('',*,*,#10770,.T.);
#10770 = EDGE_CURVE('',#10763,#10771,#10773,.T.);
#10771 = VERTEX_POINT('',#10772);
#10772 = CARTESIAN_POINT('',(23.4499724,39.6942327,-20.2));
#10773 = LINE('',#10774,#10775);
#10774 = CARTESIAN_POINT('',(11.6031584,39.6942327,-20.2));
#10775 = VECTOR('',#10776,1.);
#10776 = DIRECTION('',(1.,0.,0.));
#10777 = ORIENTED_EDGE('',*,*,#10778,.F.);
#10778 = EDGE_CURVE('',#9034,#10771,#10779,.T.);
#10779 = LINE('',#10780,#10781);
#10780 = CARTESIAN_POINT('',(23.4499724,39.6942327,-16.2));
#10781 = VECTOR('',#10782,1.);
#10782 = DIRECTION('',(0.,0.,-1.));
#10783 = PLANE('',#10784);
#10784 = AXIS2_PLACEMENT_3D('',#10785,#10786,#10787);
#10785 = CARTESIAN_POINT('',(18.1829112,39.6942327,-18.2));
#10786 = DIRECTION('',(0.,-1.,0.));
#10787 = DIRECTION('',(-1.224646799147E-16,0.,1.));
#10788 = ADVANCED_FACE('',(#10789),#10808,.F.);
#10789 = FACE_BOUND('',#10790,.F.);
#10790 = EDGE_LOOP('',(#10791,#10792,#10793,#10802));
#10791 = ORIENTED_EDGE('',*,*,#9193,.T.);
#10792 = ORIENTED_EDGE('',*,*,#9084,.F.);
#10793 = ORIENTED_EDGE('',*,*,#10794,.T.);
#10794 = EDGE_CURVE('',#9085,#10795,#10797,.T.);
#10795 = VERTEX_POINT('',#10796);
#10796 = CARTESIAN_POINT('',(9.375,15.09915,-11.8));
#10797 = CIRCLE('',#10798,3.54085);
#10798 = AXIS2_PLACEMENT_3D('',#10799,#10800,#10801);
#10799 = CARTESIAN_POINT('',(9.375,18.64,-11.8));
#10800 = DIRECTION('',(0.,0.,-1.));
#10801 = DIRECTION('',(-1.,0.,0.));
#10802 = ORIENTED_EDGE('',*,*,#10803,.F.);
#10803 = EDGE_CURVE('',#9186,#10795,#10804,.T.);
#10804 = LINE('',#10805,#10806);
#10805 = CARTESIAN_POINT('',(9.375,15.09915,-16.2));
#10806 = VECTOR('',#10807,1.);
#10807 = DIRECTION('',(0.,0.,1.));
#10808 = CYLINDRICAL_SURFACE('',#10809,3.54085);
#10809 = AXIS2_PLACEMENT_3D('',#10810,#10811,#10812);
#10810 = CARTESIAN_POINT('',(9.375,18.64,-16.2));
#10811 = DIRECTION('',(0.,0.,1.));
#10812 = DIRECTION('',(-1.,0.,0.));
#10813 = ADVANCED_FACE('',(#10814),#10856,.T.);
#10814 = FACE_BOUND('',#10815,.T.);
#10815 = EDGE_LOOP('',(#10816,#10826,#10834,#10840,#10841,#10842,#10850)
  );
#10816 = ORIENTED_EDGE('',*,*,#10817,.F.);
#10817 = EDGE_CURVE('',#10818,#10820,#10822,.T.);
#10818 = VERTEX_POINT('',#10819);
#10819 = CARTESIAN_POINT('',(15.91585,4.1207183,-11.8));
#10820 = VERTEX_POINT('',#10821);
#10821 = CARTESIAN_POINT('',(7.14116,4.1207183,-11.8));
#10822 = LINE('',#10823,#10824);
#10823 = CARTESIAN_POINT('',(6.29657785148,4.1207183,-11.8));
#10824 = VECTOR('',#10825,1.);
#10825 = DIRECTION('',(-1.,1.012204898065E-16,0.));
#10826 = ORIENTED_EDGE('',*,*,#10827,.T.);
#10827 = EDGE_CURVE('',#10818,#10828,#10830,.T.);
#10828 = VERTEX_POINT('',#10829);
#10829 = CARTESIAN_POINT('',(15.91585,25.0135557,-11.8));
#10830 = LINE('',#10831,#10832);
#10831 = CARTESIAN_POINT('',(15.91585,15.813386202994,-11.8));
#10832 = VECTOR('',#10833,1.);
#10833 = DIRECTION('',(0.,1.,0.));
#10834 = ORIENTED_EDGE('',*,*,#10835,.T.);
#10835 = EDGE_CURVE('',#10828,#9095,#10836,.T.);
#10836 = LINE('',#10837,#10838);
#10837 = CARTESIAN_POINT('',(6.29657785148,25.0135557,-11.8));
#10838 = VECTOR('',#10839,1.);
#10839 = DIRECTION('',(-1.,0.,0.));
#10840 = ORIENTED_EDGE('',*,*,#9094,.F.);
#10841 = ORIENTED_EDGE('',*,*,#10794,.T.);
#10842 = ORIENTED_EDGE('',*,*,#10843,.F.);
#10843 = EDGE_CURVE('',#10844,#10795,#10846,.T.);
#10844 = VERTEX_POINT('',#10845);
#10845 = CARTESIAN_POINT('',(7.14116,15.09915,-11.8));
#10846 = LINE('',#10847,#10848);
#10847 = CARTESIAN_POINT('',(1.90923285148,15.09915,-11.8));
#10848 = VECTOR('',#10849,1.);
#10849 = DIRECTION('',(1.,0.,0.));
#10850 = ORIENTED_EDGE('',*,*,#10851,.F.);
#10851 = EDGE_CURVE('',#10820,#10844,#10852,.T.);
#10852 = LINE('',#10853,#10854);
#10853 = CARTESIAN_POINT('',(7.14116,15.813386202994,-11.8));
#10854 = VECTOR('',#10855,1.);
#10855 = DIRECTION('',(0.,1.,0.));
#10856 = PLANE('',#10857);
#10857 = AXIS2_PLACEMENT_3D('',#10858,#10859,#10860);
#10858 = CARTESIAN_POINT('',(-3.322694297041,27.506054105987,-11.8));
#10859 = DIRECTION('',(0.,0.,1.));
#10860 = DIRECTION('',(1.,0.,0.));
#10861 = ADVANCED_FACE('',(#10862),#10880,.T.);
#10862 = FACE_BOUND('',#10863,.T.);
#10863 = EDGE_LOOP('',(#10864,#10865,#10866,#10874));
#10864 = ORIENTED_EDGE('',*,*,#9102,.T.);
#10865 = ORIENTED_EDGE('',*,*,#10835,.F.);
#10866 = ORIENTED_EDGE('',*,*,#10867,.F.);
#10867 = EDGE_CURVE('',#10868,#10828,#10870,.T.);
#10868 = VERTEX_POINT('',#10869);
#10869 = CARTESIAN_POINT('',(15.91585,25.0135557,-20.2));
#10870 = LINE('',#10871,#10872);
#10871 = CARTESIAN_POINT('',(15.91585,25.0135557,-16.2));
#10872 = VECTOR('',#10873,1.);
#10873 = DIRECTION('',(0.,0.,1.));
#10874 = ORIENTED_EDGE('',*,*,#10875,.T.);
#10875 = EDGE_CURVE('',#10868,#9103,#10876,.T.);
#10876 = LINE('',#10877,#10878);
#10877 = CARTESIAN_POINT('',(21.7095334,25.0135557,-20.2));
#10878 = VECTOR('',#10879,1.);
#10879 = DIRECTION('',(-1.,0.,0.));
#10880 = PLANE('',#10881);
#10881 = AXIS2_PLACEMENT_3D('',#10882,#10883,#10884);
#10882 = CARTESIAN_POINT('',(14.41585,25.0135557,-16.));
#10883 = DIRECTION('',(0.,1.,0.));
#10884 = DIRECTION('',(1.224646799147E-16,0.,-1.));
#10885 = ADVANCED_FACE('',(#10886),#10897,.T.);
#10886 = FACE_BOUND('',#10887,.T.);
#10887 = EDGE_LOOP('',(#10888,#10889,#10890,#10891));
#10888 = ORIENTED_EDGE('',*,*,#10754,.F.);
#10889 = ORIENTED_EDGE('',*,*,#9110,.F.);
#10890 = ORIENTED_EDGE('',*,*,#10875,.F.);
#10891 = ORIENTED_EDGE('',*,*,#10892,.T.);
#10892 = EDGE_CURVE('',#10868,#10755,#10893,.T.);
#10893 = LINE('',#10894,#10895);
#10894 = CARTESIAN_POINT('',(15.91585,12.058200788829,-20.2));
#10895 = VECTOR('',#10896,1.);
#10896 = DIRECTION('',(0.,1.,0.));
#10897 = PLANE('',#10898);
#10898 = AXIS2_PLACEMENT_3D('',#10899,#10900,#10901);
#10899 = CARTESIAN_POINT('',(9.974420652707E-02,11.091807762279,-20.2));
#10900 = DIRECTION('',(0.,0.,1.));
#10901 = DIRECTION('',(1.,0.,0.));
#10902 = ADVANCED_FACE('',(#10903),#10930,.T.);
#10903 = FACE_BOUND('',#10904,.T.);
#10904 = EDGE_LOOP('',(#10905,#10913,#10914,#10915,#10916,#10924));
#10905 = ORIENTED_EDGE('',*,*,#10906,.F.);
#10906 = EDGE_CURVE('',#10844,#10907,#10909,.T.);
#10907 = VERTEX_POINT('',#10908);
#10908 = CARTESIAN_POINT('',(7.14116,15.09915,-20.2));
#10909 = LINE('',#10910,#10911);
#10910 = CARTESIAN_POINT('',(7.14116,15.09915,-18.7));
#10911 = VECTOR('',#10912,1.);
#10912 = DIRECTION('',(0.,0.,-1.));
#10913 = ORIENTED_EDGE('',*,*,#10843,.T.);
#10914 = ORIENTED_EDGE('',*,*,#10803,.F.);
#10915 = ORIENTED_EDGE('',*,*,#9185,.F.);
#10916 = ORIENTED_EDGE('',*,*,#10917,.F.);
#10917 = EDGE_CURVE('',#10918,#9177,#10920,.T.);
#10918 = VERTEX_POINT('',#10919);
#10919 = CARTESIAN_POINT('',(-6.425,15.09915,-20.2));
#10920 = LINE('',#10921,#10922);
#10921 = CARTESIAN_POINT('',(-6.425,15.09915,-21.2));
#10922 = VECTOR('',#10923,1.);
#10923 = DIRECTION('',(0.,0.,-1.));
#10924 = ORIENTED_EDGE('',*,*,#10925,.T.);
#10925 = EDGE_CURVE('',#10918,#10907,#10926,.T.);
#10926 = LINE('',#10927,#10928);
#10927 = CARTESIAN_POINT('',(0.787372103264,15.09915,-20.2));
#10928 = VECTOR('',#10929,1.);
#10929 = DIRECTION('',(1.,0.,0.));
#10930 = PLANE('',#10931);
#10931 = AXIS2_PLACEMENT_3D('',#10932,#10933,#10934);
#10932 = CARTESIAN_POINT('',(3.361684503311,15.09915,-20.88668450331));
#10933 = DIRECTION('',(0.,1.,0.));
#10934 = DIRECTION('',(1.224646799147E-16,0.,-1.));
#10935 = ADVANCED_FACE('',(#10936),#10957,.F.);
#10936 = FACE_BOUND('',#10937,.F.);
#10937 = EDGE_LOOP('',(#10938,#10939,#10948,#10954,#10955,#10956));
#10938 = ORIENTED_EDGE('',*,*,#10917,.F.);
#10939 = ORIENTED_EDGE('',*,*,#10940,.F.);
#10940 = EDGE_CURVE('',#10941,#10918,#10943,.T.);
#10941 = VERTEX_POINT('',#10942);
#10942 = CARTESIAN_POINT('',(-7.491524371217,15.26359,-20.2));
#10943 = CIRCLE('',#10944,3.54085);
#10944 = AXIS2_PLACEMENT_3D('',#10945,#10946,#10947);
#10945 = CARTESIAN_POINT('',(-6.425,18.64,-20.2));
#10946 = DIRECTION('',(0.,0.,1.));
#10947 = DIRECTION('',(-1.,0.,0.));
#10948 = ORIENTED_EDGE('',*,*,#10949,.T.);
#10949 = EDGE_CURVE('',#10941,#9402,#10950,.T.);
#10950 = LINE('',#10951,#10952);
#10951 = CARTESIAN_POINT('',(-7.491524371217,15.26359,-16.2));
#10952 = VECTOR('',#10953,1.);
#10953 = DIRECTION('',(0.,0.,1.));
#10954 = ORIENTED_EDGE('',*,*,#9409,.F.);
#10955 = ORIENTED_EDGE('',*,*,#9252,.T.);
#10956 = ORIENTED_EDGE('',*,*,#9176,.T.);
#10957 = CYLINDRICAL_SURFACE('',#10958,3.54085);
#10958 = AXIS2_PLACEMENT_3D('',#10959,#10960,#10961);
#10959 = CARTESIAN_POINT('',(-6.425,18.64,-16.2));
#10960 = DIRECTION('',(0.,0.,1.));
#10961 = DIRECTION('',(-1.,0.,0.));
#10962 = ADVANCED_FACE('',(#10963),#10969,.T.);
#10963 = FACE_BOUND('',#10964,.F.);
#10964 = EDGE_LOOP('',(#10965,#10966,#10967,#10968));
#10965 = ORIENTED_EDGE('',*,*,#10521,.F.);
#10966 = ORIENTED_EDGE('',*,*,#9285,.T.);
#10967 = ORIENTED_EDGE('',*,*,#10617,.F.);
#10968 = ORIENTED_EDGE('',*,*,#10558,.F.);
#10969 = CYLINDRICAL_SURFACE('',#10970,0.600000000001);
#10970 = AXIS2_PLACEMENT_3D('',#10971,#10972,#10973);
#10971 = CARTESIAN_POINT('',(-16.86351,75.303302,-16.2));
#10972 = DIRECTION('',(0.,0.,-1.));
#10973 = DIRECTION('',(-1.,0.,0.));
#10974 = ADVANCED_FACE('',(#10975),#10986,.T.);
#10975 = FACE_BOUND('',#10976,.F.);
#10976 = EDGE_LOOP('',(#10977,#10978,#10984,#10985));
#10977 = ORIENTED_EDGE('',*,*,#9419,.F.);
#10978 = ORIENTED_EDGE('',*,*,#10979,.T.);
#10979 = EDGE_CURVE('',#9420,#10601,#10980,.T.);
#10980 = LINE('',#10981,#10982);
#10981 = CARTESIAN_POINT('',(-19.04064772637,49.789301303225,-16.2));
#10982 = VECTOR('',#10983,1.);
#10983 = DIRECTION('',(0.,0.,1.));
#10984 = ORIENTED_EDGE('',*,*,#10609,.F.);
#10985 = ORIENTED_EDGE('',*,*,#9301,.T.);
#10986 = CYLINDRICAL_SURFACE('',#10987,14.02);
#10987 = AXIS2_PLACEMENT_3D('',#10988,#10989,#10990);
#10988 = CARTESIAN_POINT('',(-29.19047214188,59.460984938167,-16.2));
#10989 = DIRECTION('',(0.,0.,-1.));
#10990 = DIRECTION('',(-1.,0.,0.));
#10991 = ADVANCED_FACE('',(#10992),#11003,.F.);
#10992 = FACE_BOUND('',#10993,.F.);
#10993 = EDGE_LOOP('',(#10994,#10995,#11001,#11002));
#10994 = ORIENTED_EDGE('',*,*,#9323,.F.);
#10995 = ORIENTED_EDGE('',*,*,#10996,.T.);
#10996 = EDGE_CURVE('',#9324,#9689,#10997,.T.);
#10997 = LINE('',#10998,#10999);
#10998 = CARTESIAN_POINT('',(-23.32494393548,-10.07292815483,-16.2));
#10999 = VECTOR('',#11000,1.);
#11000 = DIRECTION('',(0.,0.,1.));
#11001 = ORIENTED_EDGE('',*,*,#9697,.T.);
#11002 = ORIENTED_EDGE('',*,*,#10665,.F.);
#11003 = PLANE('',#11004);
#11004 = AXIS2_PLACEMENT_3D('',#11005,#11006,#11007);
#11005 = CARTESIAN_POINT('',(-23.32494393548,-10.07292815483,-16.2));
#11006 = DIRECTION('',(-7.892913693926E-02,-0.996880229186,0.));
#11007 = DIRECTION('',(-0.996880229186,7.892913693926E-02,
    -4.930380657631E-32));
#11008 = ADVANCED_FACE('',(#11009),#11015,.F.);
#11009 = FACE_BOUND('',#11010,.T.);
#11010 = EDGE_LOOP('',(#11011,#11012,#11013,#11014));
#11011 = ORIENTED_EDGE('',*,*,#9428,.F.);
#11012 = ORIENTED_EDGE('',*,*,#10979,.T.);
#11013 = ORIENTED_EDGE('',*,*,#10600,.F.);
#11014 = ORIENTED_EDGE('',*,*,#10650,.F.);
#11015 = CYLINDRICAL_SURFACE('',#11016,4.6);
#11016 = AXIS2_PLACEMENT_3D('',#11017,#11018,#11019);
#11017 = CARTESIAN_POINT('',(-15.62212590885,46.71136228772,-16.2));
#11018 = DIRECTION('',(0.,0.,-1.));
#11019 = DIRECTION('',(-1.,0.,0.));
#11020 = ADVANCED_FACE('',(#11021),#11039,.F.);
#11021 = FACE_BOUND('',#11022,.F.);
#11022 = EDGE_LOOP('',(#11023,#11024,#11025,#11033));
#11023 = ORIENTED_EDGE('',*,*,#9401,.F.);
#11024 = ORIENTED_EDGE('',*,*,#10949,.F.);
#11025 = ORIENTED_EDGE('',*,*,#11026,.T.);
#11026 = EDGE_CURVE('',#10941,#11027,#11029,.T.);
#11027 = VERTEX_POINT('',#11028);
#11028 = CARTESIAN_POINT('',(-8.035386798242,15.26359,-20.2));
#11029 = LINE('',#11030,#11031);
#11030 = CARTESIAN_POINT('',(7.14116,15.26359,-20.2));
#11031 = VECTOR('',#11032,1.);
#11032 = DIRECTION('',(-1.,0.,0.));
#11033 = ORIENTED_EDGE('',*,*,#11034,.F.);
#11034 = EDGE_CURVE('',#9393,#11027,#11035,.T.);
#11035 = LINE('',#11036,#11037);
#11036 = CARTESIAN_POINT('',(-8.035386798242,15.26359,-16.2));
#11037 = VECTOR('',#11038,1.);
#11038 = DIRECTION('',(0.,0.,-1.));
#11039 = PLANE('',#11040);
#11040 = AXIS2_PLACEMENT_3D('',#11041,#11042,#11043);
#11041 = CARTESIAN_POINT('',(7.14116,15.26359,-16.2));
#11042 = DIRECTION('',(0.,1.,0.));
#11043 = DIRECTION('',(-1.,0.,0.));
#11044 = ADVANCED_FACE('',(#11045),#11064,.F.);
#11045 = FACE_BOUND('',#11046,.F.);
#11046 = EDGE_LOOP('',(#11047,#11048,#11057,#11063));
#11047 = ORIENTED_EDGE('',*,*,#11034,.T.);
#11048 = ORIENTED_EDGE('',*,*,#11049,.T.);
#11049 = EDGE_CURVE('',#11027,#11050,#11052,.T.);
#11050 = VERTEX_POINT('',#11051);
#11051 = CARTESIAN_POINT('',(-13.87985832007,9.419118478171,-20.2));
#11052 = CIRCLE('',#11053,5.844471521829);
#11053 = AXIS2_PLACEMENT_3D('',#11054,#11055,#11056);
#11054 = CARTESIAN_POINT('',(-8.035386798242,9.419118478171,-20.2));
#11055 = DIRECTION('',(0.,0.,1.));
#11056 = DIRECTION('',(-1.,0.,0.));
#11057 = ORIENTED_EDGE('',*,*,#11058,.F.);
#11058 = EDGE_CURVE('',#9385,#11050,#11059,.T.);
#11059 = LINE('',#11060,#11061);
#11060 = CARTESIAN_POINT('',(-13.87985832007,9.419118478171,-16.2));
#11061 = VECTOR('',#11062,1.);
#11062 = DIRECTION('',(0.,0.,-1.));
#11063 = ORIENTED_EDGE('',*,*,#9392,.F.);
#11064 = CYLINDRICAL_SURFACE('',#11065,5.844471521829);
#11065 = AXIS2_PLACEMENT_3D('',#11066,#11067,#11068);
#11066 = CARTESIAN_POINT('',(-8.035386798242,9.419118478171,-16.2));
#11067 = DIRECTION('',(0.,0.,1.));
#11068 = DIRECTION('',(-1.,0.,0.));
#11069 = ADVANCED_FACE('',(#11070),#11105,.F.);
#11070 = FACE_BOUND('',#11071,.F.);
#11071 = EDGE_LOOP('',(#11072,#11073,#11074,#11082));
#11072 = ORIENTED_EDGE('',*,*,#9384,.F.);
#11073 = ORIENTED_EDGE('',*,*,#11058,.T.);
#11074 = ORIENTED_EDGE('',*,*,#11075,.T.);
#11075 = EDGE_CURVE('',#11050,#11076,#11078,.T.);
#11076 = VERTEX_POINT('',#11077);
#11077 = CARTESIAN_POINT('',(-13.87985832007,3.191758458276,-20.2));
#11078 = LINE('',#11079,#11080);
#11079 = CARTESIAN_POINT('',(-13.87985832007,9.419118478171,-20.2));
#11080 = VECTOR('',#11081,1.);
#11081 = DIRECTION('',(0.,-1.,0.));
#11082 = ORIENTED_EDGE('',*,*,#11083,.F.);
#11083 = EDGE_CURVE('',#9378,#11076,#11084,.T.);
#11084 = B_SPLINE_CURVE_WITH_KNOTS('',4,(#11085,#11086,#11087,#11088,
    #11089,#11090,#11091,#11092,#11093,#11094,#11095,#11096,#11097,
    #11098,#11099,#11100,#11101,#11102,#11103,#11104),.UNSPECIFIED.,.F.,
  .F.,(5,3,3,3,3,3,5),(0.,5.881900016223E-02,0.532025154351,
    0.768648126779,0.886964770503,0.942180019163,1.),.UNSPECIFIED.);
#11085 = CARTESIAN_POINT('',(-13.87985832007,3.934926331655,-16.2));
#11086 = CARTESIAN_POINT('',(-13.87985832007,3.923996932608,
    -16.25882600386));
#11087 = CARTESIAN_POINT('',(-13.87985832007,3.913067579968,
    -16.31765175794));
#11088 = CARTESIAN_POINT('',(-13.87985832007,3.902138281484,
    -16.37647722053));
#11089 = CARTESIAN_POINT('',(-13.87985832007,3.803281855799,
    -16.90855848629));
#11090 = CARTESIAN_POINT('',(-13.87985832007,3.71535789977,
    -17.38179722106));
#11091 = CARTESIAN_POINT('',(-13.87985832007,3.627437259466,
    -17.85501810938));
#11092 = CARTESIAN_POINT('',(-13.87985832007,3.495557731707,
    -18.56484173058));
#11093 = CARTESIAN_POINT('',(-13.87985832007,3.451596279869,
    -18.80145826589));
#11094 = CARTESIAN_POINT('',(-13.87985832007,3.407635695987,
    -19.03807012954));
#11095 = CARTESIAN_POINT('',(-13.87985832007,3.341695184105,
    -19.39298596616));
#11096 = CARTESIAN_POINT('',(-13.87985832007,3.319714595074,
    -19.51129349703));
#11097 = CARTESIAN_POINT('',(-13.87985832007,3.297734228093,
    -19.62959983275));
#11098 = CARTESIAN_POINT('',(-13.87985832007,3.265496533316,
    -19.80311484023));
#11099 = CARTESIAN_POINT('',(-13.87985832007,3.255238983141,
    -19.85832470891));
#11100 = CARTESIAN_POINT('',(-13.87985832007,3.244981434354,
    -19.91353457013));
#11101 = CARTESIAN_POINT('',(-13.87985832007,3.223982448521,
    -20.0265587553));
#11102 = CARTESIAN_POINT('',(-13.87985832007,3.213241062217,
    -20.08437280614));
#11103 = CARTESIAN_POINT('',(-13.87985832007,3.202499734646,
    -20.14218654086));
#11104 = CARTESIAN_POINT('',(-13.87985832007,3.191758458276,-20.2));
#11105 = PLANE('',#11106);
#11106 = AXIS2_PLACEMENT_3D('',#11107,#11108,#11109);
#11107 = CARTESIAN_POINT('',(-13.87985832007,9.419118478171,-16.2));
#11108 = DIRECTION('',(-1.,0.,0.));
#11109 = DIRECTION('',(0.,-1.,0.));
#11110 = ADVANCED_FACE('',(#11111),#11184,.T.);
#11111 = FACE_BOUND('',#11112,.T.);
#11112 = EDGE_LOOP('',(#11113,#11122,#11132,#11139,#11164,#11169,#11170,
    #11171,#11178));
#11113 = ORIENTED_EDGE('',*,*,#11114,.F.);
#11114 = EDGE_CURVE('',#11115,#11117,#11119,.T.);
#11115 = VERTEX_POINT('',#11116);
#11116 = CARTESIAN_POINT('',(15.91585,2.440343535831,-24.24438861991));
#11117 = VERTEX_POINT('',#11118);
#11118 = CARTESIAN_POINT('',(12.902117207103,-1.92437580343,
    -47.73689681684));
#11119 = B_SPLINE_CURVE_WITH_KNOTS('',1,(#11120,#11121),.UNSPECIFIED.,
  .F.,.F.,(2,2),(0.,1.),.PIECEWISE_BEZIER_KNOTS.);
#11120 = CARTESIAN_POINT('',(17.076108,4.1207183,-15.2));
#11121 = CARTESIAN_POINT('',(12.902117207103,-1.92437580343,
    -47.73689681684));
#11122 = ORIENTED_EDGE('',*,*,#11123,.F.);
#11123 = EDGE_CURVE('',#11124,#11115,#11126,.T.);
#11124 = VERTEX_POINT('',#11125);
#11125 = CARTESIAN_POINT('',(15.91585,3.934926331655,-16.2));
#11126 = B_SPLINE_CURVE_WITH_KNOTS('',4,(#11127,#11128,#11129,#11130,
    #11131),.UNSPECIFIED.,.F.,.F.,(5,5),(0.,1.),
  .PIECEWISE_BEZIER_KNOTS.);
#11127 = CARTESIAN_POINT('',(15.91585,3.938100986906,-16.18291284989));
#11128 = CARTESIAN_POINT('',(15.91585,3.563361806119,-18.19989552211));
#11129 = CARTESIAN_POINT('',(15.91585,3.188806000586,-20.21589120195));
#11130 = CARTESIAN_POINT('',(15.91585,2.81445629458,-22.23077757912));
#11131 = CARTESIAN_POINT('',(15.91585,2.440343535831,-24.24438861991));
#11132 = ORIENTED_EDGE('',*,*,#11133,.F.);
#11133 = EDGE_CURVE('',#11134,#11124,#11136,.T.);
#11134 = VERTEX_POINT('',#11135);
#11135 = CARTESIAN_POINT('',(7.141160000001,3.934926331655,-16.2));
#11136 = B_SPLINE_CURVE_WITH_KNOTS('',1,(#11137,#11138),.UNSPECIFIED.,
  .F.,.F.,(2,2),(0.,1.),.PIECEWISE_BEZIER_KNOTS.);
#11137 = CARTESIAN_POINT('',(-17.94467764928,3.934926331655,-16.2));
#11138 = CARTESIAN_POINT('',(16.94782315414,3.934926331655,-16.2));
#11139 = ORIENTED_EDGE('',*,*,#11140,.T.);
#11140 = EDGE_CURVE('',#11134,#11141,#11143,.T.);
#11141 = VERTEX_POINT('',#11142);
#11142 = CARTESIAN_POINT('',(7.14116,3.191758458276,-20.2));
#11143 = B_SPLINE_CURVE_WITH_KNOTS('',4,(#11144,#11145,#11146,#11147,
    #11148,#11149,#11150,#11151,#11152,#11153,#11154,#11155,#11156,
    #11157,#11158,#11159,#11160,#11161,#11162,#11163),.UNSPECIFIED.,.F.,
  .F.,(5,3,3,3,3,3,5),(0.,5.881956706779E-02,0.532028213995,
    0.768651055288,0.886967276693,0.942182271925,1.),.UNSPECIFIED.);
#11144 = CARTESIAN_POINT('',(7.14116,3.934926331655,-16.2));
#11145 = CARTESIAN_POINT('',(7.14116,3.923996914232,-16.25882610276));
#11146 = CARTESIAN_POINT('',(7.14116,3.913067540115,-16.31765197244));
#11147 = CARTESIAN_POINT('',(7.14116,3.902138216533,-16.37647757012));
#11148 = CARTESIAN_POINT('',(7.14116,3.803281919011,-16.90855814606));
#11149 = CARTESIAN_POINT('',(7.14116,3.715357904216,-17.38179719713));
#11150 = CARTESIAN_POINT('',(7.14116,3.627436983498,-17.85501959474));
#11151 = CARTESIAN_POINT('',(7.14116,3.495556948254,-18.56484594741));
#11152 = CARTESIAN_POINT('',(7.14116,3.45159544072,-18.80146278249));
#11153 = CARTESIAN_POINT('',(7.14116,3.407634743131,-19.03807525816));
#11154 = CARTESIAN_POINT('',(7.14116,3.341694038609,-19.39299213163));
#11155 = CARTESIAN_POINT('',(7.14116,3.319713414818,-19.5112998496));
#11156 = CARTESIAN_POINT('',(7.14116,3.297732998239,-19.62960645227));
#11157 = CARTESIAN_POINT('',(7.14116,3.26549521925,-19.80312191301));
#11158 = CARTESIAN_POINT('',(7.14116,3.255237649434,-19.85833188741));
#11159 = CARTESIAN_POINT('',(7.14116,3.244980081021,-19.91354185426));
#11160 = CARTESIAN_POINT('',(7.14116,3.223981424251,-20.02656426829));
#11161 = CARTESIAN_POINT('',(7.14116,3.213240383132,-20.08437646122));
#11162 = CARTESIAN_POINT('',(7.14116,3.202499396815,-20.14218835919));
#11163 = CARTESIAN_POINT('',(7.14116,3.191758458276,-20.2));
#11164 = ORIENTED_EDGE('',*,*,#11165,.F.);
#11165 = EDGE_CURVE('',#11076,#11141,#11166,.T.);
#11166 = B_SPLINE_CURVE_WITH_KNOTS('',1,(#11167,#11168),.UNSPECIFIED.,
  .F.,.F.,(2,2),(0.,1.),.PIECEWISE_BEZIER_KNOTS.);
#11167 = CARTESIAN_POINT('',(-17.56856424641,3.191758458276,-20.2));
#11168 = CARTESIAN_POINT('',(7.14116,3.191758458276,-20.2));
#11169 = ORIENTED_EDGE('',*,*,#11083,.F.);
#11170 = ORIENTED_EDGE('',*,*,#9377,.F.);
#11171 = ORIENTED_EDGE('',*,*,#11172,.T.);
#11172 = EDGE_CURVE('',#9351,#11173,#11175,.T.);
#11173 = VERTEX_POINT('',#11174);
#11174 = CARTESIAN_POINT('',(-14.97931525483,-1.92437580343,
    -47.73689681684));
#11175 = B_SPLINE_CURVE_WITH_KNOTS('',1,(#11176,#11177),.UNSPECIFIED.,
  .F.,.F.,(2,2),(0.,1.),.PIECEWISE_BEZIER_KNOTS.);
#11176 = CARTESIAN_POINT('',(-18.038706,4.1207183,-15.2));
#11177 = CARTESIAN_POINT('',(-14.97931525483,-1.92437580343,
    -47.73689681684));
#11178 = ORIENTED_EDGE('',*,*,#11179,.T.);
#11179 = EDGE_CURVE('',#11173,#11117,#11180,.T.);
#11180 = LINE('',#11181,#11182);
#11181 = CARTESIAN_POINT('',(-14.97931525483,-1.92437580343,
    -47.73689681684));
#11182 = VECTOR('',#11183,1.);
#11183 = DIRECTION('',(1.,0.,1.232595164408E-32));
#11184 = B_SPLINE_SURFACE_WITH_KNOTS('',1,1,(
    (#11185,#11186)
    ,(#11187,#11188
    )),.UNSPECIFIED.,.F.,.F.,.F.,(2,2),(2,2),(0.,35.114814),(0.,1.),
  .PIECEWISE_BEZIER_KNOTS.);
#11185 = CARTESIAN_POINT('',(17.076108,4.1207183,-15.2));
#11186 = CARTESIAN_POINT('',(12.902117207103,-1.92437580343,
    -47.73689681684));
#11187 = CARTESIAN_POINT('',(-18.038706,4.1207183,-15.2));
#11188 = CARTESIAN_POINT('',(-14.97931525483,-1.92437580343,
    -47.73689681684));
#11189 = ADVANCED_FACE('',(#11190),#11277,.T.);
#11190 = FACE_BOUND('',#11191,.T.);
#11191 = EDGE_LOOP('',(#11192,#11193,#11194,#11236,#11263,#11270));
#11192 = ORIENTED_EDGE('',*,*,#11172,.F.);
#11193 = ORIENTED_EDGE('',*,*,#9350,.F.);
#11194 = ORIENTED_EDGE('',*,*,#11195,.T.);
#11195 = EDGE_CURVE('',#9342,#11196,#11198,.T.);
#11196 = VERTEX_POINT('',#11197);
#11197 = CARTESIAN_POINT('',(-20.37012623306,1.914118974647,-20.2));
#11198 = B_SPLINE_CURVE_WITH_KNOTS('',6,(#11199,#11200,#11201,#11202,
    #11203,#11204,#11205,#11206,#11207,#11208,#11209,#11210,#11211,
    #11212,#11213,#11214,#11215,#11216,#11217,#11218,#11219,#11220,
    #11221,#11222,#11223,#11224,#11225,#11226,#11227,#11228,#11229,
    #11230,#11231,#11232,#11233,#11234,#11235),.UNSPECIFIED.,.F.,.F.,(7,
    5,5,5,5,5,5,7),(0.,2.907168608235E-02,0.53380461197,0.76990434275,
    0.8846507056,0.94323259416,0.970456786736,1.),.UNSPECIFIED.);
#11199 = CARTESIAN_POINT('',(-20.9332614275,1.721387923593,
    -16.19947483774));
#11200 = CARTESIAN_POINT('',(-20.93201763113,1.721921436784,
    -16.21897091284));
#11201 = CARTESIAN_POINT('',(-20.93075968282,1.722460414604,
    -16.23846639447));
#11202 = CARTESIAN_POINT('',(-20.92948751949,1.723004858579,
    -16.25796126784));
#11203 = CARTESIAN_POINT('',(-20.92820107796,1.723554769652,
    -16.27745552055));
#11204 = CARTESIAN_POINT('',(-20.92690029504,1.724110148184,
    -16.29694914257));
#11205 = CARTESIAN_POINT('',(-20.90275125873,1.734408211249,
    -16.65487281376));
#11206 = CARTESIAN_POINT('',(-20.87557545869,1.745793438117,
    -16.99311036895));
#11207 = CARTESIAN_POINT('',(-20.84372406689,1.758825881575,
    -17.33109813282));
#11208 = CARTESIAN_POINT('',(-20.80682679503,1.77346050812,
    -17.66876486968));
#11209 = CARTESIAN_POINT('',(-20.76448186908,1.789578956666,
    -18.00602587366));
#11210 = CARTESIAN_POINT('',(-20.69379085496,1.815073209933,
    -18.50031590897));
#11211 = CARTESIAN_POINT('',(-20.66998913186,1.823471808266,
    -18.65773442008));
#11212 = CARTESIAN_POINT('',(-20.64487687351,1.832120319275,
    -18.81503391237));
#11213 = CARTESIAN_POINT('',(-20.61841782319,1.840989439721,
    -18.97220432856));
#11214 = CARTESIAN_POINT('',(-20.59057914148,1.850043740323,
    -19.12923548356));
#11215 = CARTESIAN_POINT('',(-20.54711971855,1.863711017267,
    -19.36236307899));
#11216 = CARTESIAN_POINT('',(-20.53257370745,1.868214765271,
    -19.438573616));
#11217 = CARTESIAN_POINT('',(-20.51769217168,1.872747460316,
    -19.51474772277));
#11218 = CARTESIAN_POINT('',(-20.50247230134,1.877303895703,
    -19.59088426747));
#11219 = CARTESIAN_POINT('',(-20.48691166053,1.881878492399,
    -19.66698214636));
#11220 = CARTESIAN_POINT('',(-20.46288892784,1.888807018542,
    -19.78187052826));
#11221 = CARTESIAN_POINT('',(-20.45468031483,1.891151920586,
    -19.82069041535));
#11222 = CARTESIAN_POINT('',(-20.44638207784,1.893499213091,
    -19.85949980264));
#11223 = CARTESIAN_POINT('',(-20.43799397872,1.895848079147,
    -19.89829855126));
#11224 = CARTESIAN_POINT('',(-20.42951581171,1.898197677017,
    -19.93708652585));
#11225 = CARTESIAN_POINT('',(-20.41696549005,1.901638983325,
    -19.99388408532));
#11226 = CARTESIAN_POINT('',(-20.41296711518,1.902729967354,
    -20.01188852065));
#11227 = CARTESIAN_POINT('',(-20.40895228612,1.903820013822,
    -20.02987703385));
#11228 = CARTESIAN_POINT('',(-20.4049210104,1.90490904401,
    -20.04784976084));
#11229 = CARTESIAN_POINT('',(-20.4008732957,1.905996978874,
    -20.06580684007));
#11230 = CARTESIAN_POINT('',(-20.39239881039,1.908263071994,
    -20.10321829038));
#11231 = CARTESIAN_POINT('',(-20.3879656209,1.909441957507,
    -20.12268535745));
#11232 = CARTESIAN_POINT('',(-20.38350956801,1.910620281067,
    -20.14214959318));
#11233 = CARTESIAN_POINT('',(-20.37903063905,1.911797926952,
    -20.16161098069));
#11234 = CARTESIAN_POINT('',(-20.37452882202,1.91297477822,
    -20.18106950684));
#11235 = CARTESIAN_POINT('',(-20.37000410556,1.91415071672,
    -20.20052516225));
#11236 = ORIENTED_EDGE('',*,*,#11237,.F.);
#11237 = EDGE_CURVE('',#11238,#11196,#11240,.T.);
#11238 = VERTEX_POINT('',#11239);
#11239 = CARTESIAN_POINT('',(-21.12605284886,-0.128715946463,-20.2));
#11240 = B_SPLINE_CURVE_WITH_KNOTS('',6,(#11241,#11242,#11243,#11244,
    #11245,#11246,#11247,#11248,#11249,#11250,#11251,#11252,#11253,
    #11254,#11255,#11256,#11257,#11258,#11259,#11260,#11261,#11262),
  .UNSPECIFIED.,.F.,.F.,(7,5,5,5,7),(0.,0.318395998651,0.495848026142,
    0.688683724562,1.),.UNSPECIFIED.);
#11241 = CARTESIAN_POINT('',(-21.12605284886,-0.128715946463,-20.2));
#11242 = CARTESIAN_POINT('',(-21.1245977438,0.157556157569,-20.2));
#11243 = CARTESIAN_POINT('',(-21.09184068978,0.443672985908,-20.2));
#11244 = CARTESIAN_POINT('',(-21.02775601421,0.725161292442,-20.2));
#11245 = CARTESIAN_POINT('',(-20.93354575057,0.998002976484,-20.2));
#11246 = CARTESIAN_POINT('',(-20.81107193016,1.258544898794,-20.2));
#11247 = CARTESIAN_POINT('',(-20.58050400198,1.640132127534,-20.2));
#11248 = CARTESIAN_POINT('',(-20.49002155177,1.771909904512,-20.2));
#11249 = CARTESIAN_POINT('',(-20.39200801022,1.8983777303,-20.2));
#11250 = CARTESIAN_POINT('',(-20.2869409394,2.019077498254,-20.2));
#11251 = CARTESIAN_POINT('',(-20.17532793122,2.133612691582,-20.2));
#11252 = CARTESIAN_POINT('',(-19.92986578658,2.359034917043,-20.2));
#11253 = CARTESIAN_POINT('',(-19.79492496996,2.468747516637,-20.2));
#11254 = CARTESIAN_POINT('',(-19.65354654173,2.570344176735,-20.2));
#11255 = CARTESIAN_POINT('',(-19.50641946097,2.663473984564,-20.2));
#11256 = CARTESIAN_POINT('',(-19.35423988399,2.747859302515,-20.2));
#11257 = CARTESIAN_POINT('',(-18.94498705408,2.945053503719,-20.2));
#11258 = CARTESIAN_POINT('',(-18.68091463737,3.04347052034,-20.2));
#11259 = CARTESIAN_POINT('',(-18.40839643293,3.11764262581,-20.2));
#11260 = CARTESIAN_POINT('',(-18.13030748664,3.16711360116,-20.2));
#11261 = CARTESIAN_POINT('',(-17.84945302592,3.191758458276,-20.2));
#11262 = CARTESIAN_POINT('',(-17.56856424641,3.191758458276,-20.2));
#11263 = ORIENTED_EDGE('',*,*,#11264,.T.);
#11264 = EDGE_CURVE('',#11238,#11265,#11267,.T.);
#11265 = VERTEX_POINT('',#11266);
#11266 = CARTESIAN_POINT('',(-21.51359902386,-5.672287001777,
    -42.38432490948));
#11267 = B_SPLINE_CURVE_WITH_KNOTS('',1,(#11268,#11269),.UNSPECIFIED.,
  .F.,.F.,(2,2),(0.,1.),.PIECEWISE_BEZIER_KNOTS.);
#11268 = CARTESIAN_POINT('',(-21.038706,1.1207183,-15.2));
#11269 = CARTESIAN_POINT('',(-21.51359902386,-5.672287001777,
    -42.38432490948));
#11270 = ORIENTED_EDGE('',*,*,#11271,.T.);
#11271 = EDGE_CURVE('',#11265,#11173,#11272,.T.);
#11272 = CIRCLE('',#11273,6.53428376903);
#11273 = AXIS2_PLACEMENT_3D('',#11274,#11275,#11276);
#11274 = CARTESIAN_POINT('',(-14.97931525483,-5.672287001777,
    -42.38432490948));
#11275 = DIRECTION('',(7.069875418646E-33,-0.819152044289,
    -0.573576436351));
#11276 = DIRECTION('',(1.,0.,1.232595164408E-32));
#11277 = B_SPLINE_SURFACE_WITH_KNOTS('',8,1,(
    (#11278,#11279)
    ,(#11280,#11281)
    ,(#11282,#11283)
    ,(#11284,#11285)
    ,(#11286,#11287)
    ,(#11288,#11289)
    ,(#11290,#11291)
    ,(#11292,#11293)
    ,(#11294,#11295
    )),.UNSPECIFIED.,.F.,.F.,.F.,(9,9),(2,2),(4.712388980385,
    6.28318530718),(0.,1.),.PIECEWISE_BEZIER_KNOTS.);
#11278 = CARTESIAN_POINT('',(-18.038706,4.1207183,-15.2));
#11279 = CARTESIAN_POINT('',(-14.97931525483,-1.92437580343,
    -47.73689681684));
#11280 = CARTESIAN_POINT('',(-18.62775462254,4.1207183,-15.2));
#11281 = CARTESIAN_POINT('',(-16.26231887266,-1.92437580343,
    -47.73689681684));
#11282 = CARTESIAN_POINT('',(-19.21680343051,3.988535933117,-15.2));
#11283 = CARTESIAN_POINT('',(-17.54532289434,-2.089511727786,
    -47.50105827563));
#11284 = CARTESIAN_POINT('',(-19.771245703,3.724172497614,
    -15.19999999999));
#11285 = CARTESIAN_POINT('',(-18.75295060835,-2.41978195457,
    -47.02938350957));
#11286 = CARTESIAN_POINT('',(-20.25648226734,3.33849456734,-15.2));
#11287 = CARTESIAN_POINT('',(-19.80984174384,-2.901610832514,
    -46.34126055793));
#11288 = CARTESIAN_POINT('',(-20.64216019761,2.853258003005,
    -15.19999999999));
#11289 = CARTESIAN_POINT('',(-20.64988475713,-3.507818683619,
    -45.47550602371));
#11290 = CARTESIAN_POINT('',(-20.90652363311,2.298815730513,-15.2));
#11291 = CARTESIAN_POINT('',(-21.2256933257,-4.200485484256,
    -44.48627531304));
#11292 = CARTESIAN_POINT('',(-21.038706,1.709766922548,-15.2));
#11293 = CARTESIAN_POINT('',(-21.51359902386,-4.936386358837,
    -43.43529994585));
#11294 = CARTESIAN_POINT('',(-21.038706,1.1207183,-15.2));
#11295 = CARTESIAN_POINT('',(-21.51359902386,-5.672287001777,
    -42.38432490948));
#11296 = ADVANCED_FACE('',(#11297),#11316,.F.);
#11297 = FACE_BOUND('',#11298,.F.);
#11298 = EDGE_LOOP('',(#11299,#11300,#11301,#11310));
#11299 = ORIENTED_EDGE('',*,*,#9341,.F.);
#11300 = ORIENTED_EDGE('',*,*,#11195,.T.);
#11301 = ORIENTED_EDGE('',*,*,#11302,.T.);
#11302 = EDGE_CURVE('',#11196,#11303,#11305,.T.);
#11303 = VERTEX_POINT('',#11304);
#11304 = CARTESIAN_POINT('',(-23.32494393548,-1.906918735484,-20.2));
#11305 = CIRCLE('',#11306,3.948006135484);
#11306 = AXIS2_PLACEMENT_3D('',#11307,#11308,#11309);
#11307 = CARTESIAN_POINT('',(-19.3769378,-1.906918735484,-20.2));
#11308 = DIRECTION('',(0.,0.,1.));
#11309 = DIRECTION('',(-1.,0.,0.));
#11310 = ORIENTED_EDGE('',*,*,#11311,.F.);
#11311 = EDGE_CURVE('',#9334,#11303,#11312,.T.);
#11312 = LINE('',#11313,#11314);
#11313 = CARTESIAN_POINT('',(-23.32494393548,-1.906918735484,-16.2));
#11314 = VECTOR('',#11315,1.);
#11315 = DIRECTION('',(0.,0.,-1.));
#11316 = CYLINDRICAL_SURFACE('',#11317,3.948006135484);
#11317 = AXIS2_PLACEMENT_3D('',#11318,#11319,#11320);
#11318 = CARTESIAN_POINT('',(-19.3769378,-1.906918735484,-16.2));
#11319 = DIRECTION('',(0.,0.,1.));
#11320 = DIRECTION('',(-1.,0.,0.));
#11321 = ADVANCED_FACE('',(#11322),#11340,.F.);
#11322 = FACE_BOUND('',#11323,.F.);
#11323 = EDGE_LOOP('',(#11324,#11325,#11333,#11339));
#11324 = ORIENTED_EDGE('',*,*,#11311,.T.);
#11325 = ORIENTED_EDGE('',*,*,#11326,.T.);
#11326 = EDGE_CURVE('',#11303,#11327,#11329,.T.);
#11327 = VERTEX_POINT('',#11328);
#11328 = CARTESIAN_POINT('',(-23.32494393548,-10.07292815483,-20.2));
#11329 = LINE('',#11330,#11331);
#11330 = CARTESIAN_POINT('',(-23.32494393548,-1.906918735484,-20.2));
#11331 = VECTOR('',#11332,1.);
#11332 = DIRECTION('',(0.,-1.,0.));
#11333 = ORIENTED_EDGE('',*,*,#11334,.F.);
#11334 = EDGE_CURVE('',#9324,#11327,#11335,.T.);
#11335 = LINE('',#11336,#11337);
#11336 = CARTESIAN_POINT('',(-23.32494393548,-10.07292815483,-16.2));
#11337 = VECTOR('',#11338,1.);
#11338 = DIRECTION('',(0.,0.,-1.));
#11339 = ORIENTED_EDGE('',*,*,#9333,.F.);
#11340 = PLANE('',#11341);
#11341 = AXIS2_PLACEMENT_3D('',#11342,#11343,#11344);
#11342 = CARTESIAN_POINT('',(-23.32494393548,-1.906918735484,-16.2));
#11343 = DIRECTION('',(-1.,0.,0.));
#11344 = DIRECTION('',(0.,-1.,0.));
#11345 = ADVANCED_FACE('',(#11346),#11365,.F.);
#11346 = FACE_BOUND('',#11347,.T.);
#11347 = EDGE_LOOP('',(#11348,#11356,#11357,#11358));
#11348 = ORIENTED_EDGE('',*,*,#11349,.F.);
#11349 = EDGE_CURVE('',#9469,#11350,#11352,.T.);
#11350 = VERTEX_POINT('',#11351);
#11351 = CARTESIAN_POINT('',(19.610174962979,66.575321930896,-20.));
#11352 = LINE('',#11353,#11354);
#11353 = CARTESIAN_POINT('',(19.610174962979,66.575321930896,-20.));
#11354 = VECTOR('',#11355,1.);
#11355 = DIRECTION('',(0.707106781187,0.,0.707106781187));
#11356 = ORIENTED_EDGE('',*,*,#9468,.T.);
#11357 = ORIENTED_EDGE('',*,*,#11349,.T.);
#11358 = ORIENTED_EDGE('',*,*,#11359,.F.);
#11359 = EDGE_CURVE('',#11350,#11350,#11360,.T.);
#11360 = CIRCLE('',#11361,1.5);
#11361 = AXIS2_PLACEMENT_3D('',#11362,#11363,#11364);
#11362 = CARTESIAN_POINT('',(21.110174962979,66.575321930896,-20.));
#11363 = DIRECTION('',(0.,0.,-1.));
#11364 = DIRECTION('',(-1.,0.,0.));
#11365 = CONICAL_SURFACE('',#11366,1.5,0.785398163397);
#11366 = AXIS2_PLACEMENT_3D('',#11367,#11368,#11369);
#11367 = CARTESIAN_POINT('',(21.110174962979,66.575321930896,-20.));
#11368 = DIRECTION('',(-0.,-0.,-1.));
#11369 = DIRECTION('',(-1.,0.,0.));
#11370 = ADVANCED_FACE('',(#11371),#11424,.F.);
#11371 = FACE_BOUND('',#11372,.F.);
#11372 = EDGE_LOOP('',(#11373,#11416,#11417,#11418));
#11373 = ORIENTED_EDGE('',*,*,#11374,.F.);
#11374 = EDGE_CURVE('',#4710,#11375,#11377,.T.);
#11375 = VERTEX_POINT('',#11376);
#11376 = CARTESIAN_POINT('',(-21.10074010552,-18.86609799184,-16.2));
#11377 = B_SPLINE_CURVE_WITH_KNOTS('',7,(#11378,#11379,#11380,#11381,
    #11382,#11383,#11384,#11385,#11386,#11387,#11388,#11389,#11390,
    #11391,#11392,#11393,#11394,#11395,#11396,#11397,#11398,#11399,
    #11400,#11401,#11402,#11403,#11404,#11405,#11406,#11407,#11408,
    #11409,#11410,#11411,#11412,#11413,#11414,#11415),.UNSPECIFIED.,.F.,
  .F.,(8,6,6,6,6,6,8),(0.,0.208949990045,0.52850560811,0.635584758301,
    0.705267857131,0.88754819169,1.),.UNSPECIFIED.);
#11378 = CARTESIAN_POINT('',(-16.71014301733,-22.35870701612,-16.2));
#11379 = CARTESIAN_POINT('',(-16.89769671218,-22.35870701612,-16.2));
#11380 = CARTESIAN_POINT('',(-17.08546771099,-22.34945247972,-16.2));
#11381 = CARTESIAN_POINT('',(-17.27292367666,-22.33199646462,-16.2));
#11382 = CARTESIAN_POINT('',(-17.45960215185,-22.30701108153,-16.2));
#11383 = CARTESIAN_POINT('',(-17.64511463489,-22.27492617551,-16.2));
#11384 = CARTESIAN_POINT('',(-17.8291456184,-22.23598712588,-16.2));
#11385 = CARTESIAN_POINT('',(-18.29024679503,-22.12025625174,-16.2));
#11386 = CARTESIAN_POINT('',(-18.56465886429,-22.03442583155,-16.2));
#11387 = CARTESIAN_POINT('',(-18.8338267753,-21.93294378519,-16.2));
#11388 = CARTESIAN_POINT('',(-19.09613411591,-21.81522394204,-16.2));
#11389 = CARTESIAN_POINT('',(-19.34935614447,-21.68036631424,-16.2));
#11390 = CARTESIAN_POINT('',(-19.59077961136,-21.52734094005,-16.2));
#11391 = CARTESIAN_POINT('',(-19.89329905585,-21.29781617484,-16.2));
#11392 = CARTESIAN_POINT('',(-19.96753168629,-21.23811015604,-16.2));
#11393 = CARTESIAN_POINT('',(-20.03994161938,-21.17629285946,-16.2));
#11394 = CARTESIAN_POINT('',(-20.11039550258,-21.11236112083,-16.2));
#11395 = CARTESIAN_POINT('',(-20.17875636155,-21.04632391326,-16.2));
#11396 = CARTESIAN_POINT('',(-20.24488600391,-20.97820499689,-16.2));
#11397 = CARTESIAN_POINT('',(-20.35014096541,-20.86238844113,-16.2));
#11398 = CARTESIAN_POINT('',(-20.39063189799,-20.81586704894,-16.2));
#11399 = CARTESIAN_POINT('',(-20.43008207013,-20.76849263539,-16.2));
#11400 = CARTESIAN_POINT('',(-20.46845433342,-20.72027940212,-16.2));
#11401 = CARTESIAN_POINT('',(-20.50571254155,-20.67124450885,-16.2));
#11402 = CARTESIAN_POINT('',(-20.54182155032,-20.62140807342,-16.2));
#11403 = CARTESIAN_POINT('',(-20.66810742459,-20.43839232611,-16.2));
#11404 = CARTESIAN_POINT('',(-20.75138898094,-20.30063979404,-16.2));
#11405 = CARTESIAN_POINT('',(-20.82595212884,-20.15798797194,-16.2));
#11406 = CARTESIAN_POINT('',(-20.89128245609,-20.01098425147,-16.2));
#11407 = CARTESIAN_POINT('',(-20.94697487215,-19.86026481815,-16.2));
#11408 = CARTESIAN_POINT('',(-20.99273236679,-19.70655223221,-16.2));
#11409 = CARTESIAN_POINT('',(-21.05037089945,-19.4544822691,-16.2));
#11410 = CARTESIAN_POINT('',(-21.06851713481,-19.35746481997,-16.2));
#11411 = CARTESIAN_POINT('',(-21.08277786241,-19.25978554076,-16.2));
#11412 = CARTESIAN_POINT('',(-21.09313024493,-19.16162652537,-16.2));
#11413 = CARTESIAN_POINT('',(-21.09956746889,-19.06317043803,-16.2));
#11414 = CARTESIAN_POINT('',(-21.10209721119,-18.96460008591,-16.2));
#11415 = CARTESIAN_POINT('',(-21.10074010552,-18.86609799184,-16.2));
#11416 = ORIENTED_EDGE('',*,*,#9489,.T.);
#11417 = ORIENTED_EDGE('',*,*,#9723,.F.);
#11418 = ORIENTED_EDGE('',*,*,#11419,.F.);
#11419 = EDGE_CURVE('',#11375,#9724,#11420,.T.);
#11420 = LINE('',#11421,#11422);
#11421 = CARTESIAN_POINT('',(-21.10074010552,-18.86609799184,-16.2));
#11422 = VECTOR('',#11423,1.);
#11423 = DIRECTION('',(0.,0.,1.));
#11424 = SURFACE_OF_LINEAR_EXTRUSION('',#11425,#11464);
#11425 = B_SPLINE_CURVE_WITH_KNOTS('',7,(#11426,#11427,#11428,#11429,
    #11430,#11431,#11432,#11433,#11434,#11435,#11436,#11437,#11438,
    #11439,#11440,#11441,#11442,#11443,#11444,#11445,#11446,#11447,
    #11448,#11449,#11450,#11451,#11452,#11453,#11454,#11455,#11456,
    #11457,#11458,#11459,#11460,#11461,#11462,#11463),.UNSPECIFIED.,.F.,
  .F.,(8,6,6,6,6,6,8),(0.,0.208949990045,0.52850560811,0.635584758301,
    0.705267857131,0.88754819169,1.),.UNSPECIFIED.);
#11426 = CARTESIAN_POINT('',(-16.71014301733,-22.35870701612,-16.2));
#11427 = CARTESIAN_POINT('',(-16.89769671218,-22.35870701612,-16.2));
#11428 = CARTESIAN_POINT('',(-17.08546771099,-22.34945247972,-16.2));
#11429 = CARTESIAN_POINT('',(-17.27292367666,-22.33199646462,-16.2));
#11430 = CARTESIAN_POINT('',(-17.45960215185,-22.30701108153,-16.2));
#11431 = CARTESIAN_POINT('',(-17.64511463489,-22.27492617551,-16.2));
#11432 = CARTESIAN_POINT('',(-17.8291456184,-22.23598712588,-16.2));
#11433 = CARTESIAN_POINT('',(-18.29024679503,-22.12025625174,-16.2));
#11434 = CARTESIAN_POINT('',(-18.56465886429,-22.03442583155,-16.2));
#11435 = CARTESIAN_POINT('',(-18.8338267753,-21.93294378519,-16.2));
#11436 = CARTESIAN_POINT('',(-19.09613411591,-21.81522394204,-16.2));
#11437 = CARTESIAN_POINT('',(-19.34935614447,-21.68036631424,-16.2));
#11438 = CARTESIAN_POINT('',(-19.59077961136,-21.52734094005,-16.2));
#11439 = CARTESIAN_POINT('',(-19.89329905585,-21.29781617484,-16.2));
#11440 = CARTESIAN_POINT('',(-19.96753168629,-21.23811015604,-16.2));
#11441 = CARTESIAN_POINT('',(-20.03994161938,-21.17629285946,-16.2));
#11442 = CARTESIAN_POINT('',(-20.11039550258,-21.11236112083,-16.2));
#11443 = CARTESIAN_POINT('',(-20.17875636155,-21.04632391326,-16.2));
#11444 = CARTESIAN_POINT('',(-20.24488600391,-20.97820499689,-16.2));
#11445 = CARTESIAN_POINT('',(-20.35014096541,-20.86238844113,-16.2));
#11446 = CARTESIAN_POINT('',(-20.39063189799,-20.81586704894,-16.2));
#11447 = CARTESIAN_POINT('',(-20.43008207013,-20.76849263539,-16.2));
#11448 = CARTESIAN_POINT('',(-20.46845433342,-20.72027940212,-16.2));
#11449 = CARTESIAN_POINT('',(-20.50571254155,-20.67124450885,-16.2));
#11450 = CARTESIAN_POINT('',(-20.54182155032,-20.62140807342,-16.2));
#11451 = CARTESIAN_POINT('',(-20.66810742459,-20.43839232611,-16.2));
#11452 = CARTESIAN_POINT('',(-20.75138898094,-20.30063979404,-16.2));
#11453 = CARTESIAN_POINT('',(-20.82595212884,-20.15798797194,-16.2));
#11454 = CARTESIAN_POINT('',(-20.89128245609,-20.01098425147,-16.2));
#11455 = CARTESIAN_POINT('',(-20.94697487215,-19.86026481815,-16.2));
#11456 = CARTESIAN_POINT('',(-20.99273236679,-19.70655223221,-16.2));
#11457 = CARTESIAN_POINT('',(-21.05037089945,-19.4544822691,-16.2));
#11458 = CARTESIAN_POINT('',(-21.06851713481,-19.35746481997,-16.2));
#11459 = CARTESIAN_POINT('',(-21.08277786241,-19.25978554076,-16.2));
#11460 = CARTESIAN_POINT('',(-21.09313024493,-19.16162652537,-16.2));
#11461 = CARTESIAN_POINT('',(-21.09956746889,-19.06317043803,-16.2));
#11462 = CARTESIAN_POINT('',(-21.10209721119,-18.96460008591,-16.2));
#11463 = CARTESIAN_POINT('',(-21.10074010552,-18.86609799184,-16.2));
#11464 = VECTOR('',#11465,1.);
#11465 = DIRECTION('',(0.,0.,-1.));
#11466 = ADVANCED_FACE('',(#11467),#11485,.T.);
#11467 = FACE_BOUND('',#11468,.T.);
#11468 = EDGE_LOOP('',(#11469,#11476,#11477,#11478));
#11469 = ORIENTED_EDGE('',*,*,#11470,.F.);
#11470 = EDGE_CURVE('',#11375,#11471,#11473,.T.);
#11471 = VERTEX_POINT('',#11472);
#11472 = CARTESIAN_POINT('',(-21.51359902386,-19.34661980432,
    -22.85535377399));
#11473 = B_SPLINE_CURVE_WITH_KNOTS('',1,(#11474,#11475),.UNSPECIFIED.,
  .F.,.F.,(2,2),(0.,1.),.PIECEWISE_BEZIER_KNOTS.);
#11474 = CARTESIAN_POINT('',(-21.038706,-18.7938972,-15.2));
#11475 = CARTESIAN_POINT('',(-21.51359902386,-19.34661980432,
    -22.85535377399));
#11476 = ORIENTED_EDGE('',*,*,#11374,.F.);
#11477 = ORIENTED_EDGE('',*,*,#9512,.T.);
#11478 = ORIENTED_EDGE('',*,*,#11479,.T.);
#11479 = EDGE_CURVE('',#9513,#11471,#11480,.T.);
#11480 = CIRCLE('',#11481,6.53428376903);
#11481 = AXIS2_PLACEMENT_3D('',#11482,#11483,#11484);
#11482 = CARTESIAN_POINT('',(-14.97931525483,-19.34661980432,
    -22.85535377399));
#11483 = DIRECTION('',(7.069875418646E-33,-0.819152044289,
    -0.573576436351));
#11484 = DIRECTION('',(1.,0.,1.232595164408E-32));
#11485 = B_SPLINE_SURFACE_WITH_KNOTS('',8,1,(
    (#11486,#11487)
    ,(#11488,#11489)
    ,(#11490,#11491)
    ,(#11492,#11493)
    ,(#11494,#11495)
    ,(#11496,#11497)
    ,(#11498,#11499)
    ,(#11500,#11501)
    ,(#11502,#11503
    )),.UNSPECIFIED.,.F.,.F.,.F.,(9,9),(2,2),(3.14159265359,
    4.712388980385),(0.,1.),.PIECEWISE_BEZIER_KNOTS.);
#11486 = CARTESIAN_POINT('',(-21.038706,-18.7938972,-15.2));
#11487 = CARTESIAN_POINT('',(-21.51359902386,-19.34661980432,
    -22.85535377399));
#11488 = CARTESIAN_POINT('',(-21.038706,-19.38294582254,-15.2));
#11489 = CARTESIAN_POINT('',(-21.51359902386,-20.08252044726,
    -21.80437873762));
#11490 = CARTESIAN_POINT('',(-20.90652363311,-19.97199463051,
    -15.19999999999));
#11491 = CARTESIAN_POINT('',(-21.2256933257,-20.81842132184,
    -20.75340337043));
#11492 = CARTESIAN_POINT('',(-20.64216019761,-20.526436903,-15.2));
#11493 = CARTESIAN_POINT('',(-20.64988475713,-21.51108812247,
    -19.76417265976));
#11494 = CARTESIAN_POINT('',(-20.25648226733,-21.01167346733,
    -15.19999999999));
#11495 = CARTESIAN_POINT('',(-19.80984174384,-22.11729597358,
    -18.89841812553));
#11496 = CARTESIAN_POINT('',(-19.771245703,-21.39735139761,-15.2));
#11497 = CARTESIAN_POINT('',(-18.75295060835,-22.59912485152,
    -18.2102951739));
#11498 = CARTESIAN_POINT('',(-19.21680343051,-21.66171483311,-15.2));
#11499 = CARTESIAN_POINT('',(-17.54532289434,-22.92939507831,
    -17.73862040784));
#11500 = CARTESIAN_POINT('',(-18.62775462254,-21.7938972,-15.2));
#11501 = CARTESIAN_POINT('',(-16.26231887266,-23.09453100266,
    -17.50278186663));
#11502 = CARTESIAN_POINT('',(-18.038706,-21.7938972,-15.2));
#11503 = CARTESIAN_POINT('',(-14.97931525483,-23.09453100266,
    -17.50278186663));
#11504 = ADVANCED_FACE('',(#11505),#11549,.T.);
#11505 = FACE_BOUND('',#11506,.T.);
#11506 = EDGE_LOOP('',(#11507,#11513,#11514,#11515,#11516,#11524,#11532,
    #11540,#11547,#11548));
#11507 = ORIENTED_EDGE('',*,*,#11508,.F.);
#11508 = EDGE_CURVE('',#11471,#11265,#11509,.T.);
#11509 = LINE('',#11510,#11511);
#11510 = CARTESIAN_POINT('',(-21.51359902386,-19.34661980432,
    -22.85535377399));
#11511 = VECTOR('',#11512,1.);
#11512 = DIRECTION('',(-1.232595164408E-32,0.573576436351,
    -0.819152044289));
#11513 = ORIENTED_EDGE('',*,*,#11479,.F.);
#11514 = ORIENTED_EDGE('',*,*,#9527,.F.);
#11515 = ORIENTED_EDGE('',*,*,#9550,.F.);
#11516 = ORIENTED_EDGE('',*,*,#11517,.T.);
#11517 = EDGE_CURVE('',#9544,#11518,#11520,.T.);
#11518 = VERTEX_POINT('',#11519);
#11519 = CARTESIAN_POINT('',(19.91585,-19.34661980432,-22.85535377399));
#11520 = LINE('',#11521,#11522);
#11521 = CARTESIAN_POINT('',(15.91585,-19.34661980432,-22.85535377399));
#11522 = VECTOR('',#11523,1.);
#11523 = DIRECTION('',(1.,0.,0.));
#11524 = ORIENTED_EDGE('',*,*,#11525,.T.);
#11525 = EDGE_CURVE('',#11518,#11526,#11528,.T.);
#11526 = VERTEX_POINT('',#11527);
#11527 = CARTESIAN_POINT('',(19.91585,-5.672287001777,-42.38432490948));
#11528 = LINE('',#11529,#11530);
#11529 = CARTESIAN_POINT('',(19.91585,-19.34661980432,-22.85535377399));
#11530 = VECTOR('',#11531,1.);
#11531 = DIRECTION('',(0.,0.573576436351,-0.819152044289));
#11532 = ORIENTED_EDGE('',*,*,#11533,.F.);
#11533 = EDGE_CURVE('',#11534,#11526,#11536,.T.);
#11534 = VERTEX_POINT('',#11535);
#11535 = CARTESIAN_POINT('',(19.436400976133,-5.672287001777,
    -42.38432490948));
#11536 = LINE('',#11537,#11538);
#11537 = CARTESIAN_POINT('',(15.91585,-5.672287001777,-42.38432490948));
#11538 = VECTOR('',#11539,1.);
#11539 = DIRECTION('',(1.,0.,0.));
#11540 = ORIENTED_EDGE('',*,*,#11541,.F.);
#11541 = EDGE_CURVE('',#11117,#11534,#11542,.T.);
#11542 = CIRCLE('',#11543,6.53428376903);
#11543 = AXIS2_PLACEMENT_3D('',#11544,#11545,#11546);
#11544 = CARTESIAN_POINT('',(12.902117207103,-5.672287001777,
    -42.38432490948));
#11545 = DIRECTION('',(7.069875418646E-33,-0.819152044289,
    -0.573576436351));
#11546 = DIRECTION('',(1.,0.,1.232595164408E-32));
#11547 = ORIENTED_EDGE('',*,*,#11179,.F.);
#11548 = ORIENTED_EDGE('',*,*,#11271,.F.);
#11549 = PLANE('',#11550);
#11550 = AXIS2_PLACEMENT_3D('',#11551,#11552,#11553);
#11551 = CARTESIAN_POINT('',(-0.82276834758,-12.50945340304,
    -32.61983934173));
#11552 = DIRECTION('',(-7.024285468437E-17,0.819152044289,0.573576436351
    ));
#11553 = DIRECTION('',(1.003171929054E-16,0.573576436351,-0.819152044289
    ));
#11554 = ADVANCED_FACE('',(#11555),#11624,.T.);
#11555 = FACE_BOUND('',#11556,.T.);
#11556 = EDGE_LOOP('',(#11557,#11558,#11585,#11592,#11599));
#11557 = ORIENTED_EDGE('',*,*,#9543,.F.);
#11558 = ORIENTED_EDGE('',*,*,#11559,.F.);
#11559 = EDGE_CURVE('',#11560,#4653,#11562,.T.);
#11560 = VERTEX_POINT('',#11561);
#11561 = CARTESIAN_POINT('',(20.052575798042,0.870831450707,-16.2));
#11562 = B_SPLINE_CURVE_WITH_KNOTS('',6,(#11563,#11564,#11565,#11566,
    #11567,#11568,#11569,#11570,#11571,#11572,#11573,#11574,#11575,
    #11576,#11577,#11578,#11579,#11580,#11581,#11582,#11583,#11584),
  .UNSPECIFIED.,.F.,.F.,(7,5,5,5,7),(0.,0.427923097301,0.723088317101,
    0.926532224902,1.),.UNSPECIFIED.);
#11563 = CARTESIAN_POINT('',(20.052575798042,0.870831450707,-16.2));
#11564 = CARTESIAN_POINT('',(20.051373251298,-0.542219822886,-16.2));
#11565 = CARTESIAN_POINT('',(20.050022922886,-1.955012899837,-16.2));
#11566 = CARTESIAN_POINT('',(20.048491734989,-3.367490136463,-16.2));
#11567 = CARTESIAN_POINT('',(20.046728698272,-4.779562329791,-16.2));
#11568 = CARTESIAN_POINT('',(20.044668111982,-6.191114325329,-16.2));
#11569 = CARTESIAN_POINT('',(20.040435240425,-8.574987902464,-16.2));
#11570 = CARTESIAN_POINT('',(20.038495636798,-9.547716168211,-16.2));
#11571 = CARTESIAN_POINT('',(20.036296992416,-10.51999124076,-16.2));
#11572 = CARTESIAN_POINT('',(20.033766343952,-11.49168499831,-16.2));
#11573 = CARTESIAN_POINT('',(20.030809836771,-12.46263199685,-16.2));
#11574 = CARTESIAN_POINT('',(20.02474097808,-14.10092155493,-16.2));
#11575 = CARTESIAN_POINT('',(20.021962108238,-14.76884856546,-16.2));
#11576 = CARTESIAN_POINT('',(20.018813102598,-15.43612558656,-16.2));
#11577 = CARTESIAN_POINT('',(20.015189453744,-16.10256769365,-16.2));
#11578 = CARTESIAN_POINT('',(20.010957352981,-16.7679362145,-16.2));
#11579 = CARTESIAN_POINT('',(20.003957136631,-17.67138919924,-16.2));
#11580 = CARTESIAN_POINT('',(20.001981095466,-17.9108750202,-16.2));
#11581 = CARTESIAN_POINT('',(19.9998717077,-18.15012454919,-16.2));
#11582 = CARTESIAN_POINT('',(19.997611749162,-18.38910688456,-16.2));
#11583 = CARTESIAN_POINT('',(19.995179119324,-18.627782229,-16.2));
#11584 = CARTESIAN_POINT('',(19.992544647769,-18.86609799184,-16.2));
#11585 = ORIENTED_EDGE('',*,*,#11586,.T.);
#11586 = EDGE_CURVE('',#11560,#11587,#11589,.T.);
#11587 = VERTEX_POINT('',#11588);
#11588 = CARTESIAN_POINT('',(19.91585,-0.581050483265,-22.01015742958));
#11589 = B_SPLINE_CURVE_WITH_KNOTS('',1,(#11590,#11591),.UNSPECIFIED.,
  .F.,.F.,(2,2),(0.,1.),.PIECEWISE_BEZIER_KNOTS.);
#11590 = CARTESIAN_POINT('',(20.076108,1.1207183,-15.2));
#11591 = CARTESIAN_POINT('',(19.436400976133,-5.672287001777,
    -42.38432490948));
#11592 = ORIENTED_EDGE('',*,*,#11593,.T.);
#11593 = EDGE_CURVE('',#11587,#11594,#11596,.T.);
#11594 = VERTEX_POINT('',#11595);
#11595 = CARTESIAN_POINT('',(19.91585,-16.13812444913,-17.86273069111));
#11596 = B_SPLINE_CURVE_WITH_KNOTS('',1,(#11597,#11598),.UNSPECIFIED.,
  .F.,.F.,(2,2),(0.,1.),.PIECEWISE_BEZIER_KNOTS.);
#11597 = CARTESIAN_POINT('',(19.91585,-0.581050483265,-22.01015742958));
#11598 = CARTESIAN_POINT('',(19.91585,-18.93236405407,-17.11780243039));
#11599 = ORIENTED_EDGE('',*,*,#11600,.T.);
#11600 = EDGE_CURVE('',#11594,#9544,#11601,.T.);
#11601 = B_SPLINE_CURVE_WITH_KNOTS('',6,(#11602,#11603,#11604,#11605,
    #11606,#11607,#11608,#11609,#11610,#11611,#11612,#11613,#11614,
    #11615,#11616,#11617,#11618,#11619,#11620,#11621,#11622,#11623),
  .UNSPECIFIED.,.F.,.F.,(7,5,5,5,7),(0.,1.347166129591E-02,0.42306691843
    ,0.759209291835,1.),.UNSPECIFIED.);
#11602 = CARTESIAN_POINT('',(19.91585,-16.13812444913,-17.86273069111));
#11603 = CARTESIAN_POINT('',(19.915056545673,-16.14563020161,
    -17.87441011991));
#11604 = CARTESIAN_POINT('',(19.914262075932,-16.15313491861,
    -17.88608793744));
#11605 = CARTESIAN_POINT('',(19.913466579383,-16.16063867411,
    -17.89776425883));
#11606 = CARTESIAN_POINT('',(19.912670049603,-16.16814149481,
    -17.9094391256));
#11607 = CARTESIAN_POINT('',(19.911872485131,-16.17564336009,
    -17.92111250567));
#11608 = CARTESIAN_POINT('',(19.886793217128,-16.41120139713,
    -18.28765581116));
#11609 = CARTESIAN_POINT('',(19.861556266121,-16.63834116123,
    -18.64109974787));
#11610 = CARTESIAN_POINT('',(19.83527111352,-16.86446160612,
    -18.992957559));
#11611 = CARTESIAN_POINT('',(19.807827752992,-17.08942925898,
    -19.34302155232));
#11612 = CARTESIAN_POINT('',(19.779092962321,-17.31307394948,
    -19.69102693195));
#11613 = CARTESIAN_POINT('',(19.724101195028,-17.7174321928,
    -20.32023410724));
#11614 = CARTESIAN_POINT('',(19.698324624179,-17.89864710512,
    -20.60221605018));
#11615 = CARTESIAN_POINT('',(19.671460439334,-18.07868952827,
    -20.88237352533));
#11616 = CARTESIAN_POINT('',(19.643390293569,-18.25739557666,
    -21.16045151625));
#11617 = CARTESIAN_POINT('',(19.613970686408,-18.43455373051,
    -21.43612088471));
#11618 = CARTESIAN_POINT('',(19.560826754606,-18.73546487792,
    -21.90435779146));
#11619 = CARTESIAN_POINT('',(19.537855011828,-18.8601078852,
    -22.0983102478));
#11620 = CARTESIAN_POINT('',(19.514019374076,-18.98369957509,
    -22.29062678732));
#11621 = CARTESIAN_POINT('',(19.489237279917,-19.1061062678,
    -22.48109939578));
#11622 = CARTESIAN_POINT('',(19.463407404292,-19.2271544886,
    -22.66945813543));
#11623 = CARTESIAN_POINT('',(19.436400976133,-19.34661980432,
    -22.85535377399));
#11624 = B_SPLINE_SURFACE_WITH_KNOTS('',1,1,(
    (#11625,#11626)
    ,(#11627,#11628
    )),.UNSPECIFIED.,.F.,.F.,.F.,(2,2),(2,2),(-23.84047170685,0.),(0.,1.
    ),.PIECEWISE_BEZIER_KNOTS.);
#11625 = CARTESIAN_POINT('',(20.076108,-18.7938972,-15.2));
#11626 = CARTESIAN_POINT('',(19.436400976133,-19.34661980432,
    -22.85535377399));
#11627 = CARTESIAN_POINT('',(20.076108,1.1207183,-15.2));
#11628 = CARTESIAN_POINT('',(19.436400976133,-5.672287001777,
    -42.38432490948));
#11629 = ADVANCED_FACE('',(#11630),#11641,.F.);
#11630 = FACE_BOUND('',#11631,.F.);
#11631 = EDGE_LOOP('',(#11632,#11633,#11639,#11640));
#11632 = ORIENTED_EDGE('',*,*,#11559,.F.);
#11633 = ORIENTED_EDGE('',*,*,#11634,.T.);
#11634 = EDGE_CURVE('',#11560,#9636,#11635,.T.);
#11635 = LINE('',#11636,#11637);
#11636 = CARTESIAN_POINT('',(20.052575798042,0.870831450707,-16.2));
#11637 = VECTOR('',#11638,1.);
#11638 = DIRECTION('',(0.,0.,1.));
#11639 = ORIENTED_EDGE('',*,*,#9648,.F.);
#11640 = ORIENTED_EDGE('',*,*,#9589,.F.);
#11641 = SURFACE_OF_LINEAR_EXTRUSION('',#11642,#11665);
#11642 = B_SPLINE_CURVE_WITH_KNOTS('',6,(#11643,#11644,#11645,#11646,
    #11647,#11648,#11649,#11650,#11651,#11652,#11653,#11654,#11655,
    #11656,#11657,#11658,#11659,#11660,#11661,#11662,#11663,#11664),
  .UNSPECIFIED.,.F.,.F.,(7,5,5,5,7),(0.,0.427923097301,0.723088317101,
    0.926532224902,1.),.UNSPECIFIED.);
#11643 = CARTESIAN_POINT('',(20.052575798042,0.870831450707,-16.2));
#11644 = CARTESIAN_POINT('',(20.051373251298,-0.542219822886,-16.2));
#11645 = CARTESIAN_POINT('',(20.050022922886,-1.955012899837,-16.2));
#11646 = CARTESIAN_POINT('',(20.048491734989,-3.367490136463,-16.2));
#11647 = CARTESIAN_POINT('',(20.046728698272,-4.779562329791,-16.2));
#11648 = CARTESIAN_POINT('',(20.044668111982,-6.191114325329,-16.2));
#11649 = CARTESIAN_POINT('',(20.040435240425,-8.574987902464,-16.2));
#11650 = CARTESIAN_POINT('',(20.038495636798,-9.547716168211,-16.2));
#11651 = CARTESIAN_POINT('',(20.036296992416,-10.51999124076,-16.2));
#11652 = CARTESIAN_POINT('',(20.033766343952,-11.49168499831,-16.2));
#11653 = CARTESIAN_POINT('',(20.030809836771,-12.46263199685,-16.2));
#11654 = CARTESIAN_POINT('',(20.02474097808,-14.10092155493,-16.2));
#11655 = CARTESIAN_POINT('',(20.021962108238,-14.76884856546,-16.2));
#11656 = CARTESIAN_POINT('',(20.018813102598,-15.43612558656,-16.2));
#11657 = CARTESIAN_POINT('',(20.015189453744,-16.10256769365,-16.2));
#11658 = CARTESIAN_POINT('',(20.010957352981,-16.7679362145,-16.2));
#11659 = CARTESIAN_POINT('',(20.003957136631,-17.67138919924,-16.2));
#11660 = CARTESIAN_POINT('',(20.001981095466,-17.9108750202,-16.2));
#11661 = CARTESIAN_POINT('',(19.9998717077,-18.15012454919,-16.2));
#11662 = CARTESIAN_POINT('',(19.997611749162,-18.38910688456,-16.2));
#11663 = CARTESIAN_POINT('',(19.995179119324,-18.627782229,-16.2));
#11664 = CARTESIAN_POINT('',(19.992544647769,-18.86609799184,-16.2));
#11665 = VECTOR('',#11666,1.);
#11666 = DIRECTION('',(0.,0.,-1.));
#11667 = ADVANCED_FACE('',(#11668),#11710,.F.);
#11668 = FACE_BOUND('',#11669,.F.);
#11669 = EDGE_LOOP('',(#11670,#11702,#11708,#11709));
#11670 = ORIENTED_EDGE('',*,*,#11671,.F.);
#11671 = EDGE_CURVE('',#11672,#11560,#11674,.T.);
#11672 = VERTEX_POINT('',#11673);
#11673 = CARTESIAN_POINT('',(19.91585,1.774146227515,-16.2));
#11674 = B_SPLINE_CURVE_WITH_KNOTS('',6,(#11675,#11676,#11677,#11678,
    #11679,#11680,#11681,#11682,#11683,#11684,#11685,#11686,#11687,
    #11688,#11689,#11690,#11691,#11692,#11693,#11694,#11695,#11696,
    #11697,#11698,#11699,#11700,#11701),.UNSPECIFIED.,.F.,.F.,(7,5,5,5,5
    ,7),(0.,0.257960035126,0.443256981782,0.624989300169,0.956759020945,
    1.),.UNSPECIFIED.);
#11675 = CARTESIAN_POINT('',(16.94782315414,3.934926331655,-16.2));
#11676 = CARTESIAN_POINT('',(17.156339537317,3.934926331655,-16.2));
#11677 = CARTESIAN_POINT('',(17.364855620974,3.91843974275,-16.2));
#11678 = CARTESIAN_POINT('',(17.57171724879,3.885432927293,-16.2));
#11679 = CARTESIAN_POINT('',(17.775291320955,3.836087631016,-16.2));
#11680 = CARTESIAN_POINT('',(17.973965053747,3.770776144371,-16.2));
#11681 = CARTESIAN_POINT('',(18.304216441502,3.632151491532,-16.2));
#11682 = CARTESIAN_POINT('',(18.43893627817,3.566271688697,-16.2));
#11683 = CARTESIAN_POINT('',(18.569736797922,3.492683722417,-16.2));
#11684 = CARTESIAN_POINT('',(18.696058089757,3.411661747081,-16.2));
#11685 = CARTESIAN_POINT('',(18.817365169525,3.323533989673,-16.2));
#11686 = CARTESIAN_POINT('',(19.046708054798,3.135659361512,-16.2));
#11687 = CARTESIAN_POINT('',(19.15495754062,3.03616594481,-16.2));
#11688 = CARTESIAN_POINT('',(19.257419556689,2.93056716831,-16.2));
#11689 = CARTESIAN_POINT('',(19.35365088585,2.819269111591,-16.2));
#11690 = CARTESIAN_POINT('',(19.443247116432,2.702721779153,-16.2));
#11691 = CARTESIAN_POINT('',(19.676636605411,2.359972056642,-16.2));
#11692 = CARTESIAN_POINT('',(19.804144792067,2.122621270844,-16.2));
#11693 = CARTESIAN_POINT('',(19.906085320025,1.87245237708,-16.2));
#11694 = CARTESIAN_POINT('',(19.980877373721,1.612862239482,-16.2));
#11695 = CARTESIAN_POINT('',(20.027475437366,1.347472888483,-16.2));
#11696 = CARTESIAN_POINT('',(20.047998202207,1.045347066804,-16.2));
#11697 = CARTESIAN_POINT('',(20.04988152727,1.010476946168,-16.2));
#11698 = CARTESIAN_POINT('',(20.051281205817,0.975581968823,-16.2));
#11699 = CARTESIAN_POINT('',(20.052196875588,0.940670487619,-16.2));
#11700 = CARTESIAN_POINT('',(20.052628385979,0.905750860541,-16.2));
#11701 = CARTESIAN_POINT('',(20.052575798042,0.870831450707,-16.2));
#11702 = ORIENTED_EDGE('',*,*,#11703,.T.);
#11703 = EDGE_CURVE('',#11672,#9628,#11704,.T.);
#11704 = LINE('',#11705,#11706);
#11705 = CARTESIAN_POINT('',(19.91585,1.774146227515,-16.2));
#11706 = VECTOR('',#11707,1.);
#11707 = DIRECTION('',(0.,0.,1.));
#11708 = ORIENTED_EDGE('',*,*,#9635,.F.);
#11709 = ORIENTED_EDGE('',*,*,#11634,.F.);
#11710 = SURFACE_OF_LINEAR_EXTRUSION('',#11711,#11724);
#11711 = B_SPLINE_CURVE_WITH_KNOTS('',6,(#11712,#11713,#11714,#11715,
    #11716,#11717,#11718,#11719,#11720,#11721,#11722,#11723),
  .UNSPECIFIED.,.F.,.F.,(7,5,7),(0.810709501535,0.956759020945,1.),
  .UNSPECIFIED.);
#11712 = CARTESIAN_POINT('',(19.91585,1.774146227515,-16.2));
#11713 = CARTESIAN_POINT('',(19.95090860915,1.661548374908,-16.2));
#11714 = CARTESIAN_POINT('',(19.980705628467,1.54731182353,-16.2));
#11715 = CARTESIAN_POINT('',(20.005139926313,1.431739554868,-16.2));
#11716 = CARTESIAN_POINT('',(20.024134789555,1.315144256621,-16.2));
#11717 = CARTESIAN_POINT('',(20.037639126083,1.197848175201,-16.2));
#11718 = CARTESIAN_POINT('',(20.047998202207,1.045347066804,-16.2));
#11719 = CARTESIAN_POINT('',(20.04988152727,1.010476946168,-16.2));
#11720 = CARTESIAN_POINT('',(20.051281205817,0.975581968823,-16.2));
#11721 = CARTESIAN_POINT('',(20.052196875588,0.940670487619,-16.2));
#11722 = CARTESIAN_POINT('',(20.052628385979,0.905750860541,-16.2));
#11723 = CARTESIAN_POINT('',(20.052575798042,0.870831450707,-16.2));
#11724 = VECTOR('',#11725,1.);
#11725 = DIRECTION('',(0.,0.,-1.));
#11726 = ADVANCED_FACE('',(#11727),#11814,.T.);
#11727 = FACE_BOUND('',#11728,.T.);
#11728 = EDGE_LOOP('',(#11729,#11737,#11743,#11750,#11751,#11757,#11758,
    #11812,#11813));
#11729 = ORIENTED_EDGE('',*,*,#11730,.T.);
#11730 = EDGE_CURVE('',#9620,#11731,#11733,.T.);
#11731 = VERTEX_POINT('',#11732);
#11732 = CARTESIAN_POINT('',(19.91585,25.0135557,-20.2));
#11733 = LINE('',#11734,#11735);
#11734 = CARTESIAN_POINT('',(19.91585,25.0135557,-15.61663242735));
#11735 = VECTOR('',#11736,1.);
#11736 = DIRECTION('',(0.,0.,-1.));
#11737 = ORIENTED_EDGE('',*,*,#11738,.T.);
#11738 = EDGE_CURVE('',#11731,#10763,#11739,.T.);
#11739 = LINE('',#11740,#11741);
#11740 = CARTESIAN_POINT('',(19.91585,12.058200788829,-20.2));
#11741 = VECTOR('',#11742,1.);
#11742 = DIRECTION('',(0.,1.,0.));
#11743 = ORIENTED_EDGE('',*,*,#11744,.F.);
#11744 = EDGE_CURVE('',#11526,#10763,#11745,.T.);
#11745 = CIRCLE('',#11746,37.240515800176);
#11746 = AXIS2_PLACEMENT_3D('',#11747,#11748,#11749);
#11747 = CARTESIAN_POINT('',(19.91585,4.98615787607,-6.701646060366));
#11748 = DIRECTION('',(1.,0.,0.));
#11749 = DIRECTION('',(0.,-1.,0.));
#11750 = ORIENTED_EDGE('',*,*,#11525,.F.);
#11751 = ORIENTED_EDGE('',*,*,#11752,.F.);
#11752 = EDGE_CURVE('',#11594,#11518,#11753,.T.);
#11753 = LINE('',#11754,#11755);
#11754 = CARTESIAN_POINT('',(19.91585,1.88333,10.1798));
#11755 = VECTOR('',#11756,1.);
#11756 = DIRECTION('',(0.,-0.540632628138,-0.84125879573));
#11757 = ORIENTED_EDGE('',*,*,#11593,.F.);
#11758 = ORIENTED_EDGE('',*,*,#11759,.F.);
#11759 = EDGE_CURVE('',#11672,#11587,#11760,.T.);
#11760 = B_SPLINE_CURVE_WITH_KNOTS('',8,(#11761,#11762,#11763,#11764,
    #11765,#11766,#11767,#11768,#11769,#11770,#11771,#11772,#11773,
    #11774,#11775,#11776,#11777,#11778,#11779,#11780,#11781,#11782,
    #11783,#11784,#11785,#11786,#11787,#11788,#11789,#11790,#11791,
    #11792,#11793,#11794,#11795,#11796,#11797,#11798,#11799,#11800,
    #11801,#11802,#11803,#11804,#11805,#11806,#11807,#11808,#11809,
    #11810,#11811),.UNSPECIFIED.,.F.,.F.,(9,7,7,7,7,7,7,9),(0.,
    0.520054335804,0.762938588578,0.876589313019,0.933212414894,
    0.955055541185,0.982344831822,1.),.UNSPECIFIED.);
#11761 = CARTESIAN_POINT('',(19.91585,1.815553271088,-16.06936495926));
#11762 = CARTESIAN_POINT('',(19.91585,1.686748901878,-16.47634726558));
#11763 = CARTESIAN_POINT('',(19.91585,1.556696690855,-16.88291348489));
#11764 = CARTESIAN_POINT('',(19.91585,1.425235894347,-17.28902198751));
#11765 = CARTESIAN_POINT('',(19.91585,1.292157779756,-17.69460343461));
#11766 = CARTESIAN_POINT('',(19.91585,1.157222028365,-18.09956709273));
#11767 = CARTESIAN_POINT('',(19.91585,1.020046229256,-18.50376147727));
#11768 = CARTESIAN_POINT('',(19.91585,0.880172704402,-18.90699834086));
#11769 = CARTESIAN_POINT('',(19.91585,0.669522763101,-19.49657855791));
#11770 = CARTESIAN_POINT('',(19.91585,0.601656251852,-19.68396375702));
#11771 = CARTESIAN_POINT('',(19.91585,0.532878003087,-19.87101046462));
#11772 = CARTESIAN_POINT('',(19.91585,0.463051218768,-20.05766700577));
#11773 = CARTESIAN_POINT('',(19.91585,0.392018814798,-20.24386337415));
#11774 = CARTESIAN_POINT('',(19.91585,0.319532323516,-20.42948179205));
#11775 = CARTESIAN_POINT('',(19.91585,0.245293714739,-20.61437421448));
#11776 = CARTESIAN_POINT('',(19.91585,0.132774868822,-20.88426862145));
#11777 = CARTESIAN_POINT('',(19.91585,9.638550661091E-02,-20.97006232139
    ));
#11778 = CARTESIAN_POINT('',(19.91585,5.939950767348E-02,-21.05559421127
    ));
#11779 = CARTESIAN_POINT('',(19.91585,2.173687513656E-02,-21.14082911359
    ));
#11780 = CARTESIAN_POINT('',(19.91585,-1.671863921773E-02,
    -21.22570366585));
#11781 = CARTESIAN_POINT('',(19.91585,-5.610927739047E-02,-21.3101316167
    ));
#11782 = CARTESIAN_POINT('',(19.91585,-9.663342410242E-02,
    -21.39398962947));
#11783 = CARTESIAN_POINT('',(19.91585,-0.159654496087,-21.51842197593));
#11784 = CARTESIAN_POINT('',(19.91585,-0.180985182846,-21.5595847038));
#11785 = CARTESIAN_POINT('',(19.91585,-0.202748352475,-21.60051337383));
#11786 = CARTESIAN_POINT('',(19.91585,-0.225004209336,-21.64117666664));
#11787 = CARTESIAN_POINT('',(19.91585,-0.247839709764,-21.68151250912));
#11788 = CARTESIAN_POINT('',(19.91585,-0.271358337381,-21.72143495243));
#11789 = CARTESIAN_POINT('',(19.91585,-0.295702989019,-21.76082067874));
#11790 = CARTESIAN_POINT('',(19.91585,-0.33100916493,-21.81432486848));
#11791 = CARTESIAN_POINT('',(19.91585,-0.340701696097,-21.82864208299));
#11792 = CARTESIAN_POINT('',(19.91585,-0.350257556495,-21.84238032155));
#11793 = CARTESIAN_POINT('',(19.91585,-0.359675972082,-21.85553781683));
#11794 = CARTESIAN_POINT('',(19.91585,-0.36895619948,-21.86811293437));
#11795 = CARTESIAN_POINT('',(19.91585,-0.378097525973,-21.88010417265));
#11796 = CARTESIAN_POINT('',(19.91585,-0.387099269515,-21.89151016302));
#11797 = CARTESIAN_POINT('',(19.91585,-0.407031735182,-21.91584681288));
#11798 = CARTESIAN_POINT('',(19.91585,-0.41836540959,-21.92903607271));
#11799 = CARTESIAN_POINT('',(19.91585,-0.43005073545,-21.94191025236));
#11800 = CARTESIAN_POINT('',(19.91585,-0.442169957709,-21.95440995106));
#11801 = CARTESIAN_POINT('',(19.91585,-0.454785441193,-21.96643871421));
#11802 = CARTESIAN_POINT('',(19.91585,-0.467990043841,-21.97777315095));
#11803 = CARTESIAN_POINT('',(19.91585,-0.481847740477,-21.98816317883));
#11804 = CARTESIAN_POINT('',(19.91585,-0.506164554894,-22.00277092526));
#11805 = CARTESIAN_POINT('',(19.91585,-0.516171771655,-22.00791764803));
#11806 = CARTESIAN_POINT('',(19.91585,-0.52664929538,-22.01226044217));
#11807 = CARTESIAN_POINT('',(19.91585,-0.537534140586,-22.01547247672));
#11808 = CARTESIAN_POINT('',(19.91585,-0.548684258599,-22.01716069358));
#11809 = CARTESIAN_POINT('',(19.91585,-0.559878755271,-22.01691147491));
#11810 = CARTESIAN_POINT('',(19.91585,-0.5708089992,-22.01446599006));
#11811 = CARTESIAN_POINT('',(19.91585,-0.581050483265,-22.01015742958));
#11812 = ORIENTED_EDGE('',*,*,#11703,.T.);
#11813 = ORIENTED_EDGE('',*,*,#9627,.T.);
#11814 = PLANE('',#11815);
#11815 = AXIS2_PLACEMENT_3D('',#11816,#11817,#11818);
#11816 = CARTESIAN_POINT('',(19.91585,9.789251603112,-26.05868008806));
#11817 = DIRECTION('',(-1.,0.,-1.224646799147E-16));
#11818 = DIRECTION('',(1.224646799147E-16,0.,-1.));
#11819 = ADVANCED_FACE('',(#11820),#11838,.T.);
#11820 = FACE_BOUND('',#11821,.T.);
#11821 = EDGE_LOOP('',(#11822,#11823,#11831,#11837));
#11822 = ORIENTED_EDGE('',*,*,#9619,.F.);
#11823 = ORIENTED_EDGE('',*,*,#11824,.F.);
#11824 = EDGE_CURVE('',#11825,#9612,#11827,.T.);
#11825 = VERTEX_POINT('',#11826);
#11826 = CARTESIAN_POINT('',(21.7095334,25.0135557,-20.2));
#11827 = LINE('',#11828,#11829);
#11828 = CARTESIAN_POINT('',(21.7095334,25.0135557,-16.2));
#11829 = VECTOR('',#11830,1.);
#11830 = DIRECTION('',(0.,0.,1.));
#11831 = ORIENTED_EDGE('',*,*,#11832,.T.);
#11832 = EDGE_CURVE('',#11825,#11731,#11833,.T.);
#11833 = LINE('',#11834,#11835);
#11834 = CARTESIAN_POINT('',(21.7095334,25.0135557,-20.2));
#11835 = VECTOR('',#11836,1.);
#11836 = DIRECTION('',(-1.,0.,0.));
#11837 = ORIENTED_EDGE('',*,*,#11730,.F.);
#11838 = PLANE('',#11839);
#11839 = AXIS2_PLACEMENT_3D('',#11840,#11841,#11842);
#11840 = CARTESIAN_POINT('',(20.8126917,25.0135557,-16.));
#11841 = DIRECTION('',(0.,1.,0.));
#11842 = DIRECTION('',(1.224646799147E-16,0.,-1.));
#11843 = ADVANCED_FACE('',(#11844),#11856,.T.);
#11844 = FACE_BOUND('',#11845,.T.);
#11845 = EDGE_LOOP('',(#11846,#11847,#11848,#11849,#11850));
#11846 = ORIENTED_EDGE('',*,*,#11824,.T.);
#11847 = ORIENTED_EDGE('',*,*,#9611,.F.);
#11848 = ORIENTED_EDGE('',*,*,#10573,.F.);
#11849 = ORIENTED_EDGE('',*,*,#10778,.T.);
#11850 = ORIENTED_EDGE('',*,*,#11851,.T.);
#11851 = EDGE_CURVE('',#10771,#11825,#11852,.T.);
#11852 = LINE('',#11853,#11854);
#11853 = CARTESIAN_POINT('',(23.4499724,39.6942327,-20.2));
#11854 = VECTOR('',#11855,1.);
#11855 = DIRECTION('',(-0.117728606901,-0.99304580716,0.));
#11856 = PLANE('',#11857);
#11857 = AXIS2_PLACEMENT_3D('',#11858,#11859,#11860);
#11858 = CARTESIAN_POINT('',(22.5797529,32.3538942,-16.));
#11859 = DIRECTION('',(-0.99304580716,0.117728606901,5.430195559115E-16)
  );
#11860 = DIRECTION('',(0.117728606901,0.99304580716,1.441759616088E-17)
  );
#11861 = ADVANCED_FACE('',(#11862),#11901,.F.);
#11862 = FACE_BOUND('',#11863,.T.);
#11863 = EDGE_LOOP('',(#11864,#11865,#11866,#11867,#11875,#11894));
#11864 = ORIENTED_EDGE('',*,*,#11334,.F.);
#11865 = ORIENTED_EDGE('',*,*,#10996,.T.);
#11866 = ORIENTED_EDGE('',*,*,#9686,.F.);
#11867 = ORIENTED_EDGE('',*,*,#11868,.F.);
#11868 = EDGE_CURVE('',#11869,#9687,#11871,.T.);
#11869 = VERTEX_POINT('',#11870);
#11870 = CARTESIAN_POINT('',(-21.07561562157,-13.65234504367,-16.2));
#11871 = LINE('',#11872,#11873);
#11872 = CARTESIAN_POINT('',(-21.07561562157,-13.65234504367,-16.2));
#11873 = VECTOR('',#11874,1.);
#11874 = DIRECTION('',(0.,0.,1.));
#11875 = ORIENTED_EDGE('',*,*,#11876,.T.);
#11876 = EDGE_CURVE('',#11869,#11877,#11879,.T.);
#11877 = VERTEX_POINT('',#11878);
#11878 = CARTESIAN_POINT('',(-21.21263436321,-13.58308333561,-20.2));
#11879 = B_SPLINE_CURVE_WITH_KNOTS('',4,(#11880,#11881,#11882,#11883,
    #11884,#11885,#11886,#11887,#11888,#11889,#11890,#11891,#11892,
    #11893),.UNSPECIFIED.,.F.,.F.,(5,3,3,3,5),(0.,0.895730757774,
    0.948557509101,0.973292903419,1.),.UNSPECIFIED.);
#11880 = CARTESIAN_POINT('',(-21.07559651212,-13.65235424405,
    -16.19947483774));
#11881 = CARTESIAN_POINT('',(-21.10820909317,-13.63665279462,
    -17.09616531533));
#11882 = CARTESIAN_POINT('',(-21.13964950903,-13.6210276297,
    -17.99236276447));
#11883 = CARTESIAN_POINT('',(-21.16994443115,-13.60553224839,
    -18.88805697167));
#11884 = CARTESIAN_POINT('',(-21.20085518826,-13.58930151058,
    -19.83604265657));
#11885 = CARTESIAN_POINT('',(-21.20257281402,-13.58839817999,
    -19.88883581107));
#11886 = CARTESIAN_POINT('',(-21.20428660194,-13.58749544366,
    -19.94162721452));
#11887 = CARTESIAN_POINT('',(-21.20679722447,-13.58617089751,
    -20.0191348903));
#11888 = CARTESIAN_POINT('',(-21.20759788847,-13.58574817479,
    -20.0438784428));
#11889 = CARTESIAN_POINT('',(-21.20839855222,-13.58532514101,
    -20.06864761899));
#11890 = CARTESIAN_POINT('',(-21.21006370152,-13.58444470529,
    -20.12021385479));
#11891 = CARTESIAN_POINT('',(-21.21092720479,-13.58398777108,
    -20.14698476047));
#11892 = CARTESIAN_POINT('',(-21.21178972471,-13.58353099537,
    -20.17375517264));
#11893 = CARTESIAN_POINT('',(-21.21265126467,-13.58307437786,
    -20.20052516225));
#11894 = ORIENTED_EDGE('',*,*,#11895,.F.);
#11895 = EDGE_CURVE('',#11327,#11877,#11896,.T.);
#11896 = CIRCLE('',#11897,3.972675535484);
#11897 = AXIS2_PLACEMENT_3D('',#11898,#11899,#11900);
#11898 = CARTESIAN_POINT('',(-19.3522684,-10.07292815483,-20.2));
#11899 = DIRECTION('',(0.,0.,1.));
#11900 = DIRECTION('',(-1.,0.,0.));
#11901 = CYLINDRICAL_SURFACE('',#11902,3.972675535484);
#11902 = AXIS2_PLACEMENT_3D('',#11903,#11904,#11905);
#11903 = CARTESIAN_POINT('',(-19.3522684,-10.07292815483,-16.2));
#11904 = DIRECTION('',(0.,0.,-1.));
#11905 = DIRECTION('',(-1.,0.,0.));
#11906 = ADVANCED_FACE('',(#11907),#11937,.F.);
#11907 = FACE_BOUND('',#11908,.F.);
#11908 = EDGE_LOOP('',(#11909,#11934,#11935,#11936));
#11909 = ORIENTED_EDGE('',*,*,#11910,.F.);
#11910 = EDGE_CURVE('',#11375,#11869,#11911,.T.);
#11911 = B_SPLINE_CURVE_WITH_KNOTS('',6,(#11912,#11913,#11914,#11915,
    #11916,#11917,#11918,#11919,#11920,#11921,#11922,#11923,#11924,
    #11925,#11926,#11927,#11928,#11929,#11930,#11931,#11932,#11933),
  .UNSPECIFIED.,.F.,.F.,(7,5,5,5,7),(0.,0.171083449194,0.417907547163,
    0.77545754417,1.),.UNSPECIFIED.);
#11912 = CARTESIAN_POINT('',(-21.10074010552,-18.86609799184,-16.2));
#11913 = CARTESIAN_POINT('',(-21.09618578782,-18.31113003657,-16.2));
#11914 = CARTESIAN_POINT('',(-21.09244382462,-17.75421600912,-16.2));
#11915 = CARTESIAN_POINT('',(-21.08924174201,-17.19601354279,-16.2));
#11916 = CARTESIAN_POINT('',(-21.08646071526,-16.63681037867,-16.2));
#11917 = CARTESIAN_POINT('',(-21.08400739777,-16.07683012605,-16.2));
#11918 = CARTESIAN_POINT('',(-21.07866884519,-14.70740416291,-16.2));
#11919 = CARTESIAN_POINT('',(-21.07607240026,-13.89727553898,-16.2));
#11920 = CARTESIAN_POINT('',(-21.07384882104,-13.0862644282,-16.2));
#11921 = CARTESIAN_POINT('',(-21.07191609986,-12.27456628955,-16.2));
#11922 = CARTESIAN_POINT('',(-21.07021042387,-11.46233243509,-16.2));
#11923 = CARTESIAN_POINT('',(-21.06648853436,-9.472420522567,-16.2));
#11924 = CARTESIAN_POINT('',(-21.06467572462,-8.29426315179,-16.2));
#11925 = CARTESIAN_POINT('',(-21.06312380665,-7.115490785788,-16.2));
#11926 = CARTESIAN_POINT('',(-21.06177529023,-5.93623940616,-16.2));
#11927 = CARTESIAN_POINT('',(-21.06058556735,-4.756614261715,-16.2));
#11928 = CARTESIAN_POINT('',(-21.05886003412,-2.835683282423,-16.2));
#11929 = CARTESIAN_POINT('',(-21.05824554801,-2.094562817903,-16.2));
#11930 = CARTESIAN_POINT('',(-21.05767486693,-1.353339264505,-16.2));
#11931 = CARTESIAN_POINT('',(-21.05714240795,-0.612025779089,-16.2));
#11932 = CARTESIAN_POINT('',(-21.05664380424,0.129367351446,-16.2));
#11933 = CARTESIAN_POINT('',(-21.05617536977,0.870831450707,-16.2));
#11934 = ORIENTED_EDGE('',*,*,#11419,.T.);
#11935 = ORIENTED_EDGE('',*,*,#9786,.F.);
#11936 = ORIENTED_EDGE('',*,*,#11868,.F.);
#11937 = SURFACE_OF_LINEAR_EXTRUSION('',#11938,#11951);
#11938 = B_SPLINE_CURVE_WITH_KNOTS('',6,(#11939,#11940,#11941,#11942,
    #11943,#11944,#11945,#11946,#11947,#11948,#11949,#11950),
  .UNSPECIFIED.,.F.,.F.,(7,5,7),(0.,0.171083449194,0.265756283292),
  .UNSPECIFIED.);
#11939 = CARTESIAN_POINT('',(-21.10074010552,-18.86609799184,-16.2));
#11940 = CARTESIAN_POINT('',(-21.09618578782,-18.31113003657,-16.2));
#11941 = CARTESIAN_POINT('',(-21.09244382462,-17.75421600912,-16.2));
#11942 = CARTESIAN_POINT('',(-21.08924174201,-17.19601354279,-16.2));
#11943 = CARTESIAN_POINT('',(-21.08646071526,-16.63681037867,-16.2));
#11944 = CARTESIAN_POINT('',(-21.08400739777,-16.07683012605,-16.2));
#11945 = CARTESIAN_POINT('',(-21.08061249882,-15.20598307703,-16.2));
#11946 = CARTESIAN_POINT('',(-21.07948499086,-14.89555896312,-16.2));
#11947 = CARTESIAN_POINT('',(-21.0784290029,-14.5849653598,-16.2));
#11948 = CARTESIAN_POINT('',(-21.07743636838,-14.27422170863,-16.2));
#11949 = CARTESIAN_POINT('',(-21.07650042918,-13.96334385822,-16.2));
#11950 = CARTESIAN_POINT('',(-21.07561562157,-13.65234504367,-16.2));
#11951 = VECTOR('',#11952,1.);
#11952 = DIRECTION('',(0.,0.,-1.));
#11953 = ADVANCED_FACE('',(#11954),#11958,.F.);
#11954 = FACE_BOUND('',#11955,.F.);
#11955 = EDGE_LOOP('',(#11956,#11957));
#11956 = ORIENTED_EDGE('',*,*,#10302,.F.);
#11957 = ORIENTED_EDGE('',*,*,#9960,.T.);
#11958 = SURFACE_OF_LINEAR_EXTRUSION('',#11959,#11964);
#11959 = B_SPLINE_CURVE_WITH_KNOTS('',3,(#11960,#11961,#11962,#11963),
  .UNSPECIFIED.,.F.,.F.,(4,4),(0.,1.),.PIECEWISE_BEZIER_KNOTS.);
#11960 = CARTESIAN_POINT('',(-31.5,-5.308979449436,-3.857637417314E-15)
  );
#11961 = CARTESIAN_POINT('',(-28.58682,23.912029,-3.50087576108E-15));
#11962 = CARTESIAN_POINT('',(-40.99162,47.632029,-5.020025622486E-15));
#11963 = CARTESIAN_POINT('',(-32.86878757328,68.683704441751,
    -4.025265549348E-15));
#11964 = VECTOR('',#11965,1.);
#11965 = DIRECTION('',(-1.224646799147E-16,0.,1.));
#11966 = ADVANCED_FACE('',(#11967),#11985,.F.);
#11967 = FACE_BOUND('',#11968,.F.);
#11968 = EDGE_LOOP('',(#11969,#11970,#11977,#11984));
#11969 = ORIENTED_EDGE('',*,*,#10630,.F.);
#11970 = ORIENTED_EDGE('',*,*,#11971,.F.);
#11971 = EDGE_CURVE('',#11972,#10631,#11974,.T.);
#11972 = VERTEX_POINT('',#11973);
#11973 = CARTESIAN_POINT('',(-23.8,62.25,-17.8));
#11974 = B_SPLINE_CURVE_WITH_KNOTS('',1,(#11975,#11976),.UNSPECIFIED.,
  .F.,.F.,(2,2),(-8.2,-2.2),.PIECEWISE_BEZIER_KNOTS.);
#11975 = CARTESIAN_POINT('',(-23.8,62.25,-17.8));
#11976 = CARTESIAN_POINT('',(-23.8,62.25,-11.8));
#11977 = ORIENTED_EDGE('',*,*,#11978,.T.);
#11978 = EDGE_CURVE('',#11972,#11972,#11979,.T.);
#11979 = CIRCLE('',#11980,2.3);
#11980 = AXIS2_PLACEMENT_3D('',#11981,#11982,#11983);
#11981 = CARTESIAN_POINT('',(-21.5,62.25,-17.8));
#11982 = DIRECTION('',(0.,0.,1.));
#11983 = DIRECTION('',(-1.,0.,0.));
#11984 = ORIENTED_EDGE('',*,*,#11971,.T.);
#11985 = CYLINDRICAL_SURFACE('',#11986,2.3);
#11986 = AXIS2_PLACEMENT_3D('',#11987,#11988,#11989);
#11987 = CARTESIAN_POINT('',(-21.5,62.25,-9.6));
#11988 = DIRECTION('',(0.,0.,1.));
#11989 = DIRECTION('',(-1.,1.224646799147E-16,0.));
#11990 = ADVANCED_FACE('',(#11991),#12002,.F.);
#11991 = FACE_BOUND('',#11992,.F.);
#11992 = EDGE_LOOP('',(#11993,#11999,#12000,#12001));
#11993 = ORIENTED_EDGE('',*,*,#11994,.F.);
#11994 = EDGE_CURVE('',#11350,#10736,#11995,.T.);
#11995 = LINE('',#11996,#11997);
#11996 = CARTESIAN_POINT('',(19.610174962979,66.575321930896,-21.));
#11997 = VECTOR('',#11998,1.);
#11998 = DIRECTION('',(0.,0.,1.));
#11999 = ORIENTED_EDGE('',*,*,#11359,.F.);
#12000 = ORIENTED_EDGE('',*,*,#11994,.T.);
#12001 = ORIENTED_EDGE('',*,*,#10735,.T.);
#12002 = CYLINDRICAL_SURFACE('',#12003,1.5);
#12003 = AXIS2_PLACEMENT_3D('',#12004,#12005,#12006);
#12004 = CARTESIAN_POINT('',(21.110174962979,66.575321930896,-21.));
#12005 = DIRECTION('',(0.,0.,-1.));
#12006 = DIRECTION('',(-1.,0.,0.));
#12007 = ADVANCED_FACE('',(#12008),#12057,.F.);
#12008 = FACE_BOUND('',#12009,.T.);
#12009 = EDGE_LOOP('',(#12010,#12047,#12048,#12049,#12050));
#12010 = ORIENTED_EDGE('',*,*,#12011,.T.);
#12011 = EDGE_CURVE('',#12012,#11534,#12014,.T.);
#12012 = VERTEX_POINT('',#12013);
#12013 = CARTESIAN_POINT('',(15.91585,-1.512744257314,-43.37071051698));
#12014 = B_SPLINE_CURVE_WITH_KNOTS('',7,(#12015,#12016,#12017,#12018,
    #12019,#12020,#12021,#12022,#12023,#12024,#12025,#12026,#12027,
    #12028,#12029,#12030,#12031,#12032,#12033,#12034,#12035,#12036,
    #12037,#12038,#12039,#12040,#12041,#12042,#12043,#12044,#12045,
    #12046),.UNSPECIFIED.,.F.,.F.,(8,6,6,6,6,8),(0.,9.28347912499E-03,
    0.362628965844,0.662774739199,0.788583119534,1.),.UNSPECIFIED.);
#12015 = CARTESIAN_POINT('',(15.915324837745,-1.512569362396,
    -43.37074151339));
#12016 = CARTESIAN_POINT('',(15.921803927409,-1.514726813179,
    -43.37035915641));
#12017 = CARTESIAN_POINT('',(15.928281651446,-1.516891948618,
    -43.36997528478));
#12018 = CARTESIAN_POINT('',(15.934757994493,-1.519064777157,
    -43.36958989503));
#12019 = CARTESIAN_POINT('',(15.941232944463,-1.521245308087,
    -43.36920298352));
#12020 = CARTESIAN_POINT('',(15.94770649255,-1.52343355155,
    -43.36881454646));
#12021 = CARTESIAN_POINT('',(15.954178633224,-1.525629518533,
    -43.36842457989));
#12022 = CARTESIAN_POINT('',(16.206936727931,-1.611709994472,
    -43.35313189633));
#12023 = CARTESIAN_POINT('',(16.451104926764,-1.706766999767,
    -43.33601359203));
#12024 = CARTESIAN_POINT('',(16.692808484162,-1.813600219486,
    -43.31646088254));
#12025 = CARTESIAN_POINT('',(16.931494395629,-1.932913054696,
    -43.29420583158));
#12026 = CARTESIAN_POINT('',(17.166390376844,-2.065540409492,
    -43.26891230221));
#12027 = CARTESIAN_POINT('',(17.396505432002,-2.212445155369,
    -43.24016852103));
#12028 = CARTESIAN_POINT('',(17.810853141275,-2.513045968453,
    -43.17955438408));
#12029 = CARTESIAN_POINT('',(17.996587451563,-2.662251534094,
    -43.14883414914));
#12030 = CARTESIAN_POINT('',(18.177120191754,-2.823499163615,
    -43.11486542213));
#12031 = CARTESIAN_POINT('',(18.351315109294,-2.99769452178,
    -43.0772312929));
#12032 = CARTESIAN_POINT('',(18.517537324304,-3.185711258623,
    -43.03545937962));
#12033 = CARTESIAN_POINT('',(18.673686840573,-3.38832883426,
    -42.98902955331));
#12034 = CARTESIAN_POINT('',(18.877224915308,-3.697751681381,
    -42.9156565211));
#12035 = CARTESIAN_POINT('',(18.935079239773,-3.791811491235,
    -42.89306815033));
#12036 = CARTESIAN_POINT('',(18.990465289167,-3.88857348644,
    -42.86952456586));
#12037 = CARTESIAN_POINT('',(19.043145250708,-3.988043638508,
    -42.84499138257));
#12038 = CARTESIAN_POINT('',(19.092858400061,-4.090193780864,
    -42.81944112397));
#12039 = CARTESIAN_POINT('',(19.13932972141,-4.194953961911,
    -42.79285646198));
#12040 = CARTESIAN_POINT('',(19.254452595621,-4.482436330797,
    -42.71881389724));
#12041 = CARTESIAN_POINT('',(19.316780464191,-4.669950546535,
    -42.66939804201));
#12042 = CARTESIAN_POINT('',(19.367726964642,-4.86382240632,
    -42.61705533315));
#12043 = CARTESIAN_POINT('',(19.405929618435,-5.06280709365,
    -42.56195893985));
#12044 = CARTESIAN_POINT('',(19.430325305953,-5.265304448244,
    -42.50442362385));
#12045 = CARTESIAN_POINT('',(19.440377058886,-5.469300628371,
    -42.44495710251));
#12046 = CARTESIAN_POINT('',(19.436400976133,-5.672287001777,
    -42.38432490948));
#12047 = ORIENTED_EDGE('',*,*,#11533,.T.);
#12048 = ORIENTED_EDGE('',*,*,#11744,.T.);
#12049 = ORIENTED_EDGE('',*,*,#10762,.F.);
#12050 = ORIENTED_EDGE('',*,*,#12051,.F.);
#12051 = EDGE_CURVE('',#12012,#10755,#12052,.T.);
#12052 = CIRCLE('',#12053,37.240515800176);
#12053 = AXIS2_PLACEMENT_3D('',#12054,#12055,#12056);
#12054 = CARTESIAN_POINT('',(15.91585,4.98615787607,-6.701646060366));
#12055 = DIRECTION('',(1.,0.,0.));
#12056 = DIRECTION('',(0.,-1.,0.));
#12057 = CYLINDRICAL_SURFACE('',#12058,37.240515800176);
#12058 = AXIS2_PLACEMENT_3D('',#12059,#12060,#12061);
#12059 = CARTESIAN_POINT('',(15.91585,4.98615787607,-6.701646060366));
#12060 = DIRECTION('',(-1.,0.,0.));
#12061 = DIRECTION('',(0.,-1.,0.));
#12062 = ADVANCED_FACE('',(#12063),#12069,.T.);
#12063 = FACE_BOUND('',#12064,.T.);
#12064 = EDGE_LOOP('',(#12065,#12066,#12067,#12068));
#12065 = ORIENTED_EDGE('',*,*,#10770,.F.);
#12066 = ORIENTED_EDGE('',*,*,#11738,.F.);
#12067 = ORIENTED_EDGE('',*,*,#11832,.F.);
#12068 = ORIENTED_EDGE('',*,*,#11851,.F.);
#12069 = PLANE('',#12070);
#12070 = AXIS2_PLACEMENT_3D('',#12071,#12072,#12073);
#12071 = CARTESIAN_POINT('',(9.974420652707E-02,11.091807762279,-20.2));
#12072 = DIRECTION('',(0.,0.,1.));
#12073 = DIRECTION('',(1.,0.,0.));
#12074 = ADVANCED_FACE('',(#12075),#12100,.T.);
#12075 = FACE_BOUND('',#12076,.T.);
#12076 = EDGE_LOOP('',(#12077,#12087,#12093,#12094));
#12077 = ORIENTED_EDGE('',*,*,#12078,.F.);
#12078 = EDGE_CURVE('',#12079,#12081,#12083,.T.);
#12079 = VERTEX_POINT('',#12080);
#12080 = CARTESIAN_POINT('',(15.91585,4.1207183,-16.2));
#12081 = VERTEX_POINT('',#12082);
#12082 = CARTESIAN_POINT('',(7.14116,4.1207183,-16.2));
#12083 = LINE('',#12084,#12085);
#12084 = CARTESIAN_POINT('',(15.91585,4.1207183,-16.2));
#12085 = VECTOR('',#12086,1.);
#12086 = DIRECTION('',(-1.,1.012204898065E-16,0.));
#12087 = ORIENTED_EDGE('',*,*,#12088,.T.);
#12088 = EDGE_CURVE('',#12079,#10818,#12089,.T.);
#12089 = LINE('',#12090,#12091);
#12090 = CARTESIAN_POINT('',(15.91585,4.1207183,-16.2));
#12091 = VECTOR('',#12092,1.);
#12092 = DIRECTION('',(0.,0.,1.));
#12093 = ORIENTED_EDGE('',*,*,#10817,.T.);
#12094 = ORIENTED_EDGE('',*,*,#12095,.F.);
#12095 = EDGE_CURVE('',#12081,#10820,#12096,.T.);
#12096 = LINE('',#12097,#12098);
#12097 = CARTESIAN_POINT('',(7.14116,4.1207183,-16.2));
#12098 = VECTOR('',#12099,1.);
#12099 = DIRECTION('',(0.,0.,1.));
#12100 = PLANE('',#12101);
#12101 = AXIS2_PLACEMENT_3D('',#12102,#12103,#12104);
#12102 = CARTESIAN_POINT('',(15.91585,4.1207183,-16.2));
#12103 = DIRECTION('',(-1.012204898065E-16,-1.,0.));
#12104 = DIRECTION('',(-1.,1.012204898065E-16,0.));
#12105 = ADVANCED_FACE('',(#12106),#12124,.T.);
#12106 = FACE_BOUND('',#12107,.T.);
#12107 = EDGE_LOOP('',(#12108,#12114,#12115,#12116,#12117,#12123));
#12108 = ORIENTED_EDGE('',*,*,#12109,.T.);
#12109 = EDGE_CURVE('',#11134,#12081,#12110,.T.);
#12110 = LINE('',#12111,#12112);
#12111 = CARTESIAN_POINT('',(7.14116,0.870965915402,-16.2));
#12112 = VECTOR('',#12113,1.);
#12113 = DIRECTION('',(-0.,1.,0.));
#12114 = ORIENTED_EDGE('',*,*,#12095,.T.);
#12115 = ORIENTED_EDGE('',*,*,#10851,.T.);
#12116 = ORIENTED_EDGE('',*,*,#10906,.T.);
#12117 = ORIENTED_EDGE('',*,*,#12118,.F.);
#12118 = EDGE_CURVE('',#11141,#10907,#12119,.T.);
#12119 = LINE('',#12120,#12121);
#12120 = CARTESIAN_POINT('',(7.14116,0.870965915402,-20.2));
#12121 = VECTOR('',#12122,1.);
#12122 = DIRECTION('',(-0.,1.,0.));
#12123 = ORIENTED_EDGE('',*,*,#11140,.F.);
#12124 = PLANE('',#12125);
#12125 = AXIS2_PLACEMENT_3D('',#12126,#12127,#12128);
#12126 = CARTESIAN_POINT('',(7.14116,9.379307135333,-16.10238799262));
#12127 = DIRECTION('',(-1.,0.,1.458146554622E-16));
#12128 = DIRECTION('',(-1.458146554622E-16,0.,-1.));
#12129 = ADVANCED_FACE('',(#12130),#12170,.T.);
#12130 = FACE_BOUND('',#12131,.T.);
#12131 = EDGE_LOOP('',(#12132,#12133,#12134,#12135,#12136,#12137,#12143,
    #12144));
#12132 = ORIENTED_EDGE('',*,*,#12051,.T.);
#12133 = ORIENTED_EDGE('',*,*,#10892,.F.);
#12134 = ORIENTED_EDGE('',*,*,#10867,.T.);
#12135 = ORIENTED_EDGE('',*,*,#10827,.F.);
#12136 = ORIENTED_EDGE('',*,*,#12088,.F.);
#12137 = ORIENTED_EDGE('',*,*,#12138,.F.);
#12138 = EDGE_CURVE('',#11124,#12079,#12139,.T.);
#12139 = LINE('',#12140,#12141);
#12140 = CARTESIAN_POINT('',(15.91585,20.265323960683,-16.2));
#12141 = VECTOR('',#12142,1.);
#12142 = DIRECTION('',(0.,1.,0.));
#12143 = ORIENTED_EDGE('',*,*,#11123,.T.);
#12144 = ORIENTED_EDGE('',*,*,#12145,.T.);
#12145 = EDGE_CURVE('',#11115,#12012,#12146,.T.);
#12146 = B_SPLINE_CURVE_WITH_KNOTS('',8,(#12147,#12148,#12149,#12150,
    #12151,#12152,#12153,#12154,#12155,#12156,#12157,#12158,#12159,
    #12160,#12161,#12162,#12163,#12164,#12165,#12166,#12167,#12168,
    #12169),.UNSPECIFIED.,.F.,.F.,(9,7,7,9),(0.,0.703381884853,
    0.95530731783,1.),.UNSPECIFIED.);
#12147 = CARTESIAN_POINT('',(15.91585,2.440343535831,-24.24438861991));
#12148 = CARTESIAN_POINT('',(15.91585,2.117340405983,-25.98290903458));
#12149 = CARTESIAN_POINT('',(15.91585,1.782237572288,-27.71933841961));
#12150 = CARTESIAN_POINT('',(15.91585,1.438258070139,-29.45417377513));
#12151 = CARTESIAN_POINT('',(15.91585,1.087058054149,-31.18764610649));
#12152 = CARTESIAN_POINT('',(15.91585,0.72989269035,-32.91993970323));
#12153 = CARTESIAN_POINT('',(15.91585,0.367595437954,-34.6511890825));
#12154 = CARTESIAN_POINT('',(15.91585,8.271835397267E-04,-36.38152472671
    ));
#12155 = CARTESIAN_POINT('',(15.91585,-0.502706455133,-38.73053567863));
#12156 = CARTESIAN_POINT('',(15.91585,-0.63600322614,-39.34989124073));
#12157 = CARTESIAN_POINT('',(15.91585,-0.769786042418,-39.9691455194));
#12158 = CARTESIAN_POINT('',(15.91585,-0.904034031592,-40.58830224032));
#12159 = CARTESIAN_POINT('',(15.91585,-1.038728346836,-41.20736478201));
#12160 = CARTESIAN_POINT('',(15.91585,-1.173851901315,-41.82633623108));
#12161 = CARTESIAN_POINT('',(15.91585,-1.309389102629,-42.44521943739));
#12162 = CARTESIAN_POINT('',(15.91585,-1.469441318773,-43.17379449653));
#12163 = CARTESIAN_POINT('',(15.91585,-1.493569616864,-43.28356922971));
#12164 = CARTESIAN_POINT('',(15.91585,-1.517710401687,-43.39334128351));
#12165 = CARTESIAN_POINT('',(15.91585,-1.54186359458,-43.50311067241));
#12166 = CARTESIAN_POINT('',(15.91585,-1.56602911807,-43.61287741065));
#12167 = CARTESIAN_POINT('',(15.91585,-1.590206895868,-43.72264151226));
#12168 = CARTESIAN_POINT('',(15.91585,-1.614396852871,-43.83240299103));
#12169 = CARTESIAN_POINT('',(15.91585,-1.638598915163,-43.94216186054));
#12170 = PLANE('',#12171);
#12171 = AXIS2_PLACEMENT_3D('',#12172,#12173,#12174);
#12172 = CARTESIAN_POINT('',(15.91585,16.828159014916,-26.7842631979));
#12173 = DIRECTION('',(1.,0.,1.224646799147E-16));
#12174 = DIRECTION('',(-1.224646799147E-16,0.,1.));
#12175 = ADVANCED_FACE('',(#12176),#12185,.T.);
#12176 = FACE_BOUND('',#12177,.T.);
#12177 = EDGE_LOOP('',(#12178,#12179,#12180,#12181,#12182,#12183,#12184)
  );
#12178 = ORIENTED_EDGE('',*,*,#11165,.T.);
#12179 = ORIENTED_EDGE('',*,*,#12118,.T.);
#12180 = ORIENTED_EDGE('',*,*,#10925,.F.);
#12181 = ORIENTED_EDGE('',*,*,#10940,.F.);
#12182 = ORIENTED_EDGE('',*,*,#11026,.T.);
#12183 = ORIENTED_EDGE('',*,*,#11049,.T.);
#12184 = ORIENTED_EDGE('',*,*,#11075,.T.);
#12185 = PLANE('',#12186);
#12186 = AXIS2_PLACEMENT_3D('',#12187,#12188,#12189);
#12187 = CARTESIAN_POINT('',(9.974420652707E-02,11.091807762279,-20.2));
#12188 = DIRECTION('',(0.,0.,1.));
#12189 = DIRECTION('',(1.,0.,0.));
#12190 = ADVANCED_FACE('',(#12191),#12197,.T.);
#12191 = FACE_BOUND('',#12192,.T.);
#12192 = EDGE_LOOP('',(#12193,#12194,#12195,#12196));
#12193 = ORIENTED_EDGE('',*,*,#11541,.T.);
#12194 = ORIENTED_EDGE('',*,*,#12011,.F.);
#12195 = ORIENTED_EDGE('',*,*,#12145,.F.);
#12196 = ORIENTED_EDGE('',*,*,#11114,.T.);
#12197 = B_SPLINE_SURFACE_WITH_KNOTS('',8,1,(
    (#12198,#12199)
    ,(#12200,#12201)
    ,(#12202,#12203)
    ,(#12204,#12205)
    ,(#12206,#12207)
    ,(#12208,#12209)
    ,(#12210,#12211)
    ,(#12212,#12213)
    ,(#12214,#12215
    )),.UNSPECIFIED.,.F.,.F.,.F.,(9,9),(2,2),(3.14159265359,
    4.712388980385),(0.,1.),.PIECEWISE_BEZIER_KNOTS.);
#12198 = CARTESIAN_POINT('',(20.076108,1.1207183,-15.2));
#12199 = CARTESIAN_POINT('',(19.436400976133,-5.672287001777,
    -42.38432490948));
#12200 = CARTESIAN_POINT('',(20.076108,1.709766922548,-15.2));
#12201 = CARTESIAN_POINT('',(19.436400976133,-4.936386358837,
    -43.43529994585));
#12202 = CARTESIAN_POINT('',(19.943925633117,2.298815730513,-15.2));
#12203 = CARTESIAN_POINT('',(19.148495277973,-4.200485484256,
    -44.48627531304));
#12204 = CARTESIAN_POINT('',(19.679562197613,2.853258003005,
    -15.19999999999));
#12205 = CARTESIAN_POINT('',(18.572686709398,-3.507818683619,
    -45.47550602371));
#12206 = CARTESIAN_POINT('',(19.293884267341,3.33849456734,-15.2));
#12207 = CARTESIAN_POINT('',(17.732643696108,-2.901610832514,
    -46.34126055794));
#12208 = CARTESIAN_POINT('',(18.808647703004,3.724172497614,
    -15.19999999999));
#12209 = CARTESIAN_POINT('',(16.675752560619,-2.41978195457,
    -47.02938350956));
#12210 = CARTESIAN_POINT('',(18.254205430513,3.988535933116,-15.2));
#12211 = CARTESIAN_POINT('',(15.468124846614,-2.089511727786,
    -47.50105827563));
#12212 = CARTESIAN_POINT('',(17.665156622548,4.1207183,-15.2));
#12213 = CARTESIAN_POINT('',(14.185120824932,-1.92437580343,
    -47.73689681684));
#12214 = CARTESIAN_POINT('',(17.076108,4.1207183,-15.2));
#12215 = CARTESIAN_POINT('',(12.902117207103,-1.92437580343,
    -47.73689681684));
#12216 = ADVANCED_FACE('',(#12217),#12223,.T.);
#12217 = FACE_BOUND('',#12218,.T.);
#12218 = EDGE_LOOP('',(#12219,#12220,#12221,#12222));
#12219 = ORIENTED_EDGE('',*,*,#11133,.T.);
#12220 = ORIENTED_EDGE('',*,*,#12138,.T.);
#12221 = ORIENTED_EDGE('',*,*,#12078,.T.);
#12222 = ORIENTED_EDGE('',*,*,#12109,.F.);
#12223 = PLANE('',#12224);
#12224 = AXIS2_PLACEMENT_3D('',#12225,#12226,#12227);
#12225 = CARTESIAN_POINT('',(-3.322694297041,27.506054105987,-16.2));
#12226 = DIRECTION('',(0.,0.,1.));
#12227 = DIRECTION('',(1.,0.,0.));
#12228 = ADVANCED_FACE('',(#12229),#12265,.T.);
#12229 = FACE_BOUND('',#12230,.T.);
#12230 = EDGE_LOOP('',(#12231,#12232,#12261,#12262,#12263,#12264));
#12231 = ORIENTED_EDGE('',*,*,#11264,.F.);
#12232 = ORIENTED_EDGE('',*,*,#12233,.F.);
#12233 = EDGE_CURVE('',#11877,#11238,#12234,.T.);
#12234 = B_SPLINE_CURVE_WITH_KNOTS('',7,(#12235,#12236,#12237,#12238,
    #12239,#12240,#12241,#12242,#12243,#12244,#12245,#12246,#12247,
    #12248,#12249,#12250,#12251,#12252,#12253,#12254,#12255,#12256,
    #12257,#12258,#12259,#12260),.UNSPECIFIED.,.F.,.F.,(8,6,6,6,8),(0.,
    1.567386319152E-02,0.232434306376,0.738712156467,1.),.UNSPECIFIED.);
#12235 = CARTESIAN_POINT('',(-21.21894856726,-14.04560369032,-20.2));
#12236 = CARTESIAN_POINT('',(-21.218862878,-14.03955874444,-20.2));
#12237 = CARTESIAN_POINT('',(-21.2184498283,-14.0104427112,-20.2));
#12238 = CARTESIAN_POINT('',(-21.21796885487,-13.97627724286,-20.2));
#12239 = CARTESIAN_POINT('',(-21.21755362215,-13.94650904008,-20.2));
#12240 = CARTESIAN_POINT('',(-21.21722770093,-13.92300837276,-20.2));
#12241 = CARTESIAN_POINT('',(-21.21692279388,-13.90105627901,-20.2));
#12242 = CARTESIAN_POINT('',(-21.21064570849,-13.44526163497,-20.2));
#12243 = CARTESIAN_POINT('',(-21.20525094461,-13.01908795521,-20.2));
#12244 = CARTESIAN_POINT('',(-21.20024923968,-12.59196238599,-20.2));
#12245 = CARTESIAN_POINT('',(-21.19559040499,-12.16400886528,-20.2));
#12246 = CARTESIAN_POINT('',(-21.19123438862,-11.73532593878,-20.2));
#12247 = CARTESIAN_POINT('',(-21.18714788935,-11.30599493747,-20.2));
#12248 = CARTESIAN_POINT('',(-21.17432344726,-9.871955494734,-20.2));
#12249 = CARTESIAN_POINT('',(-21.16666286447,-8.864662535735,-20.2));
#12250 = CARTESIAN_POINT('',(-21.15996859711,-7.855057468768,-20.2));
#12251 = CARTESIAN_POINT('',(-21.15404415859,-6.84361691709,-20.2));
#12252 = CARTESIAN_POINT('',(-21.14874297656,-5.83069471165,-20.2));
#12253 = CARTESIAN_POINT('',(-21.14396162675,-4.816537957137,-20.2));
#12254 = CARTESIAN_POINT('',(-21.13737806861,-3.277395201677,-20.2));
#12255 = CARTESIAN_POINT('',(-21.13525386869,-2.753176429198,-20.2));
#12256 = CARTESIAN_POINT('',(-21.13323557248,-2.228706396105,-20.2));
#12257 = CARTESIAN_POINT('',(-21.13131382236,-1.704007449345,-20.2));
#12258 = CARTESIAN_POINT('',(-21.12948061808,-1.179098677162,-20.2));
#12259 = CARTESIAN_POINT('',(-21.12772901942,-0.653996614175,-20.2));
#12260 = CARTESIAN_POINT('',(-21.12605284886,-0.128715946463,-20.2));
#12261 = ORIENTED_EDGE('',*,*,#11876,.F.);
#12262 = ORIENTED_EDGE('',*,*,#11910,.F.);
#12263 = ORIENTED_EDGE('',*,*,#11470,.T.);
#12264 = ORIENTED_EDGE('',*,*,#11508,.T.);
#12265 = B_SPLINE_SURFACE_WITH_KNOTS('',1,1,(
    (#12266,#12267)
    ,(#12268,#12269
    )),.UNSPECIFIED.,.F.,.F.,.F.,(2,2),(2,2),(-23.84047170685,0.),(0.,1.
    ),.PIECEWISE_BEZIER_KNOTS.);
#12266 = CARTESIAN_POINT('',(-21.038706,1.1207183,-15.2));
#12267 = CARTESIAN_POINT('',(-21.51359902386,-5.672287001777,
    -42.38432490948));
#12268 = CARTESIAN_POINT('',(-21.038706,-18.7938972,-15.2));
#12269 = CARTESIAN_POINT('',(-21.51359902386,-19.34661980432,
    -22.85535377399));
#12270 = ADVANCED_FACE('',(#12271),#12278,.T.);
#12271 = FACE_BOUND('',#12272,.T.);
#12272 = EDGE_LOOP('',(#12273,#12274,#12275,#12276,#12277));
#12273 = ORIENTED_EDGE('',*,*,#11895,.T.);
#12274 = ORIENTED_EDGE('',*,*,#12233,.T.);
#12275 = ORIENTED_EDGE('',*,*,#11237,.T.);
#12276 = ORIENTED_EDGE('',*,*,#11302,.T.);
#12277 = ORIENTED_EDGE('',*,*,#11326,.T.);
#12278 = PLANE('',#12279);
#12279 = AXIS2_PLACEMENT_3D('',#12280,#12281,#12282);
#12280 = CARTESIAN_POINT('',(9.974420652707E-02,11.091807762279,-20.2));
#12281 = DIRECTION('',(0.,0.,1.));
#12282 = DIRECTION('',(1.,0.,0.));
#12283 = ADVANCED_FACE('',(#12284),#12289,.T.);
#12284 = FACE_BOUND('',#12285,.T.);
#12285 = EDGE_LOOP('',(#12286,#12287,#12288));
#12286 = ORIENTED_EDGE('',*,*,#11600,.F.);
#12287 = ORIENTED_EDGE('',*,*,#11752,.T.);
#12288 = ORIENTED_EDGE('',*,*,#11517,.F.);
#12289 = PLANE('',#12290);
#12290 = AXIS2_PLACEMENT_3D('',#12291,#12292,#12293);
#12291 = CARTESIAN_POINT('',(15.91585,1.88333,10.1798));
#12292 = DIRECTION('',(0.,0.84125879573,-0.540632628138));
#12293 = DIRECTION('',(0.,-0.540632628138,-0.84125879573));
#12294 = ADVANCED_FACE('',(#12295),#12300,.T.);
#12295 = FACE_BOUND('',#12296,.T.);
#12296 = EDGE_LOOP('',(#12297,#12298,#12299));
#12297 = ORIENTED_EDGE('',*,*,#11586,.F.);
#12298 = ORIENTED_EDGE('',*,*,#11671,.F.);
#12299 = ORIENTED_EDGE('',*,*,#11759,.T.);
#12300 = B_SPLINE_SURFACE_WITH_KNOTS('',8,1,(
    (#12301,#12302)
    ,(#12303,#12304)
    ,(#12305,#12306)
    ,(#12307,#12308)
    ,(#12309,#12310)
    ,(#12311,#12312)
    ,(#12313,#12314)
    ,(#12315,#12316)
    ,(#12317,#12318
    )),.UNSPECIFIED.,.F.,.F.,.F.,(9,9),(2,2),(3.14159265359,
    4.712388980385),(0.,1.),.PIECEWISE_BEZIER_KNOTS.);
#12301 = CARTESIAN_POINT('',(20.076108,1.1207183,-15.2));
#12302 = CARTESIAN_POINT('',(19.436400976133,-5.672287001777,
    -42.38432490948));
#12303 = CARTESIAN_POINT('',(20.076108,1.709766922548,-15.2));
#12304 = CARTESIAN_POINT('',(19.436400976133,-4.936386358837,
    -43.43529994585));
#12305 = CARTESIAN_POINT('',(19.943925633117,2.298815730513,-15.2));
#12306 = CARTESIAN_POINT('',(19.148495277973,-4.200485484256,
    -44.48627531304));
#12307 = CARTESIAN_POINT('',(19.679562197613,2.853258003005,
    -15.19999999999));
#12308 = CARTESIAN_POINT('',(18.572686709398,-3.507818683619,
    -45.47550602371));
#12309 = CARTESIAN_POINT('',(19.293884267341,3.33849456734,-15.2));
#12310 = CARTESIAN_POINT('',(17.732643696108,-2.901610832514,
    -46.34126055794));
#12311 = CARTESIAN_POINT('',(18.808647703004,3.724172497614,
    -15.19999999999));
#12312 = CARTESIAN_POINT('',(16.675752560619,-2.41978195457,
    -47.02938350956));
#12313 = CARTESIAN_POINT('',(18.254205430513,3.988535933116,-15.2));
#12314 = CARTESIAN_POINT('',(15.468124846614,-2.089511727786,
    -47.50105827563));
#12315 = CARTESIAN_POINT('',(17.665156622548,4.1207183,-15.2));
#12316 = CARTESIAN_POINT('',(14.185120824932,-1.92437580343,
    -47.73689681684));
#12317 = CARTESIAN_POINT('',(17.076108,4.1207183,-15.2));
#12318 = CARTESIAN_POINT('',(12.902117207103,-1.92437580343,
    -47.73689681684));
#12319 = ADVANCED_FACE('',(#12320),#12323,.T.);
#12320 = FACE_BOUND('',#12321,.T.);
#12321 = EDGE_LOOP('',(#12322));
#12322 = ORIENTED_EDGE('',*,*,#11978,.T.);
#12323 = PLANE('',#12324);
#12324 = AXIS2_PLACEMENT_3D('',#12325,#12326,#12327);
#12325 = CARTESIAN_POINT('',(-21.5,62.25,-17.8));
#12326 = DIRECTION('',(0.,0.,1.));
#12327 = DIRECTION('',(1.,0.,0.));
#12328 = ( GEOMETRIC_REPRESENTATION_CONTEXT(3) 
GLOBAL_UNCERTAINTY_ASSIGNED_CONTEXT((#12332)) 
GLOBAL_UNIT_ASSIGNED_CONTEXT((#12329,#12330,#12331)) 
REPRESENTATION_CONTEXT('Context #1',
  '3D Context with UNIT and UNCERTAINTY') );
#12329 = ( LENGTH_UNIT() NAMED_UNIT(*) SI_UNIT(.MILLI.,.METRE.) );
#12330 = ( NAMED_UNIT(*) PLANE_ANGLE_UNIT() SI_UNIT($,.RADIAN.) );
#12331 = ( NAMED_UNIT(*) SI_UNIT($,.STERADIAN.) SOLID_ANGLE_UNIT() );
#12332 = UNCERTAINTY_MEASURE_WITH_UNIT(LENGTH_MEASURE(1.E-05),#12329,
  'distance_accuracy_value','confusion accuracy');
#12333 = PRODUCT_RELATED_PRODUCT_CATEGORY('part',$,(#7));
#12334 = MECHANICAL_DESIGN_GEOMETRIC_PRESENTATION_REPRESENTATION('',(
    #12335),#12328);
#12335 = STYLED_ITEM('color',(#12336),#15);
#12336 = PRESENTATION_STYLE_ASSIGNMENT((#12337,#12343));
#12337 = SURFACE_STYLE_USAGE(.BOTH.,#12338);
#12338 = SURFACE_SIDE_STYLE('',(#12339));
#12339 = SURFACE_STYLE_FILL_AREA(#12340);
#12340 = FILL_AREA_STYLE('',(#12341));
#12341 = FILL_AREA_STYLE_COLOUR('',#12342);
#12342 = COLOUR_RGB('',0.447058818107,0.474509808674,0.501960817233);
#12343 = CURVE_STYLE('',#12344,POSITIVE_LENGTH_MEASURE(0.1),#12345);
#12344 = DRAUGHTING_PRE_DEFINED_CURVE_FONT('continuous');
#12345 = COLOUR_RGB('',9.803921802644E-02,9.803921802644E-02,
  9.803921802644E-02);
ENDSEC;
END-ISO-10303-21;
