ISO-10303-21;
HEADER;
FILE_DESCRIPTION(('FreeCAD Model'),'2;1');
FILE_NAME('Open CASCADE Shape Model','2026-09-05T11:03:16',(''),(''),
  'Open CASCADE STEP processor 7.9','FreeCAD','Unknown');
FILE_SCHEMA(('AUTOMOTIVE_DESIGN { 1 0 10303 214 1 1 1 1 }'));
ENDSEC;
DATA;
#1 = APPLICATION_PROTOCOL_DEFINITION('international standard',
  'automotive_design',2000,#2);
#2 = APPLICATION_CONTEXT(
  'core data for automotive mechanical design processes');
#3 = SHAPE_DEFINITION_REPRESENTATION(#4,#10);
#4 = PRODUCT_DEFINITION_SHAPE('','',#5);
#5 = PRODUCT_DEFINITION('design','',#6,#9);
#6 = PRODUCT_DEFINITION_FORMATION('','',#7);
#7 = PRODUCT('shell_upper','shell_upper','',(#8));
#8 = PRODUCT_CONTEXT('',#2,'mechanical');
#9 = PRODUCT_DEFINITION_CONTEXT('part definition',#2,'design');
#10 = SHAPE_REPRESENTATION('',(#11,#15,#4568),#7333);
#11 = AXIS2_PLACEMENT_3D('',#12,#13,#14);
#12 = CARTESIAN_POINT('',(0.,0.,0.));
#13 = DIRECTION('',(0.,0.,1.));
#14 = DIRECTION('',(1.,0.,-0.));
#15 = MANIFOLD_SOLID_BREP('',#16);
#16 = CLOSED_SHELL('',(#17,#275,#333,#349,#375,#423,#448,#472,#497,#535,
    #828,#1668,#1711,#1742,#1872,#2841,#2988,#2999,#3024,#3050,#3109,
    #3132,#3221,#3248,#3453,#3487,#3628,#3833,#4039,#4056,#4081,#4156,
    #4299,#4330,#4352,#4370,#4395,#4420,#4437,#4453,#4471,#4488,#4514,
    #4534,#4559));
#17 = ADVANCED_FACE('',(#18,#248,#259),#270,.F.);
#18 = FACE_BOUND('',#19,.F.);
#19 = EDGE_LOOP('',(#20,#30,#38,#73,#100,#109,#117,#126,#157,#192,#200,
    #209,#217,#226,#234,#242));
#20 = ORIENTED_EDGE('',*,*,#21,.F.);
#21 = EDGE_CURVE('',#22,#24,#26,.T.);
#22 = VERTEX_POINT('',#23);
#23 = CARTESIAN_POINT('',(26.646596583182,46.350009544762,-9.6));
#24 = VERTEX_POINT('',#25);
#25 = CARTESIAN_POINT('',(20.725008106232,46.350009544762,-9.6));
#26 = LINE('',#27,#28);
#27 = CARTESIAN_POINT('',(13.323298291591,46.350009544762,-9.6));
#28 = VECTOR('',#29,1.);
#29 = DIRECTION('',(-1.,0.,0.));
#30 = ORIENTED_EDGE('',*,*,#31,.T.);
#31 = EDGE_CURVE('',#22,#32,#34,.T.);
#32 = VERTEX_POINT('',#33);
#33 = CARTESIAN_POINT('',(27.490264282007,46.197731956368,-9.6));
#34 = LINE('',#35,#36);
#35 = CARTESIAN_POINT('',(17.79464687996,47.947739972587,-9.6));
#36 = VECTOR('',#37,1.);
#37 = DIRECTION('',(0.984098322898,-0.177624578447,0.));
#38 = ORIENTED_EDGE('',*,*,#39,.T.);
#39 = EDGE_CURVE('',#32,#40,#42,.T.);
#40 = VERTEX_POINT('',#41);
#41 = CARTESIAN_POINT('',(31.979727141838,64.896533209837,-9.6));
#42 = B_SPLINE_CURVE_WITH_KNOTS('',8,(#43,#44,#45,#46,#47,#48,#49,#50,
    #51,#52,#53,#54,#55,#56,#57,#58,#59,#60,#61,#62,#63,#64,#65,#66,#67,
    #68,#69,#70,#71,#72),.UNSPECIFIED.,.F.,.F.,(9,7,7,7,9),(0.,
    0.454102284723,0.662780092402,0.841183592607,1.),.UNSPECIFIED.);
#43 = CARTESIAN_POINT('',(32.158094040796,-18.93426134776,-9.6));
#44 = CARTESIAN_POINT('',(31.00093663284,-14.12962066658,-9.6));
#45 = CARTESIAN_POINT('',(29.964534379018,-9.296607127623,-9.6));
#46 = CARTESIAN_POINT('',(29.050316318969,-4.437727501036,-9.6));
#47 = CARTESIAN_POINT('',(28.261355592159,0.444115187197,-9.6));
#48 = CARTESIAN_POINT('',(27.602248983791,5.345597495016,-9.6));
#49 = CARTESIAN_POINT('',(27.079398360189,10.263000547202,-9.6));
#50 = CARTESIAN_POINT('',(26.701295701169,15.192243122478,-9.6));
#51 = CARTESIAN_POINT('',(26.378596237991,22.397764625888,-9.6));
#52 = CARTESIAN_POINT('',(26.310158368176,24.667860137323,-9.6));
#53 = CARTESIAN_POINT('',(26.276064647679,26.938938142828,-9.6));
#54 = CARTESIAN_POINT('',(26.277671080295,29.210436735174,-9.6));
#55 = CARTESIAN_POINT('',(26.316520455316,31.481670466872,-9.6));
#56 = CARTESIAN_POINT('',(26.394377440898,33.751829738842,-9.6));
#57 = CARTESIAN_POINT('',(26.513288624103,36.019979523296,-9.6));
#58 = CARTESIAN_POINT('',(26.814488964652,40.221525077149,-9.6));
#59 = CARTESIAN_POINT('',(26.985071392163,42.155612953971,-9.6));
#60 = CARTESIAN_POINT('',(27.188922198329,44.086723537384,-9.6));
#61 = CARTESIAN_POINT('',(27.427741833434,46.014043679629,-9.6));
#62 = CARTESIAN_POINT('',(27.703455395819,47.936539567259,-9.6));
#63 = CARTESIAN_POINT('',(28.018247918419,49.852951509025,-9.6));
#64 = CARTESIAN_POINT('',(28.374636330866,51.76178343463,-9.6));
#65 = CARTESIAN_POINT('',(29.132562465565,55.352232772437,-9.6));
#66 = CARTESIAN_POINT('',(29.524788325406,57.035508455823,-9.6));
#67 = CARTESIAN_POINT('',(29.954414255634,58.710039882344,-9.6));
#68 = CARTESIAN_POINT('',(30.423811035531,60.37428296915,-9.6));
#69 = CARTESIAN_POINT('',(30.93563486621,62.026204712267,-9.6));
#70 = CARTESIAN_POINT('',(31.492865201727,63.663271054233,-9.6));
#71 = CARTESIAN_POINT('',(32.098904781529,65.282415257907,-9.6));
#72 = CARTESIAN_POINT('',(32.757806450942,66.87996542342,-9.6));
#73 = ORIENTED_EDGE('',*,*,#74,.T.);
#74 = EDGE_CURVE('',#40,#75,#77,.T.);
#75 = VERTEX_POINT('',#76);
#76 = CARTESIAN_POINT('',(31.858891540145,70.904629054837,-9.6));
#77 = B_SPLINE_CURVE_WITH_KNOTS('',5,(#78,#79,#80,#81,#82,#83,#84,#85,
    #86,#87,#88,#89,#90,#91,#92,#93,#94,#95,#96,#97,#98,#99),
  .UNSPECIFIED.,.F.,.F.,(6,4,4,4,4,6),(0.,5.690579537076E-02,
    0.319106085092,0.603402921632,0.911196579627,1.),.UNSPECIFIED.);
#78 = CARTESIAN_POINT('',(32.227986812885,55.504780814189,-9.6));
#79 = CARTESIAN_POINT('',(32.220445343729,55.778254648283,-9.6));
#80 = CARTESIAN_POINT('',(32.212883361749,56.051728119567,-9.6));
#81 = CARTESIAN_POINT('',(32.205308129376,56.325201422983,-9.6));
#82 = CARTESIAN_POINT('',(32.19772662267,56.598674747082,-9.6));
#83 = CARTESIAN_POINT('',(32.15521474201,58.132210408805,-9.6));
#84 = CARTESIAN_POINT('',(32.120292750663,59.39227660278,-9.6));
#85 = CARTESIAN_POINT('',(32.086034216601,60.652365373327,-9.6));
#86 = CARTESIAN_POINT('',(32.052964871539,61.912489588889,-9.6));
#87 = CARTESIAN_POINT('',(31.987375016605,64.539022889013,-9.6));
#88 = CARTESIAN_POINT('',(31.95513563282,65.905439483432,-9.6));
#89 = CARTESIAN_POINT('',(31.925302399994,67.271915463969,-9.6));
#90 = CARTESIAN_POINT('',(31.898242090604,68.6384520771,-9.6));
#91 = CARTESIAN_POINT('',(31.848158507857,71.484582530983,-9.6));
#92 = CARTESIAN_POINT('',(31.825653750513,72.964186498789,-9.6));
#93 = CARTESIAN_POINT('',(31.806983691661,74.443847943819,-9.6));
#94 = CARTESIAN_POINT('',(31.792277795548,75.923554811959,-9.6));
#95 = CARTESIAN_POINT('',(31.778441431948,77.830218984418,-9.6));
#96 = CARTESIAN_POINT('',(31.775673563432,78.257149239455,-9.6));
#97 = CARTESIAN_POINT('',(31.773236038784,78.684081643694,-9.6));
#98 = CARTESIAN_POINT('',(31.771128094133,79.111015844678,-9.6));
#99 = CARTESIAN_POINT('',(31.76934813727,79.537951489061,-9.6));
#100 = ORIENTED_EDGE('',*,*,#101,.T.);
#101 = EDGE_CURVE('',#75,#102,#104,.T.);
#102 = VERTEX_POINT('',#103);
#103 = CARTESIAN_POINT('',(17.060213535368,79.691020549718,-9.6));
#104 = CIRCLE('',#105,16.855699308226);
#105 = AXIS2_PLACEMENT_3D('',#106,#107,#108);
#106 = CARTESIAN_POINT('',(17.060213535368,62.835321241491,-9.6));
#107 = DIRECTION('',(-1.224646799147E-16,0.,1.));
#108 = DIRECTION('',(-1.,0.,-1.224646799147E-16));
#109 = ORIENTED_EDGE('',*,*,#110,.T.);
#110 = EDGE_CURVE('',#102,#111,#113,.T.);
#111 = VERTEX_POINT('',#112);
#112 = CARTESIAN_POINT('',(-17.06021353536,79.691020549718,-9.6));
#113 = LINE('',#114,#115);
#114 = CARTESIAN_POINT('',(-8.530106767684,79.691020549718,-9.6));
#115 = VECTOR('',#116,1.);
#116 = DIRECTION('',(-1.,0.,0.));
#117 = ORIENTED_EDGE('',*,*,#118,.T.);
#118 = EDGE_CURVE('',#111,#119,#121,.T.);
#119 = VERTEX_POINT('',#120);
#120 = CARTESIAN_POINT('',(-31.85889154014,70.904629054848,-9.6));
#121 = CIRCLE('',#122,16.855699308226);
#122 = AXIS2_PLACEMENT_3D('',#123,#124,#125);
#123 = CARTESIAN_POINT('',(-17.06021353536,62.835321241491,-9.6));
#124 = DIRECTION('',(-1.224646799147E-16,0.,1.));
#125 = DIRECTION('',(-1.,0.,-1.224646799147E-16));
#126 = ORIENTED_EDGE('',*,*,#127,.T.);
#127 = EDGE_CURVE('',#119,#128,#130,.T.);
#128 = VERTEX_POINT('',#129);
#129 = CARTESIAN_POINT('',(-31.97972714571,64.896533223577,-9.6));
#130 = B_SPLINE_CURVE_WITH_KNOTS('',5,(#131,#132,#133,#134,#135,#136,
    #137,#138,#139,#140,#141,#142,#143,#144,#145,#146,#147,#148,#149,
    #150,#151,#152,#153,#154,#155,#156),.UNSPECIFIED.,.F.,.F.,(6,4,4,4,4
    ,4,6),(0.,0.225251034869,0.437664930951,0.638607364436,
    0.829360999454,0.943392344968,1.),.UNSPECIFIED.);
#131 = CARTESIAN_POINT('',(-31.76934813724,79.53795149474,-9.6));
#132 = CARTESIAN_POINT('',(-31.77386302117,78.455023630604,-9.6));
#133 = CARTESIAN_POINT('',(-31.78048817832,77.372104967321,-9.6));
#134 = CARTESIAN_POINT('',(-31.7892492735,76.289201484487,-9.6));
#135 = CARTESIAN_POINT('',(-31.80013966272,75.206318794835,-9.6));
#136 = CARTESIAN_POINT('',(-31.82534208135,73.102317731092,-9.6));
#137 = CARTESIAN_POINT('',(-31.83942373852,72.081196335131,-9.6));
#138 = CARTESIAN_POINT('',(-31.855314457,71.060102203035,-9.6));
#139 = CARTESIAN_POINT('',(-31.87293980949,70.039038360253,-9.6));
#140 = CARTESIAN_POINT('',(-31.91038954267,68.052115531967,-9.6));
#141 = CARTESIAN_POINT('',(-31.93004348918,67.086253091862,-9.6));
#142 = CARTESIAN_POINT('',(-31.95104951258,66.120420423143,-9.6));
#143 = CARTESIAN_POINT('',(-31.97327536623,65.154617046311,-9.6));
#144 = CARTESIAN_POINT('',(-32.01865075373,63.272034042959,-9.6));
#145 = CARTESIAN_POINT('',(-32.04169589691,62.355251725971,-9.6));
#146 = CARTESIAN_POINT('',(-32.06554486196,61.438491673061,-9.6));
#147 = CARTESIAN_POINT('',(-32.09002105575,60.521750183098,-9.6));
#148 = CARTESIAN_POINT('',(-32.12979656109,59.057007389751,-9.6));
#149 = CARTESIAN_POINT('',(-32.1448272932,58.50899761066,-9.6));
#150 = CARTESIAN_POINT('',(-32.15996243302,57.96099141597,-9.6));
#151 = CARTESIAN_POINT('',(-32.17515265143,57.412987494537,-9.6));
#152 = CARTESIAN_POINT('',(-32.19788550557,56.592943627995,-9.6));
#153 = CARTESIAN_POINT('',(-32.20542719261,56.320903083978,-9.6));
#154 = CARTESIAN_POINT('',(-32.21296259856,56.048862558471,-9.6));
#155 = CARTESIAN_POINT('',(-32.22048485494,55.776821865836,-9.6));
#156 = CARTESIAN_POINT('',(-32.22798681288,55.504780814188,-9.6));
#157 = ORIENTED_EDGE('',*,*,#158,.F.);
#158 = EDGE_CURVE('',#159,#128,#161,.T.);
#159 = VERTEX_POINT('',#160);
#160 = CARTESIAN_POINT('',(-29.96401795176,58.59764784991,-9.6));
#161 = B_SPLINE_CURVE_WITH_KNOTS('',8,(#162,#163,#164,#165,#166,#167,
    #168,#169,#170,#171,#172,#173,#174,#175,#176,#177,#178,#179,#180,
    #181,#182,#183,#184,#185,#186,#187,#188,#189,#190,#191),
  .UNSPECIFIED.,.F.,.F.,(9,7,7,7,9),(0.,0.454102396235,0.662780532885,
    0.841184295605,1.),.UNSPECIFIED.);
#162 = CARTESIAN_POINT('',(-32.15803978285,-18.93403606249,-9.6));
#163 = CARTESIAN_POINT('',(-31.00089011872,-14.12940579959,-9.6));
#164 = CARTESIAN_POINT('',(-29.9644950839,-9.296402933102,-9.6));
#165 = CARTESIAN_POINT('',(-29.05028374796,-4.437534206262,-9.6));
#166 = CARTESIAN_POINT('',(-28.26132926757,0.444297376543,-9.6));
#167 = CARTESIAN_POINT('',(-27.60222843587,5.345768394583,-9.6));
#168 = CARTESIAN_POINT('',(-27.07938311863,10.263159987966,-9.6));
#169 = CARTESIAN_POINT('',(-26.70128528612,15.192390949987,-9.6));
#170 = CARTESIAN_POINT('',(-26.37859199484,22.397898308631,-9.6));
#171 = CARTESIAN_POINT('',(-26.31015595703,24.667991408762,-9.6));
#172 = CARTESIAN_POINT('',(-26.2760640522,26.939066975931,-9.6));
#173 = CARTESIAN_POINT('',(-26.27767228653,29.210563101922,-9.6));
#174 = CARTESIAN_POINT('',(-26.31652345187,31.48179433776,-9.6));
#175 = CARTESIAN_POINT('',(-26.39438221915,33.751951082341,-9.6));
#176 = CARTESIAN_POINT('',(-26.51329517858,36.020098305277,-9.6));
#177 = CARTESIAN_POINT('',(-26.81449879612,40.221638835127,-9.6));
#178 = CARTESIAN_POINT('',(-26.98508271804,42.155724259539,-9.6));
#179 = CARTESIAN_POINT('',(-27.18893501245,44.086832361791,-9.6));
#180 = CARTESIAN_POINT('',(-27.42775613163,46.014149991659,-9.6));
#181 = CARTESIAN_POINT('',(-27.70347117609,47.936643332596,-9.6));
#182 = CARTESIAN_POINT('',(-28.01826518104,49.853052689436,-9.6));
#183 = CARTESIAN_POINT('',(-28.37465507865,51.761881986885,-9.6));
#184 = CARTESIAN_POINT('',(-29.13258192634,55.352316290877,-9.6));
#185 = CARTESIAN_POINT('',(-29.52480659726,57.035579673283,-9.6));
#186 = CARTESIAN_POINT('',(-29.95443089165,58.710098864895,-9.6));
#187 = CARTESIAN_POINT('',(-30.42382554715,60.374329805634,-9.6));
#188 = CARTESIAN_POINT('',(-30.93564671582,62.026239525464,-9.6));
#189 = CARTESIAN_POINT('',(-31.49287379471,63.663294012856,-9.6));
#190 = CARTESIAN_POINT('',(-32.09890945519,65.282426590239,-9.6));
#191 = CARTESIAN_POINT('',(-32.75780645459,66.879965432268,-9.6));
#192 = ORIENTED_EDGE('',*,*,#193,.F.);
#193 = EDGE_CURVE('',#194,#159,#196,.T.);
#194 = VERTEX_POINT('',#195);
#195 = CARTESIAN_POINT('',(-19.6174,58.59764784991,-9.6));
#196 = LINE('',#197,#198);
#197 = CARTESIAN_POINT('',(-23.49322375,58.59764784991,-9.6));
#198 = VECTOR('',#199,1.);
#199 = DIRECTION('',(-1.,0.,0.));
#200 = ORIENTED_EDGE('',*,*,#201,.T.);
#201 = EDGE_CURVE('',#194,#202,#204,.T.);
#202 = VERTEX_POINT('',#203);
#203 = CARTESIAN_POINT('',(-17.18834784991,61.0267,-9.6));
#204 = CIRCLE('',#205,2.42905215009);
#205 = AXIS2_PLACEMENT_3D('',#206,#207,#208);
#206 = CARTESIAN_POINT('',(-19.6174,61.0267,-9.6));
#207 = DIRECTION('',(0.,0.,1.));
#208 = DIRECTION('',(-1.,0.,0.));
#209 = ORIENTED_EDGE('',*,*,#210,.F.);
#210 = EDGE_CURVE('',#211,#202,#213,.T.);
#211 = VERTEX_POINT('',#212);
#212 = CARTESIAN_POINT('',(-17.18834784991,68.300780602951,-9.6));
#213 = LINE('',#214,#215);
#214 = CARTESIAN_POINT('',(-17.18834784991,34.150390301476,-9.6));
#215 = VECTOR('',#216,1.);
#216 = DIRECTION('',(0.,-1.,0.));
#217 = ORIENTED_EDGE('',*,*,#218,.F.);
#218 = EDGE_CURVE('',#219,#211,#221,.T.);
#219 = VERTEX_POINT('',#220);
#220 = CARTESIAN_POINT('',(-9.174991893768,68.411306090994,-9.6));
#221 = CIRCLE('',#222,4.007440198268);
#222 = AXIS2_PLACEMENT_3D('',#223,#224,#225);
#223 = CARTESIAN_POINT('',(-13.18243209203,68.411306090994,-9.6));
#224 = DIRECTION('',(0.,0.,1.));
#225 = DIRECTION('',(-1.,0.,0.));
#226 = ORIENTED_EDGE('',*,*,#227,.F.);
#227 = EDGE_CURVE('',#228,#219,#230,.T.);
#228 = VERTEX_POINT('',#229);
#229 = CARTESIAN_POINT('',(-9.174991893768,53.6175,-9.6));
#230 = LINE('',#231,#232);
#231 = CARTESIAN_POINT('',(-9.174991893768,25.000004772381,-9.6));
#232 = VECTOR('',#233,1.);
#233 = DIRECTION('',(0.,1.,0.));
#234 = ORIENTED_EDGE('',*,*,#235,.T.);
#235 = EDGE_CURVE('',#228,#236,#238,.T.);
#236 = VERTEX_POINT('',#237);
#237 = CARTESIAN_POINT('',(20.725008106232,53.6175,-9.6));
#238 = LINE('',#239,#240);
#239 = CARTESIAN_POINT('',(-9.174991893768,53.6175,-9.6));
#240 = VECTOR('',#241,1.);
#241 = DIRECTION('',(1.,0.,0.));
#242 = ORIENTED_EDGE('',*,*,#243,.F.);
#243 = EDGE_CURVE('',#24,#236,#244,.T.);
#244 = LINE('',#245,#246);
#245 = CARTESIAN_POINT('',(20.725008106232,21.248363130658,-9.6));
#246 = VECTOR('',#247,1.);
#247 = DIRECTION('',(0.,1.,0.));
#248 = FACE_BOUND('',#249,.F.);
#249 = EDGE_LOOP('',(#250));
#250 = ORIENTED_EDGE('',*,*,#251,.F.);
#251 = EDGE_CURVE('',#252,#252,#254,.T.);
#252 = VERTEX_POINT('',#253);
#253 = CARTESIAN_POINT('',(-23.05,62.25,-9.6));
#254 = CIRCLE('',#255,1.55);
#255 = AXIS2_PLACEMENT_3D('',#256,#257,#258);
#256 = CARTESIAN_POINT('',(-21.5,62.25,-9.6));
#257 = DIRECTION('',(0.,0.,1.));
#258 = DIRECTION('',(-1.,0.,0.));
#259 = FACE_BOUND('',#260,.F.);
#260 = EDGE_LOOP('',(#261));
#261 = ORIENTED_EDGE('',*,*,#262,.T.);
#262 = EDGE_CURVE('',#263,#263,#265,.T.);
#263 = VERTEX_POINT('',#264);
#264 = CARTESIAN_POINT('',(15.260174962979,66.575321930896,-9.6));
#265 = CIRCLE('',#266,5.85);
#266 = AXIS2_PLACEMENT_3D('',#267,#268,#269);
#267 = CARTESIAN_POINT('',(21.110174962979,66.575321930896,-9.6));
#268 = DIRECTION('',(0.,0.,-1.));
#269 = DIRECTION('',(-1.,0.,0.));
#270 = PLANE('',#271);
#271 = AXIS2_PLACEMENT_3D('',#272,#273,#274);
#272 = CARTESIAN_POINT('',(0.,0.,-9.6));
#273 = DIRECTION('',(0.,0.,1.));
#274 = DIRECTION('',(1.,0.,0.));
#275 = ADVANCED_FACE('',(#276),#328,.T.);
#276 = FACE_BOUND('',#277,.T.);
#277 = EDGE_LOOP('',(#278,#288,#296,#304,#310,#311,#319));
#278 = ORIENTED_EDGE('',*,*,#279,.T.);
#279 = EDGE_CURVE('',#280,#282,#284,.T.);
#280 = VERTEX_POINT('',#281);
#281 = CARTESIAN_POINT('',(25.820816391427,46.350009544762,-4.));
#282 = VERTEX_POINT('',#283);
#283 = CARTESIAN_POINT('',(-5.524991893768,46.350009544762,-4.));
#284 = LINE('',#285,#286);
#285 = CARTESIAN_POINT('',(24.99442536344,46.350009544762,-4.));
#286 = VECTOR('',#287,1.);
#287 = DIRECTION('',(-1.,0.,0.));
#288 = ORIENTED_EDGE('',*,*,#289,.T.);
#289 = EDGE_CURVE('',#282,#290,#292,.T.);
#290 = VERTEX_POINT('',#291);
#291 = CARTESIAN_POINT('',(-5.524991893768,46.350009544762,-5.61659));
#292 = LINE('',#293,#294);
#293 = CARTESIAN_POINT('',(-5.524991893768,46.350009544762,0.));
#294 = VECTOR('',#295,1.);
#295 = DIRECTION('',(0.,0.,-1.));
#296 = ORIENTED_EDGE('',*,*,#297,.T.);
#297 = EDGE_CURVE('',#290,#298,#300,.T.);
#298 = VERTEX_POINT('',#299);
#299 = CARTESIAN_POINT('',(20.725008106232,46.350009544762,-5.61659));
#300 = LINE('',#301,#302);
#301 = CARTESIAN_POINT('',(-9.174991893768,46.350009544762,-5.61659));
#302 = VECTOR('',#303,1.);
#303 = DIRECTION('',(1.,0.,0.));
#304 = ORIENTED_EDGE('',*,*,#305,.F.);
#305 = EDGE_CURVE('',#24,#298,#306,.T.);
#306 = LINE('',#307,#308);
#307 = CARTESIAN_POINT('',(20.725008106232,46.350009544762,
    -9.342008595872));
#308 = VECTOR('',#309,1.);
#309 = DIRECTION('',(0.,0.,1.));
#310 = ORIENTED_EDGE('',*,*,#21,.F.);
#311 = ORIENTED_EDGE('',*,*,#312,.F.);
#312 = EDGE_CURVE('',#313,#22,#315,.T.);
#313 = VERTEX_POINT('',#314);
#314 = CARTESIAN_POINT('',(26.646596583182,46.350009544762,-7.));
#315 = LINE('',#316,#317);
#316 = CARTESIAN_POINT('',(26.646596583182,46.350009544762,-7.));
#317 = VECTOR('',#318,1.);
#318 = DIRECTION('',(0.,0.,-1.));
#319 = ORIENTED_EDGE('',*,*,#320,.T.);
#320 = EDGE_CURVE('',#313,#280,#321,.T.);
#321 = B_SPLINE_CURVE_WITH_KNOTS('',5,(#322,#323,#324,#325,#326,#327),
  .UNSPECIFIED.,.F.,.F.,(6,6),(0.,1.),.PIECEWISE_BEZIER_KNOTS.);
#322 = CARTESIAN_POINT('',(26.646596583182,46.350009544762,-7.));
#323 = CARTESIAN_POINT('',(26.226010526538,46.350009544762,
    -5.623329048955));
#324 = CARTESIAN_POINT('',(25.849763577495,46.350009544762,
    -4.233120090578));
#325 = CARTESIAN_POINT('',(25.518566962089,46.350009544762,
    -2.831222277419));
#326 = CARTESIAN_POINT('',(25.233185024609,46.350009544762,
    -1.419532790483));
#327 = CARTESIAN_POINT('',(24.994425407621,46.350009544762,
    3.944304526105E-31));
#328 = PLANE('',#329);
#329 = AXIS2_PLACEMENT_3D('',#330,#331,#332);
#330 = CARTESIAN_POINT('',(10.213509347539,46.350009544762,
    -4.894990208628));
#331 = DIRECTION('',(0.,-1.,0.));
#332 = DIRECTION('',(-1.224646799147E-16,0.,1.));
#333 = ADVANCED_FACE('',(#334),#344,.F.);
#334 = FACE_BOUND('',#335,.F.);
#335 = EDGE_LOOP('',(#336,#342,#343));
#336 = ORIENTED_EDGE('',*,*,#337,.F.);
#337 = EDGE_CURVE('',#298,#236,#338,.T.);
#338 = LINE('',#339,#340);
#339 = CARTESIAN_POINT('',(20.725008106232,46.350009544762,-5.61659));
#340 = VECTOR('',#341,1.);
#341 = DIRECTION('',(0.,0.876913521008,-0.480648183886));
#342 = ORIENTED_EDGE('',*,*,#305,.F.);
#343 = ORIENTED_EDGE('',*,*,#243,.T.);
#344 = PLANE('',#345);
#345 = AXIS2_PLACEMENT_3D('',#346,#347,#348);
#346 = CARTESIAN_POINT('',(20.725008106232,42.496726261316,
    -13.78902698311));
#347 = DIRECTION('',(1.,0.,0.));
#348 = DIRECTION('',(0.,0.,1.));
#349 = ADVANCED_FACE('',(#350),#370,.F.);
#350 = FACE_BOUND('',#351,.F.);
#351 = EDGE_LOOP('',(#352,#361,#362,#363,#364));
#352 = ORIENTED_EDGE('',*,*,#353,.T.);
#353 = EDGE_CURVE('',#354,#290,#356,.T.);
#354 = VERTEX_POINT('',#355);
#355 = CARTESIAN_POINT('',(-9.174991893768,50.000009544762,
    -7.61720446101));
#356 = ELLIPSE('',#357,4.162326059021,3.65);
#357 = AXIS2_PLACEMENT_3D('',#358,#359,#360);
#358 = CARTESIAN_POINT('',(-5.524991893768,50.000009544762,
    -7.61720446101));
#359 = DIRECTION('',(-2.962223136197E-33,0.480648183886,0.876913521008)
  );
#360 = DIRECTION('',(0.,-0.876913521008,0.480648183886));
#361 = ORIENTED_EDGE('',*,*,#297,.T.);
#362 = ORIENTED_EDGE('',*,*,#337,.T.);
#363 = ORIENTED_EDGE('',*,*,#235,.F.);
#364 = ORIENTED_EDGE('',*,*,#365,.F.);
#365 = EDGE_CURVE('',#354,#228,#366,.T.);
#366 = LINE('',#367,#368);
#367 = CARTESIAN_POINT('',(-9.174991893768,46.350009544762,-5.61659));
#368 = VECTOR('',#369,1.);
#369 = DIRECTION('',(0.,0.876913521008,-0.480648183886));
#370 = PLANE('',#371);
#371 = AXIS2_PLACEMENT_3D('',#372,#373,#374);
#372 = CARTESIAN_POINT('',(-9.174991893768,46.350009544762,-5.61659));
#373 = DIRECTION('',(0.,0.480648183886,0.876913521008));
#374 = DIRECTION('',(0.,0.876913521008,-0.480648183886));
#375 = ADVANCED_FACE('',(#376),#418,.T.);
#376 = FACE_BOUND('',#377,.T.);
#377 = EDGE_LOOP('',(#378,#388,#396,#404,#410,#411,#412));
#378 = ORIENTED_EDGE('',*,*,#379,.T.);
#379 = EDGE_CURVE('',#380,#382,#384,.T.);
#380 = VERTEX_POINT('',#381);
#381 = CARTESIAN_POINT('',(-9.174991893768,50.000009544762,-4.));
#382 = VERTEX_POINT('',#383);
#383 = CARTESIAN_POINT('',(-9.174991893768,79.691020549718,-4.));
#384 = LINE('',#385,#386);
#385 = CARTESIAN_POINT('',(-9.174991893768,50.000009544762,-4.));
#386 = VECTOR('',#387,1.);
#387 = DIRECTION('',(0.,1.,0.));
#388 = ORIENTED_EDGE('',*,*,#389,.T.);
#389 = EDGE_CURVE('',#382,#390,#392,.T.);
#390 = VERTEX_POINT('',#391);
#391 = CARTESIAN_POINT('',(-9.174991893768,79.691020549718,-5.479188));
#392 = LINE('',#393,#394);
#393 = CARTESIAN_POINT('',(-9.174991893768,79.691020549718,14.263424));
#394 = VECTOR('',#395,1.);
#395 = DIRECTION('',(-1.207594978189E-47,2.22044604925E-16,-1.));
#396 = ORIENTED_EDGE('',*,*,#397,.T.);
#397 = EDGE_CURVE('',#390,#398,#400,.T.);
#398 = VERTEX_POINT('',#399);
#399 = CARTESIAN_POINT('',(-9.174991893768,68.411306090994,-5.479188));
#400 = LINE('',#401,#402);
#401 = CARTESIAN_POINT('',(-9.174991893768,79.691020549718,-5.479188));
#402 = VECTOR('',#403,1.);
#403 = DIRECTION('',(0.,-1.,-2.22044604925E-16));
#404 = ORIENTED_EDGE('',*,*,#405,.T.);
#405 = EDGE_CURVE('',#398,#219,#406,.T.);
#406 = LINE('',#407,#408);
#407 = CARTESIAN_POINT('',(-9.174991893768,68.411306090994,0.));
#408 = VECTOR('',#409,1.);
#409 = DIRECTION('',(0.,0.,-1.));
#410 = ORIENTED_EDGE('',*,*,#227,.F.);
#411 = ORIENTED_EDGE('',*,*,#365,.F.);
#412 = ORIENTED_EDGE('',*,*,#413,.F.);
#413 = EDGE_CURVE('',#380,#354,#414,.T.);
#414 = LINE('',#415,#416);
#415 = CARTESIAN_POINT('',(-9.174991893768,50.000009544762,-7.));
#416 = VECTOR('',#417,1.);
#417 = DIRECTION('',(0.,0.,-1.));
#418 = PLANE('',#419);
#419 = AXIS2_PLACEMENT_3D('',#420,#421,#422);
#420 = CARTESIAN_POINT('',(-9.174991893768,64.25401101732,
    -4.208495970081));
#421 = DIRECTION('',(-1.,0.,-1.224646799147E-16));
#422 = DIRECTION('',(1.224646799147E-16,0.,-1.));
#423 = ADVANCED_FACE('',(#424),#443,.F.);
#424 = FACE_BOUND('',#425,.F.);
#425 = EDGE_LOOP('',(#426,#427,#428,#436));
#426 = ORIENTED_EDGE('',*,*,#405,.T.);
#427 = ORIENTED_EDGE('',*,*,#218,.T.);
#428 = ORIENTED_EDGE('',*,*,#429,.F.);
#429 = EDGE_CURVE('',#430,#211,#432,.T.);
#430 = VERTEX_POINT('',#431);
#431 = CARTESIAN_POINT('',(-17.18834784991,68.300780602951,-5.479188));
#432 = LINE('',#433,#434);
#433 = CARTESIAN_POINT('',(-17.18834784991,68.300780602951,-7.));
#434 = VECTOR('',#435,1.);
#435 = DIRECTION('',(0.,0.,-1.));
#436 = ORIENTED_EDGE('',*,*,#437,.F.);
#437 = EDGE_CURVE('',#398,#430,#438,.T.);
#438 = CIRCLE('',#439,4.007440198268);
#439 = AXIS2_PLACEMENT_3D('',#440,#441,#442);
#440 = CARTESIAN_POINT('',(-13.18243209203,68.411306090994,-5.479188));
#441 = DIRECTION('',(0.,0.,1.));
#442 = DIRECTION('',(-1.,0.,0.));
#443 = CYLINDRICAL_SURFACE('',#444,4.007440198268);
#444 = AXIS2_PLACEMENT_3D('',#445,#446,#447);
#445 = CARTESIAN_POINT('',(-13.18243209203,68.411306090994,0.));
#446 = DIRECTION('',(0.,0.,1.));
#447 = DIRECTION('',(-1.,0.,0.));
#448 = ADVANCED_FACE('',(#449),#467,.T.);
#449 = FACE_BOUND('',#450,.T.);
#450 = EDGE_LOOP('',(#451,#452,#460,#466));
#451 = ORIENTED_EDGE('',*,*,#429,.F.);
#452 = ORIENTED_EDGE('',*,*,#453,.F.);
#453 = EDGE_CURVE('',#454,#430,#456,.T.);
#454 = VERTEX_POINT('',#455);
#455 = CARTESIAN_POINT('',(-17.18834784991,61.0267,-5.479188));
#456 = LINE('',#457,#458);
#457 = CARTESIAN_POINT('',(-17.18834784991,64.677380425597,-5.479188));
#458 = VECTOR('',#459,1.);
#459 = DIRECTION('',(-2.791048053143E-32,1.,2.279063690107E-16));
#460 = ORIENTED_EDGE('',*,*,#461,.T.);
#461 = EDGE_CURVE('',#454,#202,#462,.T.);
#462 = LINE('',#463,#464);
#463 = CARTESIAN_POINT('',(-17.18834784991,61.0267,0.));
#464 = VECTOR('',#465,1.);
#465 = DIRECTION('',(0.,0.,-1.));
#466 = ORIENTED_EDGE('',*,*,#210,.F.);
#467 = PLANE('',#468);
#468 = AXIS2_PLACEMENT_3D('',#469,#470,#471);
#469 = CARTESIAN_POINT('',(-17.18834784991,64.663740301476,-4.8));
#470 = DIRECTION('',(1.,0.,1.224646799147E-16));
#471 = DIRECTION('',(-1.224646799147E-16,0.,1.));
#472 = ADVANCED_FACE('',(#473),#492,.T.);
#473 = FACE_BOUND('',#474,.T.);
#474 = EDGE_LOOP('',(#475,#484,#490,#491));
#475 = ORIENTED_EDGE('',*,*,#476,.F.);
#476 = EDGE_CURVE('',#477,#454,#479,.T.);
#477 = VERTEX_POINT('',#478);
#478 = CARTESIAN_POINT('',(-19.6174,58.59764784991,-5.479188));
#479 = CIRCLE('',#480,2.42905215009);
#480 = AXIS2_PLACEMENT_3D('',#481,#482,#483);
#481 = CARTESIAN_POINT('',(-19.6174,61.0267,-5.479188));
#482 = DIRECTION('',(0.,0.,1.));
#483 = DIRECTION('',(-1.,0.,0.));
#484 = ORIENTED_EDGE('',*,*,#485,.T.);
#485 = EDGE_CURVE('',#477,#194,#486,.T.);
#486 = LINE('',#487,#488);
#487 = CARTESIAN_POINT('',(-19.6174,58.59764784991,-7.));
#488 = VECTOR('',#489,1.);
#489 = DIRECTION('',(0.,0.,-1.));
#490 = ORIENTED_EDGE('',*,*,#201,.T.);
#491 = ORIENTED_EDGE('',*,*,#461,.F.);
#492 = CYLINDRICAL_SURFACE('',#493,2.42905215009);
#493 = AXIS2_PLACEMENT_3D('',#494,#495,#496);
#494 = CARTESIAN_POINT('',(-19.6174,61.0267,0.));
#495 = DIRECTION('',(0.,0.,1.));
#496 = DIRECTION('',(-1.,0.,0.));
#497 = ADVANCED_FACE('',(#498),#530,.T.);
#498 = FACE_BOUND('',#499,.T.);
#499 = EDGE_LOOP('',(#500,#501,#509,#519,#529));
#500 = ORIENTED_EDGE('',*,*,#485,.F.);
#501 = ORIENTED_EDGE('',*,*,#502,.F.);
#502 = EDGE_CURVE('',#503,#477,#505,.T.);
#503 = VERTEX_POINT('',#504);
#504 = CARTESIAN_POINT('',(-27.88353066052,58.59764784991,-5.479188));
#505 = LINE('',#506,#507);
#506 = CARTESIAN_POINT('',(-24.78057570676,58.59764784991,-5.479188));
#507 = VECTOR('',#508,1.);
#508 = DIRECTION('',(1.,0.,1.224646799147E-16));
#509 = ORIENTED_EDGE('',*,*,#510,.T.);
#510 = EDGE_CURVE('',#503,#511,#513,.T.);
#511 = VERTEX_POINT('',#512);
#512 = CARTESIAN_POINT('',(-28.59859216148,58.59764784991,-7.));
#513 = B_SPLINE_CURVE_WITH_KNOTS('',4,(#514,#515,#516,#517,#518),
  .UNSPECIFIED.,.F.,.F.,(5,5),(0.,1.),.PIECEWISE_BEZIER_KNOTS.);
#514 = CARTESIAN_POINT('',(-25.77180625099,58.59764784991,
    -3.944304526105E-31));
#515 = CARTESIAN_POINT('',(-26.35205760927,58.59764784991,
    -1.797583529349));
#516 = CARTESIAN_POINT('',(-27.0180858457,58.59764784991,-3.567469893115
    ));
#517 = CARTESIAN_POINT('',(-27.76762079046,58.59764784991,
    -5.303672362162));
#518 = CARTESIAN_POINT('',(-28.59859216148,58.59764784991,-7.));
#519 = ORIENTED_EDGE('',*,*,#520,.T.);
#520 = EDGE_CURVE('',#511,#159,#521,.T.);
#521 = B_SPLINE_CURVE_WITH_KNOTS('',6,(#522,#523,#524,#525,#526,#527,
    #528),.UNSPECIFIED.,.F.,.F.,(7,7),(0.,1.),.PIECEWISE_BEZIER_KNOTS.);
#522 = CARTESIAN_POINT('',(-28.59859216148,58.59764784991,-7.));
#523 = CARTESIAN_POINT('',(-29.32802806704,58.59764784991,
    -8.489055281416));
#524 = CARTESIAN_POINT('',(-30.1139255883,58.59764784991,-9.950428675363
    ));
#525 = CARTESIAN_POINT('',(-30.95534630182,58.59764784991,
    -11.38131530148));
#526 = CARTESIAN_POINT('',(-31.85134158328,58.59764784991,
    -12.77874561703));
#527 = CARTESIAN_POINT('',(-32.80091579279,58.59764784991,
    -14.13960792857));
#528 = CARTESIAN_POINT('',(-33.80303069851,58.59764784991,
    -15.46064442912));
#529 = ORIENTED_EDGE('',*,*,#193,.F.);
#530 = PLANE('',#531);
#531 = AXIS2_PLACEMENT_3D('',#532,#533,#534);
#532 = CARTESIAN_POINT('',(-23.91890096663,58.59764784991,
    -5.369318995595));
#533 = DIRECTION('',(7.388272876523E-32,-1.,-6.032982637661E-16));
#534 = DIRECTION('',(-1.224646799147E-16,-6.032982637661E-16,1.));
#535 = ADVANCED_FACE('',(#536),#771,.T.);
#536 = FACE_BOUND('',#537,.T.);
#537 = EDGE_LOOP('',(#538,#539,#556,#593,#603,#769,#770));
#538 = ORIENTED_EDGE('',*,*,#510,.F.);
#539 = ORIENTED_EDGE('',*,*,#540,.T.);
#540 = EDGE_CURVE('',#503,#541,#543,.T.);
#541 = VERTEX_POINT('',#542);
#542 = CARTESIAN_POINT('',(-31.53168644725,71.477720868323,-5.479188));
#543 = B_SPLINE_CURVE_WITH_KNOTS('',6,(#544,#545,#546,#547,#548,#549,
    #550,#551,#552,#553,#554,#555),.UNSPECIFIED.,.F.,.F.,(7,5,7),(0.,
    0.506248151989,1.),.UNSPECIFIED.);
#544 = CARTESIAN_POINT('',(-27.49785619132,56.524824713488,-5.479188));
#545 = CARTESIAN_POINT('',(-27.74018808161,57.909278065679,-5.479188));
#546 = CARTESIAN_POINT('',(-28.00572165365,59.289643174082,-5.479188));
#547 = CARTESIAN_POINT('',(-28.29566340363,60.66524819314,-5.479188));
#548 = CARTESIAN_POINT('',(-28.61137249158,62.035226507225,-5.479188));
#549 = CARTESIAN_POINT('',(-28.95438581363,63.398511179716,-5.479188));
#550 = CARTESIAN_POINT('',(-29.68944257483,66.075663496369,-5.479188));
#551 = CARTESIAN_POINT('',(-30.08005056134,67.389860584352,-5.479188));
#552 = CARTESIAN_POINT('',(-30.5000104071,68.695253719003,-5.479188));
#553 = CARTESIAN_POINT('',(-30.9512027096,69.990302698457,-5.479188));
#554 = CARTESIAN_POINT('',(-31.43573490327,71.273070687884,-5.479188));
#555 = CARTESIAN_POINT('',(-31.95607523511,72.541177475834,-5.479188));
#556 = ORIENTED_EDGE('',*,*,#557,.F.);
#557 = EDGE_CURVE('',#558,#541,#560,.T.);
#558 = VERTEX_POINT('',#559);
#559 = CARTESIAN_POINT('',(-32.26259177631,70.115588763506,
    -7.19604638081));
#560 = B_SPLINE_CURVE_WITH_KNOTS('',7,(#561,#562,#563,#564,#565,#566,
    #567,#568,#569,#570,#571,#572,#573,#574,#575,#576,#577,#578,#579,
    #580,#581,#582,#583,#584,#585,#586,#587,#588,#589,#590,#591,#592),
  .UNSPECIFIED.,.F.,.F.,(8,6,6,6,6,8),(0.,0.102917567674,0.522481508362,
    0.754505171091,0.881113649202,1.),.UNSPECIFIED.);
#561 = CARTESIAN_POINT('',(-32.86878757328,68.683704441751,
    -8.762771791967));
#562 = CARTESIAN_POINT('',(-32.82553560481,68.800617424591,
    -8.643500158819));
#563 = CARTESIAN_POINT('',(-32.781548759,68.916416967508,-8.523814751893
    ));
#564 = CARTESIAN_POINT('',(-32.7368491681,69.031113867039,
    -8.403727534254));
#565 = CARTESIAN_POINT('',(-32.69145791161,69.144719538226,
    -8.283250184841));
#566 = CARTESIAN_POINT('',(-32.64539588885,69.257243617878,
    -8.162393133971));
#567 = CARTESIAN_POINT('',(-32.59868306425,69.368696442849,
    -8.041166528569));
#568 = CARTESIAN_POINT('',(-32.35833157431,69.929118788361,
    -7.423906499198));
#569 = CARTESIAN_POINT('',(-32.15483991611,70.361490481718,
    -6.922262177607));
#570 = CARTESIAN_POINT('',(-31.94217680648,70.776882265877,
    -6.41525121533));
#571 = CARTESIAN_POINT('',(-31.72152501675,71.175836541262,
    -5.903358066788));
#572 = CARTESIAN_POINT('',(-31.49397146031,71.55883777161,
    -5.386972201716));
#573 = CARTESIAN_POINT('',(-31.26052369172,71.926354177262,
    -4.866401465161));
#574 = CARTESIAN_POINT('',(-30.89026258446,72.473771504435,
    -4.051803835449));
#575 = CARTESIAN_POINT('',(-30.75690015363,72.664101114338,
    -3.760529922253));
#576 = CARTESIAN_POINT('',(-30.62218036389,72.849905426756,
    -3.468094779758));
#577 = CARTESIAN_POINT('',(-30.48625657939,73.031256908725,
    -3.174537427164));
#578 = CARTESIAN_POINT('',(-30.34927683816,73.20822653004,
    -2.879893296776));
#579 = CARTESIAN_POINT('',(-30.21138405083,73.38088458734,
    -2.584194450586));
#580 = CARTESIAN_POINT('',(-29.99704923778,73.641201691833,
    -2.125555893823));
#581 = CARTESIAN_POINT('',(-29.92065748687,73.732439055196,
    -1.962279410254));
#582 = CARTESIAN_POINT('',(-29.84355030062,73.823004539714,
    -1.797621647764));
#583 = CARTESIAN_POINT('',(-29.76573768709,73.912888833497,
    -1.631563431251));
#584 = CARTESIAN_POINT('',(-29.68723030853,74.002082391346,
    -1.46408510889));
#585 = CARTESIAN_POINT('',(-29.60803948142,74.090575434749,
    -1.295166552136));
#586 = CARTESIAN_POINT('',(-29.45318584774,74.260786421779,
    -0.964799570425));
#587 = CARTESIAN_POINT('',(-29.37807961759,74.342064015509,
    -0.804541712103));
#588 = CARTESIAN_POINT('',(-29.30287765285,74.422201265625,
    -0.644017383678));
#589 = CARTESIAN_POINT('',(-29.22759947155,74.501208809564,
    -0.483230039277));
#590 = CARTESIAN_POINT('',(-29.1522636947,74.579097205715,
    -0.322183185452));
#591 = CARTESIAN_POINT('',(-29.07688823742,74.655876972501,
    -0.160880331197));
#592 = CARTESIAN_POINT('',(-29.00149193926,74.731558850501,
    6.755132563817E-04));
#593 = ORIENTED_EDGE('',*,*,#594,.F.);
#594 = EDGE_CURVE('',#595,#558,#597,.T.);
#595 = VERTEX_POINT('',#596);
#596 = CARTESIAN_POINT('',(-32.22798681288,69.431766897943,
    -7.519548627389));
#597 = B_SPLINE_CURVE_WITH_KNOTS('',4,(#598,#599,#600,#601,#602),
  .UNSPECIFIED.,.F.,.F.,(5,5),(0.,1.),.PIECEWISE_BEZIER_KNOTS.);
#598 = CARTESIAN_POINT('',(-32.22798681288,69.431766897945,
    -7.51954862739));
#599 = CARTESIAN_POINT('',(-32.23962168148,69.663675671966,
    -7.409957709138));
#600 = CARTESIAN_POINT('',(-32.2513360529,69.895343959919,
    -7.300372615555));
#601 = CARTESIAN_POINT('',(-32.26312888319,70.126771370389,
    -7.190791826109));
#602 = CARTESIAN_POINT('',(-32.27499916018,70.357957622875,
    -7.081213864473));
#603 = ORIENTED_EDGE('',*,*,#604,.F.);
#604 = EDGE_CURVE('',#128,#595,#605,.T.);
#605 = B_SPLINE_CURVE_WITH_KNOTS('',8,(#606,#607,#608,#609,#610,#611,
    #612,#613,#614,#615,#616,#617,#618,#619,#620,#621,#622,#623,#624,
    #625,#626,#627,#628,#629,#630,#631,#632,#633,#634,#635,#636,#637,
    #638,#639,#640,#641,#642,#643,#644,#645,#646,#647,#648,#649,#650,
    #651,#652,#653,#654,#655,#656,#657,#658,#659,#660,#661,#662,#663,
    #664,#665,#666,#667,#668,#669,#670,#671,#672,#673,#674,#675,#676,
    #677,#678,#679,#680,#681,#682,#683,#684,#685,#686,#687,#688,#689,
    #690,#691,#692,#693,#694,#695,#696,#697,#698,#699,#700,#701,#702,
    #703,#704,#705,#706,#707,#708,#709,#710,#711,#712,#713,#714,#715,
    #716,#717,#718,#719,#720,#721,#722,#723,#724,#725,#726,#727,#728,
    #729,#730,#731,#732,#733,#734,#735,#736,#737,#738,#739,#740,#741,
    #742,#743,#744,#745,#746,#747,#748,#749,#750,#751,#752,#753,#754,
    #755,#756,#757,#758,#759,#760,#761,#762,#763,#764,#765,#766,#767,
    #768),.UNSPECIFIED.,.F.,.F.,(9,7,7,7,7,7,7,7,7,7,7,7,7,7,7,7,7,7,7,7
    ,7,7,7,9),(0.,3.319287995504E-02,0.11524682842,0.192078811191,
    0.215449308694,0.243101855226,0.265219747093,0.278464412377,
    0.308237164875,0.33943822082,0.35528869582,0.384979808961,
    0.444451119565,0.493833049814,0.524129192844,0.542440183647,
    0.55229790136,0.567136374338,0.613236455987,0.683143101882,
    0.780635719012,0.879691986529,0.990603482975,1.),.UNSPECIFIED.);
#606 = CARTESIAN_POINT('',(-31.99064914487,-5.602346030289,
    0.132964902047));
#607 = CARTESIAN_POINT('',(-31.92747192712,-5.896917016558,
    -0.257193693994));
#608 = CARTESIAN_POINT('',(-31.86113462749,-6.182593836808,
    -0.653554195358));
#609 = CARTESIAN_POINT('',(-31.79196915993,-6.459385011168,
    -1.055790645271));
#610 = CARTESIAN_POINT('',(-31.72029891419,-6.727308301293,
    -1.463594682911));
#611 = CARTESIAN_POINT('',(-31.64643794653,-6.986390195009,
    -1.87667572076));
#612 = CARTESIAN_POINT('',(-31.57069017043,-7.236665390951,
    -2.294761121972));
#613 = CARTESIAN_POINT('',(-31.49334854729,-7.478176283206,
    -2.717596377727));
#614 = CARTESIAN_POINT('',(-31.22025793532,-8.286452077541,
    -4.201366825445));
#615 = CARTESIAN_POINT('',(-31.01784488343,-8.808550290891,
    -5.285138998246));
#616 = CARTESIAN_POINT('',(-30.8116631016,-9.278169424832,
    -6.392915680668));
#617 = CARTESIAN_POINT('',(-30.60557584606,-9.6961361355,-7.521602263715
    ));
#618 = CARTESIAN_POINT('',(-30.40307907887,-10.06325272216,
    -8.668331116593));
#619 = CARTESIAN_POINT('',(-30.20730080492,-10.38025799392,
    -9.830472411256));
#620 = CARTESIAN_POINT('',(-30.02102231646,-10.64769767725,
    -11.00568030662));
#621 = CARTESIAN_POINT('',(-29.683513259,-11.06983667701,-13.30277225004
    ));
#622 = CARTESIAN_POINT('',(-29.5308751546,-11.23054617188,-14.422830092)
  );
#623 = CARTESIAN_POINT('',(-29.3908173405,-11.3480099483,-15.55059410235
    ));
#624 = CARTESIAN_POINT('',(-29.26519780035,-11.42199911478,
    -16.68426162647));
#625 = CARTESIAN_POINT('',(-29.15573221788,-11.45181279993,
    -17.82178197335));
#626 = CARTESIAN_POINT('',(-29.06398014869,-11.43627904334,
    -18.96085383794));
#627 = CARTESIAN_POINT('',(-28.99133905326,-11.37352391277,
    -20.09893007659));
#628 = CARTESIAN_POINT('',(-28.92318130546,-11.22574267164,
    -21.57827122678));
#629 = CARTESIAN_POINT('',(-28.90917194199,-11.1866005418,
    -21.92291893823));
#630 = CARTESIAN_POINT('',(-28.89708551219,-11.14269233609,
    -22.26709355967));
#631 = CARTESIAN_POINT('',(-28.88695663379,-11.09391587589,
    -22.61069413331));
#632 = CARTESIAN_POINT('',(-28.87881858297,-11.04015699907,
    -22.95360858591));
#633 = CARTESIAN_POINT('',(-28.8727030318,-10.9812882865,-23.29571352767
    ));
#634 = CARTESIAN_POINT('',(-28.86863978577,-10.91716778848,
    -23.63687405112));
#635 = CARTESIAN_POINT('',(-28.86430988189,-10.76536808644,
    -24.3793220846));
#636 = CARTESIAN_POINT('',(-28.86487537078,-10.67552817094,
    -24.78015787477));
#637 = CARTESIAN_POINT('',(-28.86839850063,-10.577855791,-25.17921635527
    ));
#638 = CARTESIAN_POINT('',(-28.87492117871,-10.47206255268,
    -25.5762168718));
#639 = CARTESIAN_POINT('',(-28.88447994138,-10.35783394421,
    -25.97083272029));
#640 = CARTESIAN_POINT('',(-28.89710424156,-10.2348335577,
    -26.36269238554));
#641 = CARTESIAN_POINT('',(-28.91281478886,-10.10271147004,
    -26.75138195949));
#642 = CARTESIAN_POINT('',(-28.94666483772,-9.847862327907,
    -27.44444446271));
#643 = CARTESIAN_POINT('',(-28.96368842007,-9.728550603763,
    -27.75011388719));
#644 = CARTESIAN_POINT('',(-28.98269747703,-9.603005136465,
    -28.05322062095));
#645 = CARTESIAN_POINT('',(-29.00369197334,-9.471052083705,
    -28.35350348286));
#646 = CARTESIAN_POINT('',(-29.02666594334,-9.332526844322,
    -28.65067959883));
#647 = CARTESIAN_POINT('',(-29.05160638313,-9.187280667414,
    -28.94444749866));
#648 = CARTESIAN_POINT('',(-29.07849214286,-9.03518726145,-29.234490213)
  );
#649 = CARTESIAN_POINT('',(-29.12453927356,-8.780914169149,
    -29.69173419211));
#650 = CARTESIAN_POINT('',(-29.14247238765,-8.683188778492,
    -29.86153619239));
#651 = CARTESIAN_POINT('',(-29.16108557789,-8.582952647565,
    -30.02981325797));
#652 = CARTESIAN_POINT('',(-29.1803710857,-8.48018883654,-30.19649311299
    ));
#653 = CARTESIAN_POINT('',(-29.20031990252,-8.374884490114,
    -30.36150260463));
#654 = CARTESIAN_POINT('',(-29.22092169493,-8.267031278007,
    -30.52476798913));
#655 = CARTESIAN_POINT('',(-29.2421647299,-8.156625835455,
    -30.68621521766));
#656 = CARTESIAN_POINT('',(-29.31319994596,-7.789756653906,
    -31.20443475093));
#657 = CARTESIAN_POINT('',(-29.36554193706,-7.522933440199,
    -31.55357076986));
#658 = CARTESIAN_POINT('',(-29.42090775434,-7.24324722074,
    -31.89229400779));
#659 = CARTESIAN_POINT('',(-29.47911018894,-6.950854900312,
    -32.21977710022));
#660 = CARTESIAN_POINT('',(-29.53992952614,-6.646029135498,
    -32.53525474588));
#661 = CARTESIAN_POINT('',(-29.60311422943,-6.329163839853,
    -32.83802886301));
#662 = CARTESIAN_POINT('',(-29.66838162465,-6.000779689084,
    -33.12747374578));
#663 = CARTESIAN_POINT('',(-29.80567161423,-5.306004650002,
    -33.69182874369));
#664 = CARTESIAN_POINT('',(-29.87788147888,-4.938480427664,
    -33.96542950334));
#665 = CARTESIAN_POINT('',(-29.95169148075,-4.559693078425,
    -34.2232112432));
#666 = CARTESIAN_POINT('',(-30.02672965472,-4.170437594349,
    -34.46471698377));
#667 = CARTESIAN_POINT('',(-30.10261531656,-3.771551629677,
    -34.68963630953));
#668 = CARTESIAN_POINT('',(-30.1789651538,-3.363903089869,
    -34.89778304891));
#669 = CARTESIAN_POINT('',(-30.25539885893,-2.948381520371,
    -35.08907934711));
#670 = CARTESIAN_POINT('',(-30.37022701757,-2.311264692926,
    -35.35217715363));
#671 = CARTESIAN_POINT('',(-30.40883681131,-2.094830039389,
    -35.43646817817));
#672 = CARTESIAN_POINT('',(-30.44732573547,-1.876703201939,
    -35.51642339077));
#673 = CARTESIAN_POINT('',(-30.48564689879,-1.656996099612,
    -35.59205397805));
#674 = CARTESIAN_POINT('',(-30.52375458322,-1.435818487313,
    -35.66337742639));
#675 = CARTESIAN_POINT('',(-30.56160435787,-1.213277740082,
    -35.73041682058));
#676 = CARTESIAN_POINT('',(-30.59915319307,-0.989478637377,
    -35.79320014249));
#677 = CARTESIAN_POINT('',(-30.70605451426,-0.343136550227,
    -35.96145342698));
#678 = CARTESIAN_POINT('',(-30.77454807595,8.230823314907E-02,
    -36.05632522579));
#679 = CARTESIAN_POINT('',(-30.84156727851,0.511143044567,
    -36.13659028906));
#680 = CARTESIAN_POINT('',(-30.90685910515,0.942740186562,
    -36.20251379249));
#681 = CARTESIAN_POINT('',(-30.97019119901,1.376513734417,
    -36.25440080862));
#682 = CARTESIAN_POINT('',(-31.03135255895,1.811920848154,
    -36.29258635088));
#683 = CARTESIAN_POINT('',(-31.09015423542,2.248463084522,
    -36.31742541764));
#684 = CARTESIAN_POINT('',(-31.25915051559,3.561448761141,
    -36.35303476256));
#685 = CARTESIAN_POINT('',(-31.36173353419,4.439933810996,-36.3247055853
    ));
#686 = CARTESIAN_POINT('',(-31.45284790408,5.317513613437,
    -36.24726265589));
#687 = CARTESIAN_POINT('',(-31.53148115592,6.191157487094,
    -36.12382905457));
#688 = CARTESIAN_POINT('',(-31.59701732156,7.058439123943,
    -35.95769662278));
#689 = CARTESIAN_POINT('',(-31.64912533287,7.917487477773,
    -35.75202754631));
#690 = CARTESIAN_POINT('',(-31.68796410576,8.767074635043,
    -35.51033947199));
#691 = CARTESIAN_POINT('',(-31.73636667992,10.303827574816,
    -35.01006566113));
#692 = CARTESIAN_POINT('',(-31.74977468692,10.994058990576,
    -34.76130713358));
#693 = CARTESIAN_POINT('',(-31.75514619055,11.677244567193,
    -34.49320945548));
#694 = CARTESIAN_POINT('',(-31.75325895888,12.353643563415,
    -34.20844975909));
#695 = CARTESIAN_POINT('',(-31.74534042606,13.024046040825,
    -33.91028867091));
#696 = CARTESIAN_POINT('',(-31.73255824863,13.689330805453,
    -33.60154772876));
#697 = CARTESIAN_POINT('',(-31.71586853641,14.350396605915,
    -33.28440902824));
#698 = CARTESIAN_POINT('',(-31.68392517113,15.411792288264,
    -32.76185896682));
#699 = CARTESIAN_POINT('',(-31.67061040455,15.814094596552,
    -32.56066353142));
#700 = CARTESIAN_POINT('',(-31.65631246958,16.215310344828,
    -32.3573675019));
#701 = CARTESIAN_POINT('',(-31.64119209032,16.615601739752,
    -32.15231500011));
#702 = CARTESIAN_POINT('',(-31.62538821553,17.015109934271,
    -31.94579781915));
#703 = CARTESIAN_POINT('',(-31.60902120624,17.41395931601,
    -31.73806352322));
#704 = CARTESIAN_POINT('',(-31.59219602335,17.812261795683,
    -31.52932354764));
#705 = CARTESIAN_POINT('',(-31.56461541347,18.450587254255,
    -31.19310180901));
#706 = CARTESIAN_POINT('',(-31.55409200009,18.690890093671,
    -31.06614258842));
#707 = CARTESIAN_POINT('',(-31.54345565709,18.931051479281,
    -30.93892437047));
#708 = CARTESIAN_POINT('',(-31.53272528311,19.171091516304,
    -30.81148439643));
#709 = CARTESIAN_POINT('',(-31.52191835838,19.411028749757,
    -30.6838567773));
#710 = CARTESIAN_POINT('',(-31.51105110955,19.650880364586,
    -30.55607285581));
#711 = CARTESIAN_POINT('',(-31.50013867467,19.8906623858,-30.42816156846
    ));
#712 = CARTESIAN_POINT('',(-31.48330388303,20.259447113944,
    -30.23123469519));
#713 = CARTESIAN_POINT('',(-31.4774035264,20.388488527256,
    -30.16229048255));
#714 = CARTESIAN_POINT('',(-31.47149640192,20.517516438211,
    -30.0933213403));
#715 = CARTESIAN_POINT('',(-31.46558464278,20.646533084181,
    -30.02433128591));
#716 = CARTESIAN_POINT('',(-31.45967031161,20.775540620235,
    -29.95532418362));
#717 = CARTESIAN_POINT('',(-31.45375540048,20.904541119134,
    -29.88630374441));
#718 = CARTESIAN_POINT('',(-31.44784183089,21.033536571333,
    -29.81727352604));
#719 = CARTESIAN_POINT('',(-31.43303476268,21.356696429797,
    -29.64431857624));
#720 = CARTESIAN_POINT('',(-31.42414535732,21.55085691507,
    -29.54038589013));
#721 = CARTESIAN_POINT('',(-31.41526952924,21.745016826186,
    -29.43645044105));
#722 = CARTESIAN_POINT('',(-31.40641330488,21.93918232172,
    -29.33252322285));
#723 = CARTESIAN_POINT('',(-31.39758244558,22.133359233434,
    -29.22861465685));
#724 = CARTESIAN_POINT('',(-31.38878244752,22.327553066278,
    -29.12473459184));
#725 = CARTESIAN_POINT('',(-31.38001854182,22.521768998391,
    -29.02089230408));
#726 = CARTESIAN_POINT('',(-31.3441955096,23.31948443461,-28.5946240971)
  );
#727 = CARTESIAN_POINT('',(-31.31749247259,23.923218016223,
    -28.27260213618));
#728 = CARTESIAN_POINT('',(-31.29133572487,24.527358321899,
    -27.95129215622));
#729 = CARTESIAN_POINT('',(-31.26585565995,25.132026621344,
    -27.63091521792));
#730 = CARTESIAN_POINT('',(-31.24116650173,25.73732272004,
    -27.31165730692));
#731 = CARTESIAN_POINT('',(-31.21736888286,26.343327921288,
    -26.99367473966));
#732 = CARTESIAN_POINT('',(-31.19455242311,26.950107988242,
    -26.67709956928));
#733 = CARTESIAN_POINT('',(-31.13980993821,28.479099186999,
    -25.88429251977));
#734 = CARTESIAN_POINT('',(-31.10926340036,29.402390504276,
    -25.41003228608));
#735 = CARTESIAN_POINT('',(-31.08143856101,30.327765966557,
    -24.93965489946));
#736 = CARTESIAN_POINT('',(-31.05656449224,31.255336689949,
    -24.47343512385));
#737 = CARTESIAN_POINT('',(-31.03482823746,32.185158898533,
    -24.01155124088));
#738 = CARTESIAN_POINT('',(-31.01638101535,33.117241697053,
    -23.55410028939));
#739 = CARTESIAN_POINT('',(-31.00134186176,34.051552715637,
    -23.10110918153));
#740 = CARTESIAN_POINT('',(-30.97370049079,36.294032018666,
    -22.02696432131));
#741 = CARTESIAN_POINT('',(-30.96440187676,37.604261856314,
    -21.40998054171));
#742 = CARTESIAN_POINT('',(-30.96214206883,38.918519174243,
    -20.80149475447));
#743 = CARTESIAN_POINT('',(-30.9670456951,40.236515847393,
    -20.20115722984));
#744 = CARTESIAN_POINT('',(-30.97913367308,41.557889890708,
    -19.60841332893));
#745 = CARTESIAN_POINT('',(-30.99832919037,42.882224367785,
    -19.02254519226));
#746 = CARTESIAN_POINT('',(-31.02445880348,44.209062908391,
    -18.44270589856));
#747 = CARTESIAN_POINT('',(-31.09056442874,46.888093877047,
    -17.28396793209));
#748 = CARTESIAN_POINT('',(-31.13075611059,48.240355418517,
    -16.70523205209));
#749 = CARTESIAN_POINT('',(-31.17753727302,49.59421903175,
    -16.13073441558));
#750 = CARTESIAN_POINT('',(-31.23051672706,50.94917255854,
    -15.55936172632));
#751 = CARTESIAN_POINT('',(-31.28919544303,52.304691834877,
    -14.9899211351));
#752 = CARTESIAN_POINT('',(-31.35296232832,53.660251053714,
    -14.42116426891));
#753 = CARTESIAN_POINT('',(-31.42108886167,55.015330765593,
    -13.8518055843));
#754 = CARTESIAN_POINT('',(-31.57292963344,57.885576524658,
    -12.64089395683));
#755 = CARTESIAN_POINT('',(-31.65753099682,59.400447487466,
    -11.99887425578));
#756 = CARTESIAN_POINT('',(-31.74533226611,60.913354247382,
    -11.35262656743));
#757 = CARTESIAN_POINT('',(-31.83494033164,62.423570475095,
    -10.70028592796));
#758 = CARTESIAN_POINT('',(-31.92475376502,63.930338623619,
    -10.04000005045));
#759 = CARTESIAN_POINT('',(-32.01295117659,65.432876649856,
    -9.369943200913));
#760 = CARTESIAN_POINT('',(-32.0974775473,66.930378504246,
    -8.688315683961));
#761 = CARTESIAN_POINT('',(-32.18268343516,68.548380545814,
    -7.934449054528));
#762 = CARTESIAN_POINT('',(-32.18929542801,68.674710276048,
    -7.875473407943));
#763 = CARTESIAN_POINT('',(-32.19586311036,68.800997035666,
    -7.816400926817));
#764 = CARTESIAN_POINT('',(-32.20238506545,68.92724027609,
    -7.757230541406));
#765 = CARTESIAN_POINT('',(-32.20885986323,69.053439443705,
    -7.697961183833));
#766 = CARTESIAN_POINT('',(-32.21528606037,69.179593979854,
    -7.63859178809));
#767 = CARTESIAN_POINT('',(-32.22166220023,69.305703320845,
    -7.579121290033));
#768 = CARTESIAN_POINT('',(-32.22798681288,69.431766897943,
    -7.519548627389));
#769 = ORIENTED_EDGE('',*,*,#158,.F.);
#770 = ORIENTED_EDGE('',*,*,#520,.F.);
#771 = B_SPLINE_SURFACE_WITH_KNOTS('',14,1,(
    (#772,#773)
    ,(#774,#775)
    ,(#776,#777)
    ,(#778,#779)
    ,(#780,#781)
    ,(#782,#783)
    ,(#784,#785)
    ,(#786,#787)
    ,(#788,#789)
    ,(#790,#791)
    ,(#792,#793)
    ,(#794,#795)
    ,(#796,#797)
    ,(#798,#799)
    ,(#800,#801)
    ,(#802,#803)
    ,(#804,#805)
    ,(#806,#807)
    ,(#808,#809)
    ,(#810,#811)
    ,(#812,#813)
    ,(#814,#815)
    ,(#816,#817)
    ,(#818,#819)
    ,(#820,#821)
    ,(#822,#823)
    ,(#824,#825)
    ,(#826,#827
    )),.UNSPECIFIED.,.T.,.F.,.F.,(15,13,15),(2,2),(0.,3.14159265359,
    6.28318530718),(0.,1.),.UNSPECIFIED.);
#772 = CARTESIAN_POINT('',(-79.77190000001,8.894206569963,
    -72.34251041294));
#773 = CARTESIAN_POINT('',(-55.01209999998,95.334348131838,
    -3.289161358083));
#774 = CARTESIAN_POINT('',(-68.40003023238,8.894206569963,
    -72.34251041293));
#775 = CARTESIAN_POINT('',(-47.49200234523,95.334348131844,
    -3.289161358088));
#776 = CARTESIAN_POINT('',(-57.02816114861,7.689502525745,
    -69.87250108312));
#777 = CARTESIAN_POINT('',(-39.97190330258,94.537690135445,
    -1.65577040766));
#778 = CARTESIAN_POINT('',(-46.37574838279,5.280094649824,
    -64.93248285917));
#779 = CARTESIAN_POINT('',(-32.9275825419,92.944373633452,1.611012537231
    ));
#780 = CARTESIAN_POINT('',(-37.16226865105,1.756057482164,
    -57.70713591646));
#781 = CARTESIAN_POINT('',(-26.83479290748,90.613965992872,
    6.389056275164));
#782 = CARTESIAN_POINT('',(-30.04260099281,-2.702456101684,
    -48.56582838776));
#783 = CARTESIAN_POINT('',(-22.12664095105,87.665596679973,
    12.434109203794));
#784 = CARTESIAN_POINT('',(-25.54257561725,-7.83510109321,
    -38.04234664416));
#785 = CARTESIAN_POINT('',(-19.1508216964,84.271433579321,
    19.393174848004));
#786 = CARTESIAN_POINT('',(-24.00318184185,-13.32108419875,
    -26.79441440803));
#787 = CARTESIAN_POINT('',(-18.13283095253,80.64361041036,
    26.831314627895));
#788 = CARTESIAN_POINT('',(-25.54257561725,-18.8070673043,-15.5464821719
    ));
#789 = CARTESIAN_POINT('',(-19.15082032296,77.015787348786,
    34.269454187611));
#790 = CARTESIAN_POINT('',(-30.04260099281,-23.93971229582,
    -5.023000428306));
#791 = CARTESIAN_POINT('',(-22.12664065271,73.621623912953,
    41.228520519048));
#792 = CARTESIAN_POINT('',(-37.16226865104,-28.39822587967,
    4.118307100391));
#793 = CARTESIAN_POINT('',(-26.83479619123,70.673255242958,
    47.273572129531));
#794 = CARTESIAN_POINT('',(-46.37574838279,-31.92226304733,
    11.343654043104));
#795 = CARTESIAN_POINT('',(-32.92757883768,68.342846932143,
    52.051617241642));
#796 = CARTESIAN_POINT('',(-57.02816114861,-34.33167092325,
    16.283672267047));
#797 = CARTESIAN_POINT('',(-39.97190478987,66.749530788828,
    55.318399451133));
#798 = CARTESIAN_POINT('',(-68.40003023239,-35.53637496747,
    18.753681596868));
#799 = CARTESIAN_POINT('',(-47.49200239493,65.95287271717,
    56.951790555878));
#800 = CARTESIAN_POINT('',(-91.14376976764,-35.53637496747,
    18.75368159687));
#801 = CARTESIAN_POINT('',(-62.53219760504,65.95287271717,
    56.951790555878));
#802 = CARTESIAN_POINT('',(-102.5156388514,-34.33167092325,
    16.283672267041));
#803 = CARTESIAN_POINT('',(-70.05229521009,66.749530788828,
    55.318399451133));
#804 = CARTESIAN_POINT('',(-113.1680516172,-31.92226304733,
    11.343654043112));
#805 = CARTESIAN_POINT('',(-77.09662116228,68.342846932143,
    52.051617241642));
#806 = CARTESIAN_POINT('',(-122.3815313489,-28.39822587967,
    4.118307100386));
#807 = CARTESIAN_POINT('',(-83.18940380873,70.673255242958,
    47.273572129531));
#808 = CARTESIAN_POINT('',(-129.5011990072,-23.93971229582,
    -5.023000428309));
#809 = CARTESIAN_POINT('',(-87.89755934725,73.621623912953,
    41.228520519048));
#810 = CARTESIAN_POINT('',(-134.0012243827,-18.80706730429,
    -15.54648217189));
#811 = CARTESIAN_POINT('',(-90.87337967701,77.015787348786,
    34.269454187611));
#812 = CARTESIAN_POINT('',(-135.5406181581,-13.32108419875,
    -26.79441440803));
#813 = CARTESIAN_POINT('',(-91.89136904743,80.64361041036,
    26.831314627895));
#814 = CARTESIAN_POINT('',(-134.0012243827,-7.835101093211,
    -38.04234664417));
#815 = CARTESIAN_POINT('',(-90.87337830356,84.271433579322,
    19.393174848004));
#816 = CARTESIAN_POINT('',(-129.5011990072,-2.702456101683,
    -48.56582838776));
#817 = CARTESIAN_POINT('',(-87.89755904892,87.665596679973,
    12.434109203794));
#818 = CARTESIAN_POINT('',(-122.3815313489,1.756057482164,
    -57.70713591645));
#819 = CARTESIAN_POINT('',(-83.18940709248,90.61396599287,6.389056275163
    ));
#820 = CARTESIAN_POINT('',(-113.1680516172,5.280094649824,
    -64.93248285918));
#821 = CARTESIAN_POINT('',(-77.09661745805,92.944373633451,1.61101253723
    ));
#822 = CARTESIAN_POINT('',(-102.5156388514,7.689502525746,
    -69.87250108311));
#823 = CARTESIAN_POINT('',(-70.05229669741,94.537690135451,
    -1.655770407655));
#824 = CARTESIAN_POINT('',(-91.14376976763,8.894206569963,
    -72.34251041294));
#825 = CARTESIAN_POINT('',(-62.53219765471,95.334348131838,
    -3.289161358093));
#826 = CARTESIAN_POINT('',(-79.77190000001,8.894206569963,
    -72.34251041294));
#827 = CARTESIAN_POINT('',(-55.01209999998,95.334348131838,
    -3.289161358083));
#828 = ADVANCED_FACE('',(#829),#974,.F.);
#829 = FACE_BOUND('',#830,.F.);
#830 = EDGE_LOOP('',(#831,#935,#936,#937));
#831 = ORIENTED_EDGE('',*,*,#832,.F.);
#832 = EDGE_CURVE('',#595,#833,#835,.T.);
#833 = VERTEX_POINT('',#834);
#834 = CARTESIAN_POINT('',(-32.22798681288,70.187412982701,
    -7.453284284488));
#835 = ( BOUNDED_CURVE() B_SPLINE_CURVE(10,(#836,#837,#838,#839,#840,
    #841,#842,#843,#844,#845,#846,#847,#848,#849,#850,#851,#852,#853,
    #854,#855,#856,#857,#858,#859,#860,#861,#862,#863,#864,#865,#866,
    #867,#868,#869,#870,#871,#872,#873,#874,#875,#876,#877,#878,#879,
    #880,#881,#882,#883,#884,#885,#886,#887,#888,#889,#890,#891,#892,
    #893,#894,#895,#896,#897,#898,#899,#900,#901,#902,#903,#904,#905,
    #906,#907,#908,#909,#910,#911,#912,#913,#914,#915,#916,#917,#918,
    #919,#920,#921,#922,#923,#924,#925,#926,#927,#928,#929,#930,#931,
#932,#933,#934),.UNSPECIFIED.,.F.,.F.) B_SPLINE_CURVE_WITH_KNOTS((11,8,8
    ,8,8,8,8,8,8,8,8,8,11),(0.,0.128490846931,0.192736270397,
    0.256981693862,0.289104405595,0.321227117328,0.353349829061,
    0.385472540794,0.449717964259,0.513963387725,0.635472540794,
0.756981693862,1.),.UNSPECIFIED.) CURVE() GEOMETRIC_REPRESENTATION_ITEM(
) RATIONAL_B_SPLINE_CURVE((1.110326051105,1.110326051105,1.110326051105,
    1.110326051105,1.110326051105,1.110326051105,1.110326051105,
    1.110326051105,1.110326051105,1.110326051105,1.110326051105,
    1.110326051105,1.110326051105,1.110326051105,1.110326051105,
    1.110326051105,1.110326051105,1.110326051105,1.110326051105,
    1.110326051105,1.110326051105,1.110326051105,1.110326051105,
    1.110326051105,1.110326051105,1.110326051105,1.110326051105,
    1.110326051105,1.110326051105,1.110326051105,1.110326051105,
    1.110326051105,1.110326051105,1.110326051105,1.110326051105,
    1.110326051105,1.110326051105,1.110326051105,1.110326051105,
    1.110326051105,1.110326051105,1.110326051105,1.110326051105,
    1.110326051105,1.110326051105,1.110326051105,1.110326051105,
    1.110326051105,1.110326051105,1.110326051105,1.110326051105,
    1.110326051105,1.110326051105,1.110326051105,1.110326051105,
    1.110326051105,1.110326051105,1.110326051105,1.110326051105,
    1.110326051105,1.110326051105,1.110326051105,1.110326051105,
    1.110326051105,1.110326051105,1.110326051105,1.110326051105,
    1.110326051105,1.110326051105,1.110326051105,1.110326051105,
    1.110326051105,1.110326051105,1.110326051105,1.110326051105,
    1.110326051105,1.110326051105,1.110326051105,1.110326051105,
    1.110326051105,1.110326051105,1.110326051105,1.110326051105,
    1.110326051105,1.110326051105,1.110326051105,1.110326051105,
    1.110326051105,1.110326051105,1.110326051105,1.110326051105,
    1.110326051105,1.110326051105,1.110326051105,1.110326051105,
    1.110326051105,1.110326051105,1.110326051105,1.110326051105)) 
REPRESENTATION_ITEM('') );
#836 = CARTESIAN_POINT('',(-32.22798681288,-4.196053620783,1.));
#837 = CARTESIAN_POINT('',(-32.22798681288,-3.838166432804,
    -1.405370742484));
#838 = CARTESIAN_POINT('',(-32.22798681288,-3.499020686806,
    -3.678217601819));
#839 = CARTESIAN_POINT('',(-32.22798681288,-3.176838464546,
    -5.822188401164));
#840 = CARTESIAN_POINT('',(-32.22798681288,-2.86985638697,
    -7.841025235048));
#841 = CARTESIAN_POINT('',(-32.22798681288,-2.576328542899,
    -9.738594527648));
#842 = CARTESIAN_POINT('',(-32.22798681288,-2.294523720442,
    -11.51893021174));
#843 = CARTESIAN_POINT('',(-32.22798681288,-2.022731686825,
    -13.18629879388));
#844 = CARTESIAN_POINT('',(-32.22798681288,-1.759240338113,
    -14.74530313483));
#845 = CARTESIAN_POINT('',(-32.22798681288,-1.373877004681,
    -16.92893045361));
#846 = CARTESIAN_POINT('',(-32.22798681288,-0.999048405302,
    -18.89374089903));
#847 = CARTESIAN_POINT('',(-32.22798681288,-0.875038513886,
    -19.52511482048));
#848 = CARTESIAN_POINT('',(-32.22798681288,-0.751712654301,
    -20.1337316161));
#849 = CARTESIAN_POINT('',(-32.22798681288,-0.628804867284,
    -20.72046423568));
#850 = CARTESIAN_POINT('',(-32.22798681288,-0.506023929232,
    -21.28626868332));
#851 = CARTESIAN_POINT('',(-32.22798681288,-0.383040118557,
    -21.8322024138));
#852 = CARTESIAN_POINT('',(-32.22798681288,-0.259464577344,
    -22.35944938002));
#853 = CARTESIAN_POINT('',(-32.22798681288,-1.016276732229E-02,
    -23.37925467028));
#854 = CARTESIAN_POINT('',(-32.22798681288,0.24602825592,-24.33578878341
    ));
#855 = CARTESIAN_POINT('',(-32.22798681288,0.376493031823,
    -24.79976438366));
#856 = CARTESIAN_POINT('',(-32.22798681288,0.51013712547,-25.25116031106
    ));
#857 = CARTESIAN_POINT('',(-32.22798681288,0.648003499471,
    -25.69189111385));
#858 = CARTESIAN_POINT('',(-32.22798681288,0.791464539731,
    -26.12411312025));
#859 = CARTESIAN_POINT('',(-32.22798681288,0.94238710082,-26.55016536066
    ));
#860 = CARTESIAN_POINT('',(-32.22798681288,1.103322523279,
    -26.97255903068));
#861 = CARTESIAN_POINT('',(-32.22798681288,1.365211490388,-27.6040410558
    ));
#862 = CARTESIAN_POINT('',(-32.22798681288,1.668130858806,
    -28.23482550785));
#863 = CARTESIAN_POINT('',(-32.22798681288,1.774235239656,-28.4451464416
    ));
#864 = CARTESIAN_POINT('',(-32.22798681288,1.886101558252,-28.6555917699
    ));
#865 = CARTESIAN_POINT('',(-32.22798681288,2.004414213973,-28.8661260106
    ));
#866 = CARTESIAN_POINT('',(-32.22798681288,2.129897214996,-29.0765805725
    ));
#867 = CARTESIAN_POINT('',(-32.22798681288,2.263287707114,
    -29.28661280805));
#868 = CARTESIAN_POINT('',(-32.22798681288,2.405285493215,
    -29.49566801866));
#869 = CARTESIAN_POINT('',(-32.22798681288,2.707668886931,
    -29.91025943644));
#870 = CARTESIAN_POINT('',(-32.22798681288,3.048428829477,
    -30.31387917144));
#871 = CARTESIAN_POINT('',(-32.22798681288,3.228803240462,
    -30.51196276826));
#872 = CARTESIAN_POINT('',(-32.22798681289,3.419385480089,-30.7051348383
    ));
#873 = CARTESIAN_POINT('',(-32.22798681287,3.620130739921,
    -30.89203723614));
#874 = CARTESIAN_POINT('',(-32.22798681289,3.830661328029,
    -31.07119686501));
#875 = CARTESIAN_POINT('',(-32.22798681288,4.050225597821,
    -31.24115166308));
#876 = CARTESIAN_POINT('',(-32.22798681288,4.277732761919,
    -31.40059878546));
#877 = CARTESIAN_POINT('',(-32.22798681288,4.746001505474,
    -31.69640013018));
#878 = CARTESIAN_POINT('',(-32.22798681288,5.235074751876,
    -31.94308342261));
#879 = CARTESIAN_POINT('',(-32.22798681288,5.483386445728,-32.0534126153
    ));
#880 = CARTESIAN_POINT('',(-32.22798681288,5.733938194449,
    -32.15030230367));
#881 = CARTESIAN_POINT('',(-32.22798681288,5.985201359089,
    -32.23367615293));
#882 = CARTESIAN_POINT('',(-32.22798681288,6.235790449496,
    -32.30379217911));
#883 = CARTESIAN_POINT('',(-32.22798681288,6.484548943051,
    -32.36116096816));
#884 = CARTESIAN_POINT('',(-32.22798681288,6.730573347127,
    -32.40644709049));
#885 = CARTESIAN_POINT('',(-32.22798681288,7.215822422414,
    -32.47435046663));
#886 = CARTESIAN_POINT('',(-32.22798681288,7.68564966213,-32.50001602584
    ));
#887 = CARTESIAN_POINT('',(-32.22798681288,7.916252180445,
    -32.50306438272));
#888 = CARTESIAN_POINT('',(-32.22798681288,8.142297720724,
    -32.49713068535));
#889 = CARTESIAN_POINT('',(-32.22798681288,8.363721385062,
    -32.48298936787));
#890 = CARTESIAN_POINT('',(-32.22798681288,8.580593384189,
    -32.46135333626));
#891 = CARTESIAN_POINT('',(-32.22798681288,8.793077345676,
    -32.43286177487));
#892 = CARTESIAN_POINT('',(-32.22798681288,9.001398596024,
    -32.39808034075));
#893 = CARTESIAN_POINT('',(-32.22798681288,9.614664643872,-32.2763537501
    ));
#894 = CARTESIAN_POINT('',(-32.22798681288,10.195399946775,
    -32.10637686717));
#895 = CARTESIAN_POINT('',(-32.22798681288,10.570376285981,
    -31.9750779527));
#896 = CARTESIAN_POINT('',(-32.22798681288,10.935790327383,
    -31.82825440055));
#897 = CARTESIAN_POINT('',(-32.22798681289,11.294055041907,
    -31.66757207169));
#898 = CARTESIAN_POINT('',(-32.22798681288,11.647279590315,
    -31.49425367925));
#899 = CARTESIAN_POINT('',(-32.22798681288,11.997296627994,
    -31.3092099913));
#900 = CARTESIAN_POINT('',(-32.22798681288,12.345686143422,
    -31.11316325859));
#901 = CARTESIAN_POINT('',(-32.22798681288,13.041954306701,
    -30.70024602707));
#902 = CARTESIAN_POINT('',(-32.22798681288,13.741989421917,
    -30.2477033995));
#903 = CARTESIAN_POINT('',(-32.22798681288,14.094145984829,
    -30.01203116438));
#904 = CARTESIAN_POINT('',(-32.22798681289,14.449464060737,
    -29.76737755088));
#905 = CARTESIAN_POINT('',(-32.22798681288,14.808827506746,
    -29.51411799055));
#906 = CARTESIAN_POINT('',(-32.22798681289,15.173011406494,
    -29.25260455699));
#907 = CARTESIAN_POINT('',(-32.22798681288,15.54270529251,
    -28.98317617112));
#908 = CARTESIAN_POINT('',(-32.22798681288,15.918530289116,
    -28.70616475441));
#909 = CARTESIAN_POINT('',(-32.22798681288,17.024525206623,
    -27.88426174328));
#910 = CARTESIAN_POINT('',(-32.22798681288,18.190850512654,
    -27.00446986345));
#911 = CARTESIAN_POINT('',(-32.22798681288,18.983123299074,
    -26.40641864337));
#912 = CARTESIAN_POINT('',(-32.22798681288,19.807672281102,
    -25.78804014376));
#913 = CARTESIAN_POINT('',(-32.22798681288,20.66710681069,
    -25.15159950487));
#914 = CARTESIAN_POINT('',(-32.22798681288,21.563820400912,
    -24.49940340313));
#915 = CARTESIAN_POINT('',(-32.22798681288,22.500060191868,
    -23.83379524946));
#916 = CARTESIAN_POINT('',(-32.22798681288,23.477975108915,
    -23.15715538914));
#917 = CARTESIAN_POINT('',(-32.22798681288,25.521313478889,
    -21.78663564669));
#918 = CARTESIAN_POINT('',(-32.22798681288,27.747791804855,
    -20.39140910751));
#919 = CARTESIAN_POINT('',(-32.22798681288,28.908846630433,
    -19.69006238878));
#920 = CARTESIAN_POINT('',(-32.22798681288,30.119699245757,
    -18.9874567106));
#921 = CARTESIAN_POINT('',(-32.22798681288,31.382303343195,
    -18.28609636497));
#922 = CARTESIAN_POINT('',(-32.22798681288,32.698595207148,
    -17.58851523242));
#923 = CARTESIAN_POINT('',(-32.22798681288,34.070499137287,
    -16.89727717043));
#924 = CARTESIAN_POINT('',(-32.22798681288,35.499929659735,
    -16.2149764592));
#925 = CARTESIAN_POINT('',(-32.22798681288,39.96651615847,
    -14.20276059079));
#926 = CARTESIAN_POINT('',(-32.22798681288,44.985035012835,
    -12.31849335984));
#927 = CARTESIAN_POINT('',(-32.22798681288,48.591171097153,
    -11.14041676788));
#928 = CARTESIAN_POINT('',(-32.22798681288,52.472743971102,
    -10.06215214542));
#929 = CARTESIAN_POINT('',(-32.22798681289,56.644524468118,
    -9.105863394974));
#930 = CARTESIAN_POINT('',(-32.22798681288,61.120949628054,
    -8.294099086882));
#931 = CARTESIAN_POINT('',(-32.22798681288,65.916050958947,
    -7.649655469074));
#932 = CARTESIAN_POINT('',(-32.22798681288,71.043461396315,
    -7.195433584025));
#933 = CARTESIAN_POINT('',(-32.22798681288,76.516467198088,
    -6.954350063798));
#934 = CARTESIAN_POINT('',(-32.22798681288,82.348068390036,
    -6.94927275725));
#935 = ORIENTED_EDGE('',*,*,#604,.F.);
#936 = ORIENTED_EDGE('',*,*,#127,.F.);
#937 = ORIENTED_EDGE('',*,*,#938,.T.);
#938 = EDGE_CURVE('',#119,#833,#939,.T.);
#939 = B_SPLINE_CURVE_WITH_KNOTS('',5,(#940,#941,#942,#943,#944,#945,
    #946,#947,#948,#949,#950,#951,#952,#953,#954,#955,#956,#957,#958,
    #959,#960,#961,#962,#963,#964,#965,#966,#967,#968,#969,#970,#971,
    #972,#973),.UNSPECIFIED.,.F.,.F.,(6,4,4,4,4,4,4,4,6),(0.,
    0.146311603449,0.299274367286,0.458272961244,0.62169724993,
    0.715992794383,0.810640145555,0.90525257221,1.),.UNSPECIFIED.);
#940 = CARTESIAN_POINT('',(-21.26272185691,79.158725389422,
    -27.08155274639));
#941 = CARTESIAN_POINT('',(-21.84835165248,79.007953279211,
    -26.58652204713));
#942 = CARTESIAN_POINT('',(-22.41130830506,78.835014852041,
    -26.08143746855));
#943 = CARTESIAN_POINT('',(-22.95193361126,78.642863823703,
    -25.5676095682));
#944 = CARTESIAN_POINT('',(-23.47076763898,78.433945722143,
    -25.04611471989));
#945 = CARTESIAN_POINT('',(-24.48875358352,77.976548499517,
    -23.96530128541));
#946 = CARTESIAN_POINT('',(-24.98591613051,77.726712937378,
    -23.40536521961));
#947 = CARTESIAN_POINT('',(-25.4606561018,77.463192495978,
    -22.83879995872));
#948 = CARTESIAN_POINT('',(-25.91366078399,77.187983403717,
    -22.26630019759));
#949 = CARTESIAN_POINT('',(-26.79455778283,76.606542541826,
    -21.08754515981));
#950 = CARTESIAN_POINT('',(-27.22074111354,76.299523283241,
    -20.48086649561));
#951 = CARTESIAN_POINT('',(-27.62486810198,75.983859107508,
    -19.86881634124));
#952 = CARTESIAN_POINT('',(-28.00755130449,75.661404761878,
    -19.25176701883));
#953 = CARTESIAN_POINT('',(-28.7411563396,74.997625011714,
    -17.99070199469));
#954 = CARTESIAN_POINT('',(-29.09088927052,74.656031238226,
    -17.34642823384));
#955 = CARTESIAN_POINT('',(-29.41908937395,74.311369699822,
    -16.69725304891));
#956 = CARTESIAN_POINT('',(-29.72618039315,73.96582106171,
    -16.04323271615));
#957 = CARTESIAN_POINT('',(-30.17766711222,73.423694300127,
    -15.0039440472));
#958 = CARTESIAN_POINT('',(-30.33593370758,73.225932581143,
    -14.62202067135));
#959 = CARTESIAN_POINT('',(-30.48733425763,73.029278575964,
    -14.23840321387));
#960 = CARTESIAN_POINT('',(-30.63191047546,72.834307491047,
    -13.8530483389));
#961 = CARTESIAN_POINT('',(-30.90798285975,72.448353430355,
    -13.07728915231));
#962 = CARTESIAN_POINT('',(-31.03942730549,72.257389396916,
    -12.68687390193));
#963 = CARTESIAN_POINT('',(-31.16405124605,72.069474473378,
    -12.2945776993));
#964 = CARTESIAN_POINT('',(-31.28186212733,71.885392415145,
    -11.90032716156));
#965 = CARTESIAN_POINT('',(-31.50380155078,71.526800364424,
    -11.10789279145));
#966 = CARTESIAN_POINT('',(-31.60793384375,71.352289192429,
    -10.70971497519));
#967 = CARTESIAN_POINT('',(-31.70524246836,71.183444866207,
    -10.30941616043));
#968 = CARTESIAN_POINT('',(-31.79569649154,71.021339242002,
    -9.906926810507));
#969 = CARTESIAN_POINT('',(-31.96293162421,70.712784667963,
    -9.096900573466));
#970 = CARTESIAN_POINT('',(-32.03969188644,70.566360881511,
    -8.689362795521));
#971 = CARTESIAN_POINT('',(-32.10949366137,70.429098053061,
    -8.279547169225));
#972 = CARTESIAN_POINT('',(-32.17227590995,70.302347667199,
    -7.867478710096));
#973 = CARTESIAN_POINT('',(-32.22798681288,70.187412982701,
    -7.453284284488));
#974 = ( BOUNDED_SURFACE() B_SPLINE_SURFACE(6,10,(
    (#975,#976,#977,#978,#979,#980,#981,#982,#983,#984,#985,#986,#987
      ,#988,#989,#990,#991,#992,#993,#994,#995,#996,#997,#998,#999,#1000
      ,#1001,#1002,#1003,#1004,#1005,#1006,#1007,#1008,#1009,#1010,#1011
      ,#1012,#1013,#1014,#1015,#1016,#1017,#1018,#1019,#1020,#1021,#1022
      ,#1023,#1024,#1025,#1026,#1027,#1028,#1029,#1030,#1031,#1032,#1033
      ,#1034,#1035,#1036,#1037,#1038,#1039,#1040,#1041,#1042,#1043,#1044
      ,#1045,#1046,#1047,#1048,#1049,#1050,#1051,#1052,#1053,#1054,#1055
      ,#1056,#1057,#1058,#1059,#1060,#1061,#1062,#1063,#1064,#1065,#1066
      ,#1067,#1068,#1069,#1070,#1071,#1072,#1073)
    ,(#1074,#1075,#1076,#1077,#1078,#1079,#1080,#1081,#1082,#1083,#1084
      ,#1085,#1086,#1087,#1088,#1089,#1090,#1091,#1092,#1093,#1094,#1095
      ,#1096,#1097,#1098,#1099,#1100,#1101,#1102,#1103,#1104,#1105,#1106
      ,#1107,#1108,#1109,#1110,#1111,#1112,#1113,#1114,#1115,#1116,#1117
      ,#1118,#1119,#1120,#1121,#1122,#1123,#1124,#1125,#1126,#1127,#1128
      ,#1129,#1130,#1131,#1132,#1133,#1134,#1135,#1136,#1137,#1138,#1139
      ,#1140,#1141,#1142,#1143,#1144,#1145,#1146,#1147,#1148,#1149,#1150
      ,#1151,#1152,#1153,#1154,#1155,#1156,#1157,#1158,#1159,#1160,#1161
      ,#1162,#1163,#1164,#1165,#1166,#1167,#1168,#1169,#1170,#1171,#1172
      )
    ,(#1173,#1174,#1175,#1176,#1177,#1178,#1179,#1180,#1181,#1182,#1183
      ,#1184,#1185,#1186,#1187,#1188,#1189,#1190,#1191,#1192,#1193,#1194
      ,#1195,#1196,#1197,#1198,#1199,#1200,#1201,#1202,#1203,#1204,#1205
      ,#1206,#1207,#1208,#1209,#1210,#1211,#1212,#1213,#1214,#1215,#1216
      ,#1217,#1218,#1219,#1220,#1221,#1222,#1223,#1224,#1225,#1226,#1227
      ,#1228,#1229,#1230,#1231,#1232,#1233,#1234,#1235,#1236,#1237,#1238
      ,#1239,#1240,#1241,#1242,#1243,#1244,#1245,#1246,#1247,#1248,#1249
      ,#1250,#1251,#1252,#1253,#1254,#1255,#1256,#1257,#1258,#1259,#1260
      ,#1261,#1262,#1263,#1264,#1265,#1266,#1267,#1268,#1269,#1270,#1271
      )
    ,(#1272,#1273,#1274,#1275,#1276,#1277,#1278,#1279,#1280,#1281,#1282
      ,#1283,#1284,#1285,#1286,#1287,#1288,#1289,#1290,#1291,#1292,#1293
      ,#1294,#1295,#1296,#1297,#1298,#1299,#1300,#1301,#1302,#1303,#1304
      ,#1305,#1306,#1307,#1308,#1309,#1310,#1311,#1312,#1313,#1314,#1315
      ,#1316,#1317,#1318,#1319,#1320,#1321,#1322,#1323,#1324,#1325,#1326
      ,#1327,#1328,#1329,#1330,#1331,#1332,#1333,#1334,#1335,#1336,#1337
      ,#1338,#1339,#1340,#1341,#1342,#1343,#1344,#1345,#1346,#1347,#1348
      ,#1349,#1350,#1351,#1352,#1353,#1354,#1355,#1356,#1357,#1358,#1359
      ,#1360,#1361,#1362,#1363,#1364,#1365,#1366,#1367,#1368,#1369,#1370
      )
    ,(#1371,#1372,#1373,#1374,#1375,#1376,#1377,#1378,#1379,#1380,#1381
      ,#1382,#1383,#1384,#1385,#1386,#1387,#1388,#1389,#1390,#1391,#1392
      ,#1393,#1394,#1395,#1396,#1397,#1398,#1399,#1400,#1401,#1402,#1403
      ,#1404,#1405,#1406,#1407,#1408,#1409,#1410,#1411,#1412,#1413,#1414
      ,#1415,#1416,#1417,#1418,#1419,#1420,#1421,#1422,#1423,#1424,#1425
      ,#1426,#1427,#1428,#1429,#1430,#1431,#1432,#1433,#1434,#1435,#1436
      ,#1437,#1438,#1439,#1440,#1441,#1442,#1443,#1444,#1445,#1446,#1447
      ,#1448,#1449,#1450,#1451,#1452,#1453,#1454,#1455,#1456,#1457,#1458
      ,#1459,#1460,#1461,#1462,#1463,#1464,#1465,#1466,#1467,#1468,#1469
      )
    ,(#1470,#1471,#1472,#1473,#1474,#1475,#1476,#1477,#1478,#1479,#1480
      ,#1481,#1482,#1483,#1484,#1485,#1486,#1487,#1488,#1489,#1490,#1491
      ,#1492,#1493,#1494,#1495,#1496,#1497,#1498,#1499,#1500,#1501,#1502
      ,#1503,#1504,#1505,#1506,#1507,#1508,#1509,#1510,#1511,#1512,#1513
      ,#1514,#1515,#1516,#1517,#1518,#1519,#1520,#1521,#1522,#1523,#1524
      ,#1525,#1526,#1527,#1528,#1529,#1530,#1531,#1532,#1533,#1534,#1535
      ,#1536,#1537,#1538,#1539,#1540,#1541,#1542,#1543,#1544,#1545,#1546
      ,#1547,#1548,#1549,#1550,#1551,#1552,#1553,#1554,#1555,#1556,#1557
      ,#1558,#1559,#1560,#1561,#1562,#1563,#1564,#1565,#1566,#1567,#1568
      )
    ,(#1569,#1570,#1571,#1572,#1573,#1574,#1575,#1576,#1577,#1578,#1579
      ,#1580,#1581,#1582,#1583,#1584,#1585,#1586,#1587,#1588,#1589,#1590
      ,#1591,#1592,#1593,#1594,#1595,#1596,#1597,#1598,#1599,#1600,#1601
      ,#1602,#1603,#1604,#1605,#1606,#1607,#1608,#1609,#1610,#1611,#1612
      ,#1613,#1614,#1615,#1616,#1617,#1618,#1619,#1620,#1621,#1622,#1623
      ,#1624,#1625,#1626,#1627,#1628,#1629,#1630,#1631,#1632,#1633,#1634
      ,#1635,#1636,#1637,#1638,#1639,#1640,#1641,#1642,#1643,#1644,#1645
      ,#1646,#1647,#1648,#1649,#1650,#1651,#1652,#1653,#1654,#1655,#1656
      ,#1657,#1658,#1659,#1660,#1661,#1662,#1663,#1664,#1665,#1666,#1667
)),.UNSPECIFIED.,.F.,.F.,.F.) B_SPLINE_SURFACE_WITH_KNOTS((7,7),(11,8,8,
    8,8,8,8,8,8,8,8,8,11),(0.129470751837,3.012121901753),(0.,
    0.128490846931,0.192736270397,0.256981693862,0.289104405595,
    0.321227117328,0.353349829061,0.385472540794,0.449717964259,
    0.513963387725,0.635472540794,0.756981693862,1.),.UNSPECIFIED.) 
GEOMETRIC_REPRESENTATION_ITEM() RATIONAL_B_SPLINE_SURFACE((
    (1.110326051105,1.110326051105,1.110326051105,1.110326051105
      ,1.110326051105,1.110326051105,1.110326051105,1.110326051105
      ,1.110326051105,1.110326051105,1.110326051105,1.110326051105
      ,1.110326051105,1.110326051105,1.110326051105,1.110326051105
      ,1.110326051105,1.110326051105,1.110326051105,1.110326051105
      ,1.110326051105,1.110326051105,1.110326051105,1.110326051105
      ,1.110326051105,1.110326051105,1.110326051105,1.110326051105
      ,1.110326051105,1.110326051105,1.110326051105,1.110326051105
      ,1.110326051105,1.110326051105,1.110326051105,1.110326051105
      ,1.110326051105,1.110326051105,1.110326051105,1.110326051105
      ,1.110326051105,1.110326051105,1.110326051105,1.110326051105
      ,1.110326051105,1.110326051105,1.110326051105,1.110326051105
      ,1.110326051105,1.110326051105,1.110326051105,1.110326051105
      ,1.110326051105,1.110326051105,1.110326051105,1.110326051105
      ,1.110326051105,1.110326051105,1.110326051105,1.110326051105
      ,1.110326051105,1.110326051105,1.110326051105,1.110326051105
      ,1.110326051105,1.110326051105,1.110326051105,1.110326051105
      ,1.110326051105,1.110326051105,1.110326051105,1.110326051105
      ,1.110326051105,1.110326051105,1.110326051105,1.110326051105
      ,1.110326051105,1.110326051105,1.110326051105,1.110326051105
      ,1.110326051105,1.110326051105,1.110326051105,1.110326051105
      ,1.110326051105,1.110326051105,1.110326051105,1.110326051105
      ,1.110326051105,1.110326051105,1.110326051105,1.110326051105
      ,1.110326051105,1.110326051105,1.110326051105,1.110326051105
      ,1.110326051105,1.110326051105,1.110326051105)
    ,(1.031342946072,1.031342946072,1.031342946072,1.031342946072
      ,1.031342946072,1.031342946072,1.031342946072,1.031342946072
      ,1.031342946072,1.031342946072,1.031342946072,1.031342946072
      ,1.031342946072,1.031342946072,1.031342946072,1.031342946072
      ,1.031342946072,1.031342946072,1.031342946072,1.031342946072
      ,1.031342946072,1.031342946072,1.031342946072,1.031342946072
      ,1.031342946072,1.031342946072,1.031342946072,1.031342946072
      ,1.031342946072,1.031342946072,1.031342946072,1.031342946072
      ,1.031342946072,1.031342946072,1.031342946072,1.031342946072
      ,1.031342946073,1.031342946072,1.031342946073,1.031342946072
      ,1.031342946072,1.031342946072,1.031342946072,1.031342946072
      ,1.031342946072,1.031342946072,1.031342946072,1.031342946072
      ,1.031342946072,1.031342946072,1.031342946072,1.031342946072
      ,1.031342946072,1.031342946072,1.031342946072,1.031342946072
      ,1.031342946072,1.031342946072,1.031342946072,1.031342946072
      ,1.031342946072,1.031342946072,1.031342946072,1.031342946072
      ,1.031342946072,1.031342946072,1.031342946072,1.031342946072
      ,1.031342946072,1.031342946072,1.031342946072,1.031342946072
      ,1.031342946072,1.031342946072,1.031342946072,1.031342946072
      ,1.031342946072,1.031342946072,1.031342946072,1.031342946072
      ,1.031342946072,1.031342946072,1.031342946072,1.031342946072
      ,1.031342946072,1.031342946072,1.031342946072,1.031342946072
      ,1.031342946072,1.031342946072,1.031342946072,1.031342946072
      ,1.031342946072,1.031342946072,1.031342946072,1.031342946072
      ,1.031342946072,1.031342946072,1.031342946072)
    ,(0.993329366875,0.993329366875,0.993329366875,0.993329366875
      ,0.993329366875,0.993329366876,0.993329366875,0.993329366875
      ,0.993329366875,0.993329366875,0.993329366875,0.993329366875
      ,0.993329366875,0.993329366875,0.993329366875,0.993329366875
      ,0.993329366875,0.993329366875,0.993329366875,0.993329366875
      ,0.993329366875,0.993329366875,0.993329366875,0.993329366875
      ,0.993329366875,0.993329366875,0.993329366875,0.993329366875
      ,0.993329366876,0.993329366875,0.993329366875,0.993329366875
      ,0.993329366875,0.993329366875,0.993329366875,0.993329366875
      ,0.993329366876,0.993329366875,0.993329366875,0.993329366875
      ,0.993329366875,0.993329366875,0.993329366875,0.993329366875
      ,0.993329366875,0.993329366875,0.993329366875,0.993329366875
      ,0.993329366875,0.993329366875,0.993329366875,0.993329366875
      ,0.993329366875,0.993329366875,0.993329366875,0.993329366875
      ,0.993329366875,0.993329366875,0.993329366875,0.993329366875
      ,0.993329366875,0.993329366875,0.993329366875,0.993329366875
      ,0.993329366875,0.993329366875,0.993329366875,0.993329366875
      ,0.993329366875,0.993329366875,0.993329366875,0.993329366875
      ,0.993329366875,0.993329366875,0.993329366875,0.993329366875
      ,0.993329366875,0.993329366875,0.993329366875,0.993329366875
      ,0.993329366875,0.993329366875,0.993329366875,0.993329366875
      ,0.993329366875,0.993329366875,0.993329366875,0.993329366875
      ,0.993329366875,0.993329366875,0.993329366875,0.993329366875
      ,0.993329366875,0.993329366875,0.993329366875,0.993329366875
      ,0.993329366875,0.993329366875,0.993329366875)
    ,(0.980167576933,0.980167576933,0.980167576933,0.980167576934
      ,0.980167576933,0.980167576934,0.980167576933,0.980167576934
      ,0.980167576933,0.980167576933,0.980167576933,0.980167576933
      ,0.980167576933,0.980167576933,0.980167576934,0.980167576933
      ,0.980167576933,0.980167576933,0.980167576933,0.980167576933
      ,0.980167576934,0.980167576933,0.980167576934,0.980167576933
      ,0.980167576933,0.980167576933,0.980167576933,0.980167576933
      ,0.980167576934,0.980167576933,0.980167576934,0.980167576933
      ,0.980167576933,0.980167576933,0.980167576933,0.980167576933
      ,0.980167576934,0.980167576933,0.980167576934,0.980167576933
      ,0.980167576933,0.980167576933,0.980167576933,0.980167576933
      ,0.980167576934,0.980167576933,0.980167576934,0.980167576933
      ,0.980167576933,0.980167576933,0.980167576933,0.980167576933
      ,0.980167576933,0.980167576934,0.980167576933,0.980167576933
      ,0.980167576933,0.980167576933,0.980167576933,0.980167576933
      ,0.980167576934,0.980167576933,0.980167576933,0.980167576933
      ,0.980167576933,0.980167576933,0.980167576933,0.980167576933
      ,0.980167576933,0.980167576933,0.980167576933,0.980167576933
      ,0.980167576933,0.980167576933,0.980167576933,0.980167576933
      ,0.980167576933,0.980167576933,0.980167576933,0.980167576933
      ,0.980167576933,0.980167576933,0.980167576933,0.980167576933
      ,0.980167576933,0.980167576934,0.980167576933,0.980167576933
      ,0.980167576933,0.980167576933,0.980167576933,0.980167576934
      ,0.980167576933,0.980167576934,0.980167576933,0.980167576934
      ,0.980167576933,0.980167576933,0.980167576933)
    ,(0.993329366875,0.993329366875,0.993329366875,0.993329366875
      ,0.993329366875,0.993329366875,0.993329366875,0.993329366875
      ,0.993329366875,0.993329366875,0.993329366875,0.993329366875
      ,0.993329366875,0.993329366875,0.993329366875,0.993329366875
      ,0.993329366875,0.993329366875,0.993329366875,0.993329366875
      ,0.993329366875,0.993329366875,0.993329366875,0.993329366875
      ,0.993329366875,0.993329366875,0.993329366875,0.993329366875
      ,0.993329366876,0.993329366875,0.993329366876,0.993329366875
      ,0.993329366875,0.993329366875,0.993329366875,0.993329366875
      ,0.993329366876,0.993329366875,0.993329366875,0.993329366875
      ,0.993329366875,0.993329366875,0.993329366875,0.993329366875
      ,0.993329366875,0.993329366875,0.993329366875,0.993329366875
      ,0.993329366875,0.993329366875,0.993329366875,0.993329366875
      ,0.993329366875,0.993329366875,0.993329366875,0.993329366875
      ,0.993329366875,0.993329366875,0.993329366875,0.993329366875
      ,0.993329366875,0.993329366875,0.993329366875,0.993329366875
      ,0.993329366875,0.993329366875,0.993329366875,0.993329366875
      ,0.993329366875,0.993329366875,0.993329366875,0.993329366875
      ,0.993329366875,0.993329366875,0.993329366875,0.993329366875
      ,0.993329366875,0.993329366875,0.993329366875,0.993329366875
      ,0.993329366875,0.993329366875,0.993329366875,0.993329366875
      ,0.993329366875,0.993329366875,0.993329366875,0.993329366875
      ,0.993329366875,0.993329366875,0.993329366875,0.993329366875
      ,0.993329366875,0.993329366875,0.993329366875,0.993329366875
      ,0.993329366875,0.993329366875,0.993329366875)
    ,(1.031342946072,1.031342946072,1.031342946072,1.031342946072
      ,1.031342946072,1.031342946072,1.031342946072,1.031342946072
      ,1.031342946072,1.031342946072,1.031342946072,1.031342946072
      ,1.031342946072,1.031342946072,1.031342946072,1.031342946072
      ,1.031342946072,1.031342946072,1.031342946072,1.031342946072
      ,1.031342946072,1.031342946072,1.031342946072,1.031342946072
      ,1.031342946072,1.031342946072,1.031342946072,1.031342946072
      ,1.031342946072,1.031342946072,1.031342946072,1.031342946072
      ,1.031342946072,1.031342946072,1.031342946072,1.031342946072
      ,1.031342946073,1.031342946072,1.031342946073,1.031342946072
      ,1.031342946072,1.031342946072,1.031342946072,1.031342946072
      ,1.031342946072,1.031342946072,1.031342946072,1.031342946072
      ,1.031342946072,1.031342946072,1.031342946072,1.031342946072
      ,1.031342946072,1.031342946072,1.031342946072,1.031342946072
      ,1.031342946072,1.031342946072,1.031342946072,1.031342946072
      ,1.031342946072,1.031342946072,1.031342946072,1.031342946072
      ,1.031342946072,1.031342946072,1.031342946072,1.031342946072
      ,1.031342946072,1.031342946072,1.031342946072,1.031342946072
      ,1.031342946072,1.031342946072,1.031342946072,1.031342946072
      ,1.031342946072,1.031342946072,1.031342946072,1.031342946072
      ,1.031342946072,1.031342946072,1.031342946072,1.031342946072
      ,1.031342946072,1.031342946072,1.031342946072,1.031342946072
      ,1.031342946072,1.031342946072,1.031342946072,1.031342946072
      ,1.031342946072,1.031342946072,1.031342946072,1.031342946072
      ,1.031342946072,1.031342946072,1.031342946072)
    ,(1.110326051105,1.110326051105,1.110326051105,1.110326051105
      ,1.110326051105,1.110326051105,1.110326051105,1.110326051105
      ,1.110326051105,1.110326051105,1.110326051105,1.110326051105
      ,1.110326051105,1.110326051105,1.110326051105,1.110326051105
      ,1.110326051105,1.110326051105,1.110326051105,1.110326051105
      ,1.110326051105,1.110326051105,1.110326051105,1.110326051105
      ,1.110326051105,1.110326051105,1.110326051105,1.110326051105
      ,1.110326051105,1.110326051105,1.110326051105,1.110326051105
      ,1.110326051105,1.110326051105,1.110326051105,1.110326051105
      ,1.110326051105,1.110326051105,1.110326051105,1.110326051105
      ,1.110326051105,1.110326051105,1.110326051105,1.110326051105
      ,1.110326051105,1.110326051105,1.110326051105,1.110326051105
      ,1.110326051105,1.110326051105,1.110326051105,1.110326051105
      ,1.110326051105,1.110326051105,1.110326051105,1.110326051105
      ,1.110326051105,1.110326051105,1.110326051105,1.110326051105
      ,1.110326051105,1.110326051105,1.110326051105,1.110326051105
      ,1.110326051105,1.110326051105,1.110326051105,1.110326051105
      ,1.110326051105,1.110326051105,1.110326051105,1.110326051105
      ,1.110326051105,1.110326051105,1.110326051105,1.110326051105
      ,1.110326051105,1.110326051105,1.110326051105,1.110326051105
      ,1.110326051105,1.110326051105,1.110326051105,1.110326051105
      ,1.110326051105,1.110326051105,1.110326051105,1.110326051105
      ,1.110326051105,1.110326051105,1.110326051105,1.110326051105
      ,1.110326051105,1.110326051105,1.110326051105,1.110326051105
      ,1.110326051105,1.110326051105,1.110326051105
))) REPRESENTATION_ITEM('') SURFACE() );
#975 = CARTESIAN_POINT('',(-32.22798681288,-4.196053620783,1.));
#976 = CARTESIAN_POINT('',(-32.22798681288,-3.838166432804,
    -1.405370742484));
#977 = CARTESIAN_POINT('',(-32.22798681288,-3.499020686806,
    -3.678217601819));
#978 = CARTESIAN_POINT('',(-32.22798681288,-3.176838464546,
    -5.822188401164));
#979 = CARTESIAN_POINT('',(-32.22798681288,-2.86985638697,
    -7.841025235048));
#980 = CARTESIAN_POINT('',(-32.22798681288,-2.576328542899,
    -9.738594527648));
#981 = CARTESIAN_POINT('',(-32.22798681288,-2.294523720442,
    -11.51893021174));
#982 = CARTESIAN_POINT('',(-32.22798681288,-2.022731686825,
    -13.18629879388));
#983 = CARTESIAN_POINT('',(-32.22798681288,-1.759240338113,
    -14.74530313483));
#984 = CARTESIAN_POINT('',(-32.22798681288,-1.373877004681,
    -16.92893045361));
#985 = CARTESIAN_POINT('',(-32.22798681288,-0.999048405302,
    -18.89374089903));
#986 = CARTESIAN_POINT('',(-32.22798681288,-0.875038513886,
    -19.52511482048));
#987 = CARTESIAN_POINT('',(-32.22798681288,-0.751712654301,
    -20.1337316161));
#988 = CARTESIAN_POINT('',(-32.22798681288,-0.628804867284,
    -20.72046423568));
#989 = CARTESIAN_POINT('',(-32.22798681288,-0.506023929232,
    -21.28626868332));
#990 = CARTESIAN_POINT('',(-32.22798681288,-0.383040118557,
    -21.8322024138));
#991 = CARTESIAN_POINT('',(-32.22798681288,-0.259464577344,
    -22.35944938002));
#992 = CARTESIAN_POINT('',(-32.22798681288,-1.016276732229E-02,
    -23.37925467028));
#993 = CARTESIAN_POINT('',(-32.22798681288,0.24602825592,-24.33578878341
    ));
#994 = CARTESIAN_POINT('',(-32.22798681288,0.376493031823,
    -24.79976438366));
#995 = CARTESIAN_POINT('',(-32.22798681288,0.51013712547,-25.25116031106
    ));
#996 = CARTESIAN_POINT('',(-32.22798681288,0.648003499471,
    -25.69189111385));
#997 = CARTESIAN_POINT('',(-32.22798681288,0.791464539731,
    -26.12411312025));
#998 = CARTESIAN_POINT('',(-32.22798681288,0.94238710082,-26.55016536066
    ));
#999 = CARTESIAN_POINT('',(-32.22798681288,1.103322523279,
    -26.97255903068));
#1000 = CARTESIAN_POINT('',(-32.22798681288,1.365211490388,
    -27.6040410558));
#1001 = CARTESIAN_POINT('',(-32.22798681288,1.668130858806,
    -28.23482550785));
#1002 = CARTESIAN_POINT('',(-32.22798681288,1.774235239656,
    -28.4451464416));
#1003 = CARTESIAN_POINT('',(-32.22798681288,1.886101558252,
    -28.6555917699));
#1004 = CARTESIAN_POINT('',(-32.22798681288,2.004414213973,
    -28.8661260106));
#1005 = CARTESIAN_POINT('',(-32.22798681288,2.129897214996,
    -29.0765805725));
#1006 = CARTESIAN_POINT('',(-32.22798681288,2.263287707114,
    -29.28661280805));
#1007 = CARTESIAN_POINT('',(-32.22798681288,2.405285493215,
    -29.49566801866));
#1008 = CARTESIAN_POINT('',(-32.22798681288,2.707668886931,
    -29.91025943644));
#1009 = CARTESIAN_POINT('',(-32.22798681288,3.048428829477,
    -30.31387917144));
#1010 = CARTESIAN_POINT('',(-32.22798681288,3.228803240462,
    -30.51196276826));
#1011 = CARTESIAN_POINT('',(-32.22798681289,3.419385480089,
    -30.7051348383));
#1012 = CARTESIAN_POINT('',(-32.22798681287,3.620130739921,
    -30.89203723614));
#1013 = CARTESIAN_POINT('',(-32.22798681289,3.830661328029,
    -31.07119686501));
#1014 = CARTESIAN_POINT('',(-32.22798681288,4.050225597821,
    -31.24115166308));
#1015 = CARTESIAN_POINT('',(-32.22798681288,4.277732761919,
    -31.40059878546));
#1016 = CARTESIAN_POINT('',(-32.22798681288,4.746001505474,
    -31.69640013018));
#1017 = CARTESIAN_POINT('',(-32.22798681288,5.235074751876,
    -31.94308342261));
#1018 = CARTESIAN_POINT('',(-32.22798681288,5.483386445728,
    -32.0534126153));
#1019 = CARTESIAN_POINT('',(-32.22798681288,5.733938194449,
    -32.15030230367));
#1020 = CARTESIAN_POINT('',(-32.22798681288,5.985201359089,
    -32.23367615293));
#1021 = CARTESIAN_POINT('',(-32.22798681288,6.235790449496,
    -32.30379217911));
#1022 = CARTESIAN_POINT('',(-32.22798681288,6.484548943051,
    -32.36116096816));
#1023 = CARTESIAN_POINT('',(-32.22798681288,6.730573347127,
    -32.40644709049));
#1024 = CARTESIAN_POINT('',(-32.22798681288,7.215822422414,
    -32.47435046663));
#1025 = CARTESIAN_POINT('',(-32.22798681288,7.68564966213,
    -32.50001602584));
#1026 = CARTESIAN_POINT('',(-32.22798681288,7.916252180445,
    -32.50306438272));
#1027 = CARTESIAN_POINT('',(-32.22798681288,8.142297720724,
    -32.49713068535));
#1028 = CARTESIAN_POINT('',(-32.22798681288,8.363721385062,
    -32.48298936787));
#1029 = CARTESIAN_POINT('',(-32.22798681288,8.580593384189,
    -32.46135333626));
#1030 = CARTESIAN_POINT('',(-32.22798681288,8.793077345676,
    -32.43286177487));
#1031 = CARTESIAN_POINT('',(-32.22798681288,9.001398596024,
    -32.39808034075));
#1032 = CARTESIAN_POINT('',(-32.22798681288,9.614664643872,
    -32.2763537501));
#1033 = CARTESIAN_POINT('',(-32.22798681288,10.195399946775,
    -32.10637686717));
#1034 = CARTESIAN_POINT('',(-32.22798681288,10.570376285981,
    -31.9750779527));
#1035 = CARTESIAN_POINT('',(-32.22798681288,10.935790327383,
    -31.82825440055));
#1036 = CARTESIAN_POINT('',(-32.22798681289,11.294055041907,
    -31.66757207169));
#1037 = CARTESIAN_POINT('',(-32.22798681288,11.647279590315,
    -31.49425367925));
#1038 = CARTESIAN_POINT('',(-32.22798681288,11.997296627994,
    -31.3092099913));
#1039 = CARTESIAN_POINT('',(-32.22798681288,12.345686143422,
    -31.11316325859));
#1040 = CARTESIAN_POINT('',(-32.22798681288,13.041954306701,
    -30.70024602707));
#1041 = CARTESIAN_POINT('',(-32.22798681288,13.741989421917,
    -30.2477033995));
#1042 = CARTESIAN_POINT('',(-32.22798681288,14.094145984829,
    -30.01203116438));
#1043 = CARTESIAN_POINT('',(-32.22798681289,14.449464060737,
    -29.76737755088));
#1044 = CARTESIAN_POINT('',(-32.22798681288,14.808827506746,
    -29.51411799055));
#1045 = CARTESIAN_POINT('',(-32.22798681289,15.173011406494,
    -29.25260455699));
#1046 = CARTESIAN_POINT('',(-32.22798681288,15.54270529251,
    -28.98317617112));
#1047 = CARTESIAN_POINT('',(-32.22798681288,15.918530289116,
    -28.70616475441));
#1048 = CARTESIAN_POINT('',(-32.22798681288,17.024525206623,
    -27.88426174328));
#1049 = CARTESIAN_POINT('',(-32.22798681288,18.190850512654,
    -27.00446986345));
#1050 = CARTESIAN_POINT('',(-32.22798681288,18.983123299074,
    -26.40641864337));
#1051 = CARTESIAN_POINT('',(-32.22798681288,19.807672281102,
    -25.78804014376));
#1052 = CARTESIAN_POINT('',(-32.22798681288,20.66710681069,
    -25.15159950487));
#1053 = CARTESIAN_POINT('',(-32.22798681288,21.563820400912,
    -24.49940340313));
#1054 = CARTESIAN_POINT('',(-32.22798681288,22.500060191868,
    -23.83379524946));
#1055 = CARTESIAN_POINT('',(-32.22798681288,23.477975108915,
    -23.15715538914));
#1056 = CARTESIAN_POINT('',(-32.22798681288,25.521313478889,
    -21.78663564669));
#1057 = CARTESIAN_POINT('',(-32.22798681288,27.747791804855,
    -20.39140910751));
#1058 = CARTESIAN_POINT('',(-32.22798681288,28.908846630433,
    -19.69006238878));
#1059 = CARTESIAN_POINT('',(-32.22798681288,30.119699245757,
    -18.9874567106));
#1060 = CARTESIAN_POINT('',(-32.22798681288,31.382303343195,
    -18.28609636497));
#1061 = CARTESIAN_POINT('',(-32.22798681288,32.698595207148,
    -17.58851523242));
#1062 = CARTESIAN_POINT('',(-32.22798681288,34.070499137287,
    -16.89727717043));
#1063 = CARTESIAN_POINT('',(-32.22798681288,35.499929659735,
    -16.2149764592));
#1064 = CARTESIAN_POINT('',(-32.22798681288,39.96651615847,
    -14.20276059079));
#1065 = CARTESIAN_POINT('',(-32.22798681288,44.985035012835,
    -12.31849335984));
#1066 = CARTESIAN_POINT('',(-32.22798681288,48.591171097153,
    -11.14041676788));
#1067 = CARTESIAN_POINT('',(-32.22798681288,52.472743971102,
    -10.06215214542));
#1068 = CARTESIAN_POINT('',(-32.22798681289,56.644524468118,
    -9.105863394974));
#1069 = CARTESIAN_POINT('',(-32.22798681288,61.120949628054,
    -8.294099086882));
#1070 = CARTESIAN_POINT('',(-32.22798681288,65.916050958947,
    -7.649655469074));
#1071 = CARTESIAN_POINT('',(-32.22798681288,71.043461396315,
    -7.195433584025));
#1072 = CARTESIAN_POINT('',(-32.22798681288,76.516467198088,
    -6.954350063798));
#1073 = CARTESIAN_POINT('',(-32.22798681288,82.348068390036,
    -6.94927275725));
#1074 = CARTESIAN_POINT('',(-30.05800360451,-20.86271151981,1.));
#1075 = CARTESIAN_POINT('',(-30.05800360451,-20.50482433183,
    -1.416956967077));
#1076 = CARTESIAN_POINT('',(-30.05800360451,-20.16566963646,
    -3.71020938489));
#1077 = CARTESIAN_POINT('',(-30.05800360451,-19.84344662378,
    -5.885021280799));
#1078 = CARTESIAN_POINT('',(-30.05800360451,-19.53633922751,
    -7.947118297024));
#1079 = CARTESIAN_POINT('',(-30.05800360451,-19.24250313718,
    -9.902833346804));
#1080 = CARTESIAN_POINT('',(-30.05800360451,-18.96001394728,
    -11.75930960209));
#1081 = CARTESIAN_POINT('',(-30.05800360451,-18.6868387593,
    -13.52481573227));
#1082 = CARTESIAN_POINT('',(-30.05800360451,-18.42063448948,
    -15.20921927736));
#1083 = CARTESIAN_POINT('',(-30.05800360451,-18.02754281474,
    -17.63259396955));
#1084 = CARTESIAN_POINT('',(-30.05800360451,-17.63366826073,
    -19.93791309822));
#1085 = CARTESIAN_POINT('',(-30.05800360451,-17.50172835047,
    -20.69527935935));
#1086 = CARTESIAN_POINT('',(-30.05800360451,-17.368474562,
    -21.44387073738));
#1087 = CARTESIAN_POINT('',(-30.05800360451,-17.23310026155,
    -22.18629024219));
#1088 = CARTESIAN_POINT('',(-30.05800360451,-17.09460420079,
    -22.92551346895));
#1089 = CARTESIAN_POINT('',(-30.05800360451,-16.95171106597,
    -23.66496428365));
#1090 = CARTESIAN_POINT('',(-30.05800360451,-16.80275083464,
    -24.40861552582));
#1091 = CARTESIAN_POINT('',(-30.05800360451,-16.48817022633,
    -25.91360311482));
#1092 = CARTESIAN_POINT('',(-30.05800360451,-16.12744948627,
    -27.47544816173));
#1093 = CARTESIAN_POINT('',(-30.05800360451,-15.93234919016,
    -28.27595594391));
#1094 = CARTESIAN_POINT('',(-30.05800360451,-15.71836188835,
    -29.10215623818));
#1095 = CARTESIAN_POINT('',(-30.05800360451,-15.48005057778,
    -29.96091253418));
#1096 = CARTESIAN_POINT('',(-30.05800360451,-15.21019412091,
    -30.85994376227));
#1097 = CARTESIAN_POINT('',(-30.05800360451,-14.89905479235,
    -31.80739533553));
#1098 = CARTESIAN_POINT('',(-30.05800360451,-14.5334835169,
    -32.8116188055));
#1099 = CARTESIAN_POINT('',(-30.05800360451,-13.8763003596,
    -34.4123270793));
#1100 = CARTESIAN_POINT('',(-30.05800360451,-13.00744111326,
    -36.1541443422));
#1101 = CARTESIAN_POINT('',(-30.05800360451,-12.6916108148,
    -36.75040385438));
#1102 = CARTESIAN_POINT('',(-30.05800360451,-12.34666580255,
    -37.36189716054));
#1103 = CARTESIAN_POINT('',(-30.05800360451,-11.96953624159,
    -37.98767829526));
#1104 = CARTESIAN_POINT('',(-30.05800360451,-11.55708304721,
    -38.62613241304));
#1105 = CARTESIAN_POINT('',(-30.05800360451,-11.10626052596,
    -39.27480465097));
#1106 = CARTESIAN_POINT('',(-30.05800360451,-10.61439062087,
    -39.93026454696));
#1107 = CARTESIAN_POINT('',(-30.05800360451,-9.544685178574,
    -41.24593372644));
#1108 = CARTESIAN_POINT('',(-30.05800360451,-8.299574464729,
    -42.5502928966));
#1109 = CARTESIAN_POINT('',(-30.05800360451,-7.632298864393,
    -43.19444304344));
#1110 = CARTESIAN_POINT('',(-30.05800360451,-6.92050437884,
    -43.82456846606));
#1111 = CARTESIAN_POINT('',(-30.05800360451,-6.165775863846,
    -44.43408245645));
#1112 = CARTESIAN_POINT('',(-30.05800360451,-5.371385171344,
    -45.01614948097));
#1113 = CARTESIAN_POINT('',(-30.05800360451,-4.54237373795,
    -45.56432147714));
#1114 = CARTESIAN_POINT('',(-30.05800360451,-3.685254192098,
    -46.07321179595));
#1115 = CARTESIAN_POINT('',(-30.05800360451,-1.929491435527,
    -47.0045718448));
#1116 = CARTESIAN_POINT('',(-30.05800360451,-0.121072406576,
    -47.75359071092));
#1117 = CARTESIAN_POINT('',(-30.05800360451,0.788703649515,
    -48.08014040634));
#1118 = CARTESIAN_POINT('',(-30.05800360451,1.696204222876,
    -48.35790910176));
#1119 = CARTESIAN_POINT('',(-30.0580036045,2.593931778937,
    -48.58773871032));
#1120 = CARTESIAN_POINT('',(-30.05800360451,3.475369445661,
    -48.77193393663));
#1121 = CARTESIAN_POINT('',(-30.05800360451,4.335316130026,
    -48.91379625074));
#1122 = CARTESIAN_POINT('',(-30.05800360451,5.169912714026,
    -49.01713321471));
#1123 = CARTESIAN_POINT('',(-30.05800360451,6.783099669145,
    -49.15474192406));
#1124 = CARTESIAN_POINT('',(-30.05800360451,8.277758672795,
    -49.16994720392));
#1125 = CARTESIAN_POINT('',(-30.05800360451,8.993827112597,
    -49.15088102829));
#1126 = CARTESIAN_POINT('',(-30.05800360451,9.678028078112,
    -49.10902026916));
#1127 = CARTESIAN_POINT('',(-30.05800360451,10.330591324975,
    -49.04794412556));
#1128 = CARTESIAN_POINT('',(-30.05800360451,10.952334412878,
    -48.97081799319));
#1129 = CARTESIAN_POINT('',(-30.05800360451,11.544453392649,
    -48.88037278665));
#1130 = CARTESIAN_POINT('',(-30.05800360451,12.108372050044,
    -48.7789342742));
#1131 = CARTESIAN_POINT('',(-30.05800360451,13.7201552467,
    -48.44751602635));
#1132 = CARTESIAN_POINT('',(-30.05800360451,15.106307461207,
    -48.04955957339));
#1133 = CARTESIAN_POINT('',(-30.05800360451,15.942827957324,
    -47.76781144691));
#1134 = CARTESIAN_POINT('',(-30.05800360451,16.705185728212,
    -47.47765017076));
#1135 = CARTESIAN_POINT('',(-30.05800360451,17.405114226735,
    -47.18352870025));
#1136 = CARTESIAN_POINT('',(-30.05800360451,18.052504281368,
    -46.88806339544));
#1137 = CARTESIAN_POINT('',(-30.05800360451,18.65565154806,
    -46.59263389427));
#1138 = CARTESIAN_POINT('',(-30.05800360451,19.221480503599,
    -46.29794909247));
#1139 = CARTESIAN_POINT('',(-30.05800360451,20.290137315268,
    -45.71061154383));
#1140 = CARTESIAN_POINT('',(-30.05800360451,21.252426803152,
    -45.12742028462));
#1141 = CARTESIAN_POINT('',(-30.05800360451,21.711888794301,
    -44.83688118059));
#1142 = CARTESIAN_POINT('',(-30.05800360451,22.153668585255,
    -44.5471664084));
#1143 = CARTESIAN_POINT('',(-30.0580036045,22.581067445939,
    -44.25795806249));
#1144 = CARTESIAN_POINT('',(-30.05800360451,22.996848123714,
    -43.96892451926));
#1145 = CARTESIAN_POINT('',(-30.05800360451,23.403354488523,
    -43.67974819846));
#1146 = CARTESIAN_POINT('',(-30.05800360451,23.802598619185,
    -43.39013948773));
#1147 = CARTESIAN_POINT('',(-30.05800360451,24.940990850707,
    -42.55080994963));
#1148 = CARTESIAN_POINT('',(-30.05800360451,26.046042217284,
    -41.70397734409));
#1149 = CARTESIAN_POINT('',(-30.05800360451,26.764978410421,
    -41.14537350936));
#1150 = CARTESIAN_POINT('',(-30.05800360452,27.487582778688,
    -40.58115247768));
#1151 = CARTESIAN_POINT('',(-30.0580036045,28.219905850606,-40.01087455)
  );
#1152 = CARTESIAN_POINT('',(-30.05800360451,28.967008287182,
    -39.4344910104));
#1153 = CARTESIAN_POINT('',(-30.05800360451,29.733287135409,
    -38.85225905472));
#1154 = CARTESIAN_POINT('',(-30.05800360451,30.522705168996,
    -38.2646996049));
#1155 = CARTESIAN_POINT('',(-30.05800360451,32.155137185441,
    -37.08039093844));
#1156 = CARTESIAN_POINT('',(-30.05800360451,33.908587890198,
    -35.88140844824));
#1157 = CARTESIAN_POINT('',(-30.05800360451,34.819024331028,
    -35.27917492373));
#1158 = CARTESIAN_POINT('',(-30.05800360451,35.766425249775,
    -34.67531743499));
#1159 = CARTESIAN_POINT('',(-30.05800360451,36.753935423441,
    -34.07112158175));
#1160 = CARTESIAN_POINT('',(-30.05800360451,37.784643295899,
    -33.468029354));
#1161 = CARTESIAN_POINT('',(-30.05800360451,38.861607132941,
    -32.86763612241));
#1162 = CARTESIAN_POINT('',(-30.05800360451,39.987865942968,
    -32.27169077922));
#1163 = CARTESIAN_POINT('',(-30.05800360451,43.523590906719,
    -30.50290534843));
#1164 = CARTESIAN_POINT('',(-30.05800360451,47.557125787633,
    -28.80975169533));
#1165 = CARTESIAN_POINT('',(-30.05800360451,50.491367160479,
    -27.73102360593));
#1166 = CARTESIAN_POINT('',(-30.05800360451,53.694395049544,
    -26.72117880011));
#1167 = CARTESIAN_POINT('',(-30.05800360451,57.189189014908,
    -25.80140481549));
#1168 = CARTESIAN_POINT('',(-30.05800360451,60.997484812575,
    -24.99501862498));
#1169 = CARTESIAN_POINT('',(-30.05800360451,65.139310319574,
    -24.32687902469));
#1170 = CARTESIAN_POINT('',(-30.05800360451,69.632890667686,
    -23.82270048892));
#1171 = CARTESIAN_POINT('',(-30.05800360451,74.494815281345,
    -23.50858220357));
#1172 = CARTESIAN_POINT('',(-30.05800360451,79.740267848924,
    -23.41064760448));
#1173 = CARTESIAN_POINT('',(-18.13008978365,-34.56438965191,1.));
#1174 = CARTESIAN_POINT('',(-18.13008978365,-34.20650246393,
    -1.426482015296));
#1175 = CARTESIAN_POINT('',(-18.13008978365,-33.86734041126,
    -3.736509865597));
#1176 = CARTESIAN_POINT('',(-18.13008978364,-33.54508386473,
    -5.936676261544));
#1177 = CARTESIAN_POINT('',(-18.13008978365,-33.23787344383,
    -8.034337522142));
#1178 = CARTESIAN_POINT('',(-18.13008978364,-32.9437839439,
    -10.03785426404));
#1179 = CARTESIAN_POINT('',(-18.13008978365,-32.66073213476,
    -11.95692576822));
#1180 = CARTESIAN_POINT('',(-18.13008978364,-32.38641985402,
    -13.8031108866));
#1181 = CARTESIAN_POINT('',(-18.13008978365,-32.11798528873,
    -15.59060525791));
#1182 = CARTESIAN_POINT('',(-18.13008978365,-31.71854013593,
    -18.2110765344));
#1183 = CARTESIAN_POINT('',(-18.13008978365,-31.30900788128,
    -20.79632823306));
#1184 = CARTESIAN_POINT('',(-18.13008978365,-31.17054869365,
    -21.65727293781));
#1185 = CARTESIAN_POINT('',(-18.13008978365,-31.02913314372,
    -22.52093757686));
#1186 = CARTESIAN_POINT('',(-18.13008978364,-30.88351010862,
    -23.39134744446));
#1187 = CARTESIAN_POINT('',(-18.13008978365,-30.73209462785,
    -24.27313844381));
#1188 = CARTESIAN_POINT('',(-18.13008978365,-30.57283401537,
    -25.17167987028));
#1189 = CARTESIAN_POINT('',(-18.13008978365,-30.40300500184,
    -26.09323731016));
#1190 = CARTESIAN_POINT('',(-18.13008978365,-30.03475862033,
    -27.99709381056));
#1191 = CARTESIAN_POINT('',(-18.13008978365,-29.58810388294,
    -30.05656565432));
#1192 = CARTESIAN_POINT('',(-18.13008978365,-29.33986665325,
    -31.13373692032));
#1193 = CARTESIAN_POINT('',(-18.13008978365,-29.05982911001,
    -32.26806430451));
#1194 = CARTESIAN_POINT('',(-18.13008978365,-28.73894190454,
    -33.47047982683));
#1195 = CARTESIAN_POINT('',(-18.13008978364,-28.36517563406,
    -34.7532754391));
#1196 = CARTESIAN_POINT('',(-18.13008978365,-27.92232192145,
    -36.12936998806));
#1197 = CARTESIAN_POINT('',(-18.13008978365,-27.388519282,
    -37.61191638846));
#1198 = CARTESIAN_POINT('',(-18.13008978365,-26.40636432805,
    -40.00942664723));
#1199 = CARTESIAN_POINT('',(-18.13008978365,-25.072245274,
    -42.66462522871));
#1200 = CARTESIAN_POINT('',(-18.13008978365,-24.58399906368,
    -43.57816527864));
#1201 = CARTESIAN_POINT('',(-18.13008978365,-24.04743979624,
    -44.51936057671));
#1202 = CARTESIAN_POINT('',(-18.13008978364,-23.45753656752,
    -45.48651664826));
#1203 = CARTESIAN_POINT('',(-18.13008978365,-22.80916485565,
    -46.47682968044));
#1204 = CARTESIAN_POINT('',(-18.13008978364,-22.0973811076,
    -47.4861083558));
#1205 = CARTESIAN_POINT('',(-18.13008978365,-21.31788094149,
    -48.50855804379));
#1206 = CARTESIAN_POINT('',(-18.13008978365,-19.61735918334,
    -50.56500426073));
#1207 = CARTESIAN_POINT('',(-18.13008978365,-17.62878068718,
    -52.60986232971));
#1208 = CARTESIAN_POINT('',(-18.13008978365,-16.56122307355,
    -53.6207242871));
#1209 = CARTESIAN_POINT('',(-18.13008978365,-15.42093941667,
    -54.61006955044));
#1210 = CARTESIAN_POINT('',(-18.13008978364,-14.21078064691,
    -55.56701300455));
#1211 = CARTESIAN_POINT('',(-18.13008978365,-12.93639790844,
    -56.48031065045));
#1212 = CARTESIAN_POINT('',(-18.13008978364,-11.60635927902,
    -57.33941542894));
#1213 = CARTESIAN_POINT('',(-18.13008978365,-10.23163468871,
    -58.13558339105));
#1214 = CARTESIAN_POINT('',(-18.13008978365,-7.417421661538,
    -59.58943696265));
#1215 = CARTESIAN_POINT('',(-18.13008978365,-4.52436698656,
    -60.75142646671));
#1216 = CARTESIAN_POINT('',(-18.13008978364,-3.070800337168,
    -61.25573127969));
#1217 = CARTESIAN_POINT('',(-18.13008978365,-1.623221399026,
    -61.68220080945));
#1218 = CARTESIAN_POINT('',(-18.13008978364,-0.19403474248,
    -62.03243186184));
#1219 = CARTESIAN_POINT('',(-18.13008978365,1.206024245637,
    -62.31041172636));
#1220 = CARTESIAN_POINT('',(-18.13008978364,2.56842942644,
    -62.52173626211));
#1221 = CARTESIAN_POINT('',(-18.13008978365,3.886891858991,
    -62.67279688801));
#1222 = CARTESIAN_POINT('',(-18.13008978365,6.427357808861,
    -62.86771042991));
#1223 = CARTESIAN_POINT('',(-18.13008978365,8.764532153861,
    -62.8743163024));
#1224 = CARTESIAN_POINT('',(-18.13008978365,9.879702671632,
    -62.8370697448));
#1225 = CARTESIAN_POINT('',(-18.13008978364,10.94055372555,
    -62.76567330797));
#1226 = CARTESIAN_POINT('',(-18.13008978365,11.947557306256,
    -62.6660119912));
#1227 = CARTESIAN_POINT('',(-18.13008978364,12.902145369858,
    -62.54326738485));
#1228 = CARTESIAN_POINT('',(-18.13008978365,13.806362723505,
    -62.4018900172));
#1229 = CARTESIAN_POINT('',(-18.13008978365,14.662618407643,
    -62.24565264598));
#1230 = CARTESIAN_POINT('',(-18.13008978365,17.095283671071,
    -61.7418466518));
#1231 = CARTESIAN_POINT('',(-18.13008978365,19.143570030996,
    -61.15646793891));
#1232 = CARTESIAN_POINT('',(-18.13008978365,20.359526495623,
    -60.75103534665));
#1233 = CARTESIAN_POINT('',(-18.13008978365,21.448212151256,
    -60.34303596702));
#1234 = CARTESIAN_POINT('',(-18.13008978364,22.429022829406,
    -59.93921402863));
#1235 = CARTESIAN_POINT('',(-18.13008978365,23.318246676287,
    -59.54333161032));
#1236 = CARTESIAN_POINT('',(-18.13008978365,24.129492587859,
    -59.15715380843));
#1237 = CARTESIAN_POINT('',(-18.13008978365,24.874078750732,
    -58.78137853952));
#1238 = CARTESIAN_POINT('',(-18.13008978365,26.248876687466,
    -58.05064985274));
#1239 = CARTESIAN_POINT('',(-18.13008978364,27.426765788949,
    -57.36005220708));
#1240 = CARTESIAN_POINT('',(-18.13008978365,27.974443692881,
    -57.02440698866));
#1241 = CARTESIAN_POINT('',(-18.13008978364,28.487303756636,
    -56.69764738742));
#1242 = CARTESIAN_POINT('',(-18.13008978365,28.970634607966,
    -56.37888550462));
#1243 = CARTESIAN_POINT('',(-18.13008978364,29.42883305475,
    -56.06722764838));
#1244 = CARTESIAN_POINT('',(-18.13008978365,29.865602999629,
    -55.76181652817));
#1245 = CARTESIAN_POINT('',(-18.13008978365,30.284100026634,
    -55.46185156791));
#1246 = CARTESIAN_POINT('',(-18.13008978365,31.449126126308,
    -54.60819566245));
#1247 = CARTESIAN_POINT('',(-18.13008978365,32.503804118605,
    -53.78845891322));
#1248 = CARTESIAN_POINT('',(-18.13008978365,33.162450216246,
    -53.2622848182));
#1249 = CARTESIAN_POINT('',(-18.13008978365,33.801245803305,
    -52.74258670157));
#1250 = CARTESIAN_POINT('',(-18.13008978365,34.429070403481,
    -52.22670121293));
#1251 = CARTESIAN_POINT('',(-18.13008978365,35.053177342994,
    -51.71264326558));
#1252 = CARTESIAN_POINT('',(-18.13008978365,35.679731109799,
    -51.19895497569));
#1253 = CARTESIAN_POINT('',(-18.13008978365,36.314185644293,
    -50.68462863115));
#1254 = CARTESIAN_POINT('',(-18.13008978365,37.608811087127,
    -49.65340429889));
#1255 = CARTESIAN_POINT('',(-18.13008978364,38.973385254507,
    -48.61575426124));
#1256 = CARTESIAN_POINT('',(-18.13008978365,39.677788040444,
    -48.09500180474));
#1257 = CARTESIAN_POINT('',(-18.13008978364,40.408605024261,
    -47.57232531318));
#1258 = CARTESIAN_POINT('',(-18.13008978365,41.169960174983,
    -47.048008498));
#1259 = CARTESIAN_POINT('',(-18.13008978364,41.965889128061,
    -46.52259570473));
#1260 = CARTESIAN_POINT('',(-18.13008978365,42.80038238412,
    -45.99688611001));
#1261 = CARTESIAN_POINT('',(-18.13008978365,43.677403389692,
    -45.47193361164));
#1262 = CARTESIAN_POINT('',(-18.13008978365,46.447866042598,
    -43.90327261634));
#1263 = CARTESIAN_POINT('',(-18.13008978365,49.671644495362,
    -42.36723364972));
#1264 = CARTESIAN_POINT('',(-18.13008978365,52.053520473119,
    -41.37018007558));
#1265 = CARTESIAN_POINT('',(-18.13008978365,54.698715769859,
    -40.41658327769));
#1266 = CARTESIAN_POINT('',(-18.13008978364,57.636958349079,
    -39.52682812297));
#1267 = CARTESIAN_POINT('',(-18.13008978365,60.895984249424,
    -38.72486328894));
#1268 = CARTESIAN_POINT('',(-18.13008978364,64.500750969698,
    -38.03724319492));
#1269 = CARTESIAN_POINT('',(-18.13008978365,68.473258891273,
    -37.49199524061));
#1270 = CARTESIAN_POINT('',(-18.13008978365,72.832812975536,
    -37.11783499302));
#1271 = CARTESIAN_POINT('',(-18.13008978365,77.5963921023,
    -36.94356230969));
#1272 = CARTESIAN_POINT('',(-4.681924646799E-13,-39.91501147846,1.));
#1273 = CARTESIAN_POINT('',(-4.732248508155E-13,-39.55712429048,
    -1.430201627625));
#1274 = CARTESIAN_POINT('',(-4.445211517343E-13,-39.21795936473,
    -3.746780426966));
#1275 = CARTESIAN_POINT('',(-5.0020049652E-13,-38.89568972295,
    -5.956847970788));
#1276 = CARTESIAN_POINT('',(-4.670819062985E-13,-38.58843907004,
    -8.068397371243));
#1277 = CARTESIAN_POINT('',(-3.842342602178E-13,-38.29425061153,
    -10.09058108041));
#1278 = CARTESIAN_POINT('',(-6.051562482165E-13,-38.01097909478,
    -12.03409656157));
#1279 = CARTESIAN_POINT('',(-3.500162973954E-13,-37.73622276965,
    -13.91178751092));
#1280 = CARTESIAN_POINT('',(-5.132124623054E-13,-37.46691725501,
    -15.73953972653));
#1281 = CARTESIAN_POINT('',(-4.32952121281E-13,-37.064991015,
    -18.43697889525));
#1282 = CARTESIAN_POINT('',(-4.868021319043E-13,-36.6493442951,
    -21.13154664298));
#1283 = CARTESIAN_POINT('',(-3.60561743103E-13,-36.50833927422,
    -22.03293961077));
#1284 = CARTESIAN_POINT('',(-7.041804714834E-13,-36.36373648703,
    -22.94154133681));
#1285 = CARTESIAN_POINT('',(-1.009977560706E-13,-36.2141112339,
    -23.86193252948));
#1286 = CARTESIAN_POINT('',(-8.513929497284E-13,-36.05765060976,
    -24.7993974564));
#1287 = CARTESIAN_POINT('',(-1.993453018705E-13,-35.89199835805,
    -25.76006511963));
#1288 = CARTESIAN_POINT('',(-5.545039355368E-13,-35.71401990762,
    -26.75109644259));
#1289 = CARTESIAN_POINT('',(-3.828317050529E-13,-35.32481658531,
    -28.81071464478));
#1290 = CARTESIAN_POINT('',(-5.353156942382E-13,-34.84460389121,
    -31.06451398442));
#1291 = CARTESIAN_POINT('',(-2.598405477881E-13,-34.57561623709,
    -32.24972469353));
#1292 = CARTESIAN_POINT('',(-7.828268970325E-13,-34.26978551288,
    -33.50437832658));
#1293 = CARTESIAN_POINT('',(-1.138632086138E-13,-33.91665171825,
    -34.84099569918));
#1294 = CARTESIAN_POINT('',(-7.478477585041E-13,-33.50230778193,
    -36.27365456691));
#1295 = CARTESIAN_POINT('',(-2.955687363188E-13,-33.00801848229,
    -37.81713784297));
#1296 = CARTESIAN_POINT('',(-5.289643016722E-13,-32.40852006458,
    -39.48647341525));
#1297 = CARTESIAN_POINT('',(-4.051725854869E-13,-31.29946086056,
    -42.19514162497));
#1298 = CARTESIAN_POINT('',(-5.12273736352E-13,-29.78365389513,
    -45.20702337855));
#1299 = CARTESIAN_POINT('',(-2.305966864968E-13,-29.22807780505,
    -46.24446417655));
#1300 = CARTESIAN_POINT('',(-9.25015655813E-13,-28.6166915415,
    -47.31441090618));
#1301 = CARTESIAN_POINT('',(1.151791123896E-13,-27.94369838615,
    -48.41487679353));
#1302 = CARTESIAN_POINT('',(-9.327327821175E-13,-27.203198487,
    -49.54259372392));
#1303 = CARTESIAN_POINT('',(-2.30931935666E-13,-26.38950716074,
    -50.6926922796));
#1304 = CARTESIAN_POINT('',(-5.150091709563E-13,-25.49768493175,
    -51.85845460216));
#1305 = CARTESIAN_POINT('',(-4.010319023787E-13,-23.55082403795,
    -54.20418055163));
#1306 = CARTESIAN_POINT('',(-5.295360662415E-13,-21.27191505051,
    -56.53820973765));
#1307 = CARTESIAN_POINT('',(-2.087647339136E-13,-20.04804390678,
    -57.69227577548));
#1308 = CARTESIAN_POINT('',(-9.209463949129E-13,-18.74043158471,
    -58.82189944135));
#1309 = CARTESIAN_POINT('',(7.217741215345E-14,-17.3524234276,
    -59.91451705551));
#1310 = CARTESIAN_POINT('',(-8.647249005354E-13,-15.89059971343,
    -60.95716307576));
#1311 = CARTESIAN_POINT('',(-2.615348206501E-13,-14.36490570334,
    -61.93768974985));
#1312 = CARTESIAN_POINT('',(-5.127735795734E-13,-12.78805194158,
    -62.84604207462));
#1313 = CARTESIAN_POINT('',(-4.077705463927E-13,-9.560505082912,
    -64.50393381001));
#1314 = CARTESIAN_POINT('',(-5.106384940192E-13,-6.243890964665,
    -65.82719186));
#1315 = CARTESIAN_POINT('',(-3.1338823362E-13,-4.577969464316,
    -66.40091155798));
#1316 = CARTESIAN_POINT('',(-6.836988947714E-13,-2.919485332023,
    -66.88545002805));
#1317 = CARTESIAN_POINT('',(-2.306802458193E-13,-1.28275937733,
    -67.28269886815));
#1318 = CARTESIAN_POINT('',(-6.170017179946E-13,0.319825647029,
    -67.59730243139));
#1319 = CARTESIAN_POINT('',(-4.055825162765E-13,1.878445143485,
    -67.8357525554));
#1320 = CARTESIAN_POINT('',(-4.464217343728E-13,3.385861304581,
    -68.00544967711));
#1321 = CARTESIAN_POINT('',(-5.183351238307E-13,6.288437587272,
    -68.22274124342));
#1322 = CARTESIAN_POINT('',(-3.549047260984E-13,8.954621337629,
    -68.2259889742));
#1323 = CARTESIAN_POINT('',(-8.896001569356E-13,10.225644610721,
    -68.18164282285));
#1324 = CARTESIAN_POINT('',(3.298596870231E-13,11.433580727108,
    -68.09871245271));
#1325 = CARTESIAN_POINT('',(-1.377234363246E-12,12.578996272257,
    -67.98398329769));
#1326 = CARTESIAN_POINT('',(2.516684232399E-13,13.663563129311,
    -67.84342428933));
#1327 = CARTESIAN_POINT('',(-7.946213262483E-13,14.689657551969,
    -67.68215747965));
#1328 = CARTESIAN_POINT('',(-4.100630804811E-13,15.660073331018,
    -67.50452068808));
#1329 = CARTESIAN_POINT('',(-4.660930231062E-13,18.413300022116,
    -66.93339581302));
#1330 = CARTESIAN_POINT('',(-5.052536745111E-13,20.720155396466,
    -66.27482711382));
#1331 = CARTESIAN_POINT('',(-2.273092407077E-13,22.084284833436,
    -65.8210946859));
#1332 = CARTESIAN_POINT('',(-9.325748416515E-13,23.300404303075,
    -65.36707852477));
#1333 = CARTESIAN_POINT('',(1.385104581639E-13,24.390901860935,
    -64.92041762084));
#1334 = CARTESIAN_POINT('',(-9.619928257475E-13,25.374563860181,
    -64.48532146577));
#1335 = CARTESIAN_POINT('',(-1.813344587897E-13,26.267074062208,
    -64.06370568074));
#1336 = CARTESIAN_POINT('',(-5.437643560175E-13,27.081466434654,
    -63.65626389485));
#1337 = CARTESIAN_POINT('',(-3.777707019382E-13,28.575815084082,
    -62.86953974927));
#1338 = CARTESIAN_POINT('',(-5.395104123071E-13,29.837897668085,
    -62.13699899634));
#1339 = CARTESIAN_POINT('',(-1.967136741235E-13,30.420024636124,
    -61.78373945667));
#1340 = CARTESIAN_POINT('',(-9.659154622468E-13,30.960642150866,
    -61.44251353467));
#1341 = CARTESIAN_POINT('',(1.940040873277E-13,31.465814920165,
    -61.11221074438));
#1342 = CARTESIAN_POINT('',(-1.045045161726E-12,31.94057786647,
    -60.79171790154));
#1343 = CARTESIAN_POINT('',(-1.231533402057E-13,32.389165996713,
    -60.47996695409));
#1344 = CARTESIAN_POINT('',(-5.584005705906E-13,32.815181443466,
    -60.17595779032));
#1345 = CARTESIAN_POINT('',(-3.098157984249E-13,33.990608295139,
    -59.31670731658));
#1346 = CARTESIAN_POINT('',(-6.154448914048E-13,35.025615056418,
    -58.50755172967));
#1347 = CARTESIAN_POINT('',(-1.154777824334E-14,35.660717359071,
    -57.99404172376));
#1348 = CARTESIAN_POINT('',(-1.206209293665E-12,36.266784904384,
    -57.4917301841));
#1349 = CARTESIAN_POINT('',(4.857101298202E-13,36.853801962704,
    -56.99708540542));
#1350 = CARTESIAN_POINT('',(-1.274719843494E-12,37.429878114698,
    -56.50736613187));
#1351 = CARTESIAN_POINT('',(2.818052583209E-14,38.001868049011,
    -56.02044472633));
#1352 = CARTESIAN_POINT('',(-5.829489587157E-13,38.575808019337,
    -55.53471653217));
#1353 = CARTESIAN_POINT('',(-3.49477926245E-13,39.738517122544,
    -54.56327293421));
#1354 = CARTESIAN_POINT('',(-5.192372862424E-13,40.95123169516,
    -53.58862459121));
#1355 = CARTESIAN_POINT('',(-3.230071633155E-13,41.575176586798,
    -53.09969118467));
#1356 = CARTESIAN_POINT('',(-5.877472903654E-13,42.221415702245,
    -52.60871656285));
#1357 = CARTESIAN_POINT('',(-3.533276805613E-13,42.894455393336,
    -52.1155931913));
#1358 = CARTESIAN_POINT('',(-4.901683101685E-13,43.598701181889,
    -51.62051487777));
#1359 = CARTESIAN_POINT('',(-4.511491193929E-13,44.338507614159,
    -51.12396987834));
#1360 = CARTESIAN_POINT('',(-4.423300124063E-13,45.118199137629,
    -50.62674068958));
#1361 = CARTESIAN_POINT('',(-4.798125473223E-13,47.589820350533,
    -49.13622998815));
#1362 = CARTESIAN_POINT('',(-4.009531440686E-13,50.497382032118,
    -47.66154564267));
#1363 = CARTESIAN_POINT('',(-5.955813419544E-13,52.663554625905,
    -46.69638666128));
#1364 = CARTESIAN_POINT('',(-2.191054339044E-13,55.090911551658,
    -45.76475518881));
#1365 = CARTESIAN_POINT('',(-7.014929618792E-13,57.811816081801,
    -44.88672264243));
#1366 = CARTESIAN_POINT('',(-2.690509628011E-13,60.856347416377,
    -44.08648438571));
#1367 = CARTESIAN_POINT('',(-5.435761036012E-13,64.251388113406,
    -43.39125699322));
#1368 = CARTESIAN_POINT('',(-4.184148413007E-13,68.020412821337,
    -42.82997108173));
#1369 = CARTESIAN_POINT('',(-4.602135341324E-13,72.183786941826,
    -42.4323639373));
#1370 = CARTESIAN_POINT('',(-4.513485271351E-13,76.759190392209,
    -42.22828058293));
#1371 = CARTESIAN_POINT('',(18.13008978365,-34.56438965191,1.));
#1372 = CARTESIAN_POINT('',(18.13008978365,-34.20650246393,
    -1.426482015296));
#1373 = CARTESIAN_POINT('',(18.13008978365,-33.86734041126,
    -3.736509865597));
#1374 = CARTESIAN_POINT('',(18.130089783649,-33.54508386473,
    -5.936676261545));
#1375 = CARTESIAN_POINT('',(18.13008978365,-33.23787344382,
    -8.034337522141));
#1376 = CARTESIAN_POINT('',(18.130089783649,-32.94378394391,
    -10.03785426404));
#1377 = CARTESIAN_POINT('',(18.130089783651,-32.66073213475,
    -11.95692576822));
#1378 = CARTESIAN_POINT('',(18.130089783649,-32.38641985403,
    -13.8031108866));
#1379 = CARTESIAN_POINT('',(18.13008978365,-32.11798528873,
    -15.59060525791));
#1380 = CARTESIAN_POINT('',(18.130089783649,-31.71854013593,
    -18.2110765344));
#1381 = CARTESIAN_POINT('',(18.13008978365,-31.30900788128,
    -20.79632823306));
#1382 = CARTESIAN_POINT('',(18.130089783649,-31.17054869365,
    -21.65727293781));
#1383 = CARTESIAN_POINT('',(18.130089783652,-31.02913314372,
    -22.52093757686));
#1384 = CARTESIAN_POINT('',(18.130089783647,-30.88351010862,
    -23.39134744446));
#1385 = CARTESIAN_POINT('',(18.130089783652,-30.73209462785,
    -24.27313844381));
#1386 = CARTESIAN_POINT('',(18.130089783649,-30.57283401537,
    -25.17167987028));
#1387 = CARTESIAN_POINT('',(18.13008978365,-30.40300500184,
    -26.09323731016));
#1388 = CARTESIAN_POINT('',(18.130089783649,-30.03475862033,
    -27.99709381056));
#1389 = CARTESIAN_POINT('',(18.13008978365,-29.58810388294,
    -30.05656565432));
#1390 = CARTESIAN_POINT('',(18.130089783648,-29.33986665325,
    -31.13373692032));
#1391 = CARTESIAN_POINT('',(18.130089783653,-29.05982911001,
    -32.26806430451));
#1392 = CARTESIAN_POINT('',(18.130089783646,-28.73894190453,
    -33.47047982683));
#1393 = CARTESIAN_POINT('',(18.130089783653,-28.36517563407,
    -34.7532754391));
#1394 = CARTESIAN_POINT('',(18.130089783648,-27.92232192145,
    -36.12936998806));
#1395 = CARTESIAN_POINT('',(18.13008978365,-27.388519282,-37.61191638846
    ));
#1396 = CARTESIAN_POINT('',(18.13008978365,-26.40636432805,
    -40.00942664723));
#1397 = CARTESIAN_POINT('',(18.130089783649,-25.072245274,
    -42.66462522871));
#1398 = CARTESIAN_POINT('',(18.130089783652,-24.58399906369,
    -43.57816527864));
#1399 = CARTESIAN_POINT('',(18.130089783645,-24.04743979623,
    -44.51936057671));
#1400 = CARTESIAN_POINT('',(18.130089783656,-23.45753656752,
    -45.48651664827));
#1401 = CARTESIAN_POINT('',(18.130089783645,-22.80916485565,
    -46.47682968044));
#1402 = CARTESIAN_POINT('',(18.130089783653,-22.0973811076,
    -47.4861083558));
#1403 = CARTESIAN_POINT('',(18.130089783649,-21.31788094149,
    -48.50855804379));
#1404 = CARTESIAN_POINT('',(18.13008978365,-19.61735918334,
    -50.56500426073));
#1405 = CARTESIAN_POINT('',(18.130089783649,-17.62878068718,
    -52.60986232971));
#1406 = CARTESIAN_POINT('',(18.130089783651,-16.56122307355,
    -53.6207242871));
#1407 = CARTESIAN_POINT('',(18.130089783648,-15.42093941666,
    -54.61006955044));
#1408 = CARTESIAN_POINT('',(18.130089783651,-14.21078064691,
    -55.56701300455));
#1409 = CARTESIAN_POINT('',(18.130089783649,-12.93639790844,
    -56.48031065045));
#1410 = CARTESIAN_POINT('',(18.13008978365,-11.60635927902,
    -57.33941542894));
#1411 = CARTESIAN_POINT('',(18.13008978365,-10.23163468871,
    -58.13558339105));
#1412 = CARTESIAN_POINT('',(18.13008978365,-7.417421661538,
    -59.58943696265));
#1413 = CARTESIAN_POINT('',(18.13008978365,-4.52436698656,
    -60.75142646671));
#1414 = CARTESIAN_POINT('',(18.130089783649,-3.070800337169,
    -61.2557312797));
#1415 = CARTESIAN_POINT('',(18.130089783651,-1.623221399025,
    -61.68220080944));
#1416 = CARTESIAN_POINT('',(18.130089783649,-0.194034742481,
    -62.03243186185));
#1417 = CARTESIAN_POINT('',(18.130089783651,1.206024245638,
    -62.31041172635));
#1418 = CARTESIAN_POINT('',(18.130089783649,2.56842942644,
    -62.52173626211));
#1419 = CARTESIAN_POINT('',(18.13008978365,3.886891858991,
    -62.67279688801));
#1420 = CARTESIAN_POINT('',(18.13008978365,6.427357808861,
    -62.86771042991));
#1421 = CARTESIAN_POINT('',(18.13008978365,8.764532153861,-62.8743163024
    ));
#1422 = CARTESIAN_POINT('',(18.130089783651,9.879702671632,
    -62.83706974481));
#1423 = CARTESIAN_POINT('',(18.130089783648,10.94055372555,
    -62.76567330796));
#1424 = CARTESIAN_POINT('',(18.130089783652,11.947557306256,
    -62.6660119912));
#1425 = CARTESIAN_POINT('',(18.130089783648,12.902145369858,
    -62.54326738485));
#1426 = CARTESIAN_POINT('',(18.130089783651,13.806362723505,
    -62.4018900172));
#1427 = CARTESIAN_POINT('',(18.13008978365,14.662618407643,
    -62.24565264598));
#1428 = CARTESIAN_POINT('',(18.13008978365,17.095283671071,
    -61.7418466518));
#1429 = CARTESIAN_POINT('',(18.13008978365,19.143570030996,
    -61.15646793891));
#1430 = CARTESIAN_POINT('',(18.130089783647,20.359526495625,
    -60.75103534665));
#1431 = CARTESIAN_POINT('',(18.130089783654,21.448212151253,
    -60.34303596702));
#1432 = CARTESIAN_POINT('',(18.130089783645,22.42902282941,
    -59.93921402863));
#1433 = CARTESIAN_POINT('',(18.130089783654,23.318246676284,
    -59.54333161033));
#1434 = CARTESIAN_POINT('',(18.130089783648,24.12949258786,
    -59.15715380843));
#1435 = CARTESIAN_POINT('',(18.13008978365,24.874078750732,
    -58.78137853952));
#1436 = CARTESIAN_POINT('',(18.130089783649,26.248876687466,
    -58.05064985274));
#1437 = CARTESIAN_POINT('',(18.13008978365,27.42676578895,
    -57.36005220708));
#1438 = CARTESIAN_POINT('',(18.13008978365,27.974443692878,
    -57.02440698865));
#1439 = CARTESIAN_POINT('',(18.13008978365,28.487303756642,
    -56.69764738743));
#1440 = CARTESIAN_POINT('',(18.13008978365,28.970634607959,
    -56.37888550461));
#1441 = CARTESIAN_POINT('',(18.13008978365,29.428833054756,
    -56.06722764839));
#1442 = CARTESIAN_POINT('',(18.13008978365,29.865602999626,
    -55.76181652816));
#1443 = CARTESIAN_POINT('',(18.13008978365,30.284100026635,
    -55.46185156791));
#1444 = CARTESIAN_POINT('',(18.13008978365,31.449126126308,
    -54.60819566245));
#1445 = CARTESIAN_POINT('',(18.13008978365,32.503804118606,
    -53.78845891323));
#1446 = CARTESIAN_POINT('',(18.130089783649,33.162450216246,
    -53.26228481819));
#1447 = CARTESIAN_POINT('',(18.13008978365,33.801245803306,
    -52.74258670157));
#1448 = CARTESIAN_POINT('',(18.130089783649,34.42907040348,
    -52.22670121293));
#1449 = CARTESIAN_POINT('',(18.13008978365,35.053177342995,
    -51.71264326558));
#1450 = CARTESIAN_POINT('',(18.130089783649,35.679731109798,
    -51.19895497568));
#1451 = CARTESIAN_POINT('',(18.13008978365,36.314185644293,
    -50.68462863115));
#1452 = CARTESIAN_POINT('',(18.13008978365,37.608811087127,
    -49.65340429889));
#1453 = CARTESIAN_POINT('',(18.13008978365,38.973385254507,
    -48.61575426124));
#1454 = CARTESIAN_POINT('',(18.13008978365,39.677788040445,
    -48.09500180474));
#1455 = CARTESIAN_POINT('',(18.13008978365,40.408605024259,
    -47.57232531318));
#1456 = CARTESIAN_POINT('',(18.13008978365,41.169960174987,
    -47.04800849799));
#1457 = CARTESIAN_POINT('',(18.13008978365,41.965889128058,
    -46.52259570473));
#1458 = CARTESIAN_POINT('',(18.13008978365,42.800382384122,
    -45.99688611001));
#1459 = CARTESIAN_POINT('',(18.13008978365,43.677403389691,
    -45.47193361164));
#1460 = CARTESIAN_POINT('',(18.13008978365,46.4478660426,-43.90327261634
    ));
#1461 = CARTESIAN_POINT('',(18.130089783649,49.671644495358,
    -42.36723364972));
#1462 = CARTESIAN_POINT('',(18.130089783652,52.053520473129,
    -41.37018007559));
#1463 = CARTESIAN_POINT('',(18.130089783647,54.698715769842,
    -40.41658327769));
#1464 = CARTESIAN_POINT('',(18.130089783654,57.6369583491,
    -39.52682812297));
#1465 = CARTESIAN_POINT('',(18.130089783647,60.895984249406,
    -38.72486328894));
#1466 = CARTESIAN_POINT('',(18.130089783652,64.500750969709,
    -38.03724319492));
#1467 = CARTESIAN_POINT('',(18.130089783649,68.473258891267,
    -37.49199524061));
#1468 = CARTESIAN_POINT('',(18.13008978365,72.832812975537,
    -37.11783499302));
#1469 = CARTESIAN_POINT('',(18.13008978365,77.5963921023,-36.94356230969
    ));
#1470 = CARTESIAN_POINT('',(30.058003604513,-20.86271151981,1.));
#1471 = CARTESIAN_POINT('',(30.058003604514,-20.50482433183,
    -1.416956967077));
#1472 = CARTESIAN_POINT('',(30.058003604512,-20.16566963646,
    -3.71020938489));
#1473 = CARTESIAN_POINT('',(30.058003604515,-19.84344662378,
    -5.885021280799));
#1474 = CARTESIAN_POINT('',(30.05800360451,-19.53633922751,
    -7.947118297024));
#1475 = CARTESIAN_POINT('',(30.058003604517,-19.24250313718,
    -9.902833346804));
#1476 = CARTESIAN_POINT('',(30.05800360451,-18.96001394728,
    -11.75930960209));
#1477 = CARTESIAN_POINT('',(30.058003604515,-18.6868387593,
    -13.52481573227));
#1478 = CARTESIAN_POINT('',(30.058003604513,-18.42063448948,
    -15.20921927736));
#1479 = CARTESIAN_POINT('',(30.058003604514,-18.02754281474,
    -17.63259396955));
#1480 = CARTESIAN_POINT('',(30.058003604514,-17.63366826073,
    -19.93791309822));
#1481 = CARTESIAN_POINT('',(30.058003604512,-17.50172835047,
    -20.69527935935));
#1482 = CARTESIAN_POINT('',(30.058003604517,-17.368474562,
    -21.44387073738));
#1483 = CARTESIAN_POINT('',(30.058003604509,-17.23310026156,
    -22.1862902422));
#1484 = CARTESIAN_POINT('',(30.058003604518,-17.09460420078,
    -22.92551346895));
#1485 = CARTESIAN_POINT('',(30.058003604511,-16.95171106598,
    -23.66496428365));
#1486 = CARTESIAN_POINT('',(30.058003604514,-16.80275083464,
    -24.40861552582));
#1487 = CARTESIAN_POINT('',(30.058003604513,-16.48817022634,
    -25.91360311482));
#1488 = CARTESIAN_POINT('',(30.058003604513,-16.12744948627,
    -27.47544816173));
#1489 = CARTESIAN_POINT('',(30.058003604516,-15.93234919016,
    -28.27595594391));
#1490 = CARTESIAN_POINT('',(30.058003604509,-15.71836188835,
    -29.10215623818));
#1491 = CARTESIAN_POINT('',(30.058003604518,-15.48005057778,
    -29.96091253418));
#1492 = CARTESIAN_POINT('',(30.058003604511,-15.21019412091,
    -30.85994376227));
#1493 = CARTESIAN_POINT('',(30.058003604515,-14.89905479235,
    -31.80739533553));
#1494 = CARTESIAN_POINT('',(30.058003604513,-14.5334835169,
    -32.8116188055));
#1495 = CARTESIAN_POINT('',(30.058003604513,-13.8763003596,
    -34.4123270793));
#1496 = CARTESIAN_POINT('',(30.058003604513,-13.00744111326,
    -36.1541443422));
#1497 = CARTESIAN_POINT('',(30.058003604513,-12.6916108148,
    -36.75040385439));
#1498 = CARTESIAN_POINT('',(30.058003604515,-12.34666580255,
    -37.36189716054));
#1499 = CARTESIAN_POINT('',(30.058003604511,-11.96953624159,
    -37.98767829526));
#1500 = CARTESIAN_POINT('',(30.058003604515,-11.55708304721,
    -38.62613241304));
#1501 = CARTESIAN_POINT('',(30.058003604513,-11.10626052596,
    -39.27480465097));
#1502 = CARTESIAN_POINT('',(30.058003604513,-10.61439062087,
    -39.93026454696));
#1503 = CARTESIAN_POINT('',(30.058003604514,-9.544685178574,
    -41.24593372644));
#1504 = CARTESIAN_POINT('',(30.058003604512,-8.299574464729,
    -42.5502928966));
#1505 = CARTESIAN_POINT('',(30.058003604517,-7.632298864393,
    -43.19444304344));
#1506 = CARTESIAN_POINT('',(30.058003604506,-6.920504378841,
    -43.82456846606));
#1507 = CARTESIAN_POINT('',(30.058003604522,-6.165775863846,
    -44.43408245645));
#1508 = CARTESIAN_POINT('',(30.058003604506,-5.371385171345,
    -45.01614948096));
#1509 = CARTESIAN_POINT('',(30.058003604517,-4.54237373795,
    -45.56432147714));
#1510 = CARTESIAN_POINT('',(30.058003604512,-3.685254192098,
    -46.07321179595));
#1511 = CARTESIAN_POINT('',(30.058003604514,-1.929491435527,
    -47.0045718448));
#1512 = CARTESIAN_POINT('',(30.058003604513,-0.121072406576,
    -47.75359071092));
#1513 = CARTESIAN_POINT('',(30.058003604514,0.788703649515,
    -48.08014040634));
#1514 = CARTESIAN_POINT('',(30.058003604513,1.696204222876,
    -48.35790910176));
#1515 = CARTESIAN_POINT('',(30.058003604514,2.593931778937,
    -48.58773871032));
#1516 = CARTESIAN_POINT('',(30.058003604513,3.475369445661,
    -48.77193393663));
#1517 = CARTESIAN_POINT('',(30.058003604513,4.335316130026,
    -48.91379625074));
#1518 = CARTESIAN_POINT('',(30.058003604514,5.169912714026,
    -49.01713321471));
#1519 = CARTESIAN_POINT('',(30.058003604513,6.783099669145,
    -49.15474192406));
#1520 = CARTESIAN_POINT('',(30.058003604514,8.277758672795,
    -49.16994720392));
#1521 = CARTESIAN_POINT('',(30.058003604511,8.993827112597,
    -49.15088102829));
#1522 = CARTESIAN_POINT('',(30.058003604517,9.678028078112,
    -49.10902026917));
#1523 = CARTESIAN_POINT('',(30.05800360451,10.330591324974,
    -49.04794412555));
#1524 = CARTESIAN_POINT('',(30.058003604516,10.952334412878,
    -48.9708179932));
#1525 = CARTESIAN_POINT('',(30.058003604512,11.544453392649,
    -48.88037278664));
#1526 = CARTESIAN_POINT('',(30.058003604514,12.108372050044,
    -48.7789342742));
#1527 = CARTESIAN_POINT('',(30.058003604512,13.7201552467,
    -48.44751602635));
#1528 = CARTESIAN_POINT('',(30.058003604515,15.106307461207,
    -48.0495595734));
#1529 = CARTESIAN_POINT('',(30.058003604509,15.942827957324,
    -47.76781144691));
#1530 = CARTESIAN_POINT('',(30.058003604521,16.705185728211,
    -47.47765017076));
#1531 = CARTESIAN_POINT('',(30.058003604504,17.405114226737,
    -47.18352870024));
#1532 = CARTESIAN_POINT('',(30.05800360452,18.052504281367,
    -46.88806339544));
#1533 = CARTESIAN_POINT('',(30.05800360451,18.655651548061,
    -46.59263389427));
#1534 = CARTESIAN_POINT('',(30.058003604514,19.221480503599,
    -46.29794909247));
#1535 = CARTESIAN_POINT('',(30.058003604512,20.290137315268,
    -45.71061154383));
#1536 = CARTESIAN_POINT('',(30.058003604514,21.252426803152,
    -45.12742028462));
#1537 = CARTESIAN_POINT('',(30.05800360451,21.711888794301,
    -44.83688118059));
#1538 = CARTESIAN_POINT('',(30.058003604519,22.153668585255,
    -44.5471664084));
#1539 = CARTESIAN_POINT('',(30.058003604507,22.581067445939,
    -44.25795806249));
#1540 = CARTESIAN_POINT('',(30.058003604518,22.996848123714,
    -43.96892451926));
#1541 = CARTESIAN_POINT('',(30.058003604511,23.403354488523,
    -43.67974819846));
#1542 = CARTESIAN_POINT('',(30.058003604514,23.802598619185,
    -43.39013948773));
#1543 = CARTESIAN_POINT('',(30.058003604513,24.940990850708,
    -42.55080994963));
#1544 = CARTESIAN_POINT('',(30.058003604513,26.046042217284,
    -41.70397734409));
#1545 = CARTESIAN_POINT('',(30.058003604515,26.764978410423,
    -41.14537350936));
#1546 = CARTESIAN_POINT('',(30.05800360451,27.487582778686,
    -40.58115247767));
#1547 = CARTESIAN_POINT('',(30.058003604517,28.21990585061,
    -40.01087455001));
#1548 = CARTESIAN_POINT('',(30.05800360451,28.967008287178,
    -39.43449101039));
#1549 = CARTESIAN_POINT('',(30.058003604515,29.733287135411,
    -38.85225905472));
#1550 = CARTESIAN_POINT('',(30.058003604513,30.522705168995,
    -38.2646996049));
#1551 = CARTESIAN_POINT('',(30.058003604514,32.155137185442,
    -37.08039093844));
#1552 = CARTESIAN_POINT('',(30.058003604513,33.908587890198,
    -35.88140844824));
#1553 = CARTESIAN_POINT('',(30.058003604515,34.819024331028,
    -35.27917492373));
#1554 = CARTESIAN_POINT('',(30.058003604511,35.766425249776,
    -34.67531743499));
#1555 = CARTESIAN_POINT('',(30.058003604516,36.753935423441,
    -34.07112158175));
#1556 = CARTESIAN_POINT('',(30.058003604512,37.784643295899,
    -33.468029354));
#1557 = CARTESIAN_POINT('',(30.058003604514,38.861607132941,
    -32.86763612241));
#1558 = CARTESIAN_POINT('',(30.058003604513,39.987865942968,
    -32.27169077922));
#1559 = CARTESIAN_POINT('',(30.058003604513,43.523590906719,
    -30.50290534843));
#1560 = CARTESIAN_POINT('',(30.058003604513,47.557125787634,
    -28.80975169533));
#1561 = CARTESIAN_POINT('',(30.058003604513,50.49136716048,
    -27.73102360593));
#1562 = CARTESIAN_POINT('',(30.058003604514,53.694395049542,
    -26.72117880011));
#1563 = CARTESIAN_POINT('',(30.058003604512,57.189189014912,
    -25.80140481549));
#1564 = CARTESIAN_POINT('',(30.058003604515,60.99748481257,
    -24.99501862498));
#1565 = CARTESIAN_POINT('',(30.058003604512,65.139310319578,
    -24.32687902469));
#1566 = CARTESIAN_POINT('',(30.058003604514,69.632890667684,
    -23.82270048892));
#1567 = CARTESIAN_POINT('',(30.058003604513,74.494815281345,
    -23.50858220357));
#1568 = CARTESIAN_POINT('',(30.058003604513,79.740267848924,
    -23.41064760448));
#1569 = CARTESIAN_POINT('',(32.227986812885,-4.196053620783,1.));
#1570 = CARTESIAN_POINT('',(32.227986812886,-3.838166432804,
    -1.405370742484));
#1571 = CARTESIAN_POINT('',(32.227986812885,-3.499020686807,
    -3.678217601819));
#1572 = CARTESIAN_POINT('',(32.227986812887,-3.176838464547,
    -5.822188401164));
#1573 = CARTESIAN_POINT('',(32.227986812882,-2.86985638697,
    -7.841025235048));
#1574 = CARTESIAN_POINT('',(32.22798681289,-2.5763285429,-9.738594527647
    ));
#1575 = CARTESIAN_POINT('',(32.227986812881,-2.294523720441,
    -11.51893021174));
#1576 = CARTESIAN_POINT('',(32.227986812888,-2.022731686826,
    -13.18629879388));
#1577 = CARTESIAN_POINT('',(32.227986812884,-1.759240338114,
    -14.74530313483));
#1578 = CARTESIAN_POINT('',(32.227986812886,-1.373877004681,
    -16.92893045361));
#1579 = CARTESIAN_POINT('',(32.227986812885,-0.999048405302,
    -18.89374089903));
#1580 = CARTESIAN_POINT('',(32.227986812886,-0.875038513886,
    -19.52511482048));
#1581 = CARTESIAN_POINT('',(32.227986812885,-0.751712654302,
    -20.1337316161));
#1582 = CARTESIAN_POINT('',(32.227986812886,-0.628804867283,
    -20.72046423568));
#1583 = CARTESIAN_POINT('',(32.227986812885,-0.506023929232,
    -21.28626868332));
#1584 = CARTESIAN_POINT('',(32.227986812886,-0.383040118557,
    -21.8322024138));
#1585 = CARTESIAN_POINT('',(32.227986812885,-0.259464577345,
    -22.35944938002));
#1586 = CARTESIAN_POINT('',(32.227986812886,-1.016276732253E-02,
    -23.37925467028));
#1587 = CARTESIAN_POINT('',(32.227986812885,0.246028255919,
    -24.33578878341));
#1588 = CARTESIAN_POINT('',(32.227986812887,0.376493031823,
    -24.79976438366));
#1589 = CARTESIAN_POINT('',(32.227986812882,0.510137125469,
    -25.25116031106));
#1590 = CARTESIAN_POINT('',(32.227986812889,0.648003499472,
    -25.69189111385));
#1591 = CARTESIAN_POINT('',(32.227986812883,0.79146453973,
    -26.12411312025));
#1592 = CARTESIAN_POINT('',(32.227986812886,0.942387100821,
    -26.55016536066));
#1593 = CARTESIAN_POINT('',(32.227986812885,1.103322523278,
    -26.97255903068));
#1594 = CARTESIAN_POINT('',(32.227986812885,1.365211490387,
    -27.6040410558));
#1595 = CARTESIAN_POINT('',(32.227986812885,1.668130858805,
    -28.23482550785));
#1596 = CARTESIAN_POINT('',(32.227986812885,1.774235239656,
    -28.4451464416));
#1597 = CARTESIAN_POINT('',(32.227986812887,1.886101558252,
    -28.6555917699));
#1598 = CARTESIAN_POINT('',(32.227986812882,2.004414213972,
    -28.8661260106));
#1599 = CARTESIAN_POINT('',(32.227986812889,2.129897214996,
    -29.0765805725));
#1600 = CARTESIAN_POINT('',(32.227986812883,2.263287707114,
    -29.28661280805));
#1601 = CARTESIAN_POINT('',(32.227986812886,2.405285493215,
    -29.49566801866));
#1602 = CARTESIAN_POINT('',(32.227986812885,2.707668886931,
    -29.91025943644));
#1603 = CARTESIAN_POINT('',(32.227986812886,3.048428829477,
    -30.31387917144));
#1604 = CARTESIAN_POINT('',(32.227986812884,3.228803240462,
    -30.51196276826));
#1605 = CARTESIAN_POINT('',(32.227986812888,3.419385480089,
    -30.7051348383));
#1606 = CARTESIAN_POINT('',(32.227986812881,3.620130739921,
    -30.89203723614));
#1607 = CARTESIAN_POINT('',(32.22798681289,3.830661328028,
    -31.07119686501));
#1608 = CARTESIAN_POINT('',(32.227986812882,4.050225597821,
    -31.24115166308));
#1609 = CARTESIAN_POINT('',(32.227986812886,4.277732761919,
    -31.40059878546));
#1610 = CARTESIAN_POINT('',(32.227986812885,4.746001505474,
    -31.69640013018));
#1611 = CARTESIAN_POINT('',(32.227986812886,5.235074751876,
    -31.94308342261));
#1612 = CARTESIAN_POINT('',(32.227986812884,5.483386445728,
    -32.0534126153));
#1613 = CARTESIAN_POINT('',(32.227986812888,5.733938194449,
    -32.15030230367));
#1614 = CARTESIAN_POINT('',(32.227986812882,5.985201359089,
    -32.23367615293));
#1615 = CARTESIAN_POINT('',(32.227986812888,6.235790449496,
    -32.30379217911));
#1616 = CARTESIAN_POINT('',(32.227986812884,6.484548943051,
    -32.36116096816));
#1617 = CARTESIAN_POINT('',(32.227986812886,6.730573347127,
    -32.40644709049));
#1618 = CARTESIAN_POINT('',(32.227986812885,7.215822422414,
    -32.47435046663));
#1619 = CARTESIAN_POINT('',(32.227986812886,7.68564966213,
    -32.50001602584));
#1620 = CARTESIAN_POINT('',(32.227986812884,7.916252180445,
    -32.50306438272));
#1621 = CARTESIAN_POINT('',(32.227986812888,8.142297720724,
    -32.49713068535));
#1622 = CARTESIAN_POINT('',(32.227986812882,8.363721385062,
    -32.48298936787));
#1623 = CARTESIAN_POINT('',(32.227986812888,8.580593384189,
    -32.46135333626));
#1624 = CARTESIAN_POINT('',(32.227986812884,8.793077345676,
    -32.43286177487));
#1625 = CARTESIAN_POINT('',(32.227986812886,9.001398596024,
    -32.39808034075));
#1626 = CARTESIAN_POINT('',(32.227986812885,9.614664643872,
    -32.2763537501));
#1627 = CARTESIAN_POINT('',(32.227986812886,10.195399946775,
    -32.10637686717));
#1628 = CARTESIAN_POINT('',(32.227986812883,10.57037628598,
    -31.97507795271));
#1629 = CARTESIAN_POINT('',(32.227986812889,10.935790327384,
    -31.82825440055));
#1630 = CARTESIAN_POINT('',(32.227986812881,11.294055041906,
    -31.6675720717));
#1631 = CARTESIAN_POINT('',(32.227986812889,11.647279590316,
    -31.49425367925));
#1632 = CARTESIAN_POINT('',(32.227986812884,11.997296627994,
    -31.30920999131));
#1633 = CARTESIAN_POINT('',(32.227986812886,12.345686143422,
    -31.11316325859));
#1634 = CARTESIAN_POINT('',(32.227986812884,13.041954306701,
    -30.70024602707));
#1635 = CARTESIAN_POINT('',(32.227986812886,13.741989421917,
    -30.2477033995));
#1636 = CARTESIAN_POINT('',(32.227986812881,14.094145984829,
    -30.01203116438));
#1637 = CARTESIAN_POINT('',(32.227986812894,14.449464060738,
    -29.76737755088));
#1638 = CARTESIAN_POINT('',(32.227986812875,14.808827506744,
    -29.51411799055));
#1639 = CARTESIAN_POINT('',(32.227986812894,15.173011406496,
    -29.25260455699));
#1640 = CARTESIAN_POINT('',(32.227986812881,15.54270529251,
    -28.98317617112));
#1641 = CARTESIAN_POINT('',(32.227986812886,15.918530289116,
    -28.70616475441));
#1642 = CARTESIAN_POINT('',(32.227986812885,17.024525206624,
    -27.88426174328));
#1643 = CARTESIAN_POINT('',(32.227986812886,18.190850512654,
    -27.00446986345));
#1644 = CARTESIAN_POINT('',(32.227986812884,18.983123299075,
    -26.40641864337));
#1645 = CARTESIAN_POINT('',(32.227986812887,19.8076722811,
    -25.78804014376));
#1646 = CARTESIAN_POINT('',(32.227986812883,20.667106810692,
    -25.15159950487));
#1647 = CARTESIAN_POINT('',(32.227986812888,21.56382040091,
    -24.49940340313));
#1648 = CARTESIAN_POINT('',(32.227986812883,22.500060191869,
    -23.83379524946));
#1649 = CARTESIAN_POINT('',(32.227986812886,23.477975108915,
    -23.15715538914));
#1650 = CARTESIAN_POINT('',(32.227986812885,25.521313478889,
    -21.78663564669));
#1651 = CARTESIAN_POINT('',(32.227986812885,27.747791804854,
    -20.39140910751));
#1652 = CARTESIAN_POINT('',(32.227986812886,28.908846630435,
    -19.69006238878));
#1653 = CARTESIAN_POINT('',(32.227986812884,30.119699245753,
    -18.9874567106));
#1654 = CARTESIAN_POINT('',(32.227986812887,31.3823033432,
    -18.28609636497));
#1655 = CARTESIAN_POINT('',(32.227986812884,32.698595207144,
    -17.58851523242));
#1656 = CARTESIAN_POINT('',(32.227986812886,34.070499137289,
    -16.89727717043));
#1657 = CARTESIAN_POINT('',(32.227986812885,35.499929659735,
    -16.2149764592));
#1658 = CARTESIAN_POINT('',(32.227986812886,39.96651615847,
    -14.20276059079));
#1659 = CARTESIAN_POINT('',(32.227986812885,44.985035012835,
    -12.31849335984));
#1660 = CARTESIAN_POINT('',(32.227986812886,48.591171097155,
    -11.14041676788));
#1661 = CARTESIAN_POINT('',(32.227986812885,52.4727439711,
    -10.06215214542));
#1662 = CARTESIAN_POINT('',(32.227986812886,56.64452446812,
    -9.105863394974));
#1663 = CARTESIAN_POINT('',(32.227986812885,61.120949628054,
    -8.294099086883));
#1664 = CARTESIAN_POINT('',(32.227986812885,65.916050958947,
    -7.649655469074));
#1665 = CARTESIAN_POINT('',(32.227986812885,71.043461396315,
    -7.195433584025));
#1666 = CARTESIAN_POINT('',(32.227986812885,76.516467198088,
    -6.954350063798));
#1667 = CARTESIAN_POINT('',(32.227986812885,82.348068390036,
    -6.94927275725));
#1668 = ADVANCED_FACE('',(#1669),#1706,.T.);
#1669 = FACE_BOUND('',#1670,.F.);
#1670 = EDGE_LOOP('',(#1671,#1680,#1681,#1698,#1699,#1700));
#1671 = ORIENTED_EDGE('',*,*,#1672,.T.);
#1672 = EDGE_CURVE('',#1673,#541,#1675,.T.);
#1673 = VERTEX_POINT('',#1674);
#1674 = CARTESIAN_POINT('',(-17.06021353536,79.691020549718,-5.479188));
#1675 = CIRCLE('',#1676,16.855699308226);
#1676 = AXIS2_PLACEMENT_3D('',#1677,#1678,#1679);
#1677 = CARTESIAN_POINT('',(-17.06021353536,62.835321241491,-5.479188));
#1678 = DIRECTION('',(-1.224646799147E-16,0.,1.));
#1679 = DIRECTION('',(-1.,0.,-1.224646799147E-16));
#1680 = ORIENTED_EDGE('',*,*,#557,.F.);
#1681 = ORIENTED_EDGE('',*,*,#1682,.T.);
#1682 = EDGE_CURVE('',#558,#833,#1683,.T.);
#1683 = B_SPLINE_CURVE_WITH_KNOTS('',5,(#1684,#1685,#1686,#1687,#1688,
    #1689,#1690,#1691,#1692,#1693,#1694,#1695,#1696,#1697),
  .UNSPECIFIED.,.F.,.F.,(6,4,4,6),(0.,1.606073084906E-02,0.501270264384,
    1.),.UNSPECIFIED.);
#1684 = CARTESIAN_POINT('',(-32.86878757328,68.683704441751,
    -2.706903829541));
#1685 = CARTESIAN_POINT('',(-32.86731986873,68.687671746076,
    -2.717721197876));
#1686 = CARTESIAN_POINT('',(-32.86505525517,68.693789574162,
    -2.734412378902));
#1687 = CARTESIAN_POINT('',(-32.86298399126,68.699370767604,
    -2.749680023305));
#1688 = CARTESIAN_POINT('',(-32.8612573264,68.70402204433,
    -2.762407714589));
#1689 = CARTESIAN_POINT('',(-32.79706409129,68.876672358081,
    -3.235621814962));
#1690 = CARTESIAN_POINT('',(-32.73488497198,69.037141884711,
    -3.694712732421));
#1691 = CARTESIAN_POINT('',(-32.67267287342,69.191874188371,
    -4.154654758641));
#1692 = CARTESIAN_POINT('',(-32.61043412372,69.341482596015,
    -4.615323746507));
#1693 = CARTESIAN_POINT('',(-32.48417583006,69.635489611415,
    -5.550790347374));
#1694 = CARTESIAN_POINT('',(-32.42015526581,69.779625754985,
    -6.025621983806));
#1695 = CARTESIAN_POINT('',(-32.3561150635,69.919408949764,
    -6.501026063671));
#1696 = CARTESIAN_POINT('',(-32.29205827169,70.05523000743,
    -6.976931547661));
#1697 = CARTESIAN_POINT('',(-32.22798681288,70.187412982699,
    -7.453284284488));
#1698 = ORIENTED_EDGE('',*,*,#938,.F.);
#1699 = ORIENTED_EDGE('',*,*,#118,.F.);
#1700 = ORIENTED_EDGE('',*,*,#1701,.F.);
#1701 = EDGE_CURVE('',#1673,#111,#1702,.T.);
#1702 = LINE('',#1703,#1704);
#1703 = CARTESIAN_POINT('',(-17.06021353536,79.691020549718,
    -2.089273589886E-15));
#1704 = VECTOR('',#1705,1.);
#1705 = DIRECTION('',(1.224646799147E-16,0.,-1.));
#1706 = CYLINDRICAL_SURFACE('',#1707,16.855699308226);
#1707 = AXIS2_PLACEMENT_3D('',#1708,#1709,#1710);
#1708 = CARTESIAN_POINT('',(-17.06021353536,62.835321241491,
    -2.089273589886E-15));
#1709 = DIRECTION('',(-1.224646799147E-16,0.,1.));
#1710 = DIRECTION('',(-1.,0.,-1.224646799147E-16));
#1711 = ADVANCED_FACE('',(#1712),#1737,.F.);
#1712 = FACE_BOUND('',#1713,.F.);
#1713 = EDGE_LOOP('',(#1714,#1722,#1728,#1729,#1735,#1736));
#1714 = ORIENTED_EDGE('',*,*,#1715,.F.);
#1715 = EDGE_CURVE('',#1716,#102,#1718,.T.);
#1716 = VERTEX_POINT('',#1717);
#1717 = CARTESIAN_POINT('',(17.060213535368,79.691020549718,-4.));
#1718 = LINE('',#1719,#1720);
#1719 = CARTESIAN_POINT('',(17.060213535368,79.691020549718,
    2.089273589886E-15));
#1720 = VECTOR('',#1721,1.);
#1721 = DIRECTION('',(1.224646799147E-16,0.,-1.));
#1722 = ORIENTED_EDGE('',*,*,#1723,.F.);
#1723 = EDGE_CURVE('',#382,#1716,#1724,.T.);
#1724 = LINE('',#1725,#1726);
#1725 = CARTESIAN_POINT('',(-9.174991893768,79.691020549718,-4.));
#1726 = VECTOR('',#1727,1.);
#1727 = DIRECTION('',(1.,0.,1.224646799147E-16));
#1728 = ORIENTED_EDGE('',*,*,#389,.T.);
#1729 = ORIENTED_EDGE('',*,*,#1730,.T.);
#1730 = EDGE_CURVE('',#390,#1673,#1731,.T.);
#1731 = LINE('',#1732,#1733);
#1732 = CARTESIAN_POINT('',(-9.174991893768,79.691020549718,-5.479188));
#1733 = VECTOR('',#1734,1.);
#1734 = DIRECTION('',(-1.,0.,0.));
#1735 = ORIENTED_EDGE('',*,*,#1701,.T.);
#1736 = ORIENTED_EDGE('',*,*,#110,.F.);
#1737 = PLANE('',#1738);
#1738 = AXIS2_PLACEMENT_3D('',#1739,#1740,#1741);
#1739 = CARTESIAN_POINT('',(-17.06021353536,79.691020549718,
    -2.089273589886E-15));
#1740 = DIRECTION('',(0.,-1.,0.));
#1741 = DIRECTION('',(1.,0.,1.224646799147E-16));
#1742 = ADVANCED_FACE('',(#1743),#1867,.T.);
#1743 = FACE_BOUND('',#1744,.F.);
#1744 = EDGE_LOOP('',(#1745,#1779,#1786,#1787,#1788,#1827));
#1745 = ORIENTED_EDGE('',*,*,#1746,.F.);
#1746 = EDGE_CURVE('',#1747,#1749,#1751,.T.);
#1747 = VERTEX_POINT('',#1748);
#1748 = CARTESIAN_POINT('',(30.866164643527,72.505394310939,-4.));
#1749 = VERTEX_POINT('',#1750);
#1750 = CARTESIAN_POINT('',(32.26259177632,70.115588763652,
    -7.196046380739));
#1751 = B_SPLINE_CURVE_WITH_KNOTS('',6,(#1752,#1753,#1754,#1755,#1756,
    #1757,#1758,#1759,#1760,#1761,#1762,#1763,#1764,#1765,#1766,#1767,
    #1768,#1769,#1770,#1771,#1772,#1773,#1774,#1775,#1776,#1777,#1778),
  .UNSPECIFIED.,.F.,.F.,(7,5,5,5,5,7),(0.,0.129863396503,0.592662685074,
    0.80123931387,0.896910939785,1.),.UNSPECIFIED.);
#1752 = CARTESIAN_POINT('',(29.001491939262,74.731558850501,
    6.755132563888E-04));
#1753 = CARTESIAN_POINT('',(29.094905166024,74.637791766242,
    -0.199486280639));
#1754 = CARTESIAN_POINT('',(29.188285589895,74.542291244595,
    -0.399248617407));
#1755 = CARTESIAN_POINT('',(29.28159354345,74.445034755876,
    -0.598605227914));
#1756 = CARTESIAN_POINT('',(29.374792291547,74.346000446518,
    -0.797548319054));
#1757 = CARTESIAN_POINT('',(29.467840390348,74.245165932265,
    -0.99607090147));
#1758 = CARTESIAN_POINT('',(29.891616315409,73.776667112919,
    -1.900120340181));
#1759 = CARTESIAN_POINT('',(30.220099908081,73.387691027012,
    -2.600614465876));
#1760 = CARTESIAN_POINT('',(30.544313663109,72.974564415828,
    -3.295325394084));
#1761 = CARTESIAN_POINT('',(30.86222787665,72.536281945436,
    -3.983808897947));
#1762 = CARTESIAN_POINT('',(31.171627453693,72.071850766646,
    -4.665496864971));
#1763 = CARTESIAN_POINT('',(31.604550820795,71.358469700508,
    -5.643477197334));
#1764 = CARTESIAN_POINT('',(31.736816757297,71.131296420412,
    -5.945771759568));
#1765 = CARTESIAN_POINT('',(31.866626109536,70.89846996725,
    -6.246461375366));
#1766 = CARTESIAN_POINT('',(31.993740718112,70.659881156681,
    -6.545463826979));
#1767 = CARTESIAN_POINT('',(32.11790840692,70.415413092382,
    -6.84268310726));
#1768 = CARTESIAN_POINT('',(32.294340641418,70.050045653542,
    -7.273469859794));
#1769 = CARTESIAN_POINT('',(32.348814762774,69.934572050033,
    -7.407729934848));
#1770 = CARTESIAN_POINT('',(32.40227749312,69.818521073902,
    -7.540798095033));
#1771 = CARTESIAN_POINT('',(32.45472284641,69.701897882508,
    -7.672683343999));
#1772 = CARTESIAN_POINT('',(32.506144804772,69.584707266174,
    -7.803393705404));
#1773 = CARTESIAN_POINT('',(32.610836770758,69.340070576,-8.072522189599
    ));
#1774 = CARTESIAN_POINT('',(32.664277921539,69.211746423914,
    -8.211618494827));
#1775 = CARTESIAN_POINT('',(32.716828202945,69.081964785521,
    -8.350209413407));
#1776 = CARTESIAN_POINT('',(32.768453525596,68.950709480204,
    -8.488278105592));
#1777 = CARTESIAN_POINT('',(32.81911895397,68.817962061812,
    -8.625805569836));
#1778 = CARTESIAN_POINT('',(32.868787573284,68.683704441751,
    -8.762771791967));
#1779 = ORIENTED_EDGE('',*,*,#1780,.F.);
#1780 = EDGE_CURVE('',#1716,#1747,#1781,.T.);
#1781 = CIRCLE('',#1782,16.855699308226);
#1782 = AXIS2_PLACEMENT_3D('',#1783,#1784,#1785);
#1783 = CARTESIAN_POINT('',(17.060213535368,62.835321241491,-4.));
#1784 = DIRECTION('',(1.224646799147E-16,0.,-1.));
#1785 = DIRECTION('',(4.2154450122E-16,1.,5.162431241173E-32));
#1786 = ORIENTED_EDGE('',*,*,#1715,.T.);
#1787 = ORIENTED_EDGE('',*,*,#101,.F.);
#1788 = ORIENTED_EDGE('',*,*,#1789,.F.);
#1789 = EDGE_CURVE('',#1790,#75,#1792,.T.);
#1790 = VERTEX_POINT('',#1791);
#1791 = CARTESIAN_POINT('',(32.227986812885,70.187412982701,
    -7.453284284488));
#1792 = B_SPLINE_CURVE_WITH_KNOTS('',5,(#1793,#1794,#1795,#1796,#1797,
    #1798,#1799,#1800,#1801,#1802,#1803,#1804,#1805,#1806,#1807,#1808,
    #1809,#1810,#1811,#1812,#1813,#1814,#1815,#1816,#1817,#1818,#1819,
    #1820,#1821,#1822,#1823,#1824,#1825,#1826),.UNSPECIFIED.,.F.,.F.,(6,
    4,4,4,4,4,4,4,6),(0.,9.475172898483E-02,0.189363853403,
    0.284010997467,0.37830643047,0.541730707989,0.700729434874,
    0.853692377958,1.),.UNSPECIFIED.);
#1793 = CARTESIAN_POINT('',(32.227986812885,70.187412982701,
    -7.453284284488));
#1794 = CARTESIAN_POINT('',(32.172273380875,70.30235288484,
    -7.867497513106));
#1795 = CARTESIAN_POINT('',(32.109487961238,70.429109561139,
    -8.279584581648));
#1796 = CARTESIAN_POINT('',(32.039682380245,70.566379574863,
    -8.689418607542));
#1797 = CARTESIAN_POINT('',(31.962917685598,70.712811256606,
    -9.096974576219));
#1798 = CARTESIAN_POINT('',(31.795676511126,71.021375236224,
    -9.907017107307));
#1799 = CARTESIAN_POINT('',(31.705221550699,71.183481597165,
    -10.30950477759));
#1800 = CARTESIAN_POINT('',(31.60791203713,71.352326468474,
    -10.70980193563));
#1801 = CARTESIAN_POINT('',(31.5037789015,71.526838018058,
    -11.10797811906));
#1802 = CARTESIAN_POINT('',(31.281837770185,71.885430710145,
    -11.90040966776));
#1803 = CARTESIAN_POINT('',(31.164026009974,72.069513041687,
    -12.294659013));
#1804 = CARTESIAN_POINT('',(31.039401219898,72.257428118696,
    -12.68695404167));
#1805 = CARTESIAN_POINT('',(30.90795595257,72.448392201151,
    -13.07736813534));
#1806 = CARTESIAN_POINT('',(30.631881843002,72.834346369714,
    -13.85312543329));
#1807 = CARTESIAN_POINT('',(30.487304707568,73.029317518954,
    -14.23847957267));
#1808 = CARTESIAN_POINT('',(30.335903251573,73.225971512159,
    -14.62209630486));
#1809 = CARTESIAN_POINT('',(30.177635760793,73.423733151037,
    -15.00401896417));
#1810 = CARTESIAN_POINT('',(29.726146301801,73.965859907807,
    -16.04330642804));
#1811 = CARTESIAN_POINT('',(29.41905341094,74.311408501596,
    -16.69732627554));
#1812 = CARTESIAN_POINT('',(29.090851412209,74.656069838757,
    -17.34650097764));
#1813 = CARTESIAN_POINT('',(28.741116556654,74.997663266479,
    -17.99077425058));
#1814 = CARTESIAN_POINT('',(28.00750732869,75.661442354532,
    -19.25183884836));
#1815 = CARTESIAN_POINT('',(27.624821822062,75.983896382458,
    -19.86888822429));
#1816 = CARTESIAN_POINT('',(27.220692452265,76.299560098396,
    -20.48093840321));
#1817 = CARTESIAN_POINT('',(26.794506656656,76.606578747438,
    -21.08761705386));
#1818 = CARTESIAN_POINT('',(25.913604500817,77.188018187313,
    -22.26637216298));
#1819 = CARTESIAN_POINT('',(25.460597119312,77.463226472556,
    -22.83887200869));
#1820 = CARTESIAN_POINT('',(24.985854345735,77.72674593389,
    -23.40543729496));
#1821 = CARTESIAN_POINT('',(24.488688889068,77.976580321658,
    -23.9653733134));
#1822 = CARTESIAN_POINT('',(23.470711165532,78.433968462131,
    -25.04617148291));
#1823 = CARTESIAN_POINT('',(22.951889477917,78.642879509629,
    -25.56765151377));
#1824 = CARTESIAN_POINT('',(22.411277667971,78.835024263662,
    -26.0814649562));
#1825 = CARTESIAN_POINT('',(21.848335716338,79.007957382017,
    -26.5865355179));
#1826 = CARTESIAN_POINT('',(21.262721856914,79.158725389422,
    -27.08155274639));
#1827 = ORIENTED_EDGE('',*,*,#1828,.T.);
#1828 = EDGE_CURVE('',#1790,#1749,#1829,.T.);
#1829 = B_SPLINE_CURVE_WITH_KNOTS('',6,(#1830,#1831,#1832,#1833,#1834,
    #1835,#1836,#1837,#1838,#1839,#1840,#1841,#1842,#1843,#1844,#1845,
    #1846,#1847,#1848,#1849,#1850,#1851,#1852,#1853,#1854,#1855,#1856,
    #1857,#1858,#1859,#1860,#1861,#1862,#1863,#1864,#1865,#1866),
  .UNSPECIFIED.,.F.,.F.,(7,5,5,5,5,5,5,7),(0.,0.49826658672,
    0.747662171811,0.871602318181,0.9344490876,0.965030678038,
    0.980322755165,1.),.UNSPECIFIED.);
#1830 = CARTESIAN_POINT('',(32.227986812885,70.187412982701,
    -7.453284284488));
#1831 = CARTESIAN_POINT('',(32.281490570094,70.077031762308,
    -7.05549934795));
#1832 = CARTESIAN_POINT('',(32.334984508289,69.964215072501,
    -6.658013822077));
#1833 = CARTESIAN_POINT('',(32.388467660701,69.848799867675,
    -6.260854948699));
#1834 = CARTESIAN_POINT('',(32.441938681755,69.730600676534,
    -5.864055646856));
#1835 = CARTESIAN_POINT('',(32.495395821073,69.609396654566,
    -5.467656349339));
#1836 = CARTESIAN_POINT('',(32.575585567515,69.422614101222,
    -4.873523653033));
#1837 = CARTESIAN_POINT('',(32.602330197241,69.359489165864,
    -4.675453297264));
#1838 = CARTESIAN_POINT('',(32.629070507704,69.295510450578,
    -4.477502009159));
#1839 = CARTESIAN_POINT('',(32.655806167002,69.230640648274,
    -4.279676926183));
#1840 = CARTESIAN_POINT('',(32.682536790285,69.164838524641,
    -4.081986086044));
#1841 = CARTESIAN_POINT('',(32.72254332537,69.064871986624,
    -3.786264732852));
#1842 = CARTESIAN_POINT('',(32.735823358006,69.031443595716,
    -3.688126415348));
#1843 = CARTESIAN_POINT('',(32.74910198325,68.997768159566,
    -3.590024581844));
#1844 = CARTESIAN_POINT('',(32.762379141823,68.963839760664,
    -3.49196041931));
#1845 = CARTESIAN_POINT('',(32.775654769571,68.929652149841,
    -3.393935194016));
#1846 = CARTESIAN_POINT('',(32.795659705859,68.877728336784,
    -3.246264679373));
#1847 = CARTESIAN_POINT('',(32.80239020283,68.860189583443,
    -3.196589465603));
#1848 = CARTESIAN_POINT('',(32.809120279346,68.84258162611,
    -3.146924786242));
#1849 = CARTESIAN_POINT('',(32.815849925965,68.82490357851,
    -3.097270823702));
#1850 = CARTESIAN_POINT('',(32.822579132845,68.80715452824,
    -3.047627766794));
#1851 = CARTESIAN_POINT('',(32.832582140576,68.78066174238,
    -2.973844622573));
#1852 = CARTESIAN_POINT('',(32.835856284862,68.771972913309,
    -2.94969606296));
#1853 = CARTESIAN_POINT('',(32.839130321414,68.763266941333,
    -2.925550154404));
#1854 = CARTESIAN_POINT('',(32.842404249024,68.754543716626,
    -2.901406919818));
#1855 = CARTESIAN_POINT('',(32.845678066459,68.745803127757,
    -2.877266382514));
#1856 = CARTESIAN_POINT('',(32.850588762688,68.732665661538,
    -2.841058646246));
#1857 = CARTESIAN_POINT('',(32.852225752915,68.728281816811,
    -2.828989201213));
#1858 = CARTESIAN_POINT('',(32.853862743142,68.723893512667,
    -2.816920232937));
#1859 = CARTESIAN_POINT('',(32.855499733369,68.719500734151,
    -2.804851743268));
#1860 = CARTESIAN_POINT('',(32.857136723595,68.715103466193,
    -2.79278373407));
#1861 = CARTESIAN_POINT('',(32.860880128616,68.705037665352,
    -2.765188187166));
#1862 = CARTESIAN_POINT('',(32.86219449326,68.701495536283,
    -2.755499827851));
#1863 = CARTESIAN_POINT('',(32.863847643567,68.697046918068,
    -2.743313535813));
#1864 = CARTESIAN_POINT('',(32.866235333888,68.690605005174,
    -2.725714323556));
#1865 = CARTESIAN_POINT('',(32.868634980831,68.684116909437,
    -2.708028476024));
#1866 = CARTESIAN_POINT('',(32.868787573284,68.683704441751,
    -2.706903829534));
#1867 = CYLINDRICAL_SURFACE('',#1868,16.855699308226);
#1868 = AXIS2_PLACEMENT_3D('',#1869,#1870,#1871);
#1869 = CARTESIAN_POINT('',(17.060213535368,62.835321241491,
    2.089273589886E-15));
#1870 = DIRECTION('',(-1.224646799147E-16,0.,1.));
#1871 = DIRECTION('',(-1.,0.,-1.224646799147E-16));
#1872 = ADVANCED_FACE('',(#1873),#2147,.F.);
#1873 = FACE_BOUND('',#1874,.F.);
#1874 = EDGE_LOOP('',(#1875,#1876,#1877,#2045));
#1875 = ORIENTED_EDGE('',*,*,#1789,.T.);
#1876 = ORIENTED_EDGE('',*,*,#74,.F.);
#1877 = ORIENTED_EDGE('',*,*,#1878,.F.);
#1878 = EDGE_CURVE('',#1879,#40,#1881,.T.);
#1879 = VERTEX_POINT('',#1880);
#1880 = CARTESIAN_POINT('',(32.227986812885,69.431766897942,
    -7.51954862739));
#1881 = B_SPLINE_CURVE_WITH_KNOTS('',8,(#1882,#1883,#1884,#1885,#1886,
    #1887,#1888,#1889,#1890,#1891,#1892,#1893,#1894,#1895,#1896,#1897,
    #1898,#1899,#1900,#1901,#1902,#1903,#1904,#1905,#1906,#1907,#1908,
    #1909,#1910,#1911,#1912,#1913,#1914,#1915,#1916,#1917,#1918,#1919,
    #1920,#1921,#1922,#1923,#1924,#1925,#1926,#1927,#1928,#1929,#1930,
    #1931,#1932,#1933,#1934,#1935,#1936,#1937,#1938,#1939,#1940,#1941,
    #1942,#1943,#1944,#1945,#1946,#1947,#1948,#1949,#1950,#1951,#1952,
    #1953,#1954,#1955,#1956,#1957,#1958,#1959,#1960,#1961,#1962,#1963,
    #1964,#1965,#1966,#1967,#1968,#1969,#1970,#1971,#1972,#1973,#1974,
    #1975,#1976,#1977,#1978,#1979,#1980,#1981,#1982,#1983,#1984,#1985,
    #1986,#1987,#1988,#1989,#1990,#1991,#1992,#1993,#1994,#1995,#1996,
    #1997,#1998,#1999,#2000,#2001,#2002,#2003,#2004,#2005,#2006,#2007,
    #2008,#2009,#2010,#2011,#2012,#2013,#2014,#2015,#2016,#2017,#2018,
    #2019,#2020,#2021,#2022,#2023,#2024,#2025,#2026,#2027,#2028,#2029,
    #2030,#2031,#2032,#2033,#2034,#2035,#2036,#2037,#2038,#2039,#2040,
    #2041,#2042,#2043,#2044),.UNSPECIFIED.,.F.,.F.,(9,7,7,7,7,7,7,7,7,7,
    7,7,7,7,7,7,7,7,7,7,7,7,7,9),(0.,0.102473504592,0.120367074233,
    0.219329096823,0.316692921025,0.428091227127,0.442592093413,
    0.456240764279,0.473189372462,0.502122616332,0.545783995336,
    0.572531576925,0.607219959887,0.641392602378,0.658867612321,
    0.69196676933,0.721349738324,0.734606212442,0.756833502964,
    0.784489812886,0.807859144693,0.884529353308,0.966822083794,1.),
  .UNSPECIFIED.);
#1882 = CARTESIAN_POINT('',(32.227986812885,69.431766897942,
    -7.51954862739));
#1883 = CARTESIAN_POINT('',(32.159013872128,68.056984246881,
    -8.169216442412));
#1884 = CARTESIAN_POINT('',(32.083914609891,66.67678798207,
    -8.806720739711));
#1885 = CARTESIAN_POINT('',(32.004592933368,65.291872506664,
    -9.433459237999));
#1886 = CARTESIAN_POINT('',(31.922765405081,63.902899243101,
    -10.05083605141));
#1887 = CARTESIAN_POINT('',(31.839973384591,62.510502454932,
    -10.660276176));
#1888 = CARTESIAN_POINT('',(31.757593146255,61.115290538982,
    -11.2632295777));
#1889 = CARTESIAN_POINT('',(31.676843973017,59.717842787815,
    -11.86116488163));
#1890 = CARTESIAN_POINT('',(31.58516545726,58.074388428247,
    -12.55934262135));
#1891 = CARTESIAN_POINT('',(31.571619049464,57.830024384882,
    -12.66302408983));
#1892 = CARTESIAN_POINT('',(31.558160701784,57.585612571261,
    -12.76660483163));
#1893 = CARTESIAN_POINT('',(31.544795978042,57.341156063475,
    -12.87009259655));
#1894 = CARTESIAN_POINT('',(31.531530306949,57.096657934863,
    -12.97349512088));
#1895 = CARTESIAN_POINT('',(31.518368982099,56.852121256018,
    -13.07682012742));
#1896 = CARTESIAN_POINT('',(31.505317161973,56.60754909478,
    -13.18007532544));
#1897 = CARTESIAN_POINT('',(31.42082900804,55.010136533134,
    -13.85398719963));
#1898 = CARTESIAN_POINT('',(31.352781715073,53.656345304968,
    -14.42280245529));
#1899 = CARTESIAN_POINT('',(31.28908764828,52.302076862294,
    -14.99102040855));
#1900 = CARTESIAN_POINT('',(31.230473013582,50.947849175609,
    -15.55992285855));
#1901 = CARTESIAN_POINT('',(31.177547042216,49.594186539655,
    -16.13075454559));
#1902 = CARTESIAN_POINT('',(31.130807330165,48.24161160896,
    -16.70470488037));
#1903 = CARTESIAN_POINT('',(31.090644040399,46.890635084624,
    -17.28288402952));
#1904 = CARTESIAN_POINT('',(31.02457971223,44.214635111274,
    -18.44028086667));
#1905 = CARTESIAN_POINT('',(30.998458518395,42.889541261911,
    -19.01933237307));
#1906 = CARTESIAN_POINT('',(30.979252331728,41.56694324252,
    -19.60439368089));
#1907 = CARTESIAN_POINT('',(30.967134217952,40.247295678495,
    -20.19630873486));
#1908 = CARTESIAN_POINT('',(30.962181116516,38.931014037162,
    -20.79579316647));
#1909 = CARTESIAN_POINT('',(30.964372756652,37.61845922064,
    -21.40340037412));
#1910 = CARTESIAN_POINT('',(30.973585736173,36.309918796768,
    -22.01948013733));
#1911 = CARTESIAN_POINT('',(31.007885670492,33.513238098842,
    -23.35881938032));
#1912 = CARTESIAN_POINT('',(31.035069681598,32.026332547001,-24.08475791
    ));
#1913 = CARTESIAN_POINT('',(31.070780738934,30.545195689837,
    -24.82207674297));
#1914 = CARTESIAN_POINT('',(31.114462407177,29.069886504688,
    -25.57050712423));
#1915 = CARTESIAN_POINT('',(31.165351637911,27.600166786074,
    -26.3293240165));
#1916 = CARTESIAN_POINT('',(31.222403714789,26.135400977964,
    -27.0971547655));
#1917 = CARTESIAN_POINT('',(31.284274562511,24.674538491915,
    -27.87194508722));
#1918 = CARTESIAN_POINT('',(31.357409989197,23.025850071032,
    -28.75157081584));
#1919 = CARTESIAN_POINT('',(31.365881751979,22.835991131976,
    -28.85294465855));
#1920 = CARTESIAN_POINT('',(31.37439732574,22.646162429393,
    -28.95437098816));
#1921 = CARTESIAN_POINT('',(31.382952169906,22.45635956467,
    -29.05584188434));
#1922 = CARTESIAN_POINT('',(31.391541528348,22.266577867956,
    -29.15734896144));
#1923 = CARTESIAN_POINT('',(31.400160429383,22.076812398162,
    -29.25888336853));
#1924 = CARTESIAN_POINT('',(31.408803685773,21.887057942957,
    -29.36043578932));
#1925 = CARTESIAN_POINT('',(31.425619040036,21.518711373411,
    -29.55758852387));
#1926 = CARTESIAN_POINT('',(31.433788920619,21.340118572925,
    -29.65318777784));
#1927 = CARTESIAN_POINT('',(31.441971040659,21.161526052505,
    -29.74878606982));
#1928 = CARTESIAN_POINT('',(31.450160665913,20.982928965126,
    -29.84437474877));
#1929 = CARTESIAN_POINT('',(31.458352823714,20.804322181543,
    -29.93994464701));
#1930 = CARTESIAN_POINT('',(31.46654230297,20.625700290298,
    -30.03548608013));
#1931 = CARTESIAN_POINT('',(31.474723654162,20.447057597712,
    -30.13098884706));
#1932 = CARTESIAN_POINT('',(31.493033492369,20.046520509076,
    -30.34497416073));
#1933 = CARTESIAN_POINT('',(31.503154286839,19.824611411571,
    -30.46342947502));
#1934 = CARTESIAN_POINT('',(31.513242802434,19.602649497274,
    -30.58178793495));
#1935 = CARTESIAN_POINT('',(31.523287400957,19.380622476006,
    -30.70002739216));
#1936 = CARTESIAN_POINT('',(31.533275576342,19.158517105518,
    -30.8181237879));
#1937 = CARTESIAN_POINT('',(31.543193954648,18.936319191486,
    -30.93605115301));
#1938 = CARTESIAN_POINT('',(31.553028294066,18.714013587514,
    -31.05378160793));
#1939 = CARTESIAN_POINT('',(31.579382457427,18.11187118707,
    -31.37187758763));
#1940 = CARTESIAN_POINT('',(31.595711991377,17.731799542326,
    -31.57180719415));
#1941 = CARTESIAN_POINT('',(31.61167559275,17.35128449707,
    -31.77092383122));
#1942 = CARTESIAN_POINT('',(31.62718766602,16.970234667886,
    -31.96905633582));
#1943 = CARTESIAN_POINT('',(31.642150941816,16.588548701484,
    -32.16600646085));
#1944 = CARTESIAN_POINT('',(31.656453904588,16.206111924412,
    -32.36154260303));
#1945 = CARTESIAN_POINT('',(31.669968220279,15.822792992774,
    -32.55539353088));
#1946 = CARTESIAN_POINT('',(31.701526784129,14.858437866471,
    -33.03674895066));
#1947 = CARTESIAN_POINT('',(31.718372345667,14.27616202212,
    -33.32165481945));
#1948 = CARTESIAN_POINT('',(31.732580526636,13.691005630892,
    -33.60091754731));
#1949 = CARTESIAN_POINT('',(31.743540917373,13.102368765192,
    -33.87318387923));
#1950 = CARTESIAN_POINT('',(31.750542955638,12.50965975003,
    -34.13679085273));
#1951 = CARTESIAN_POINT('',(31.752744821262,11.912247253734,
    -34.38966465785));
#1952 = CARTESIAN_POINT('',(31.74942745786,11.309672159894,
    -34.62979450068));
#1953 = CARTESIAN_POINT('',(31.734277167313,10.329222928409,
    -34.99345970712));
#1954 = CARTESIAN_POINT('',(31.72624153326,9.954753037162,
    -35.12611843915));
#1955 = CARTESIAN_POINT('',(31.715797585365,9.578243795874,
    -35.25284291181));
#1956 = CARTESIAN_POINT('',(31.702843410025,9.19969898782,
    -35.37321797691));
#1957 = CARTESIAN_POINT('',(31.687305373545,8.81915877725,
    -35.48685822283));
#1958 = CARTESIAN_POINT('',(31.669137575123,8.436699434585,
    -35.5934067778));
#1959 = CARTESIAN_POINT('',(31.648318697378,8.052431438842,
    -35.69252872131));
#1960 = CARTESIAN_POINT('',(31.594405447792,7.165984298007,
    -35.9023956958));
#1961 = CARTESIAN_POINT('',(31.55950142964,6.662660537999,
    -36.00785746748));
#1962 = CARTESIAN_POINT('',(31.520130359264,6.156822927041,
    -36.09958260862));
#1963 = CARTESIAN_POINT('',(31.476343842405,5.648839914837,
    -36.17690908881));
#1964 = CARTESIAN_POINT('',(31.428240319432,5.139147914765,
    -36.23919387631));
#1965 = CARTESIAN_POINT('',(31.37595979662,4.628250218901,-36.2858024456
    ));
#1966 = CARTESIAN_POINT('',(31.319681920519,4.11671706435,
    -36.31610857324));
#1967 = CARTESIAN_POINT('',(31.200465712856,3.101261975571,
    -36.34270099402));
#1968 = CARTESIAN_POINT('',(31.137639482807,2.597347318525,
    -36.33948589896));
#1969 = CARTESIAN_POINT('',(31.071358944004,2.094049163877,
    -36.31927752428));
#1970 = CARTESIAN_POINT('',(31.001872951731,1.592051523947,
    -36.28150879855));
#1971 = CARTESIAN_POINT('',(30.929469354831,1.092115297069,
    -36.22563556479));
#1972 = CARTESIAN_POINT('',(30.85447451258,0.595076942371,
    -36.15115056795));
#1973 = CARTESIAN_POINT('',(30.777251951431,0.101846671477,
    -36.05760305673));
#1974 = CARTESIAN_POINT('',(30.657775105315,-0.636369759224,
    -35.88684945231));
#1975 = CARTESIAN_POINT('',(30.616871784669,-0.884892630207,
    -35.82399357765));
#1976 = CARTESIAN_POINT('',(30.575543605348,-1.132030324998,
    -35.75600749115));
#1977 = CARTESIAN_POINT('',(30.533846340264,-1.377646187576,
    -35.68284778627));
#1978 = CARTESIAN_POINT('',(30.491837962735,-1.621599353524,
    -35.60447763954));
#1979 = CARTESIAN_POINT('',(30.449578479623,-1.863745066847,
    -35.52086791589));
#1980 = CARTESIAN_POINT('',(30.407129764477,-2.103934996777,
    -35.43199827399));
#1981 = CARTESIAN_POINT('',(30.283915900022,-2.792966196771,
    -35.15954909669));
#1982 = CARTESIAN_POINT('',(30.202818180667,-3.236395753782,
    -34.96231637441));
#1983 = CARTESIAN_POINT('',(30.121702434962,-3.671226591528,
    -34.7461024695));
#1984 = CARTESIAN_POINT('',(30.04102100761,-4.096396092566,
    -34.51097158563));
#1985 = CARTESIAN_POINT('',(29.961231587884,-4.510864711915,
    -34.25712201511));
#1986 = CARTESIAN_POINT('',(29.882789718598,-4.913627404758,
    -33.98490754924));
#1987 = CARTESIAN_POINT('',(29.806140611833,-5.303730426027,
    -33.69486804945));
#1988 = CARTESIAN_POINT('',(29.665636613766,-6.014578279885,
    -33.11514975294));
#1989 = CARTESIAN_POINT('',(29.601299001871,-6.33825411174,
    -32.82903609348));
#1990 = CARTESIAN_POINT('',(29.538997419911,-6.650697734693,
    -32.52995765414));
#1991 = CARTESIAN_POINT('',(29.47900295938,-6.951411128957,
    -32.21851736195));
#1992 = CARTESIAN_POINT('',(29.421557172352,-7.240016394391,
    -31.89538680778));
#1993 = CARTESIAN_POINT('',(29.36687142476,-7.516250627188,
    -31.56130143667));
#1994 = CARTESIAN_POINT('',(29.315126249674,-7.779960796559,
    -31.21705573811));
#1995 = CARTESIAN_POINT('',(29.244519196256,-8.144402425212,
    -30.70398687531));
#1996 = CARTESIAN_POINT('',(29.22319573611,-8.255151685585,
    -30.54257359403));
#1997 = CARTESIAN_POINT('',(29.202513660881,-8.363344002546,
    -30.37933283007));
#1998 = CARTESIAN_POINT('',(29.182484829821,-8.46898241389,
    -30.21433882766));
#1999 = CARTESIAN_POINT('',(29.163119695346,-8.57207495507,
    -30.04766555125));
#2000 = CARTESIAN_POINT('',(29.144427377695,-8.672634219079,
    -29.87938639898));
#2001 = CARTESIAN_POINT('',(29.126415739581,-8.770676916327,
    -29.70957391621));
#2002 = CARTESIAN_POINT('',(29.080043625948,-9.026427480215,
    -29.2511216629));
#2003 = CARTESIAN_POINT('',(29.052928204961,-9.179613856061,
    -28.95983341107));
#2004 = CARTESIAN_POINT('',(29.027776442004,-9.325879966611,
    -28.66476962099));
#2005 = CARTESIAN_POINT('',(29.004610093737,-9.465353143877,
    -28.36625258964));
#2006 = CARTESIAN_POINT('',(28.983442569602,-9.598183853718,
    -28.06458884166));
#2007 = CARTESIAN_POINT('',(28.964280072076,-9.724538902227,
    -27.76006592767));
#2008 = CARTESIAN_POINT('',(28.947122736906,-9.844594642113,
    -27.45294922253));
#2009 = CARTESIAN_POINT('',(28.91310670775,-10.10029458084,
    -26.75842003799));
#2010 = CARTESIAN_POINT('',(28.897345180512,-10.23257920462,
    -26.36973120684));
#2011 = CARTESIAN_POINT('',(28.884670961001,-10.35573501483,
    -25.97786570005));
#2012 = CARTESIAN_POINT('',(28.875063436928,-10.47011216738,
    -25.58323815692));
#2013 = CARTESIAN_POINT('',(28.868493227672,-10.57604740962,
    -25.18622076669));
#2014 = CARTESIAN_POINT('',(28.864923849572,-10.67385565046,
    -24.78714083317));
#2015 = CARTESIAN_POINT('',(28.864313433205,-10.76382570102,
    -24.38627952343));
#2016 = CARTESIAN_POINT('',(28.868562563884,-10.91584276558,
    -23.64384091058));
#2017 = CARTESIAN_POINT('',(28.872588806441,-10.98005401585,
    -23.30271679063));
#2018 = CARTESIAN_POINT('',(28.878667575953,-11.03901185182,
    -22.96064624195));
#2019 = CARTESIAN_POINT('',(28.886769095967,-11.09285838309,
    -22.61776432751));
#2020 = CARTESIAN_POINT('',(28.896861721023,-11.14172118426,
    -22.27419457308));
#2021 = CARTESIAN_POINT('',(28.908912199751,-11.18571456592,
    -21.93004916826));
#2022 = CARTESIAN_POINT('',(28.922885937972,-11.22494084555,
    -21.58542916753));
#2023 = CARTESIAN_POINT('',(28.990785235736,-11.37284552341,
    -20.10853241887));
#2024 = CARTESIAN_POINT('',(29.063123297856,-11.43583882072,
    -18.97287318328));
#2025 = CARTESIAN_POINT('',(29.154501058232,-11.45179266609,
    -17.83620409545));
#2026 = CARTESIAN_POINT('',(29.263530593698,-11.42257542501,
    -16.70105934697));
#2027 = CARTESIAN_POINT('',(29.388663306376,-11.34935736166,
    -15.56972799978));
#2028 = CARTESIAN_POINT('',(29.528195948338,-11.23284006333,
    -14.44424935365));
#2029 = CARTESIAN_POINT('',(29.680284422214,-11.0732560862,
    -13.32641549511));
#2030 = CARTESIAN_POINT('',(30.017511241297,-10.65273826041,
    -11.02782467422));
#2031 = CARTESIAN_POINT('',(30.204178177046,-10.38532487271,
    -9.848993296283));
#2032 = CARTESIAN_POINT('',(30.400434896479,-10.06806206517,
    -8.683272540393));
#2033 = CARTESIAN_POINT('',(30.603485047229,-9.700406812593,
    -7.533025741812));
#2034 = CARTESIAN_POINT('',(30.810173333328,-9.281612192221,
    -6.400904958597));
#2035 = CARTESIAN_POINT('',(31.016972321188,-8.810866691252,
    -5.289802182835));
#2036 = CARTESIAN_POINT('',(31.219991528956,-8.287341480319,
    -4.202836460182));
#2037 = CARTESIAN_POINT('',(31.493595938661,-7.477403706252,
    -2.716243845158));
#2038 = CARTESIAN_POINT('',(31.570897850228,-7.235979157288,
    -2.293614828575));
#2039 = CARTESIAN_POINT('',(31.646606701814,-6.985798217903,
    -1.875731910665));
#2040 = CARTESIAN_POINT('',(31.720429914246,-6.726818563744,
    -1.462849280865));
#2041 = CARTESIAN_POINT('',(31.792063976786,-6.459005553947,
    -1.055239225222));
#2042 = CARTESIAN_POINT('',(31.861195254785,-6.182332745223,
    -0.653191949489));
#2043 = CARTESIAN_POINT('',(31.927500797328,-5.896782405957,
    -0.257015402238));
#2044 = CARTESIAN_POINT('',(31.990649144875,-5.602346030289,
    0.132964902047));
#2045 = ORIENTED_EDGE('',*,*,#2046,.T.);
#2046 = EDGE_CURVE('',#1879,#1790,#2047,.T.);
#2047 = ( BOUNDED_CURVE() B_SPLINE_CURVE(10,(#2048,#2049,#2050,#2051,
    #2052,#2053,#2054,#2055,#2056,#2057,#2058,#2059,#2060,#2061,#2062,
    #2063,#2064,#2065,#2066,#2067,#2068,#2069,#2070,#2071,#2072,#2073,
    #2074,#2075,#2076,#2077,#2078,#2079,#2080,#2081,#2082,#2083,#2084,
    #2085,#2086,#2087,#2088,#2089,#2090,#2091,#2092,#2093,#2094,#2095,
    #2096,#2097,#2098,#2099,#2100,#2101,#2102,#2103,#2104,#2105,#2106,
    #2107,#2108,#2109,#2110,#2111,#2112,#2113,#2114,#2115,#2116,#2117,
    #2118,#2119,#2120,#2121,#2122,#2123,#2124,#2125,#2126,#2127,#2128,
    #2129,#2130,#2131,#2132,#2133,#2134,#2135,#2136,#2137,#2138,#2139,
    #2140,#2141,#2142,#2143,#2144,#2145,#2146),.UNSPECIFIED.,.F.,.F.) 
B_SPLINE_CURVE_WITH_KNOTS((11,8,8,8,8,8,8,8,8,8,8,8,11),(0.,
    0.128490846931,0.192736270397,0.256981693862,0.289104405595,
    0.321227117328,0.353349829061,0.385472540794,0.449717964259,
    0.513963387725,0.635472540794,0.756981693862,1.),.UNSPECIFIED.) 
CURVE() GEOMETRIC_REPRESENTATION_ITEM() RATIONAL_B_SPLINE_CURVE((
    1.110326051105,1.110326051105,1.110326051105,1.110326051105,
    1.110326051105,1.110326051105,1.110326051105,1.110326051105,
    1.110326051105,1.110326051105,1.110326051105,1.110326051105,
    1.110326051105,1.110326051105,1.110326051105,1.110326051105,
    1.110326051105,1.110326051105,1.110326051105,1.110326051105,
    1.110326051105,1.110326051105,1.110326051105,1.110326051105,
    1.110326051105,1.110326051105,1.110326051105,1.110326051105,
    1.110326051105,1.110326051105,1.110326051105,1.110326051105,
    1.110326051105,1.110326051105,1.110326051105,1.110326051105,
    1.110326051105,1.110326051105,1.110326051105,1.110326051105,
    1.110326051105,1.110326051105,1.110326051105,1.110326051105,
    1.110326051105,1.110326051105,1.110326051105,1.110326051105,
    1.110326051105,1.110326051105,1.110326051105,1.110326051105,
    1.110326051105,1.110326051105,1.110326051105,1.110326051105,
    1.110326051105,1.110326051105,1.110326051105,1.110326051105,
    1.110326051105,1.110326051105,1.110326051105,1.110326051105,
    1.110326051105,1.110326051105,1.110326051105,1.110326051105,
    1.110326051105,1.110326051105,1.110326051105,1.110326051105,
    1.110326051105,1.110326051105,1.110326051105,1.110326051105,
    1.110326051105,1.110326051105,1.110326051105,1.110326051105,
    1.110326051105,1.110326051105,1.110326051105,1.110326051105,
    1.110326051105,1.110326051105,1.110326051105,1.110326051105,
    1.110326051105,1.110326051105,1.110326051105,1.110326051105,
    1.110326051105,1.110326051105,1.110326051105,1.110326051105,
1.110326051105,1.110326051105,1.110326051105)) REPRESENTATION_ITEM('') 
  );
#2048 = CARTESIAN_POINT('',(32.227986812885,-4.196053620783,1.));
#2049 = CARTESIAN_POINT('',(32.227986812886,-3.838166432804,
    -1.405370742484));
#2050 = CARTESIAN_POINT('',(32.227986812885,-3.499020686807,
    -3.678217601819));
#2051 = CARTESIAN_POINT('',(32.227986812887,-3.176838464547,
    -5.822188401164));
#2052 = CARTESIAN_POINT('',(32.227986812882,-2.86985638697,
    -7.841025235048));
#2053 = CARTESIAN_POINT('',(32.22798681289,-2.5763285429,-9.738594527647
    ));
#2054 = CARTESIAN_POINT('',(32.227986812881,-2.294523720441,
    -11.51893021174));
#2055 = CARTESIAN_POINT('',(32.227986812888,-2.022731686826,
    -13.18629879388));
#2056 = CARTESIAN_POINT('',(32.227986812884,-1.759240338114,
    -14.74530313483));
#2057 = CARTESIAN_POINT('',(32.227986812886,-1.373877004681,
    -16.92893045361));
#2058 = CARTESIAN_POINT('',(32.227986812885,-0.999048405302,
    -18.89374089903));
#2059 = CARTESIAN_POINT('',(32.227986812886,-0.875038513886,
    -19.52511482048));
#2060 = CARTESIAN_POINT('',(32.227986812885,-0.751712654302,
    -20.1337316161));
#2061 = CARTESIAN_POINT('',(32.227986812886,-0.628804867283,
    -20.72046423568));
#2062 = CARTESIAN_POINT('',(32.227986812885,-0.506023929232,
    -21.28626868332));
#2063 = CARTESIAN_POINT('',(32.227986812886,-0.383040118557,
    -21.8322024138));
#2064 = CARTESIAN_POINT('',(32.227986812885,-0.259464577345,
    -22.35944938002));
#2065 = CARTESIAN_POINT('',(32.227986812886,-1.016276732253E-02,
    -23.37925467028));
#2066 = CARTESIAN_POINT('',(32.227986812885,0.246028255919,
    -24.33578878341));
#2067 = CARTESIAN_POINT('',(32.227986812887,0.376493031823,
    -24.79976438366));
#2068 = CARTESIAN_POINT('',(32.227986812882,0.510137125469,
    -25.25116031106));
#2069 = CARTESIAN_POINT('',(32.227986812889,0.648003499472,
    -25.69189111385));
#2070 = CARTESIAN_POINT('',(32.227986812883,0.79146453973,
    -26.12411312025));
#2071 = CARTESIAN_POINT('',(32.227986812886,0.942387100821,
    -26.55016536066));
#2072 = CARTESIAN_POINT('',(32.227986812885,1.103322523278,
    -26.97255903068));
#2073 = CARTESIAN_POINT('',(32.227986812885,1.365211490387,
    -27.6040410558));
#2074 = CARTESIAN_POINT('',(32.227986812885,1.668130858805,
    -28.23482550785));
#2075 = CARTESIAN_POINT('',(32.227986812885,1.774235239656,
    -28.4451464416));
#2076 = CARTESIAN_POINT('',(32.227986812887,1.886101558252,
    -28.6555917699));
#2077 = CARTESIAN_POINT('',(32.227986812882,2.004414213972,
    -28.8661260106));
#2078 = CARTESIAN_POINT('',(32.227986812889,2.129897214996,
    -29.0765805725));
#2079 = CARTESIAN_POINT('',(32.227986812883,2.263287707114,
    -29.28661280805));
#2080 = CARTESIAN_POINT('',(32.227986812886,2.405285493215,
    -29.49566801866));
#2081 = CARTESIAN_POINT('',(32.227986812885,2.707668886931,
    -29.91025943644));
#2082 = CARTESIAN_POINT('',(32.227986812886,3.048428829477,
    -30.31387917144));
#2083 = CARTESIAN_POINT('',(32.227986812884,3.228803240462,
    -30.51196276826));
#2084 = CARTESIAN_POINT('',(32.227986812888,3.419385480089,
    -30.7051348383));
#2085 = CARTESIAN_POINT('',(32.227986812881,3.620130739921,
    -30.89203723614));
#2086 = CARTESIAN_POINT('',(32.22798681289,3.830661328028,
    -31.07119686501));
#2087 = CARTESIAN_POINT('',(32.227986812882,4.050225597821,
    -31.24115166308));
#2088 = CARTESIAN_POINT('',(32.227986812886,4.277732761919,
    -31.40059878546));
#2089 = CARTESIAN_POINT('',(32.227986812885,4.746001505474,
    -31.69640013018));
#2090 = CARTESIAN_POINT('',(32.227986812886,5.235074751876,
    -31.94308342261));
#2091 = CARTESIAN_POINT('',(32.227986812884,5.483386445728,
    -32.0534126153));
#2092 = CARTESIAN_POINT('',(32.227986812888,5.733938194449,
    -32.15030230367));
#2093 = CARTESIAN_POINT('',(32.227986812882,5.985201359089,
    -32.23367615293));
#2094 = CARTESIAN_POINT('',(32.227986812888,6.235790449496,
    -32.30379217911));
#2095 = CARTESIAN_POINT('',(32.227986812884,6.484548943051,
    -32.36116096816));
#2096 = CARTESIAN_POINT('',(32.227986812886,6.730573347127,
    -32.40644709049));
#2097 = CARTESIAN_POINT('',(32.227986812885,7.215822422414,
    -32.47435046663));
#2098 = CARTESIAN_POINT('',(32.227986812886,7.68564966213,
    -32.50001602584));
#2099 = CARTESIAN_POINT('',(32.227986812884,7.916252180445,
    -32.50306438272));
#2100 = CARTESIAN_POINT('',(32.227986812888,8.142297720724,
    -32.49713068535));
#2101 = CARTESIAN_POINT('',(32.227986812882,8.363721385062,
    -32.48298936787));
#2102 = CARTESIAN_POINT('',(32.227986812888,8.580593384189,
    -32.46135333626));
#2103 = CARTESIAN_POINT('',(32.227986812884,8.793077345676,
    -32.43286177487));
#2104 = CARTESIAN_POINT('',(32.227986812886,9.001398596024,
    -32.39808034075));
#2105 = CARTESIAN_POINT('',(32.227986812885,9.614664643872,
    -32.2763537501));
#2106 = CARTESIAN_POINT('',(32.227986812886,10.195399946775,
    -32.10637686717));
#2107 = CARTESIAN_POINT('',(32.227986812883,10.57037628598,
    -31.97507795271));
#2108 = CARTESIAN_POINT('',(32.227986812889,10.935790327384,
    -31.82825440055));
#2109 = CARTESIAN_POINT('',(32.227986812881,11.294055041906,
    -31.6675720717));
#2110 = CARTESIAN_POINT('',(32.227986812889,11.647279590316,
    -31.49425367925));
#2111 = CARTESIAN_POINT('',(32.227986812884,11.997296627994,
    -31.30920999131));
#2112 = CARTESIAN_POINT('',(32.227986812886,12.345686143422,
    -31.11316325859));
#2113 = CARTESIAN_POINT('',(32.227986812884,13.041954306701,
    -30.70024602707));
#2114 = CARTESIAN_POINT('',(32.227986812886,13.741989421917,
    -30.2477033995));
#2115 = CARTESIAN_POINT('',(32.227986812881,14.094145984829,
    -30.01203116438));
#2116 = CARTESIAN_POINT('',(32.227986812894,14.449464060738,
    -29.76737755088));
#2117 = CARTESIAN_POINT('',(32.227986812875,14.808827506744,
    -29.51411799055));
#2118 = CARTESIAN_POINT('',(32.227986812894,15.173011406496,
    -29.25260455699));
#2119 = CARTESIAN_POINT('',(32.227986812881,15.54270529251,
    -28.98317617112));
#2120 = CARTESIAN_POINT('',(32.227986812886,15.918530289116,
    -28.70616475441));
#2121 = CARTESIAN_POINT('',(32.227986812885,17.024525206624,
    -27.88426174328));
#2122 = CARTESIAN_POINT('',(32.227986812886,18.190850512654,
    -27.00446986345));
#2123 = CARTESIAN_POINT('',(32.227986812884,18.983123299075,
    -26.40641864337));
#2124 = CARTESIAN_POINT('',(32.227986812887,19.8076722811,
    -25.78804014376));
#2125 = CARTESIAN_POINT('',(32.227986812883,20.667106810692,
    -25.15159950487));
#2126 = CARTESIAN_POINT('',(32.227986812888,21.56382040091,
    -24.49940340313));
#2127 = CARTESIAN_POINT('',(32.227986812883,22.500060191869,
    -23.83379524946));
#2128 = CARTESIAN_POINT('',(32.227986812886,23.477975108915,
    -23.15715538914));
#2129 = CARTESIAN_POINT('',(32.227986812885,25.521313478889,
    -21.78663564669));
#2130 = CARTESIAN_POINT('',(32.227986812885,27.747791804854,
    -20.39140910751));
#2131 = CARTESIAN_POINT('',(32.227986812886,28.908846630435,
    -19.69006238878));
#2132 = CARTESIAN_POINT('',(32.227986812884,30.119699245753,
    -18.9874567106));
#2133 = CARTESIAN_POINT('',(32.227986812887,31.3823033432,
    -18.28609636497));
#2134 = CARTESIAN_POINT('',(32.227986812884,32.698595207144,
    -17.58851523242));
#2135 = CARTESIAN_POINT('',(32.227986812886,34.070499137289,
    -16.89727717043));
#2136 = CARTESIAN_POINT('',(32.227986812885,35.499929659735,
    -16.2149764592));
#2137 = CARTESIAN_POINT('',(32.227986812886,39.96651615847,
    -14.20276059079));
#2138 = CARTESIAN_POINT('',(32.227986812885,44.985035012835,
    -12.31849335984));
#2139 = CARTESIAN_POINT('',(32.227986812886,48.591171097155,
    -11.14041676788));
#2140 = CARTESIAN_POINT('',(32.227986812885,52.4727439711,
    -10.06215214542));
#2141 = CARTESIAN_POINT('',(32.227986812886,56.64452446812,
    -9.105863394974));
#2142 = CARTESIAN_POINT('',(32.227986812885,61.120949628054,
    -8.294099086883));
#2143 = CARTESIAN_POINT('',(32.227986812885,65.916050958947,
    -7.649655469074));
#2144 = CARTESIAN_POINT('',(32.227986812885,71.043461396315,
    -7.195433584025));
#2145 = CARTESIAN_POINT('',(32.227986812885,76.516467198088,
    -6.954350063798));
#2146 = CARTESIAN_POINT('',(32.227986812885,82.348068390036,
    -6.94927275725));
#2147 = ( BOUNDED_SURFACE() B_SPLINE_SURFACE(6,10,(
    (#2148,#2149,#2150,#2151,#2152,#2153,#2154,#2155,#2156,#2157,#2158
      ,#2159,#2160,#2161,#2162,#2163,#2164,#2165,#2166,#2167,#2168,#2169
      ,#2170,#2171,#2172,#2173,#2174,#2175,#2176,#2177,#2178,#2179,#2180
      ,#2181,#2182,#2183,#2184,#2185,#2186,#2187,#2188,#2189,#2190,#2191
      ,#2192,#2193,#2194,#2195,#2196,#2197,#2198,#2199,#2200,#2201,#2202
      ,#2203,#2204,#2205,#2206,#2207,#2208,#2209,#2210,#2211,#2212,#2213
      ,#2214,#2215,#2216,#2217,#2218,#2219,#2220,#2221,#2222,#2223,#2224
      ,#2225,#2226,#2227,#2228,#2229,#2230,#2231,#2232,#2233,#2234,#2235
      ,#2236,#2237,#2238,#2239,#2240,#2241,#2242,#2243,#2244,#2245,#2246
      )
    ,(#2247,#2248,#2249,#2250,#2251,#2252,#2253,#2254,#2255,#2256,#2257
      ,#2258,#2259,#2260,#2261,#2262,#2263,#2264,#2265,#2266,#2267,#2268
      ,#2269,#2270,#2271,#2272,#2273,#2274,#2275,#2276,#2277,#2278,#2279
      ,#2280,#2281,#2282,#2283,#2284,#2285,#2286,#2287,#2288,#2289,#2290
      ,#2291,#2292,#2293,#2294,#2295,#2296,#2297,#2298,#2299,#2300,#2301
      ,#2302,#2303,#2304,#2305,#2306,#2307,#2308,#2309,#2310,#2311,#2312
      ,#2313,#2314,#2315,#2316,#2317,#2318,#2319,#2320,#2321,#2322,#2323
      ,#2324,#2325,#2326,#2327,#2328,#2329,#2330,#2331,#2332,#2333,#2334
      ,#2335,#2336,#2337,#2338,#2339,#2340,#2341,#2342,#2343,#2344,#2345
      )
    ,(#2346,#2347,#2348,#2349,#2350,#2351,#2352,#2353,#2354,#2355,#2356
      ,#2357,#2358,#2359,#2360,#2361,#2362,#2363,#2364,#2365,#2366,#2367
      ,#2368,#2369,#2370,#2371,#2372,#2373,#2374,#2375,#2376,#2377,#2378
      ,#2379,#2380,#2381,#2382,#2383,#2384,#2385,#2386,#2387,#2388,#2389
      ,#2390,#2391,#2392,#2393,#2394,#2395,#2396,#2397,#2398,#2399,#2400
      ,#2401,#2402,#2403,#2404,#2405,#2406,#2407,#2408,#2409,#2410,#2411
      ,#2412,#2413,#2414,#2415,#2416,#2417,#2418,#2419,#2420,#2421,#2422
      ,#2423,#2424,#2425,#2426,#2427,#2428,#2429,#2430,#2431,#2432,#2433
      ,#2434,#2435,#2436,#2437,#2438,#2439,#2440,#2441,#2442,#2443,#2444
      )
    ,(#2445,#2446,#2447,#2448,#2449,#2450,#2451,#2452,#2453,#2454,#2455
      ,#2456,#2457,#2458,#2459,#2460,#2461,#2462,#2463,#2464,#2465,#2466
      ,#2467,#2468,#2469,#2470,#2471,#2472,#2473,#2474,#2475,#2476,#2477
      ,#2478,#2479,#2480,#2481,#2482,#2483,#2484,#2485,#2486,#2487,#2488
      ,#2489,#2490,#2491,#2492,#2493,#2494,#2495,#2496,#2497,#2498,#2499
      ,#2500,#2501,#2502,#2503,#2504,#2505,#2506,#2507,#2508,#2509,#2510
      ,#2511,#2512,#2513,#2514,#2515,#2516,#2517,#2518,#2519,#2520,#2521
      ,#2522,#2523,#2524,#2525,#2526,#2527,#2528,#2529,#2530,#2531,#2532
      ,#2533,#2534,#2535,#2536,#2537,#2538,#2539,#2540,#2541,#2542,#2543
      )
    ,(#2544,#2545,#2546,#2547,#2548,#2549,#2550,#2551,#2552,#2553,#2554
      ,#2555,#2556,#2557,#2558,#2559,#2560,#2561,#2562,#2563,#2564,#2565
      ,#2566,#2567,#2568,#2569,#2570,#2571,#2572,#2573,#2574,#2575,#2576
      ,#2577,#2578,#2579,#2580,#2581,#2582,#2583,#2584,#2585,#2586,#2587
      ,#2588,#2589,#2590,#2591,#2592,#2593,#2594,#2595,#2596,#2597,#2598
      ,#2599,#2600,#2601,#2602,#2603,#2604,#2605,#2606,#2607,#2608,#2609
      ,#2610,#2611,#2612,#2613,#2614,#2615,#2616,#2617,#2618,#2619,#2620
      ,#2621,#2622,#2623,#2624,#2625,#2626,#2627,#2628,#2629,#2630,#2631
      ,#2632,#2633,#2634,#2635,#2636,#2637,#2638,#2639,#2640,#2641,#2642
      )
    ,(#2643,#2644,#2645,#2646,#2647,#2648,#2649,#2650,#2651,#2652,#2653
      ,#2654,#2655,#2656,#2657,#2658,#2659,#2660,#2661,#2662,#2663,#2664
      ,#2665,#2666,#2667,#2668,#2669,#2670,#2671,#2672,#2673,#2674,#2675
      ,#2676,#2677,#2678,#2679,#2680,#2681,#2682,#2683,#2684,#2685,#2686
      ,#2687,#2688,#2689,#2690,#2691,#2692,#2693,#2694,#2695,#2696,#2697
      ,#2698,#2699,#2700,#2701,#2702,#2703,#2704,#2705,#2706,#2707,#2708
      ,#2709,#2710,#2711,#2712,#2713,#2714,#2715,#2716,#2717,#2718,#2719
      ,#2720,#2721,#2722,#2723,#2724,#2725,#2726,#2727,#2728,#2729,#2730
      ,#2731,#2732,#2733,#2734,#2735,#2736,#2737,#2738,#2739,#2740,#2741
      )
    ,(#2742,#2743,#2744,#2745,#2746,#2747,#2748,#2749,#2750,#2751,#2752
      ,#2753,#2754,#2755,#2756,#2757,#2758,#2759,#2760,#2761,#2762,#2763
      ,#2764,#2765,#2766,#2767,#2768,#2769,#2770,#2771,#2772,#2773,#2774
      ,#2775,#2776,#2777,#2778,#2779,#2780,#2781,#2782,#2783,#2784,#2785
      ,#2786,#2787,#2788,#2789,#2790,#2791,#2792,#2793,#2794,#2795,#2796
      ,#2797,#2798,#2799,#2800,#2801,#2802,#2803,#2804,#2805,#2806,#2807
      ,#2808,#2809,#2810,#2811,#2812,#2813,#2814,#2815,#2816,#2817,#2818
      ,#2819,#2820,#2821,#2822,#2823,#2824,#2825,#2826,#2827,#2828,#2829
      ,#2830,#2831,#2832,#2833,#2834,#2835,#2836,#2837,#2838,#2839,#2840
)),.UNSPECIFIED.,.F.,.F.,.F.) B_SPLINE_SURFACE_WITH_KNOTS((7,7),(11,8,8,
    8,8,8,8,8,8,8,8,8,11),(0.129470751837,3.012121901753),(0.,
    0.128490846931,0.192736270397,0.256981693862,0.289104405595,
    0.321227117328,0.353349829061,0.385472540794,0.449717964259,
    0.513963387725,0.635472540794,0.756981693862,1.),.UNSPECIFIED.) 
GEOMETRIC_REPRESENTATION_ITEM() RATIONAL_B_SPLINE_SURFACE((
    (1.110326051105,1.110326051105,1.110326051105,1.110326051105
      ,1.110326051105,1.110326051105,1.110326051105,1.110326051105
      ,1.110326051105,1.110326051105,1.110326051105,1.110326051105
      ,1.110326051105,1.110326051105,1.110326051105,1.110326051105
      ,1.110326051105,1.110326051105,1.110326051105,1.110326051105
      ,1.110326051105,1.110326051105,1.110326051105,1.110326051105
      ,1.110326051105,1.110326051105,1.110326051105,1.110326051105
      ,1.110326051105,1.110326051105,1.110326051105,1.110326051105
      ,1.110326051105,1.110326051105,1.110326051105,1.110326051105
      ,1.110326051105,1.110326051105,1.110326051105,1.110326051105
      ,1.110326051105,1.110326051105,1.110326051105,1.110326051105
      ,1.110326051105,1.110326051105,1.110326051105,1.110326051105
      ,1.110326051105,1.110326051105,1.110326051105,1.110326051105
      ,1.110326051105,1.110326051105,1.110326051105,1.110326051105
      ,1.110326051105,1.110326051105,1.110326051105,1.110326051105
      ,1.110326051105,1.110326051105,1.110326051105,1.110326051105
      ,1.110326051105,1.110326051105,1.110326051105,1.110326051105
      ,1.110326051105,1.110326051105,1.110326051105,1.110326051105
      ,1.110326051105,1.110326051105,1.110326051105,1.110326051105
      ,1.110326051105,1.110326051105,1.110326051105,1.110326051105
      ,1.110326051105,1.110326051105,1.110326051105,1.110326051105
      ,1.110326051105,1.110326051105,1.110326051105,1.110326051105
      ,1.110326051105,1.110326051105,1.110326051105,1.110326051105
      ,1.110326051105,1.110326051105,1.110326051105,1.110326051105
      ,1.110326051105,1.110326051105,1.110326051105)
    ,(1.031342946072,1.031342946072,1.031342946072,1.031342946072
      ,1.031342946072,1.031342946072,1.031342946072,1.031342946072
      ,1.031342946072,1.031342946072,1.031342946072,1.031342946072
      ,1.031342946072,1.031342946072,1.031342946072,1.031342946072
      ,1.031342946072,1.031342946072,1.031342946072,1.031342946072
      ,1.031342946072,1.031342946072,1.031342946072,1.031342946072
      ,1.031342946072,1.031342946072,1.031342946072,1.031342946072
      ,1.031342946072,1.031342946072,1.031342946072,1.031342946072
      ,1.031342946072,1.031342946072,1.031342946072,1.031342946072
      ,1.031342946073,1.031342946072,1.031342946073,1.031342946072
      ,1.031342946072,1.031342946072,1.031342946072,1.031342946072
      ,1.031342946072,1.031342946072,1.031342946072,1.031342946072
      ,1.031342946072,1.031342946072,1.031342946072,1.031342946072
      ,1.031342946072,1.031342946072,1.031342946072,1.031342946072
      ,1.031342946072,1.031342946072,1.031342946072,1.031342946072
      ,1.031342946072,1.031342946072,1.031342946072,1.031342946072
      ,1.031342946072,1.031342946072,1.031342946072,1.031342946072
      ,1.031342946072,1.031342946072,1.031342946072,1.031342946072
      ,1.031342946072,1.031342946072,1.031342946072,1.031342946072
      ,1.031342946072,1.031342946072,1.031342946072,1.031342946072
      ,1.031342946072,1.031342946072,1.031342946072,1.031342946072
      ,1.031342946072,1.031342946072,1.031342946072,1.031342946072
      ,1.031342946072,1.031342946072,1.031342946072,1.031342946072
      ,1.031342946072,1.031342946072,1.031342946072,1.031342946072
      ,1.031342946072,1.031342946072,1.031342946072)
    ,(0.993329366875,0.993329366875,0.993329366875,0.993329366875
      ,0.993329366875,0.993329366876,0.993329366875,0.993329366875
      ,0.993329366875,0.993329366875,0.993329366875,0.993329366875
      ,0.993329366875,0.993329366875,0.993329366875,0.993329366875
      ,0.993329366875,0.993329366875,0.993329366875,0.993329366875
      ,0.993329366875,0.993329366875,0.993329366875,0.993329366875
      ,0.993329366875,0.993329366875,0.993329366875,0.993329366875
      ,0.993329366876,0.993329366875,0.993329366875,0.993329366875
      ,0.993329366875,0.993329366875,0.993329366875,0.993329366875
      ,0.993329366876,0.993329366875,0.993329366875,0.993329366875
      ,0.993329366875,0.993329366875,0.993329366875,0.993329366875
      ,0.993329366875,0.993329366875,0.993329366875,0.993329366875
      ,0.993329366875,0.993329366875,0.993329366875,0.993329366875
      ,0.993329366875,0.993329366875,0.993329366875,0.993329366875
      ,0.993329366875,0.993329366875,0.993329366875,0.993329366875
      ,0.993329366875,0.993329366875,0.993329366875,0.993329366875
      ,0.993329366875,0.993329366875,0.993329366875,0.993329366875
      ,0.993329366875,0.993329366875,0.993329366875,0.993329366875
      ,0.993329366875,0.993329366875,0.993329366875,0.993329366875
      ,0.993329366875,0.993329366875,0.993329366875,0.993329366875
      ,0.993329366875,0.993329366875,0.993329366875,0.993329366875
      ,0.993329366875,0.993329366875,0.993329366875,0.993329366875
      ,0.993329366875,0.993329366875,0.993329366875,0.993329366875
      ,0.993329366875,0.993329366875,0.993329366875,0.993329366875
      ,0.993329366875,0.993329366875,0.993329366875)
    ,(0.980167576933,0.980167576933,0.980167576933,0.980167576934
      ,0.980167576933,0.980167576934,0.980167576933,0.980167576934
      ,0.980167576933,0.980167576933,0.980167576933,0.980167576933
      ,0.980167576933,0.980167576933,0.980167576934,0.980167576933
      ,0.980167576933,0.980167576933,0.980167576933,0.980167576933
      ,0.980167576934,0.980167576933,0.980167576934,0.980167576933
      ,0.980167576933,0.980167576933,0.980167576933,0.980167576933
      ,0.980167576934,0.980167576933,0.980167576934,0.980167576933
      ,0.980167576933,0.980167576933,0.980167576933,0.980167576933
      ,0.980167576934,0.980167576933,0.980167576934,0.980167576933
      ,0.980167576933,0.980167576933,0.980167576933,0.980167576933
      ,0.980167576934,0.980167576933,0.980167576934,0.980167576933
      ,0.980167576933,0.980167576933,0.980167576933,0.980167576933
      ,0.980167576933,0.980167576934,0.980167576933,0.980167576933
      ,0.980167576933,0.980167576933,0.980167576933,0.980167576933
      ,0.980167576934,0.980167576933,0.980167576933,0.980167576933
      ,0.980167576933,0.980167576933,0.980167576933,0.980167576933
      ,0.980167576933,0.980167576933,0.980167576933,0.980167576933
      ,0.980167576933,0.980167576933,0.980167576933,0.980167576933
      ,0.980167576933,0.980167576933,0.980167576933,0.980167576933
      ,0.980167576933,0.980167576933,0.980167576933,0.980167576933
      ,0.980167576933,0.980167576934,0.980167576933,0.980167576933
      ,0.980167576933,0.980167576933,0.980167576933,0.980167576934
      ,0.980167576933,0.980167576934,0.980167576933,0.980167576934
      ,0.980167576933,0.980167576933,0.980167576933)
    ,(0.993329366875,0.993329366875,0.993329366875,0.993329366875
      ,0.993329366875,0.993329366875,0.993329366875,0.993329366875
      ,0.993329366875,0.993329366875,0.993329366875,0.993329366875
      ,0.993329366875,0.993329366875,0.993329366875,0.993329366875
      ,0.993329366875,0.993329366875,0.993329366875,0.993329366875
      ,0.993329366875,0.993329366875,0.993329366875,0.993329366875
      ,0.993329366875,0.993329366875,0.993329366875,0.993329366875
      ,0.993329366876,0.993329366875,0.993329366876,0.993329366875
      ,0.993329366875,0.993329366875,0.993329366875,0.993329366875
      ,0.993329366876,0.993329366875,0.993329366875,0.993329366875
      ,0.993329366875,0.993329366875,0.993329366875,0.993329366875
      ,0.993329366875,0.993329366875,0.993329366875,0.993329366875
      ,0.993329366875,0.993329366875,0.993329366875,0.993329366875
      ,0.993329366875,0.993329366875,0.993329366875,0.993329366875
      ,0.993329366875,0.993329366875,0.993329366875,0.993329366875
      ,0.993329366875,0.993329366875,0.993329366875,0.993329366875
      ,0.993329366875,0.993329366875,0.993329366875,0.993329366875
      ,0.993329366875,0.993329366875,0.993329366875,0.993329366875
      ,0.993329366875,0.993329366875,0.993329366875,0.993329366875
      ,0.993329366875,0.993329366875,0.993329366875,0.993329366875
      ,0.993329366875,0.993329366875,0.993329366875,0.993329366875
      ,0.993329366875,0.993329366875,0.993329366875,0.993329366875
      ,0.993329366875,0.993329366875,0.993329366875,0.993329366875
      ,0.993329366875,0.993329366875,0.993329366875,0.993329366875
      ,0.993329366875,0.993329366875,0.993329366875)
    ,(1.031342946072,1.031342946072,1.031342946072,1.031342946072
      ,1.031342946072,1.031342946072,1.031342946072,1.031342946072
      ,1.031342946072,1.031342946072,1.031342946072,1.031342946072
      ,1.031342946072,1.031342946072,1.031342946072,1.031342946072
      ,1.031342946072,1.031342946072,1.031342946072,1.031342946072
      ,1.031342946072,1.031342946072,1.031342946072,1.031342946072
      ,1.031342946072,1.031342946072,1.031342946072,1.031342946072
      ,1.031342946072,1.031342946072,1.031342946072,1.031342946072
      ,1.031342946072,1.031342946072,1.031342946072,1.031342946072
      ,1.031342946073,1.031342946072,1.031342946073,1.031342946072
      ,1.031342946072,1.031342946072,1.031342946072,1.031342946072
      ,1.031342946072,1.031342946072,1.031342946072,1.031342946072
      ,1.031342946072,1.031342946072,1.031342946072,1.031342946072
      ,1.031342946072,1.031342946072,1.031342946072,1.031342946072
      ,1.031342946072,1.031342946072,1.031342946072,1.031342946072
      ,1.031342946072,1.031342946072,1.031342946072,1.031342946072
      ,1.031342946072,1.031342946072,1.031342946072,1.031342946072
      ,1.031342946072,1.031342946072,1.031342946072,1.031342946072
      ,1.031342946072,1.031342946072,1.031342946072,1.031342946072
      ,1.031342946072,1.031342946072,1.031342946072,1.031342946072
      ,1.031342946072,1.031342946072,1.031342946072,1.031342946072
      ,1.031342946072,1.031342946072,1.031342946072,1.031342946072
      ,1.031342946072,1.031342946072,1.031342946072,1.031342946072
      ,1.031342946072,1.031342946072,1.031342946072,1.031342946072
      ,1.031342946072,1.031342946072,1.031342946072)
    ,(1.110326051105,1.110326051105,1.110326051105,1.110326051105
      ,1.110326051105,1.110326051105,1.110326051105,1.110326051105
      ,1.110326051105,1.110326051105,1.110326051105,1.110326051105
      ,1.110326051105,1.110326051105,1.110326051105,1.110326051105
      ,1.110326051105,1.110326051105,1.110326051105,1.110326051105
      ,1.110326051105,1.110326051105,1.110326051105,1.110326051105
      ,1.110326051105,1.110326051105,1.110326051105,1.110326051105
      ,1.110326051105,1.110326051105,1.110326051105,1.110326051105
      ,1.110326051105,1.110326051105,1.110326051105,1.110326051105
      ,1.110326051105,1.110326051105,1.110326051105,1.110326051105
      ,1.110326051105,1.110326051105,1.110326051105,1.110326051105
      ,1.110326051105,1.110326051105,1.110326051105,1.110326051105
      ,1.110326051105,1.110326051105,1.110326051105,1.110326051105
      ,1.110326051105,1.110326051105,1.110326051105,1.110326051105
      ,1.110326051105,1.110326051105,1.110326051105,1.110326051105
      ,1.110326051105,1.110326051105,1.110326051105,1.110326051105
      ,1.110326051105,1.110326051105,1.110326051105,1.110326051105
      ,1.110326051105,1.110326051105,1.110326051105,1.110326051105
      ,1.110326051105,1.110326051105,1.110326051105,1.110326051105
      ,1.110326051105,1.110326051105,1.110326051105,1.110326051105
      ,1.110326051105,1.110326051105,1.110326051105,1.110326051105
      ,1.110326051105,1.110326051105,1.110326051105,1.110326051105
      ,1.110326051105,1.110326051105,1.110326051105,1.110326051105
      ,1.110326051105,1.110326051105,1.110326051105,1.110326051105
      ,1.110326051105,1.110326051105,1.110326051105
))) REPRESENTATION_ITEM('') SURFACE() );
#2148 = CARTESIAN_POINT('',(-32.22798681288,-4.196053620783,1.));
#2149 = CARTESIAN_POINT('',(-32.22798681288,-3.838166432804,
    -1.405370742484));
#2150 = CARTESIAN_POINT('',(-32.22798681288,-3.499020686806,
    -3.678217601819));
#2151 = CARTESIAN_POINT('',(-32.22798681288,-3.176838464546,
    -5.822188401164));
#2152 = CARTESIAN_POINT('',(-32.22798681288,-2.86985638697,
    -7.841025235048));
#2153 = CARTESIAN_POINT('',(-32.22798681288,-2.576328542899,
    -9.738594527648));
#2154 = CARTESIAN_POINT('',(-32.22798681288,-2.294523720442,
    -11.51893021174));
#2155 = CARTESIAN_POINT('',(-32.22798681288,-2.022731686825,
    -13.18629879388));
#2156 = CARTESIAN_POINT('',(-32.22798681288,-1.759240338113,
    -14.74530313483));
#2157 = CARTESIAN_POINT('',(-32.22798681288,-1.373877004681,
    -16.92893045361));
#2158 = CARTESIAN_POINT('',(-32.22798681288,-0.999048405302,
    -18.89374089903));
#2159 = CARTESIAN_POINT('',(-32.22798681288,-0.875038513886,
    -19.52511482048));
#2160 = CARTESIAN_POINT('',(-32.22798681288,-0.751712654301,
    -20.1337316161));
#2161 = CARTESIAN_POINT('',(-32.22798681288,-0.628804867284,
    -20.72046423568));
#2162 = CARTESIAN_POINT('',(-32.22798681288,-0.506023929232,
    -21.28626868332));
#2163 = CARTESIAN_POINT('',(-32.22798681288,-0.383040118557,
    -21.8322024138));
#2164 = CARTESIAN_POINT('',(-32.22798681288,-0.259464577344,
    -22.35944938002));
#2165 = CARTESIAN_POINT('',(-32.22798681288,-1.016276732229E-02,
    -23.37925467028));
#2166 = CARTESIAN_POINT('',(-32.22798681288,0.24602825592,
    -24.33578878341));
#2167 = CARTESIAN_POINT('',(-32.22798681288,0.376493031823,
    -24.79976438366));
#2168 = CARTESIAN_POINT('',(-32.22798681288,0.51013712547,
    -25.25116031106));
#2169 = CARTESIAN_POINT('',(-32.22798681288,0.648003499471,
    -25.69189111385));
#2170 = CARTESIAN_POINT('',(-32.22798681288,0.791464539731,
    -26.12411312025));
#2171 = CARTESIAN_POINT('',(-32.22798681288,0.94238710082,
    -26.55016536066));
#2172 = CARTESIAN_POINT('',(-32.22798681288,1.103322523279,
    -26.97255903068));
#2173 = CARTESIAN_POINT('',(-32.22798681288,1.365211490388,
    -27.6040410558));
#2174 = CARTESIAN_POINT('',(-32.22798681288,1.668130858806,
    -28.23482550785));
#2175 = CARTESIAN_POINT('',(-32.22798681288,1.774235239656,
    -28.4451464416));
#2176 = CARTESIAN_POINT('',(-32.22798681288,1.886101558252,
    -28.6555917699));
#2177 = CARTESIAN_POINT('',(-32.22798681288,2.004414213973,
    -28.8661260106));
#2178 = CARTESIAN_POINT('',(-32.22798681288,2.129897214996,
    -29.0765805725));
#2179 = CARTESIAN_POINT('',(-32.22798681288,2.263287707114,
    -29.28661280805));
#2180 = CARTESIAN_POINT('',(-32.22798681288,2.405285493215,
    -29.49566801866));
#2181 = CARTESIAN_POINT('',(-32.22798681288,2.707668886931,
    -29.91025943644));
#2182 = CARTESIAN_POINT('',(-32.22798681288,3.048428829477,
    -30.31387917144));
#2183 = CARTESIAN_POINT('',(-32.22798681288,3.228803240462,
    -30.51196276826));
#2184 = CARTESIAN_POINT('',(-32.22798681289,3.419385480089,
    -30.7051348383));
#2185 = CARTESIAN_POINT('',(-32.22798681287,3.620130739921,
    -30.89203723614));
#2186 = CARTESIAN_POINT('',(-32.22798681289,3.830661328029,
    -31.07119686501));
#2187 = CARTESIAN_POINT('',(-32.22798681288,4.050225597821,
    -31.24115166308));
#2188 = CARTESIAN_POINT('',(-32.22798681288,4.277732761919,
    -31.40059878546));
#2189 = CARTESIAN_POINT('',(-32.22798681288,4.746001505474,
    -31.69640013018));
#2190 = CARTESIAN_POINT('',(-32.22798681288,5.235074751876,
    -31.94308342261));
#2191 = CARTESIAN_POINT('',(-32.22798681288,5.483386445728,
    -32.0534126153));
#2192 = CARTESIAN_POINT('',(-32.22798681288,5.733938194449,
    -32.15030230367));
#2193 = CARTESIAN_POINT('',(-32.22798681288,5.985201359089,
    -32.23367615293));
#2194 = CARTESIAN_POINT('',(-32.22798681288,6.235790449496,
    -32.30379217911));
#2195 = CARTESIAN_POINT('',(-32.22798681288,6.484548943051,
    -32.36116096816));
#2196 = CARTESIAN_POINT('',(-32.22798681288,6.730573347127,
    -32.40644709049));
#2197 = CARTESIAN_POINT('',(-32.22798681288,7.215822422414,
    -32.47435046663));
#2198 = CARTESIAN_POINT('',(-32.22798681288,7.68564966213,
    -32.50001602584));
#2199 = CARTESIAN_POINT('',(-32.22798681288,7.916252180445,
    -32.50306438272));
#2200 = CARTESIAN_POINT('',(-32.22798681288,8.142297720724,
    -32.49713068535));
#2201 = CARTESIAN_POINT('',(-32.22798681288,8.363721385062,
    -32.48298936787));
#2202 = CARTESIAN_POINT('',(-32.22798681288,8.580593384189,
    -32.46135333626));
#2203 = CARTESIAN_POINT('',(-32.22798681288,8.793077345676,
    -32.43286177487));
#2204 = CARTESIAN_POINT('',(-32.22798681288,9.001398596024,
    -32.39808034075));
#2205 = CARTESIAN_POINT('',(-32.22798681288,9.614664643872,
    -32.2763537501));
#2206 = CARTESIAN_POINT('',(-32.22798681288,10.195399946775,
    -32.10637686717));
#2207 = CARTESIAN_POINT('',(-32.22798681288,10.570376285981,
    -31.9750779527));
#2208 = CARTESIAN_POINT('',(-32.22798681288,10.935790327383,
    -31.82825440055));
#2209 = CARTESIAN_POINT('',(-32.22798681289,11.294055041907,
    -31.66757207169));
#2210 = CARTESIAN_POINT('',(-32.22798681288,11.647279590315,
    -31.49425367925));
#2211 = CARTESIAN_POINT('',(-32.22798681288,11.997296627994,
    -31.3092099913));
#2212 = CARTESIAN_POINT('',(-32.22798681288,12.345686143422,
    -31.11316325859));
#2213 = CARTESIAN_POINT('',(-32.22798681288,13.041954306701,
    -30.70024602707));
#2214 = CARTESIAN_POINT('',(-32.22798681288,13.741989421917,
    -30.2477033995));
#2215 = CARTESIAN_POINT('',(-32.22798681288,14.094145984829,
    -30.01203116438));
#2216 = CARTESIAN_POINT('',(-32.22798681289,14.449464060737,
    -29.76737755088));
#2217 = CARTESIAN_POINT('',(-32.22798681288,14.808827506746,
    -29.51411799055));
#2218 = CARTESIAN_POINT('',(-32.22798681289,15.173011406494,
    -29.25260455699));
#2219 = CARTESIAN_POINT('',(-32.22798681288,15.54270529251,
    -28.98317617112));
#2220 = CARTESIAN_POINT('',(-32.22798681288,15.918530289116,
    -28.70616475441));
#2221 = CARTESIAN_POINT('',(-32.22798681288,17.024525206623,
    -27.88426174328));
#2222 = CARTESIAN_POINT('',(-32.22798681288,18.190850512654,
    -27.00446986345));
#2223 = CARTESIAN_POINT('',(-32.22798681288,18.983123299074,
    -26.40641864337));
#2224 = CARTESIAN_POINT('',(-32.22798681288,19.807672281102,
    -25.78804014376));
#2225 = CARTESIAN_POINT('',(-32.22798681288,20.66710681069,
    -25.15159950487));
#2226 = CARTESIAN_POINT('',(-32.22798681288,21.563820400912,
    -24.49940340313));
#2227 = CARTESIAN_POINT('',(-32.22798681288,22.500060191868,
    -23.83379524946));
#2228 = CARTESIAN_POINT('',(-32.22798681288,23.477975108915,
    -23.15715538914));
#2229 = CARTESIAN_POINT('',(-32.22798681288,25.521313478889,
    -21.78663564669));
#2230 = CARTESIAN_POINT('',(-32.22798681288,27.747791804855,
    -20.39140910751));
#2231 = CARTESIAN_POINT('',(-32.22798681288,28.908846630433,
    -19.69006238878));
#2232 = CARTESIAN_POINT('',(-32.22798681288,30.119699245757,
    -18.9874567106));
#2233 = CARTESIAN_POINT('',(-32.22798681288,31.382303343195,
    -18.28609636497));
#2234 = CARTESIAN_POINT('',(-32.22798681288,32.698595207148,
    -17.58851523242));
#2235 = CARTESIAN_POINT('',(-32.22798681288,34.070499137287,
    -16.89727717043));
#2236 = CARTESIAN_POINT('',(-32.22798681288,35.499929659735,
    -16.2149764592));
#2237 = CARTESIAN_POINT('',(-32.22798681288,39.96651615847,
    -14.20276059079));
#2238 = CARTESIAN_POINT('',(-32.22798681288,44.985035012835,
    -12.31849335984));
#2239 = CARTESIAN_POINT('',(-32.22798681288,48.591171097153,
    -11.14041676788));
#2240 = CARTESIAN_POINT('',(-32.22798681288,52.472743971102,
    -10.06215214542));
#2241 = CARTESIAN_POINT('',(-32.22798681289,56.644524468118,
    -9.105863394974));
#2242 = CARTESIAN_POINT('',(-32.22798681288,61.120949628054,
    -8.294099086882));
#2243 = CARTESIAN_POINT('',(-32.22798681288,65.916050958947,
    -7.649655469074));
#2244 = CARTESIAN_POINT('',(-32.22798681288,71.043461396315,
    -7.195433584025));
#2245 = CARTESIAN_POINT('',(-32.22798681288,76.516467198088,
    -6.954350063798));
#2246 = CARTESIAN_POINT('',(-32.22798681288,82.348068390036,
    -6.94927275725));
#2247 = CARTESIAN_POINT('',(-30.05800360451,-20.86271151981,1.));
#2248 = CARTESIAN_POINT('',(-30.05800360451,-20.50482433183,
    -1.416956967077));
#2249 = CARTESIAN_POINT('',(-30.05800360451,-20.16566963646,
    -3.71020938489));
#2250 = CARTESIAN_POINT('',(-30.05800360451,-19.84344662378,
    -5.885021280799));
#2251 = CARTESIAN_POINT('',(-30.05800360451,-19.53633922751,
    -7.947118297024));
#2252 = CARTESIAN_POINT('',(-30.05800360451,-19.24250313718,
    -9.902833346804));
#2253 = CARTESIAN_POINT('',(-30.05800360451,-18.96001394728,
    -11.75930960209));
#2254 = CARTESIAN_POINT('',(-30.05800360451,-18.6868387593,
    -13.52481573227));
#2255 = CARTESIAN_POINT('',(-30.05800360451,-18.42063448948,
    -15.20921927736));
#2256 = CARTESIAN_POINT('',(-30.05800360451,-18.02754281474,
    -17.63259396955));
#2257 = CARTESIAN_POINT('',(-30.05800360451,-17.63366826073,
    -19.93791309822));
#2258 = CARTESIAN_POINT('',(-30.05800360451,-17.50172835047,
    -20.69527935935));
#2259 = CARTESIAN_POINT('',(-30.05800360451,-17.368474562,
    -21.44387073738));
#2260 = CARTESIAN_POINT('',(-30.05800360451,-17.23310026155,
    -22.18629024219));
#2261 = CARTESIAN_POINT('',(-30.05800360451,-17.09460420079,
    -22.92551346895));
#2262 = CARTESIAN_POINT('',(-30.05800360451,-16.95171106597,
    -23.66496428365));
#2263 = CARTESIAN_POINT('',(-30.05800360451,-16.80275083464,
    -24.40861552582));
#2264 = CARTESIAN_POINT('',(-30.05800360451,-16.48817022633,
    -25.91360311482));
#2265 = CARTESIAN_POINT('',(-30.05800360451,-16.12744948627,
    -27.47544816173));
#2266 = CARTESIAN_POINT('',(-30.05800360451,-15.93234919016,
    -28.27595594391));
#2267 = CARTESIAN_POINT('',(-30.05800360451,-15.71836188835,
    -29.10215623818));
#2268 = CARTESIAN_POINT('',(-30.05800360451,-15.48005057778,
    -29.96091253418));
#2269 = CARTESIAN_POINT('',(-30.05800360451,-15.21019412091,
    -30.85994376227));
#2270 = CARTESIAN_POINT('',(-30.05800360451,-14.89905479235,
    -31.80739533553));
#2271 = CARTESIAN_POINT('',(-30.05800360451,-14.5334835169,
    -32.8116188055));
#2272 = CARTESIAN_POINT('',(-30.05800360451,-13.8763003596,
    -34.4123270793));
#2273 = CARTESIAN_POINT('',(-30.05800360451,-13.00744111326,
    -36.1541443422));
#2274 = CARTESIAN_POINT('',(-30.05800360451,-12.6916108148,
    -36.75040385438));
#2275 = CARTESIAN_POINT('',(-30.05800360451,-12.34666580255,
    -37.36189716054));
#2276 = CARTESIAN_POINT('',(-30.05800360451,-11.96953624159,
    -37.98767829526));
#2277 = CARTESIAN_POINT('',(-30.05800360451,-11.55708304721,
    -38.62613241304));
#2278 = CARTESIAN_POINT('',(-30.05800360451,-11.10626052596,
    -39.27480465097));
#2279 = CARTESIAN_POINT('',(-30.05800360451,-10.61439062087,
    -39.93026454696));
#2280 = CARTESIAN_POINT('',(-30.05800360451,-9.544685178574,
    -41.24593372644));
#2281 = CARTESIAN_POINT('',(-30.05800360451,-8.299574464729,
    -42.5502928966));
#2282 = CARTESIAN_POINT('',(-30.05800360451,-7.632298864393,
    -43.19444304344));
#2283 = CARTESIAN_POINT('',(-30.05800360451,-6.92050437884,
    -43.82456846606));
#2284 = CARTESIAN_POINT('',(-30.05800360451,-6.165775863846,
    -44.43408245645));
#2285 = CARTESIAN_POINT('',(-30.05800360451,-5.371385171344,
    -45.01614948097));
#2286 = CARTESIAN_POINT('',(-30.05800360451,-4.54237373795,
    -45.56432147714));
#2287 = CARTESIAN_POINT('',(-30.05800360451,-3.685254192098,
    -46.07321179595));
#2288 = CARTESIAN_POINT('',(-30.05800360451,-1.929491435527,
    -47.0045718448));
#2289 = CARTESIAN_POINT('',(-30.05800360451,-0.121072406576,
    -47.75359071092));
#2290 = CARTESIAN_POINT('',(-30.05800360451,0.788703649515,
    -48.08014040634));
#2291 = CARTESIAN_POINT('',(-30.05800360451,1.696204222876,
    -48.35790910176));
#2292 = CARTESIAN_POINT('',(-30.0580036045,2.593931778937,
    -48.58773871032));
#2293 = CARTESIAN_POINT('',(-30.05800360451,3.475369445661,
    -48.77193393663));
#2294 = CARTESIAN_POINT('',(-30.05800360451,4.335316130026,
    -48.91379625074));
#2295 = CARTESIAN_POINT('',(-30.05800360451,5.169912714026,
    -49.01713321471));
#2296 = CARTESIAN_POINT('',(-30.05800360451,6.783099669145,
    -49.15474192406));
#2297 = CARTESIAN_POINT('',(-30.05800360451,8.277758672795,
    -49.16994720392));
#2298 = CARTESIAN_POINT('',(-30.05800360451,8.993827112597,
    -49.15088102829));
#2299 = CARTESIAN_POINT('',(-30.05800360451,9.678028078112,
    -49.10902026916));
#2300 = CARTESIAN_POINT('',(-30.05800360451,10.330591324975,
    -49.04794412556));
#2301 = CARTESIAN_POINT('',(-30.05800360451,10.952334412878,
    -48.97081799319));
#2302 = CARTESIAN_POINT('',(-30.05800360451,11.544453392649,
    -48.88037278665));
#2303 = CARTESIAN_POINT('',(-30.05800360451,12.108372050044,
    -48.7789342742));
#2304 = CARTESIAN_POINT('',(-30.05800360451,13.7201552467,
    -48.44751602635));
#2305 = CARTESIAN_POINT('',(-30.05800360451,15.106307461207,
    -48.04955957339));
#2306 = CARTESIAN_POINT('',(-30.05800360451,15.942827957324,
    -47.76781144691));
#2307 = CARTESIAN_POINT('',(-30.05800360451,16.705185728212,
    -47.47765017076));
#2308 = CARTESIAN_POINT('',(-30.05800360451,17.405114226735,
    -47.18352870025));
#2309 = CARTESIAN_POINT('',(-30.05800360451,18.052504281368,
    -46.88806339544));
#2310 = CARTESIAN_POINT('',(-30.05800360451,18.65565154806,
    -46.59263389427));
#2311 = CARTESIAN_POINT('',(-30.05800360451,19.221480503599,
    -46.29794909247));
#2312 = CARTESIAN_POINT('',(-30.05800360451,20.290137315268,
    -45.71061154383));
#2313 = CARTESIAN_POINT('',(-30.05800360451,21.252426803152,
    -45.12742028462));
#2314 = CARTESIAN_POINT('',(-30.05800360451,21.711888794301,
    -44.83688118059));
#2315 = CARTESIAN_POINT('',(-30.05800360451,22.153668585255,
    -44.5471664084));
#2316 = CARTESIAN_POINT('',(-30.0580036045,22.581067445939,
    -44.25795806249));
#2317 = CARTESIAN_POINT('',(-30.05800360451,22.996848123714,
    -43.96892451926));
#2318 = CARTESIAN_POINT('',(-30.05800360451,23.403354488523,
    -43.67974819846));
#2319 = CARTESIAN_POINT('',(-30.05800360451,23.802598619185,
    -43.39013948773));
#2320 = CARTESIAN_POINT('',(-30.05800360451,24.940990850707,
    -42.55080994963));
#2321 = CARTESIAN_POINT('',(-30.05800360451,26.046042217284,
    -41.70397734409));
#2322 = CARTESIAN_POINT('',(-30.05800360451,26.764978410421,
    -41.14537350936));
#2323 = CARTESIAN_POINT('',(-30.05800360452,27.487582778688,
    -40.58115247768));
#2324 = CARTESIAN_POINT('',(-30.0580036045,28.219905850606,-40.01087455)
  );
#2325 = CARTESIAN_POINT('',(-30.05800360451,28.967008287182,
    -39.4344910104));
#2326 = CARTESIAN_POINT('',(-30.05800360451,29.733287135409,
    -38.85225905472));
#2327 = CARTESIAN_POINT('',(-30.05800360451,30.522705168996,
    -38.2646996049));
#2328 = CARTESIAN_POINT('',(-30.05800360451,32.155137185441,
    -37.08039093844));
#2329 = CARTESIAN_POINT('',(-30.05800360451,33.908587890198,
    -35.88140844824));
#2330 = CARTESIAN_POINT('',(-30.05800360451,34.819024331028,
    -35.27917492373));
#2331 = CARTESIAN_POINT('',(-30.05800360451,35.766425249775,
    -34.67531743499));
#2332 = CARTESIAN_POINT('',(-30.05800360451,36.753935423441,
    -34.07112158175));
#2333 = CARTESIAN_POINT('',(-30.05800360451,37.784643295899,
    -33.468029354));
#2334 = CARTESIAN_POINT('',(-30.05800360451,38.861607132941,
    -32.86763612241));
#2335 = CARTESIAN_POINT('',(-30.05800360451,39.987865942968,
    -32.27169077922));
#2336 = CARTESIAN_POINT('',(-30.05800360451,43.523590906719,
    -30.50290534843));
#2337 = CARTESIAN_POINT('',(-30.05800360451,47.557125787633,
    -28.80975169533));
#2338 = CARTESIAN_POINT('',(-30.05800360451,50.491367160479,
    -27.73102360593));
#2339 = CARTESIAN_POINT('',(-30.05800360451,53.694395049544,
    -26.72117880011));
#2340 = CARTESIAN_POINT('',(-30.05800360451,57.189189014908,
    -25.80140481549));
#2341 = CARTESIAN_POINT('',(-30.05800360451,60.997484812575,
    -24.99501862498));
#2342 = CARTESIAN_POINT('',(-30.05800360451,65.139310319574,
    -24.32687902469));
#2343 = CARTESIAN_POINT('',(-30.05800360451,69.632890667686,
    -23.82270048892));
#2344 = CARTESIAN_POINT('',(-30.05800360451,74.494815281345,
    -23.50858220357));
#2345 = CARTESIAN_POINT('',(-30.05800360451,79.740267848924,
    -23.41064760448));
#2346 = CARTESIAN_POINT('',(-18.13008978365,-34.56438965191,1.));
#2347 = CARTESIAN_POINT('',(-18.13008978365,-34.20650246393,
    -1.426482015296));
#2348 = CARTESIAN_POINT('',(-18.13008978365,-33.86734041126,
    -3.736509865597));
#2349 = CARTESIAN_POINT('',(-18.13008978364,-33.54508386473,
    -5.936676261544));
#2350 = CARTESIAN_POINT('',(-18.13008978365,-33.23787344383,
    -8.034337522142));
#2351 = CARTESIAN_POINT('',(-18.13008978364,-32.9437839439,
    -10.03785426404));
#2352 = CARTESIAN_POINT('',(-18.13008978365,-32.66073213476,
    -11.95692576822));
#2353 = CARTESIAN_POINT('',(-18.13008978364,-32.38641985402,
    -13.8031108866));
#2354 = CARTESIAN_POINT('',(-18.13008978365,-32.11798528873,
    -15.59060525791));
#2355 = CARTESIAN_POINT('',(-18.13008978365,-31.71854013593,
    -18.2110765344));
#2356 = CARTESIAN_POINT('',(-18.13008978365,-31.30900788128,
    -20.79632823306));
#2357 = CARTESIAN_POINT('',(-18.13008978365,-31.17054869365,
    -21.65727293781));
#2358 = CARTESIAN_POINT('',(-18.13008978365,-31.02913314372,
    -22.52093757686));
#2359 = CARTESIAN_POINT('',(-18.13008978364,-30.88351010862,
    -23.39134744446));
#2360 = CARTESIAN_POINT('',(-18.13008978365,-30.73209462785,
    -24.27313844381));
#2361 = CARTESIAN_POINT('',(-18.13008978365,-30.57283401537,
    -25.17167987028));
#2362 = CARTESIAN_POINT('',(-18.13008978365,-30.40300500184,
    -26.09323731016));
#2363 = CARTESIAN_POINT('',(-18.13008978365,-30.03475862033,
    -27.99709381056));
#2364 = CARTESIAN_POINT('',(-18.13008978365,-29.58810388294,
    -30.05656565432));
#2365 = CARTESIAN_POINT('',(-18.13008978365,-29.33986665325,
    -31.13373692032));
#2366 = CARTESIAN_POINT('',(-18.13008978365,-29.05982911001,
    -32.26806430451));
#2367 = CARTESIAN_POINT('',(-18.13008978365,-28.73894190454,
    -33.47047982683));
#2368 = CARTESIAN_POINT('',(-18.13008978364,-28.36517563406,
    -34.7532754391));
#2369 = CARTESIAN_POINT('',(-18.13008978365,-27.92232192145,
    -36.12936998806));
#2370 = CARTESIAN_POINT('',(-18.13008978365,-27.388519282,
    -37.61191638846));
#2371 = CARTESIAN_POINT('',(-18.13008978365,-26.40636432805,
    -40.00942664723));
#2372 = CARTESIAN_POINT('',(-18.13008978365,-25.072245274,
    -42.66462522871));
#2373 = CARTESIAN_POINT('',(-18.13008978365,-24.58399906368,
    -43.57816527864));
#2374 = CARTESIAN_POINT('',(-18.13008978365,-24.04743979624,
    -44.51936057671));
#2375 = CARTESIAN_POINT('',(-18.13008978364,-23.45753656752,
    -45.48651664826));
#2376 = CARTESIAN_POINT('',(-18.13008978365,-22.80916485565,
    -46.47682968044));
#2377 = CARTESIAN_POINT('',(-18.13008978364,-22.0973811076,
    -47.4861083558));
#2378 = CARTESIAN_POINT('',(-18.13008978365,-21.31788094149,
    -48.50855804379));
#2379 = CARTESIAN_POINT('',(-18.13008978365,-19.61735918334,
    -50.56500426073));
#2380 = CARTESIAN_POINT('',(-18.13008978365,-17.62878068718,
    -52.60986232971));
#2381 = CARTESIAN_POINT('',(-18.13008978365,-16.56122307355,
    -53.6207242871));
#2382 = CARTESIAN_POINT('',(-18.13008978365,-15.42093941667,
    -54.61006955044));
#2383 = CARTESIAN_POINT('',(-18.13008978364,-14.21078064691,
    -55.56701300455));
#2384 = CARTESIAN_POINT('',(-18.13008978365,-12.93639790844,
    -56.48031065045));
#2385 = CARTESIAN_POINT('',(-18.13008978364,-11.60635927902,
    -57.33941542894));
#2386 = CARTESIAN_POINT('',(-18.13008978365,-10.23163468871,
    -58.13558339105));
#2387 = CARTESIAN_POINT('',(-18.13008978365,-7.417421661538,
    -59.58943696265));
#2388 = CARTESIAN_POINT('',(-18.13008978365,-4.52436698656,
    -60.75142646671));
#2389 = CARTESIAN_POINT('',(-18.13008978364,-3.070800337168,
    -61.25573127969));
#2390 = CARTESIAN_POINT('',(-18.13008978365,-1.623221399026,
    -61.68220080945));
#2391 = CARTESIAN_POINT('',(-18.13008978364,-0.19403474248,
    -62.03243186184));
#2392 = CARTESIAN_POINT('',(-18.13008978365,1.206024245637,
    -62.31041172636));
#2393 = CARTESIAN_POINT('',(-18.13008978364,2.56842942644,
    -62.52173626211));
#2394 = CARTESIAN_POINT('',(-18.13008978365,3.886891858991,
    -62.67279688801));
#2395 = CARTESIAN_POINT('',(-18.13008978365,6.427357808861,
    -62.86771042991));
#2396 = CARTESIAN_POINT('',(-18.13008978365,8.764532153861,
    -62.8743163024));
#2397 = CARTESIAN_POINT('',(-18.13008978365,9.879702671632,
    -62.8370697448));
#2398 = CARTESIAN_POINT('',(-18.13008978364,10.94055372555,
    -62.76567330797));
#2399 = CARTESIAN_POINT('',(-18.13008978365,11.947557306256,
    -62.6660119912));
#2400 = CARTESIAN_POINT('',(-18.13008978364,12.902145369858,
    -62.54326738485));
#2401 = CARTESIAN_POINT('',(-18.13008978365,13.806362723505,
    -62.4018900172));
#2402 = CARTESIAN_POINT('',(-18.13008978365,14.662618407643,
    -62.24565264598));
#2403 = CARTESIAN_POINT('',(-18.13008978365,17.095283671071,
    -61.7418466518));
#2404 = CARTESIAN_POINT('',(-18.13008978365,19.143570030996,
    -61.15646793891));
#2405 = CARTESIAN_POINT('',(-18.13008978365,20.359526495623,
    -60.75103534665));
#2406 = CARTESIAN_POINT('',(-18.13008978365,21.448212151256,
    -60.34303596702));
#2407 = CARTESIAN_POINT('',(-18.13008978364,22.429022829406,
    -59.93921402863));
#2408 = CARTESIAN_POINT('',(-18.13008978365,23.318246676287,
    -59.54333161032));
#2409 = CARTESIAN_POINT('',(-18.13008978365,24.129492587859,
    -59.15715380843));
#2410 = CARTESIAN_POINT('',(-18.13008978365,24.874078750732,
    -58.78137853952));
#2411 = CARTESIAN_POINT('',(-18.13008978365,26.248876687466,
    -58.05064985274));
#2412 = CARTESIAN_POINT('',(-18.13008978364,27.426765788949,
    -57.36005220708));
#2413 = CARTESIAN_POINT('',(-18.13008978365,27.974443692881,
    -57.02440698866));
#2414 = CARTESIAN_POINT('',(-18.13008978364,28.487303756636,
    -56.69764738742));
#2415 = CARTESIAN_POINT('',(-18.13008978365,28.970634607966,
    -56.37888550462));
#2416 = CARTESIAN_POINT('',(-18.13008978364,29.42883305475,
    -56.06722764838));
#2417 = CARTESIAN_POINT('',(-18.13008978365,29.865602999629,
    -55.76181652817));
#2418 = CARTESIAN_POINT('',(-18.13008978365,30.284100026634,
    -55.46185156791));
#2419 = CARTESIAN_POINT('',(-18.13008978365,31.449126126308,
    -54.60819566245));
#2420 = CARTESIAN_POINT('',(-18.13008978365,32.503804118605,
    -53.78845891322));
#2421 = CARTESIAN_POINT('',(-18.13008978365,33.162450216246,
    -53.2622848182));
#2422 = CARTESIAN_POINT('',(-18.13008978365,33.801245803305,
    -52.74258670157));
#2423 = CARTESIAN_POINT('',(-18.13008978365,34.429070403481,
    -52.22670121293));
#2424 = CARTESIAN_POINT('',(-18.13008978365,35.053177342994,
    -51.71264326558));
#2425 = CARTESIAN_POINT('',(-18.13008978365,35.679731109799,
    -51.19895497569));
#2426 = CARTESIAN_POINT('',(-18.13008978365,36.314185644293,
    -50.68462863115));
#2427 = CARTESIAN_POINT('',(-18.13008978365,37.608811087127,
    -49.65340429889));
#2428 = CARTESIAN_POINT('',(-18.13008978364,38.973385254507,
    -48.61575426124));
#2429 = CARTESIAN_POINT('',(-18.13008978365,39.677788040444,
    -48.09500180474));
#2430 = CARTESIAN_POINT('',(-18.13008978364,40.408605024261,
    -47.57232531318));
#2431 = CARTESIAN_POINT('',(-18.13008978365,41.169960174983,
    -47.048008498));
#2432 = CARTESIAN_POINT('',(-18.13008978364,41.965889128061,
    -46.52259570473));
#2433 = CARTESIAN_POINT('',(-18.13008978365,42.80038238412,
    -45.99688611001));
#2434 = CARTESIAN_POINT('',(-18.13008978365,43.677403389692,
    -45.47193361164));
#2435 = CARTESIAN_POINT('',(-18.13008978365,46.447866042598,
    -43.90327261634));
#2436 = CARTESIAN_POINT('',(-18.13008978365,49.671644495362,
    -42.36723364972));
#2437 = CARTESIAN_POINT('',(-18.13008978365,52.053520473119,
    -41.37018007558));
#2438 = CARTESIAN_POINT('',(-18.13008978365,54.698715769859,
    -40.41658327769));
#2439 = CARTESIAN_POINT('',(-18.13008978364,57.636958349079,
    -39.52682812297));
#2440 = CARTESIAN_POINT('',(-18.13008978365,60.895984249424,
    -38.72486328894));
#2441 = CARTESIAN_POINT('',(-18.13008978364,64.500750969698,
    -38.03724319492));
#2442 = CARTESIAN_POINT('',(-18.13008978365,68.473258891273,
    -37.49199524061));
#2443 = CARTESIAN_POINT('',(-18.13008978365,72.832812975536,
    -37.11783499302));
#2444 = CARTESIAN_POINT('',(-18.13008978365,77.5963921023,
    -36.94356230969));
#2445 = CARTESIAN_POINT('',(-4.681924646799E-13,-39.91501147846,1.));
#2446 = CARTESIAN_POINT('',(-4.732248508155E-13,-39.55712429048,
    -1.430201627625));
#2447 = CARTESIAN_POINT('',(-4.445211517343E-13,-39.21795936473,
    -3.746780426966));
#2448 = CARTESIAN_POINT('',(-5.0020049652E-13,-38.89568972295,
    -5.956847970788));
#2449 = CARTESIAN_POINT('',(-4.670819062985E-13,-38.58843907004,
    -8.068397371243));
#2450 = CARTESIAN_POINT('',(-3.842342602178E-13,-38.29425061153,
    -10.09058108041));
#2451 = CARTESIAN_POINT('',(-6.051562482165E-13,-38.01097909478,
    -12.03409656157));
#2452 = CARTESIAN_POINT('',(-3.500162973954E-13,-37.73622276965,
    -13.91178751092));
#2453 = CARTESIAN_POINT('',(-5.132124623054E-13,-37.46691725501,
    -15.73953972653));
#2454 = CARTESIAN_POINT('',(-4.32952121281E-13,-37.064991015,
    -18.43697889525));
#2455 = CARTESIAN_POINT('',(-4.868021319043E-13,-36.6493442951,
    -21.13154664298));
#2456 = CARTESIAN_POINT('',(-3.60561743103E-13,-36.50833927422,
    -22.03293961077));
#2457 = CARTESIAN_POINT('',(-7.041804714834E-13,-36.36373648703,
    -22.94154133681));
#2458 = CARTESIAN_POINT('',(-1.009977560706E-13,-36.2141112339,
    -23.86193252948));
#2459 = CARTESIAN_POINT('',(-8.513929497284E-13,-36.05765060976,
    -24.7993974564));
#2460 = CARTESIAN_POINT('',(-1.993453018705E-13,-35.89199835805,
    -25.76006511963));
#2461 = CARTESIAN_POINT('',(-5.545039355368E-13,-35.71401990762,
    -26.75109644259));
#2462 = CARTESIAN_POINT('',(-3.828317050529E-13,-35.32481658531,
    -28.81071464478));
#2463 = CARTESIAN_POINT('',(-5.353156942382E-13,-34.84460389121,
    -31.06451398442));
#2464 = CARTESIAN_POINT('',(-2.598405477881E-13,-34.57561623709,
    -32.24972469353));
#2465 = CARTESIAN_POINT('',(-7.828268970325E-13,-34.26978551288,
    -33.50437832658));
#2466 = CARTESIAN_POINT('',(-1.138632086138E-13,-33.91665171825,
    -34.84099569918));
#2467 = CARTESIAN_POINT('',(-7.478477585041E-13,-33.50230778193,
    -36.27365456691));
#2468 = CARTESIAN_POINT('',(-2.955687363188E-13,-33.00801848229,
    -37.81713784297));
#2469 = CARTESIAN_POINT('',(-5.289643016722E-13,-32.40852006458,
    -39.48647341525));
#2470 = CARTESIAN_POINT('',(-4.051725854869E-13,-31.29946086056,
    -42.19514162497));
#2471 = CARTESIAN_POINT('',(-5.12273736352E-13,-29.78365389513,
    -45.20702337855));
#2472 = CARTESIAN_POINT('',(-2.305966864968E-13,-29.22807780505,
    -46.24446417655));
#2473 = CARTESIAN_POINT('',(-9.25015655813E-13,-28.6166915415,
    -47.31441090618));
#2474 = CARTESIAN_POINT('',(1.151791123896E-13,-27.94369838615,
    -48.41487679353));
#2475 = CARTESIAN_POINT('',(-9.327327821175E-13,-27.203198487,
    -49.54259372392));
#2476 = CARTESIAN_POINT('',(-2.30931935666E-13,-26.38950716074,
    -50.6926922796));
#2477 = CARTESIAN_POINT('',(-5.150091709563E-13,-25.49768493175,
    -51.85845460216));
#2478 = CARTESIAN_POINT('',(-4.010319023787E-13,-23.55082403795,
    -54.20418055163));
#2479 = CARTESIAN_POINT('',(-5.295360662415E-13,-21.27191505051,
    -56.53820973765));
#2480 = CARTESIAN_POINT('',(-2.087647339136E-13,-20.04804390678,
    -57.69227577548));
#2481 = CARTESIAN_POINT('',(-9.209463949129E-13,-18.74043158471,
    -58.82189944135));
#2482 = CARTESIAN_POINT('',(7.217741215345E-14,-17.3524234276,
    -59.91451705551));
#2483 = CARTESIAN_POINT('',(-8.647249005354E-13,-15.89059971343,
    -60.95716307576));
#2484 = CARTESIAN_POINT('',(-2.615348206501E-13,-14.36490570334,
    -61.93768974985));
#2485 = CARTESIAN_POINT('',(-5.127735795734E-13,-12.78805194158,
    -62.84604207462));
#2486 = CARTESIAN_POINT('',(-4.077705463927E-13,-9.560505082912,
    -64.50393381001));
#2487 = CARTESIAN_POINT('',(-5.106384940192E-13,-6.243890964665,
    -65.82719186));
#2488 = CARTESIAN_POINT('',(-3.1338823362E-13,-4.577969464316,
    -66.40091155798));
#2489 = CARTESIAN_POINT('',(-6.836988947714E-13,-2.919485332023,
    -66.88545002805));
#2490 = CARTESIAN_POINT('',(-2.306802458193E-13,-1.28275937733,
    -67.28269886815));
#2491 = CARTESIAN_POINT('',(-6.170017179946E-13,0.319825647029,
    -67.59730243139));
#2492 = CARTESIAN_POINT('',(-4.055825162765E-13,1.878445143485,
    -67.8357525554));
#2493 = CARTESIAN_POINT('',(-4.464217343728E-13,3.385861304581,
    -68.00544967711));
#2494 = CARTESIAN_POINT('',(-5.183351238307E-13,6.288437587272,
    -68.22274124342));
#2495 = CARTESIAN_POINT('',(-3.549047260984E-13,8.954621337629,
    -68.2259889742));
#2496 = CARTESIAN_POINT('',(-8.896001569356E-13,10.225644610721,
    -68.18164282285));
#2497 = CARTESIAN_POINT('',(3.298596870231E-13,11.433580727108,
    -68.09871245271));
#2498 = CARTESIAN_POINT('',(-1.377234363246E-12,12.578996272257,
    -67.98398329769));
#2499 = CARTESIAN_POINT('',(2.516684232399E-13,13.663563129311,
    -67.84342428933));
#2500 = CARTESIAN_POINT('',(-7.946213262483E-13,14.689657551969,
    -67.68215747965));
#2501 = CARTESIAN_POINT('',(-4.100630804811E-13,15.660073331018,
    -67.50452068808));
#2502 = CARTESIAN_POINT('',(-4.660930231062E-13,18.413300022116,
    -66.93339581302));
#2503 = CARTESIAN_POINT('',(-5.052536745111E-13,20.720155396466,
    -66.27482711382));
#2504 = CARTESIAN_POINT('',(-2.273092407077E-13,22.084284833436,
    -65.8210946859));
#2505 = CARTESIAN_POINT('',(-9.325748416515E-13,23.300404303075,
    -65.36707852477));
#2506 = CARTESIAN_POINT('',(1.385104581639E-13,24.390901860935,
    -64.92041762084));
#2507 = CARTESIAN_POINT('',(-9.619928257475E-13,25.374563860181,
    -64.48532146577));
#2508 = CARTESIAN_POINT('',(-1.813344587897E-13,26.267074062208,
    -64.06370568074));
#2509 = CARTESIAN_POINT('',(-5.437643560175E-13,27.081466434654,
    -63.65626389485));
#2510 = CARTESIAN_POINT('',(-3.777707019382E-13,28.575815084082,
    -62.86953974927));
#2511 = CARTESIAN_POINT('',(-5.395104123071E-13,29.837897668085,
    -62.13699899634));
#2512 = CARTESIAN_POINT('',(-1.967136741235E-13,30.420024636124,
    -61.78373945667));
#2513 = CARTESIAN_POINT('',(-9.659154622468E-13,30.960642150866,
    -61.44251353467));
#2514 = CARTESIAN_POINT('',(1.940040873277E-13,31.465814920165,
    -61.11221074438));
#2515 = CARTESIAN_POINT('',(-1.045045161726E-12,31.94057786647,
    -60.79171790154));
#2516 = CARTESIAN_POINT('',(-1.231533402057E-13,32.389165996713,
    -60.47996695409));
#2517 = CARTESIAN_POINT('',(-5.584005705906E-13,32.815181443466,
    -60.17595779032));
#2518 = CARTESIAN_POINT('',(-3.098157984249E-13,33.990608295139,
    -59.31670731658));
#2519 = CARTESIAN_POINT('',(-6.154448914048E-13,35.025615056418,
    -58.50755172967));
#2520 = CARTESIAN_POINT('',(-1.154777824334E-14,35.660717359071,
    -57.99404172376));
#2521 = CARTESIAN_POINT('',(-1.206209293665E-12,36.266784904384,
    -57.4917301841));
#2522 = CARTESIAN_POINT('',(4.857101298202E-13,36.853801962704,
    -56.99708540542));
#2523 = CARTESIAN_POINT('',(-1.274719843494E-12,37.429878114698,
    -56.50736613187));
#2524 = CARTESIAN_POINT('',(2.818052583209E-14,38.001868049011,
    -56.02044472633));
#2525 = CARTESIAN_POINT('',(-5.829489587157E-13,38.575808019337,
    -55.53471653217));
#2526 = CARTESIAN_POINT('',(-3.49477926245E-13,39.738517122544,
    -54.56327293421));
#2527 = CARTESIAN_POINT('',(-5.192372862424E-13,40.95123169516,
    -53.58862459121));
#2528 = CARTESIAN_POINT('',(-3.230071633155E-13,41.575176586798,
    -53.09969118467));
#2529 = CARTESIAN_POINT('',(-5.877472903654E-13,42.221415702245,
    -52.60871656285));
#2530 = CARTESIAN_POINT('',(-3.533276805613E-13,42.894455393336,
    -52.1155931913));
#2531 = CARTESIAN_POINT('',(-4.901683101685E-13,43.598701181889,
    -51.62051487777));
#2532 = CARTESIAN_POINT('',(-4.511491193929E-13,44.338507614159,
    -51.12396987834));
#2533 = CARTESIAN_POINT('',(-4.423300124063E-13,45.118199137629,
    -50.62674068958));
#2534 = CARTESIAN_POINT('',(-4.798125473223E-13,47.589820350533,
    -49.13622998815));
#2535 = CARTESIAN_POINT('',(-4.009531440686E-13,50.497382032118,
    -47.66154564267));
#2536 = CARTESIAN_POINT('',(-5.955813419544E-13,52.663554625905,
    -46.69638666128));
#2537 = CARTESIAN_POINT('',(-2.191054339044E-13,55.090911551658,
    -45.76475518881));
#2538 = CARTESIAN_POINT('',(-7.014929618792E-13,57.811816081801,
    -44.88672264243));
#2539 = CARTESIAN_POINT('',(-2.690509628011E-13,60.856347416377,
    -44.08648438571));
#2540 = CARTESIAN_POINT('',(-5.435761036012E-13,64.251388113406,
    -43.39125699322));
#2541 = CARTESIAN_POINT('',(-4.184148413007E-13,68.020412821337,
    -42.82997108173));
#2542 = CARTESIAN_POINT('',(-4.602135341324E-13,72.183786941826,
    -42.4323639373));
#2543 = CARTESIAN_POINT('',(-4.513485271351E-13,76.759190392209,
    -42.22828058293));
#2544 = CARTESIAN_POINT('',(18.13008978365,-34.56438965191,1.));
#2545 = CARTESIAN_POINT('',(18.13008978365,-34.20650246393,
    -1.426482015296));
#2546 = CARTESIAN_POINT('',(18.13008978365,-33.86734041126,
    -3.736509865597));
#2547 = CARTESIAN_POINT('',(18.130089783649,-33.54508386473,
    -5.936676261545));
#2548 = CARTESIAN_POINT('',(18.13008978365,-33.23787344382,
    -8.034337522141));
#2549 = CARTESIAN_POINT('',(18.130089783649,-32.94378394391,
    -10.03785426404));
#2550 = CARTESIAN_POINT('',(18.130089783651,-32.66073213475,
    -11.95692576822));
#2551 = CARTESIAN_POINT('',(18.130089783649,-32.38641985403,
    -13.8031108866));
#2552 = CARTESIAN_POINT('',(18.13008978365,-32.11798528873,
    -15.59060525791));
#2553 = CARTESIAN_POINT('',(18.130089783649,-31.71854013593,
    -18.2110765344));
#2554 = CARTESIAN_POINT('',(18.13008978365,-31.30900788128,
    -20.79632823306));
#2555 = CARTESIAN_POINT('',(18.130089783649,-31.17054869365,
    -21.65727293781));
#2556 = CARTESIAN_POINT('',(18.130089783652,-31.02913314372,
    -22.52093757686));
#2557 = CARTESIAN_POINT('',(18.130089783647,-30.88351010862,
    -23.39134744446));
#2558 = CARTESIAN_POINT('',(18.130089783652,-30.73209462785,
    -24.27313844381));
#2559 = CARTESIAN_POINT('',(18.130089783649,-30.57283401537,
    -25.17167987028));
#2560 = CARTESIAN_POINT('',(18.13008978365,-30.40300500184,
    -26.09323731016));
#2561 = CARTESIAN_POINT('',(18.130089783649,-30.03475862033,
    -27.99709381056));
#2562 = CARTESIAN_POINT('',(18.13008978365,-29.58810388294,
    -30.05656565432));
#2563 = CARTESIAN_POINT('',(18.130089783648,-29.33986665325,
    -31.13373692032));
#2564 = CARTESIAN_POINT('',(18.130089783653,-29.05982911001,
    -32.26806430451));
#2565 = CARTESIAN_POINT('',(18.130089783646,-28.73894190453,
    -33.47047982683));
#2566 = CARTESIAN_POINT('',(18.130089783653,-28.36517563407,
    -34.7532754391));
#2567 = CARTESIAN_POINT('',(18.130089783648,-27.92232192145,
    -36.12936998806));
#2568 = CARTESIAN_POINT('',(18.13008978365,-27.388519282,-37.61191638846
    ));
#2569 = CARTESIAN_POINT('',(18.13008978365,-26.40636432805,
    -40.00942664723));
#2570 = CARTESIAN_POINT('',(18.130089783649,-25.072245274,
    -42.66462522871));
#2571 = CARTESIAN_POINT('',(18.130089783652,-24.58399906369,
    -43.57816527864));
#2572 = CARTESIAN_POINT('',(18.130089783645,-24.04743979623,
    -44.51936057671));
#2573 = CARTESIAN_POINT('',(18.130089783656,-23.45753656752,
    -45.48651664827));
#2574 = CARTESIAN_POINT('',(18.130089783645,-22.80916485565,
    -46.47682968044));
#2575 = CARTESIAN_POINT('',(18.130089783653,-22.0973811076,
    -47.4861083558));
#2576 = CARTESIAN_POINT('',(18.130089783649,-21.31788094149,
    -48.50855804379));
#2577 = CARTESIAN_POINT('',(18.13008978365,-19.61735918334,
    -50.56500426073));
#2578 = CARTESIAN_POINT('',(18.130089783649,-17.62878068718,
    -52.60986232971));
#2579 = CARTESIAN_POINT('',(18.130089783651,-16.56122307355,
    -53.6207242871));
#2580 = CARTESIAN_POINT('',(18.130089783648,-15.42093941666,
    -54.61006955044));
#2581 = CARTESIAN_POINT('',(18.130089783651,-14.21078064691,
    -55.56701300455));
#2582 = CARTESIAN_POINT('',(18.130089783649,-12.93639790844,
    -56.48031065045));
#2583 = CARTESIAN_POINT('',(18.13008978365,-11.60635927902,
    -57.33941542894));
#2584 = CARTESIAN_POINT('',(18.13008978365,-10.23163468871,
    -58.13558339105));
#2585 = CARTESIAN_POINT('',(18.13008978365,-7.417421661538,
    -59.58943696265));
#2586 = CARTESIAN_POINT('',(18.13008978365,-4.52436698656,
    -60.75142646671));
#2587 = CARTESIAN_POINT('',(18.130089783649,-3.070800337169,
    -61.2557312797));
#2588 = CARTESIAN_POINT('',(18.130089783651,-1.623221399025,
    -61.68220080944));
#2589 = CARTESIAN_POINT('',(18.130089783649,-0.194034742481,
    -62.03243186185));
#2590 = CARTESIAN_POINT('',(18.130089783651,1.206024245638,
    -62.31041172635));
#2591 = CARTESIAN_POINT('',(18.130089783649,2.56842942644,
    -62.52173626211));
#2592 = CARTESIAN_POINT('',(18.13008978365,3.886891858991,
    -62.67279688801));
#2593 = CARTESIAN_POINT('',(18.13008978365,6.427357808861,
    -62.86771042991));
#2594 = CARTESIAN_POINT('',(18.13008978365,8.764532153861,-62.8743163024
    ));
#2595 = CARTESIAN_POINT('',(18.130089783651,9.879702671632,
    -62.83706974481));
#2596 = CARTESIAN_POINT('',(18.130089783648,10.94055372555,
    -62.76567330796));
#2597 = CARTESIAN_POINT('',(18.130089783652,11.947557306256,
    -62.6660119912));
#2598 = CARTESIAN_POINT('',(18.130089783648,12.902145369858,
    -62.54326738485));
#2599 = CARTESIAN_POINT('',(18.130089783651,13.806362723505,
    -62.4018900172));
#2600 = CARTESIAN_POINT('',(18.13008978365,14.662618407643,
    -62.24565264598));
#2601 = CARTESIAN_POINT('',(18.13008978365,17.095283671071,
    -61.7418466518));
#2602 = CARTESIAN_POINT('',(18.13008978365,19.143570030996,
    -61.15646793891));
#2603 = CARTESIAN_POINT('',(18.130089783647,20.359526495625,
    -60.75103534665));
#2604 = CARTESIAN_POINT('',(18.130089783654,21.448212151253,
    -60.34303596702));
#2605 = CARTESIAN_POINT('',(18.130089783645,22.42902282941,
    -59.93921402863));
#2606 = CARTESIAN_POINT('',(18.130089783654,23.318246676284,
    -59.54333161033));
#2607 = CARTESIAN_POINT('',(18.130089783648,24.12949258786,
    -59.15715380843));
#2608 = CARTESIAN_POINT('',(18.13008978365,24.874078750732,
    -58.78137853952));
#2609 = CARTESIAN_POINT('',(18.130089783649,26.248876687466,
    -58.05064985274));
#2610 = CARTESIAN_POINT('',(18.13008978365,27.42676578895,
    -57.36005220708));
#2611 = CARTESIAN_POINT('',(18.13008978365,27.974443692878,
    -57.02440698865));
#2612 = CARTESIAN_POINT('',(18.13008978365,28.487303756642,
    -56.69764738743));
#2613 = CARTESIAN_POINT('',(18.13008978365,28.970634607959,
    -56.37888550461));
#2614 = CARTESIAN_POINT('',(18.13008978365,29.428833054756,
    -56.06722764839));
#2615 = CARTESIAN_POINT('',(18.13008978365,29.865602999626,
    -55.76181652816));
#2616 = CARTESIAN_POINT('',(18.13008978365,30.284100026635,
    -55.46185156791));
#2617 = CARTESIAN_POINT('',(18.13008978365,31.449126126308,
    -54.60819566245));
#2618 = CARTESIAN_POINT('',(18.13008978365,32.503804118606,
    -53.78845891323));
#2619 = CARTESIAN_POINT('',(18.130089783649,33.162450216246,
    -53.26228481819));
#2620 = CARTESIAN_POINT('',(18.13008978365,33.801245803306,
    -52.74258670157));
#2621 = CARTESIAN_POINT('',(18.130089783649,34.42907040348,
    -52.22670121293));
#2622 = CARTESIAN_POINT('',(18.13008978365,35.053177342995,
    -51.71264326558));
#2623 = CARTESIAN_POINT('',(18.130089783649,35.679731109798,
    -51.19895497568));
#2624 = CARTESIAN_POINT('',(18.13008978365,36.314185644293,
    -50.68462863115));
#2625 = CARTESIAN_POINT('',(18.13008978365,37.608811087127,
    -49.65340429889));
#2626 = CARTESIAN_POINT('',(18.13008978365,38.973385254507,
    -48.61575426124));
#2627 = CARTESIAN_POINT('',(18.13008978365,39.677788040445,
    -48.09500180474));
#2628 = CARTESIAN_POINT('',(18.13008978365,40.408605024259,
    -47.57232531318));
#2629 = CARTESIAN_POINT('',(18.13008978365,41.169960174987,
    -47.04800849799));
#2630 = CARTESIAN_POINT('',(18.13008978365,41.965889128058,
    -46.52259570473));
#2631 = CARTESIAN_POINT('',(18.13008978365,42.800382384122,
    -45.99688611001));
#2632 = CARTESIAN_POINT('',(18.13008978365,43.677403389691,
    -45.47193361164));
#2633 = CARTESIAN_POINT('',(18.13008978365,46.4478660426,-43.90327261634
    ));
#2634 = CARTESIAN_POINT('',(18.130089783649,49.671644495358,
    -42.36723364972));
#2635 = CARTESIAN_POINT('',(18.130089783652,52.053520473129,
    -41.37018007559));
#2636 = CARTESIAN_POINT('',(18.130089783647,54.698715769842,
    -40.41658327769));
#2637 = CARTESIAN_POINT('',(18.130089783654,57.6369583491,
    -39.52682812297));
#2638 = CARTESIAN_POINT('',(18.130089783647,60.895984249406,
    -38.72486328894));
#2639 = CARTESIAN_POINT('',(18.130089783652,64.500750969709,
    -38.03724319492));
#2640 = CARTESIAN_POINT('',(18.130089783649,68.473258891267,
    -37.49199524061));
#2641 = CARTESIAN_POINT('',(18.13008978365,72.832812975537,
    -37.11783499302));
#2642 = CARTESIAN_POINT('',(18.13008978365,77.5963921023,-36.94356230969
    ));
#2643 = CARTESIAN_POINT('',(30.058003604513,-20.86271151981,1.));
#2644 = CARTESIAN_POINT('',(30.058003604514,-20.50482433183,
    -1.416956967077));
#2645 = CARTESIAN_POINT('',(30.058003604512,-20.16566963646,
    -3.71020938489));
#2646 = CARTESIAN_POINT('',(30.058003604515,-19.84344662378,
    -5.885021280799));
#2647 = CARTESIAN_POINT('',(30.05800360451,-19.53633922751,
    -7.947118297024));
#2648 = CARTESIAN_POINT('',(30.058003604517,-19.24250313718,
    -9.902833346804));
#2649 = CARTESIAN_POINT('',(30.05800360451,-18.96001394728,
    -11.75930960209));
#2650 = CARTESIAN_POINT('',(30.058003604515,-18.6868387593,
    -13.52481573227));
#2651 = CARTESIAN_POINT('',(30.058003604513,-18.42063448948,
    -15.20921927736));
#2652 = CARTESIAN_POINT('',(30.058003604514,-18.02754281474,
    -17.63259396955));
#2653 = CARTESIAN_POINT('',(30.058003604514,-17.63366826073,
    -19.93791309822));
#2654 = CARTESIAN_POINT('',(30.058003604512,-17.50172835047,
    -20.69527935935));
#2655 = CARTESIAN_POINT('',(30.058003604517,-17.368474562,
    -21.44387073738));
#2656 = CARTESIAN_POINT('',(30.058003604509,-17.23310026156,
    -22.1862902422));
#2657 = CARTESIAN_POINT('',(30.058003604518,-17.09460420078,
    -22.92551346895));
#2658 = CARTESIAN_POINT('',(30.058003604511,-16.95171106598,
    -23.66496428365));
#2659 = CARTESIAN_POINT('',(30.058003604514,-16.80275083464,
    -24.40861552582));
#2660 = CARTESIAN_POINT('',(30.058003604513,-16.48817022634,
    -25.91360311482));
#2661 = CARTESIAN_POINT('',(30.058003604513,-16.12744948627,
    -27.47544816173));
#2662 = CARTESIAN_POINT('',(30.058003604516,-15.93234919016,
    -28.27595594391));
#2663 = CARTESIAN_POINT('',(30.058003604509,-15.71836188835,
    -29.10215623818));
#2664 = CARTESIAN_POINT('',(30.058003604518,-15.48005057778,
    -29.96091253418));
#2665 = CARTESIAN_POINT('',(30.058003604511,-15.21019412091,
    -30.85994376227));
#2666 = CARTESIAN_POINT('',(30.058003604515,-14.89905479235,
    -31.80739533553));
#2667 = CARTESIAN_POINT('',(30.058003604513,-14.5334835169,
    -32.8116188055));
#2668 = CARTESIAN_POINT('',(30.058003604513,-13.8763003596,
    -34.4123270793));
#2669 = CARTESIAN_POINT('',(30.058003604513,-13.00744111326,
    -36.1541443422));
#2670 = CARTESIAN_POINT('',(30.058003604513,-12.6916108148,
    -36.75040385439));
#2671 = CARTESIAN_POINT('',(30.058003604515,-12.34666580255,
    -37.36189716054));
#2672 = CARTESIAN_POINT('',(30.058003604511,-11.96953624159,
    -37.98767829526));
#2673 = CARTESIAN_POINT('',(30.058003604515,-11.55708304721,
    -38.62613241304));
#2674 = CARTESIAN_POINT('',(30.058003604513,-11.10626052596,
    -39.27480465097));
#2675 = CARTESIAN_POINT('',(30.058003604513,-10.61439062087,
    -39.93026454696));
#2676 = CARTESIAN_POINT('',(30.058003604514,-9.544685178574,
    -41.24593372644));
#2677 = CARTESIAN_POINT('',(30.058003604512,-8.299574464729,
    -42.5502928966));
#2678 = CARTESIAN_POINT('',(30.058003604517,-7.632298864393,
    -43.19444304344));
#2679 = CARTESIAN_POINT('',(30.058003604506,-6.920504378841,
    -43.82456846606));
#2680 = CARTESIAN_POINT('',(30.058003604522,-6.165775863846,
    -44.43408245645));
#2681 = CARTESIAN_POINT('',(30.058003604506,-5.371385171345,
    -45.01614948096));
#2682 = CARTESIAN_POINT('',(30.058003604517,-4.54237373795,
    -45.56432147714));
#2683 = CARTESIAN_POINT('',(30.058003604512,-3.685254192098,
    -46.07321179595));
#2684 = CARTESIAN_POINT('',(30.058003604514,-1.929491435527,
    -47.0045718448));
#2685 = CARTESIAN_POINT('',(30.058003604513,-0.121072406576,
    -47.75359071092));
#2686 = CARTESIAN_POINT('',(30.058003604514,0.788703649515,
    -48.08014040634));
#2687 = CARTESIAN_POINT('',(30.058003604513,1.696204222876,
    -48.35790910176));
#2688 = CARTESIAN_POINT('',(30.058003604514,2.593931778937,
    -48.58773871032));
#2689 = CARTESIAN_POINT('',(30.058003604513,3.475369445661,
    -48.77193393663));
#2690 = CARTESIAN_POINT('',(30.058003604513,4.335316130026,
    -48.91379625074));
#2691 = CARTESIAN_POINT('',(30.058003604514,5.169912714026,
    -49.01713321471));
#2692 = CARTESIAN_POINT('',(30.058003604513,6.783099669145,
    -49.15474192406));
#2693 = CARTESIAN_POINT('',(30.058003604514,8.277758672795,
    -49.16994720392));
#2694 = CARTESIAN_POINT('',(30.058003604511,8.993827112597,
    -49.15088102829));
#2695 = CARTESIAN_POINT('',(30.058003604517,9.678028078112,
    -49.10902026917));
#2696 = CARTESIAN_POINT('',(30.05800360451,10.330591324974,
    -49.04794412555));
#2697 = CARTESIAN_POINT('',(30.058003604516,10.952334412878,
    -48.9708179932));
#2698 = CARTESIAN_POINT('',(30.058003604512,11.544453392649,
    -48.88037278664));
#2699 = CARTESIAN_POINT('',(30.058003604514,12.108372050044,
    -48.7789342742));
#2700 = CARTESIAN_POINT('',(30.058003604512,13.7201552467,
    -48.44751602635));
#2701 = CARTESIAN_POINT('',(30.058003604515,15.106307461207,
    -48.0495595734));
#2702 = CARTESIAN_POINT('',(30.058003604509,15.942827957324,
    -47.76781144691));
#2703 = CARTESIAN_POINT('',(30.058003604521,16.705185728211,
    -47.47765017076));
#2704 = CARTESIAN_POINT('',(30.058003604504,17.405114226737,
    -47.18352870024));
#2705 = CARTESIAN_POINT('',(30.05800360452,18.052504281367,
    -46.88806339544));
#2706 = CARTESIAN_POINT('',(30.05800360451,18.655651548061,
    -46.59263389427));
#2707 = CARTESIAN_POINT('',(30.058003604514,19.221480503599,
    -46.29794909247));
#2708 = CARTESIAN_POINT('',(30.058003604512,20.290137315268,
    -45.71061154383));
#2709 = CARTESIAN_POINT('',(30.058003604514,21.252426803152,
    -45.12742028462));
#2710 = CARTESIAN_POINT('',(30.05800360451,21.711888794301,
    -44.83688118059));
#2711 = CARTESIAN_POINT('',(30.058003604519,22.153668585255,
    -44.5471664084));
#2712 = CARTESIAN_POINT('',(30.058003604507,22.581067445939,
    -44.25795806249));
#2713 = CARTESIAN_POINT('',(30.058003604518,22.996848123714,
    -43.96892451926));
#2714 = CARTESIAN_POINT('',(30.058003604511,23.403354488523,
    -43.67974819846));
#2715 = CARTESIAN_POINT('',(30.058003604514,23.802598619185,
    -43.39013948773));
#2716 = CARTESIAN_POINT('',(30.058003604513,24.940990850708,
    -42.55080994963));
#2717 = CARTESIAN_POINT('',(30.058003604513,26.046042217284,
    -41.70397734409));
#2718 = CARTESIAN_POINT('',(30.058003604515,26.764978410423,
    -41.14537350936));
#2719 = CARTESIAN_POINT('',(30.05800360451,27.487582778686,
    -40.58115247767));
#2720 = CARTESIAN_POINT('',(30.058003604517,28.21990585061,
    -40.01087455001));
#2721 = CARTESIAN_POINT('',(30.05800360451,28.967008287178,
    -39.43449101039));
#2722 = CARTESIAN_POINT('',(30.058003604515,29.733287135411,
    -38.85225905472));
#2723 = CARTESIAN_POINT('',(30.058003604513,30.522705168995,
    -38.2646996049));
#2724 = CARTESIAN_POINT('',(30.058003604514,32.155137185442,
    -37.08039093844));
#2725 = CARTESIAN_POINT('',(30.058003604513,33.908587890198,
    -35.88140844824));
#2726 = CARTESIAN_POINT('',(30.058003604515,34.819024331028,
    -35.27917492373));
#2727 = CARTESIAN_POINT('',(30.058003604511,35.766425249776,
    -34.67531743499));
#2728 = CARTESIAN_POINT('',(30.058003604516,36.753935423441,
    -34.07112158175));
#2729 = CARTESIAN_POINT('',(30.058003604512,37.784643295899,
    -33.468029354));
#2730 = CARTESIAN_POINT('',(30.058003604514,38.861607132941,
    -32.86763612241));
#2731 = CARTESIAN_POINT('',(30.058003604513,39.987865942968,
    -32.27169077922));
#2732 = CARTESIAN_POINT('',(30.058003604513,43.523590906719,
    -30.50290534843));
#2733 = CARTESIAN_POINT('',(30.058003604513,47.557125787634,
    -28.80975169533));
#2734 = CARTESIAN_POINT('',(30.058003604513,50.49136716048,
    -27.73102360593));
#2735 = CARTESIAN_POINT('',(30.058003604514,53.694395049542,
    -26.72117880011));
#2736 = CARTESIAN_POINT('',(30.058003604512,57.189189014912,
    -25.80140481549));
#2737 = CARTESIAN_POINT('',(30.058003604515,60.99748481257,
    -24.99501862498));
#2738 = CARTESIAN_POINT('',(30.058003604512,65.139310319578,
    -24.32687902469));
#2739 = CARTESIAN_POINT('',(30.058003604514,69.632890667684,
    -23.82270048892));
#2740 = CARTESIAN_POINT('',(30.058003604513,74.494815281345,
    -23.50858220357));
#2741 = CARTESIAN_POINT('',(30.058003604513,79.740267848924,
    -23.41064760448));
#2742 = CARTESIAN_POINT('',(32.227986812885,-4.196053620783,1.));
#2743 = CARTESIAN_POINT('',(32.227986812886,-3.838166432804,
    -1.405370742484));
#2744 = CARTESIAN_POINT('',(32.227986812885,-3.499020686807,
    -3.678217601819));
#2745 = CARTESIAN_POINT('',(32.227986812887,-3.176838464547,
    -5.822188401164));
#2746 = CARTESIAN_POINT('',(32.227986812882,-2.86985638697,
    -7.841025235048));
#2747 = CARTESIAN_POINT('',(32.22798681289,-2.5763285429,-9.738594527647
    ));
#2748 = CARTESIAN_POINT('',(32.227986812881,-2.294523720441,
    -11.51893021174));
#2749 = CARTESIAN_POINT('',(32.227986812888,-2.022731686826,
    -13.18629879388));
#2750 = CARTESIAN_POINT('',(32.227986812884,-1.759240338114,
    -14.74530313483));
#2751 = CARTESIAN_POINT('',(32.227986812886,-1.373877004681,
    -16.92893045361));
#2752 = CARTESIAN_POINT('',(32.227986812885,-0.999048405302,
    -18.89374089903));
#2753 = CARTESIAN_POINT('',(32.227986812886,-0.875038513886,
    -19.52511482048));
#2754 = CARTESIAN_POINT('',(32.227986812885,-0.751712654302,
    -20.1337316161));
#2755 = CARTESIAN_POINT('',(32.227986812886,-0.628804867283,
    -20.72046423568));
#2756 = CARTESIAN_POINT('',(32.227986812885,-0.506023929232,
    -21.28626868332));
#2757 = CARTESIAN_POINT('',(32.227986812886,-0.383040118557,
    -21.8322024138));
#2758 = CARTESIAN_POINT('',(32.227986812885,-0.259464577345,
    -22.35944938002));
#2759 = CARTESIAN_POINT('',(32.227986812886,-1.016276732253E-02,
    -23.37925467028));
#2760 = CARTESIAN_POINT('',(32.227986812885,0.246028255919,
    -24.33578878341));
#2761 = CARTESIAN_POINT('',(32.227986812887,0.376493031823,
    -24.79976438366));
#2762 = CARTESIAN_POINT('',(32.227986812882,0.510137125469,
    -25.25116031106));
#2763 = CARTESIAN_POINT('',(32.227986812889,0.648003499472,
    -25.69189111385));
#2764 = CARTESIAN_POINT('',(32.227986812883,0.79146453973,
    -26.12411312025));
#2765 = CARTESIAN_POINT('',(32.227986812886,0.942387100821,
    -26.55016536066));
#2766 = CARTESIAN_POINT('',(32.227986812885,1.103322523278,
    -26.97255903068));
#2767 = CARTESIAN_POINT('',(32.227986812885,1.365211490387,
    -27.6040410558));
#2768 = CARTESIAN_POINT('',(32.227986812885,1.668130858805,
    -28.23482550785));
#2769 = CARTESIAN_POINT('',(32.227986812885,1.774235239656,
    -28.4451464416));
#2770 = CARTESIAN_POINT('',(32.227986812887,1.886101558252,
    -28.6555917699));
#2771 = CARTESIAN_POINT('',(32.227986812882,2.004414213972,
    -28.8661260106));
#2772 = CARTESIAN_POINT('',(32.227986812889,2.129897214996,
    -29.0765805725));
#2773 = CARTESIAN_POINT('',(32.227986812883,2.263287707114,
    -29.28661280805));
#2774 = CARTESIAN_POINT('',(32.227986812886,2.405285493215,
    -29.49566801866));
#2775 = CARTESIAN_POINT('',(32.227986812885,2.707668886931,
    -29.91025943644));
#2776 = CARTESIAN_POINT('',(32.227986812886,3.048428829477,
    -30.31387917144));
#2777 = CARTESIAN_POINT('',(32.227986812884,3.228803240462,
    -30.51196276826));
#2778 = CARTESIAN_POINT('',(32.227986812888,3.419385480089,
    -30.7051348383));
#2779 = CARTESIAN_POINT('',(32.227986812881,3.620130739921,
    -30.89203723614));
#2780 = CARTESIAN_POINT('',(32.22798681289,3.830661328028,
    -31.07119686501));
#2781 = CARTESIAN_POINT('',(32.227986812882,4.050225597821,
    -31.24115166308));
#2782 = CARTESIAN_POINT('',(32.227986812886,4.277732761919,
    -31.40059878546));
#2783 = CARTESIAN_POINT('',(32.227986812885,4.746001505474,
    -31.69640013018));
#2784 = CARTESIAN_POINT('',(32.227986812886,5.235074751876,
    -31.94308342261));
#2785 = CARTESIAN_POINT('',(32.227986812884,5.483386445728,
    -32.0534126153));
#2786 = CARTESIAN_POINT('',(32.227986812888,5.733938194449,
    -32.15030230367));
#2787 = CARTESIAN_POINT('',(32.227986812882,5.985201359089,
    -32.23367615293));
#2788 = CARTESIAN_POINT('',(32.227986812888,6.235790449496,
    -32.30379217911));
#2789 = CARTESIAN_POINT('',(32.227986812884,6.484548943051,
    -32.36116096816));
#2790 = CARTESIAN_POINT('',(32.227986812886,6.730573347127,
    -32.40644709049));
#2791 = CARTESIAN_POINT('',(32.227986812885,7.215822422414,
    -32.47435046663));
#2792 = CARTESIAN_POINT('',(32.227986812886,7.68564966213,
    -32.50001602584));
#2793 = CARTESIAN_POINT('',(32.227986812884,7.916252180445,
    -32.50306438272));
#2794 = CARTESIAN_POINT('',(32.227986812888,8.142297720724,
    -32.49713068535));
#2795 = CARTESIAN_POINT('',(32.227986812882,8.363721385062,
    -32.48298936787));
#2796 = CARTESIAN_POINT('',(32.227986812888,8.580593384189,
    -32.46135333626));
#2797 = CARTESIAN_POINT('',(32.227986812884,8.793077345676,
    -32.43286177487));
#2798 = CARTESIAN_POINT('',(32.227986812886,9.001398596024,
    -32.39808034075));
#2799 = CARTESIAN_POINT('',(32.227986812885,9.614664643872,
    -32.2763537501));
#2800 = CARTESIAN_POINT('',(32.227986812886,10.195399946775,
    -32.10637686717));
#2801 = CARTESIAN_POINT('',(32.227986812883,10.57037628598,
    -31.97507795271));
#2802 = CARTESIAN_POINT('',(32.227986812889,10.935790327384,
    -31.82825440055));
#2803 = CARTESIAN_POINT('',(32.227986812881,11.294055041906,
    -31.6675720717));
#2804 = CARTESIAN_POINT('',(32.227986812889,11.647279590316,
    -31.49425367925));
#2805 = CARTESIAN_POINT('',(32.227986812884,11.997296627994,
    -31.30920999131));
#2806 = CARTESIAN_POINT('',(32.227986812886,12.345686143422,
    -31.11316325859));
#2807 = CARTESIAN_POINT('',(32.227986812884,13.041954306701,
    -30.70024602707));
#2808 = CARTESIAN_POINT('',(32.227986812886,13.741989421917,
    -30.2477033995));
#2809 = CARTESIAN_POINT('',(32.227986812881,14.094145984829,
    -30.01203116438));
#2810 = CARTESIAN_POINT('',(32.227986812894,14.449464060738,
    -29.76737755088));
#2811 = CARTESIAN_POINT('',(32.227986812875,14.808827506744,
    -29.51411799055));
#2812 = CARTESIAN_POINT('',(32.227986812894,15.173011406496,
    -29.25260455699));
#2813 = CARTESIAN_POINT('',(32.227986812881,15.54270529251,
    -28.98317617112));
#2814 = CARTESIAN_POINT('',(32.227986812886,15.918530289116,
    -28.70616475441));
#2815 = CARTESIAN_POINT('',(32.227986812885,17.024525206624,
    -27.88426174328));
#2816 = CARTESIAN_POINT('',(32.227986812886,18.190850512654,
    -27.00446986345));
#2817 = CARTESIAN_POINT('',(32.227986812884,18.983123299075,
    -26.40641864337));
#2818 = CARTESIAN_POINT('',(32.227986812887,19.8076722811,
    -25.78804014376));
#2819 = CARTESIAN_POINT('',(32.227986812883,20.667106810692,
    -25.15159950487));
#2820 = CARTESIAN_POINT('',(32.227986812888,21.56382040091,
    -24.49940340313));
#2821 = CARTESIAN_POINT('',(32.227986812883,22.500060191869,
    -23.83379524946));
#2822 = CARTESIAN_POINT('',(32.227986812886,23.477975108915,
    -23.15715538914));
#2823 = CARTESIAN_POINT('',(32.227986812885,25.521313478889,
    -21.78663564669));
#2824 = CARTESIAN_POINT('',(32.227986812885,27.747791804854,
    -20.39140910751));
#2825 = CARTESIAN_POINT('',(32.227986812886,28.908846630435,
    -19.69006238878));
#2826 = CARTESIAN_POINT('',(32.227986812884,30.119699245753,
    -18.9874567106));
#2827 = CARTESIAN_POINT('',(32.227986812887,31.3823033432,
    -18.28609636497));
#2828 = CARTESIAN_POINT('',(32.227986812884,32.698595207144,
    -17.58851523242));
#2829 = CARTESIAN_POINT('',(32.227986812886,34.070499137289,
    -16.89727717043));
#2830 = CARTESIAN_POINT('',(32.227986812885,35.499929659735,
    -16.2149764592));
#2831 = CARTESIAN_POINT('',(32.227986812886,39.96651615847,
    -14.20276059079));
#2832 = CARTESIAN_POINT('',(32.227986812885,44.985035012835,
    -12.31849335984));
#2833 = CARTESIAN_POINT('',(32.227986812886,48.591171097155,
    -11.14041676788));
#2834 = CARTESIAN_POINT('',(32.227986812885,52.4727439711,
    -10.06215214542));
#2835 = CARTESIAN_POINT('',(32.227986812886,56.64452446812,
    -9.105863394974));
#2836 = CARTESIAN_POINT('',(32.227986812885,61.120949628054,
    -8.294099086883));
#2837 = CARTESIAN_POINT('',(32.227986812885,65.916050958947,
    -7.649655469074));
#2838 = CARTESIAN_POINT('',(32.227986812885,71.043461396315,
    -7.195433584025));
#2839 = CARTESIAN_POINT('',(32.227986812885,76.516467198088,
    -6.954350063798));
#2840 = CARTESIAN_POINT('',(32.227986812885,82.348068390036,
    -6.94927275725));
#2841 = ADVANCED_FACE('',(#2842),#2931,.T.);
#2842 = FACE_BOUND('',#2843,.T.);
#2843 = EDGE_LOOP('',(#2844,#2845,#2860,#2861,#2862,#2870,#2871,#2885,
    #2922));
#2844 = ORIENTED_EDGE('',*,*,#320,.F.);
#2845 = ORIENTED_EDGE('',*,*,#2846,.F.);
#2846 = EDGE_CURVE('',#32,#313,#2847,.T.);
#2847 = B_SPLINE_CURVE_WITH_KNOTS('',6,(#2848,#2849,#2850,#2851,#2852,
    #2853,#2854,#2855,#2856,#2857,#2858,#2859),.UNSPECIFIED.,.F.,.F.,(7,
    5,7),(0.,9.72075086156E-02,1.),.UNSPECIFIED.);
#2848 = CARTESIAN_POINT('',(35.634208527372,44.727792794989,
    -25.38142507487));
#2849 = CARTESIAN_POINT('',(35.442554355816,44.762385366318,
    -25.11005457872));
#2850 = CARTESIAN_POINT('',(35.252560569363,44.796678246858,
    -24.83747334256));
#2851 = CARTESIAN_POINT('',(35.064235723206,44.83066989244,
    -24.56369498419));
#2852 = CARTESIAN_POINT('',(34.877588465142,44.864358742182,
    -24.28873303945));
#2853 = CARTESIAN_POINT('',(34.692627535571,44.897743218489,
    -24.01260096223));
#2854 = CARTESIAN_POINT('',(32.807322884899,45.23803080564,
    -21.16005549835));
#2855 = CARTESIAN_POINT('',(31.251683364126,45.518815568365,
    -18.48530518901));
#2856 = CARTESIAN_POINT('',(29.849058230816,45.771982037838,
    -15.72120869118));
#2857 = CARTESIAN_POINT('',(28.6076732136,45.996045513247,-12.8781869742
    ));
#2858 = CARTESIAN_POINT('',(27.53664830715,46.189359883456,
    -9.967301798552));
#2859 = CARTESIAN_POINT('',(26.646596583182,46.350009544762,-7.));
#2860 = ORIENTED_EDGE('',*,*,#39,.T.);
#2861 = ORIENTED_EDGE('',*,*,#1878,.F.);
#2862 = ORIENTED_EDGE('',*,*,#2863,.F.);
#2863 = EDGE_CURVE('',#1749,#1879,#2864,.T.);
#2864 = B_SPLINE_CURVE_WITH_KNOTS('',4,(#2865,#2866,#2867,#2868,#2869),
  .UNSPECIFIED.,.F.,.F.,(5,5),(0.,1.),.PIECEWISE_BEZIER_KNOTS.);
#2865 = CARTESIAN_POINT('',(32.274999160185,70.357957622875,
    -7.081213864472));
#2866 = CARTESIAN_POINT('',(32.263128883194,70.126771370493,
    -7.190791826059));
#2867 = CARTESIAN_POINT('',(32.251336052894,69.895343959786,
    -7.300372615617));
#2868 = CARTESIAN_POINT('',(32.239621681505,69.663675672297,
    -7.409957708981));
#2869 = CARTESIAN_POINT('',(32.227986812885,69.431766897942,
    -7.51954862739));
#2870 = ORIENTED_EDGE('',*,*,#1746,.F.);
#2871 = ORIENTED_EDGE('',*,*,#2872,.F.);
#2872 = EDGE_CURVE('',#2873,#1747,#2875,.T.);
#2873 = VERTEX_POINT('',#2874);
#2874 = CARTESIAN_POINT('',(29.689301656878,73.102479385913,
    -1.925995312197));
#2875 = B_SPLINE_CURVE_WITH_KNOTS('',8,(#2876,#2877,#2878,#2879,#2880,
    #2881,#2882,#2883,#2884),.UNSPECIFIED.,.F.,.F.,(9,9),(0.,1.),
  .PIECEWISE_BEZIER_KNOTS.);
#2876 = CARTESIAN_POINT('',(29.689301646093,73.102479424397,
    -1.925995338431));
#2877 = CARTESIAN_POINT('',(29.863351021376,73.135042069339,
    -2.18258651845));
#2878 = CARTESIAN_POINT('',(30.033244930756,73.131120752559,
    -2.446353845165));
#2879 = CARTESIAN_POINT('',(30.196458118091,73.093049458748,
    -2.713165667784));
#2880 = CARTESIAN_POINT('',(30.351156583132,73.02416633083,
    -2.979664031924));
#2881 = CARTESIAN_POINT('',(30.496044303055,72.927865916661,
    -3.243219991211));
#2882 = CARTESIAN_POINT('',(30.630352633044,72.807474777468,
    -3.501881971243));
#2883 = CARTESIAN_POINT('',(30.7537394902,72.66590355262,-3.754361211777
    ));
#2884 = CARTESIAN_POINT('',(30.866164637957,72.505394310137,
    -4.000000000122));
#2885 = ORIENTED_EDGE('',*,*,#2886,.F.);
#2886 = EDGE_CURVE('',#2887,#2873,#2889,.T.);
#2887 = VERTEX_POINT('',#2888);
#2888 = CARTESIAN_POINT('',(25.615006277669,46.450916504174,
    -3.107210293048));
#2889 = B_SPLINE_CURVE_WITH_KNOTS('',11,(#2890,#2891,#2892,#2893,#2894,
    #2895,#2896,#2897,#2898,#2899,#2900,#2901,#2902,#2903,#2904,#2905,
    #2906,#2907,#2908,#2909,#2910,#2911,#2912,#2913,#2914,#2915,#2916,
    #2917,#2918,#2919,#2920,#2921),.UNSPECIFIED.,.F.,.F.,(12,10,10,12),(
    -1.860716001416,-5.607434573631E-02,29.70654608499,31.494119992967),
  .UNSPECIFIED.);
#2890 = CARTESIAN_POINT('',(25.526077842048,44.439791680779,
    -3.190269530578));
#2891 = CARTESIAN_POINT('',(25.533673193698,44.61173563469,
    -3.183168530425));
#2892 = CARTESIAN_POINT('',(25.541230224933,44.782812089121,
    -3.176103356562));
#2893 = CARTESIAN_POINT('',(25.548748935753,44.95302104407,
    -3.169074008988));
#2894 = CARTESIAN_POINT('',(25.556229326158,45.122362499537,
    -3.162080487705));
#2895 = CARTESIAN_POINT('',(25.563671396149,45.290836455522,
    -3.155122792712));
#2896 = CARTESIAN_POINT('',(25.571075145725,45.458442912026,
    -3.148200924009));
#2897 = CARTESIAN_POINT('',(25.578440574886,45.625181869049,
    -3.141314881596));
#2898 = CARTESIAN_POINT('',(25.585767683633,45.791053326589,
    -3.134464665472));
#2899 = CARTESIAN_POINT('',(25.593056471964,45.956057284649,
    -3.127650275639));
#2900 = CARTESIAN_POINT('',(25.600306939881,46.120193743226,
    -3.120871712096));
#2901 = CARTESIAN_POINT('',(25.726463703301,48.976136919612,
    -3.002925995068));
#2902 = CARTESIAN_POINT('',(25.896458613855,51.664307724265,
    -2.890136321489));
#2903 = CARTESIAN_POINT('',(26.120251730174,54.347101186812,
    -2.77576329454));
#2904 = CARTESIAN_POINT('',(26.401021897434,57.02127515313,
    -2.659989087138));
#2905 = CARTESIAN_POINT('',(26.742177829267,59.686818904992,
    -2.542685157177));
#2906 = CARTESIAN_POINT('',(27.148682937386,62.34164501404,
    -2.424214286831));
#2907 = CARTESIAN_POINT('',(27.624785005861,64.979816064591,
    -2.304546716459));
#2908 = CARTESIAN_POINT('',(28.176870959892,67.600669998404,
    -2.184170252512));
#2909 = CARTESIAN_POINT('',(28.812635848946,70.198646254725,
    -2.063182198969));
#2910 = CARTESIAN_POINT('',(29.540283180294,72.765455491451,
    -1.94237017511));
#2911 = CARTESIAN_POINT('',(30.421212810114,75.444353858276,
    -1.8151894445));
#2912 = CARTESIAN_POINT('',(30.471622229726,75.597648409053,
    -1.807911783948));
#2913 = CARTESIAN_POINT('',(30.522529274298,75.752456232457,
    -1.800562280761));
#2914 = CARTESIAN_POINT('',(30.57393394383,75.908777328486,
    -1.793140934939));
#2915 = CARTESIAN_POINT('',(30.625836238323,76.066611697141,
    -1.785647746482));
#2916 = CARTESIAN_POINT('',(30.678236157777,76.225959338422,
    -1.778082715389));
#2917 = CARTESIAN_POINT('',(30.731133702191,76.386820252328,
    -1.770445841661));
#2918 = CARTESIAN_POINT('',(30.784528871566,76.549194438861,
    -1.762737125298));
#2919 = CARTESIAN_POINT('',(30.838421665901,76.713081898019,
    -1.7549565663));
#2920 = CARTESIAN_POINT('',(30.892812085197,76.878482629803,
    -1.747104164666));
#2921 = CARTESIAN_POINT('',(30.947700129454,77.045396634213,
    -1.739179920398));
#2922 = ORIENTED_EDGE('',*,*,#2923,.T.);
#2923 = EDGE_CURVE('',#2887,#280,#2924,.T.);
#2924 = B_SPLINE_CURVE_WITH_KNOTS('',5,(#2925,#2926,#2927,#2928,#2929,
    #2930),.UNSPECIFIED.,.F.,.F.,(6,6),(0.,1.),
  .PIECEWISE_BEZIER_KNOTS.);
#2925 = CARTESIAN_POINT('',(25.615006276858,46.450916504089,
    -3.107210293419));
#2926 = CARTESIAN_POINT('',(25.653288818555,46.410453307332,
    -3.283925781643));
#2927 = CARTESIAN_POINT('',(25.693078143952,46.380135857504,
    -3.462346989849));
#2928 = CARTESIAN_POINT('',(25.734312062512,46.360007477069,
    -3.641673084326));
#2929 = CARTESIAN_POINT('',(25.776920355294,46.350009511036,
    -3.821134411437));
#2930 = CARTESIAN_POINT('',(25.820816365991,46.350009507632,
    -3.999999923873));
#2931 = B_SPLINE_SURFACE_WITH_KNOTS('',14,1,(
    (#2932,#2933)
    ,(#2934,#2935)
    ,(#2936,#2937)
    ,(#2938,#2939)
    ,(#2940,#2941)
    ,(#2942,#2943)
    ,(#2944,#2945)
    ,(#2946,#2947)
    ,(#2948,#2949)
    ,(#2950,#2951)
    ,(#2952,#2953)
    ,(#2954,#2955)
    ,(#2956,#2957)
    ,(#2958,#2959)
    ,(#2960,#2961)
    ,(#2962,#2963)
    ,(#2964,#2965)
    ,(#2966,#2967)
    ,(#2968,#2969)
    ,(#2970,#2971)
    ,(#2972,#2973)
    ,(#2974,#2975)
    ,(#2976,#2977)
    ,(#2978,#2979)
    ,(#2980,#2981)
    ,(#2982,#2983)
    ,(#2984,#2985)
    ,(#2986,#2987
    )),.UNSPECIFIED.,.T.,.F.,.F.,(15,13,15),(2,2),(0.,3.14159265359,
    6.28318530718),(0.,1.),.UNSPECIFIED.);
#2932 = CARTESIAN_POINT('',(79.771900000014,8.894206569963,
    -72.34251041294));
#2933 = CARTESIAN_POINT('',(55.012099999986,95.334348131838,
    -3.289161358083));
#2934 = CARTESIAN_POINT('',(91.143769767634,8.894206569963,
    -72.34251041293));
#2935 = CARTESIAN_POINT('',(62.532197654732,95.334348131844,
    -3.289161358088));
#2936 = CARTESIAN_POINT('',(102.51563885142,7.689502525745,
    -69.87250108312));
#2937 = CARTESIAN_POINT('',(70.052296697386,94.537690135445,
    -1.65577040766));
#2938 = CARTESIAN_POINT('',(113.16805161722,5.280094649824,
    -64.93248285917));
#2939 = CARTESIAN_POINT('',(77.096617458066,92.944373633452,
    1.611012537231));
#2940 = CARTESIAN_POINT('',(122.38153134898,1.756057482164,
    -57.70713591646));
#2941 = CARTESIAN_POINT('',(83.189407092485,90.613965992872,
    6.389056275164));
#2942 = CARTESIAN_POINT('',(129.50119900721,-2.702456101684,
    -48.56582838776));
#2943 = CARTESIAN_POINT('',(87.897559048919,87.665596679973,
    12.434109203794));
#2944 = CARTESIAN_POINT('',(134.00122438277,-7.83510109321,
    -38.04234664416));
#2945 = CARTESIAN_POINT('',(90.873378303566,84.271433579321,
    19.393174848004));
#2946 = CARTESIAN_POINT('',(135.54061815816,-13.32108419875,
    -26.79441440803));
#2947 = CARTESIAN_POINT('',(91.891369047433,80.64361041036,
    26.831314627895));
#2948 = CARTESIAN_POINT('',(134.00122438277,-18.8070673043,
    -15.5464821719));
#2949 = CARTESIAN_POINT('',(90.87337967701,77.015787348786,
    34.269454187611));
#2950 = CARTESIAN_POINT('',(129.50119900721,-23.93971229582,
    -5.023000428306));
#2951 = CARTESIAN_POINT('',(87.897559347252,73.621623912953,
    41.228520519048));
#2952 = CARTESIAN_POINT('',(122.38153134897,-28.39822587967,
    4.118307100391));
#2953 = CARTESIAN_POINT('',(83.189403808732,70.673255242958,
    47.273572129531));
#2954 = CARTESIAN_POINT('',(113.16805161723,-31.92226304733,
    11.343654043104));
#2955 = CARTESIAN_POINT('',(77.096621162284,68.342846932143,
    52.051617241642));
#2956 = CARTESIAN_POINT('',(102.51563885141,-34.33167092325,
    16.283672267047));
#2957 = CARTESIAN_POINT('',(70.052295210097,66.749530788828,
    55.318399451133));
#2958 = CARTESIAN_POINT('',(91.143769767638,-35.53637496747,
    18.753681596868));
#2959 = CARTESIAN_POINT('',(62.532197605041,65.95287271717,
    56.951790555878));
#2960 = CARTESIAN_POINT('',(68.400030232392,-35.53637496747,
    18.75368159687));
#2961 = CARTESIAN_POINT('',(47.49200239493,65.95287271717,
    56.951790555878));
#2962 = CARTESIAN_POINT('',(57.028161148609,-34.33167092325,
    16.283672267041));
#2963 = CARTESIAN_POINT('',(39.971904789874,66.749530788828,
    55.318399451133));
#2964 = CARTESIAN_POINT('',(46.375748382799,-31.92226304733,
    11.343654043112));
#2965 = CARTESIAN_POINT('',(32.927578837688,68.342846932143,
    52.051617241642));
#2966 = CARTESIAN_POINT('',(37.162268651048,-28.39822587967,
    4.118307100386));
#2967 = CARTESIAN_POINT('',(26.834796191239,70.673255242958,
    47.273572129531));
#2968 = CARTESIAN_POINT('',(30.042600992815,-23.93971229582,
    -5.023000428309));
#2969 = CARTESIAN_POINT('',(22.126640652719,73.621623912953,
    41.228520519048));
#2970 = CARTESIAN_POINT('',(25.542575617256,-18.80706730429,
    -15.54648217189));
#2971 = CARTESIAN_POINT('',(19.150820322961,77.015787348786,
    34.269454187611));
#2972 = CARTESIAN_POINT('',(24.00318184186,-13.32108419875,
    -26.79441440803));
#2973 = CARTESIAN_POINT('',(18.132830952538,80.64361041036,
    26.831314627896));
#2974 = CARTESIAN_POINT('',(25.542575617254,-7.835101093211,
    -38.04234664417));
#2975 = CARTESIAN_POINT('',(19.150821696405,84.271433579322,
    19.393174848004));
#2976 = CARTESIAN_POINT('',(30.042600992816,-2.702456101683,
    -48.56582838776));
#2977 = CARTESIAN_POINT('',(22.126640951052,87.665596679973,
    12.434109203794));
#2978 = CARTESIAN_POINT('',(37.16226865105,1.756057482164,
    -57.70713591645));
#2979 = CARTESIAN_POINT('',(26.834792907488,90.61396599287,
    6.389056275163));
#2980 = CARTESIAN_POINT('',(46.375748382795,5.280094649824,
    -64.93248285918));
#2981 = CARTESIAN_POINT('',(32.927582541906,92.944373633451,
    1.61101253723));
#2982 = CARTESIAN_POINT('',(57.028161148612,7.689502525746,
    -69.87250108311));
#2983 = CARTESIAN_POINT('',(39.971903302579,94.537690135451,
    -1.655770407655));
#2984 = CARTESIAN_POINT('',(68.400030232391,8.894206569963,
    -72.34251041294));
#2985 = CARTESIAN_POINT('',(47.492002345245,95.334348131838,
    -3.289161358093));
#2986 = CARTESIAN_POINT('',(79.771900000014,8.894206569963,
    -72.34251041294));
#2987 = CARTESIAN_POINT('',(55.012099999986,95.334348131838,
    -3.289161358083));
#2988 = ADVANCED_FACE('',(#2989),#2994,.T.);
#2989 = FACE_BOUND('',#2990,.T.);
#2990 = EDGE_LOOP('',(#2991,#2992,#2993));
#2991 = ORIENTED_EDGE('',*,*,#2846,.T.);
#2992 = ORIENTED_EDGE('',*,*,#312,.T.);
#2993 = ORIENTED_EDGE('',*,*,#31,.T.);
#2994 = PLANE('',#2995);
#2995 = AXIS2_PLACEMENT_3D('',#2996,#2997,#2998);
#2996 = CARTESIAN_POINT('',(26.646596583182,46.350009544762,-7.));
#2997 = DIRECTION('',(-0.177624578447,-0.984098322898,0.));
#2998 = DIRECTION('',(0.984098322898,-0.177624578447,0.));
#2999 = ADVANCED_FACE('',(#3000),#3019,.F.);
#3000 = FACE_BOUND('',#3001,.F.);
#3001 = EDGE_LOOP('',(#3002,#3010,#3017,#3018));
#3002 = ORIENTED_EDGE('',*,*,#3003,.F.);
#3003 = EDGE_CURVE('',#3004,#252,#3006,.T.);
#3004 = VERTEX_POINT('',#3005);
#3005 = CARTESIAN_POINT('',(-23.05,62.25,-6.879188));
#3006 = LINE('',#3007,#3008);
#3007 = CARTESIAN_POINT('',(-23.05,62.25,-1.479188));
#3008 = VECTOR('',#3009,1.);
#3009 = DIRECTION('',(0.,0.,-1.));
#3010 = ORIENTED_EDGE('',*,*,#3011,.F.);
#3011 = EDGE_CURVE('',#3004,#3004,#3012,.T.);
#3012 = CIRCLE('',#3013,1.55);
#3013 = AXIS2_PLACEMENT_3D('',#3014,#3015,#3016);
#3014 = CARTESIAN_POINT('',(-21.5,62.25,-6.879188));
#3015 = DIRECTION('',(-1.224646799147E-16,-2.279063690107E-16,1.));
#3016 = DIRECTION('',(-1.,0.,-1.224646799147E-16));
#3017 = ORIENTED_EDGE('',*,*,#3003,.T.);
#3018 = ORIENTED_EDGE('',*,*,#251,.T.);
#3019 = CYLINDRICAL_SURFACE('',#3020,1.55);
#3020 = AXIS2_PLACEMENT_3D('',#3021,#3022,#3023);
#3021 = CARTESIAN_POINT('',(-21.5,62.25,-1.479188));
#3022 = DIRECTION('',(0.,0.,1.));
#3023 = DIRECTION('',(-1.,0.,0.));
#3024 = ADVANCED_FACE('',(#3025),#3045,.F.);
#3025 = FACE_BOUND('',#3026,.T.);
#3026 = EDGE_LOOP('',(#3027,#3036,#3037,#3038));
#3027 = ORIENTED_EDGE('',*,*,#3028,.F.);
#3028 = EDGE_CURVE('',#263,#3029,#3031,.T.);
#3029 = VERTEX_POINT('',#3030);
#3030 = CARTESIAN_POINT('',(16.260174962979,66.575321930896,-10.6));
#3031 = CIRCLE('',#3032,1.);
#3032 = AXIS2_PLACEMENT_3D('',#3033,#3034,#3035);
#3033 = CARTESIAN_POINT('',(15.260174962979,66.575321930896,-10.6));
#3034 = DIRECTION('',(0.,1.,-0.));
#3035 = DIRECTION('',(-1.,0.,0.));
#3036 = ORIENTED_EDGE('',*,*,#262,.F.);
#3037 = ORIENTED_EDGE('',*,*,#3028,.T.);
#3038 = ORIENTED_EDGE('',*,*,#3039,.T.);
#3039 = EDGE_CURVE('',#3029,#3029,#3040,.T.);
#3040 = CIRCLE('',#3041,4.85);
#3041 = AXIS2_PLACEMENT_3D('',#3042,#3043,#3044);
#3042 = CARTESIAN_POINT('',(21.110174962979,66.575321930896,-10.6));
#3043 = DIRECTION('',(0.,0.,-1.));
#3044 = DIRECTION('',(-1.,0.,0.));
#3045 = TOROIDAL_SURFACE('',#3046,5.85,1.);
#3046 = AXIS2_PLACEMENT_3D('',#3047,#3048,#3049);
#3047 = CARTESIAN_POINT('',(21.110174962979,66.575321930896,-10.6));
#3048 = DIRECTION('',(0.,0.,1.));
#3049 = DIRECTION('',(-1.,0.,0.));
#3050 = ADVANCED_FACE('',(#3051),#3104,.T.);
#3051 = FACE_BOUND('',#3052,.F.);
#3052 = EDGE_LOOP('',(#3053,#3063,#3092,#3093,#3094));
#3053 = ORIENTED_EDGE('',*,*,#3054,.F.);
#3054 = EDGE_CURVE('',#3055,#3057,#3059,.T.);
#3055 = VERTEX_POINT('',#3056);
#3056 = CARTESIAN_POINT('',(22.846000807111,49.406246139124,
    -0.112930325112));
#3057 = VERTEX_POINT('',#3058);
#3058 = CARTESIAN_POINT('',(-5.228064188425,49.406246139124,
    -0.112926916389));
#3059 = LINE('',#3060,#3061);
#3060 = CARTESIAN_POINT('',(24.99442536344,49.406246139124,
    -0.112930328103));
#3061 = VECTOR('',#3062,1.);
#3062 = DIRECTION('',(-1.,0.,0.));
#3063 = ORIENTED_EDGE('',*,*,#3064,.T.);
#3064 = EDGE_CURVE('',#3055,#2887,#3065,.T.);
#3065 = B_SPLINE_CURVE_WITH_KNOTS('',7,(#3066,#3067,#3068,#3069,#3070,
    #3071,#3072,#3073,#3074,#3075,#3076,#3077,#3078,#3079,#3080,#3081,
    #3082,#3083,#3084,#3085,#3086,#3087,#3088,#3089,#3090,#3091),
  .UNSPECIFIED.,.F.,.F.,(8,6,6,6,8),(0.,0.153296329026,0.504986077108,
    0.852084512921,1.),.UNSPECIFIED.);
#3066 = CARTESIAN_POINT('',(21.973094486434,50.350009314904,
    -2.749164932479E-15));
#3067 = CARTESIAN_POINT('',(22.070675281684,50.244175606971,
    1.266063314386E-09));
#3068 = CARTESIAN_POINT('',(22.169404513035,50.137183301537,
    -3.266919026377E-03));
#3069 = CARTESIAN_POINT('',(22.269153641833,50.029175393409,
    -9.929443826182E-03));
#3070 = CARTESIAN_POINT('',(22.369779332424,49.920310171957,
    -2.010879842593E-02));
#3071 = CARTESIAN_POINT('',(22.471123965001,49.810760566323,
    -3.39161707684E-02));
#3072 = CARTESIAN_POINT('',(22.573016148458,49.700713490631,
    -5.145013175299E-02));
#3073 = CARTESIAN_POINT('',(22.9098630544,49.337219229088,
    -0.121760910967));
#3074 = CARTESIAN_POINT('',(23.146356433791,49.082514007326,
    -0.190778739122));
#3075 = CARTESIAN_POINT('',(23.382537872733,48.828653571108,
    -0.28085482891));
#3076 = CARTESIAN_POINT('',(23.615818617771,48.578415014882,
    -0.39257542815));
#3077 = CARTESIAN_POINT('',(23.843289590064,48.334883949645,
    -0.525927394405));
#3078 = CARTESIAN_POINT('',(24.06193139785,48.101226830232,
    -0.680088137902));
#3079 = CARTESIAN_POINT('',(24.473254523115,47.66236276917,
    -1.024542347467));
#3080 = CARTESIAN_POINT('',(24.666244570137,47.456816673989,
    -1.214344169171));
#3081 = CARTESIAN_POINT('',(24.845176315817,47.266561255704,
    -1.421267149633));
#3082 = CARTESIAN_POINT('',(25.007528233541,47.094189677056,
    -1.642962125592));
#3083 = CARTESIAN_POINT('',(25.151317545344,46.941709845671,
    -1.876321266384));
#3084 = CARTESIAN_POINT('',(25.275448757007,46.810199719484,
    -2.117838825433));
#3085 = CARTESIAN_POINT('',(25.424086666623,46.652837905068,
    -2.468941647146));
#3086 = CARTESIAN_POINT('',(25.46488787094,46.609658945199,
    -2.574707699175));
#3087 = CARTESIAN_POINT('',(25.502056623332,46.570337586404,
    -2.681058996003));
#3088 = CARTESIAN_POINT('',(25.535603591383,46.534858158253,
    -2.787732330217));
#3089 = CARTESIAN_POINT('',(25.565566305242,46.503177218117,
    -2.894473237287));
#3090 = CARTESIAN_POINT('',(25.592006303267,46.4752266068,
    -3.001040440026));
#3091 = CARTESIAN_POINT('',(25.615006277669,46.450916504174,
    -3.107210293048));
#3092 = ORIENTED_EDGE('',*,*,#2923,.T.);
#3093 = ORIENTED_EDGE('',*,*,#279,.T.);
#3094 = ORIENTED_EDGE('',*,*,#3095,.F.);
#3095 = EDGE_CURVE('',#3057,#282,#3096,.T.);
#3096 = B_SPLINE_CURVE_WITH_KNOTS('',6,(#3097,#3098,#3099,#3100,#3101,
    #3102,#3103),.UNSPECIFIED.,.F.,.F.,(7,7),(0.,1.),
  .PIECEWISE_BEZIER_KNOTS.);
#3097 = CARTESIAN_POINT('',(-5.174991893768,50.350009544762,
    3.585093767744E-15));
#3098 = CARTESIAN_POINT('',(-5.233325227102,49.302811993565,
    4.055505767453E-15));
#3099 = CARTESIAN_POINT('',(-5.291658560435,48.255703541941,
    -0.328910744081));
#3100 = CARTESIAN_POINT('',(-5.349991893768,47.337248946201,
    -0.987239401439));
#3101 = CARTESIAN_POINT('',(-5.408325227102,46.678920288843,
    -1.905693997179));
#3102 = CARTESIAN_POINT('',(-5.466658560435,46.350009544762,
    -2.952802448803));
#3103 = CARTESIAN_POINT('',(-5.524991893768,46.350009544762,-4.));
#3104 = CYLINDRICAL_SURFACE('',#3105,4.);
#3105 = AXIS2_PLACEMENT_3D('',#3106,#3107,#3108);
#3106 = CARTESIAN_POINT('',(24.99442536344,50.350009544762,-4.));
#3107 = DIRECTION('',(-1.,0.,0.));
#3108 = DIRECTION('',(0.,0.,1.));
#3109 = ADVANCED_FACE('',(#3110),#3127,.T.);
#3110 = FACE_BOUND('',#3111,.T.);
#3111 = EDGE_LOOP('',(#3112,#3124,#3125,#3126));
#3112 = ORIENTED_EDGE('',*,*,#3113,.T.);
#3113 = EDGE_CURVE('',#282,#380,#3114,.T.);
#3114 = B_SPLINE_CURVE_WITH_KNOTS('',8,(#3115,#3116,#3117,#3118,#3119,
    #3120,#3121,#3122,#3123),.UNSPECIFIED.,.F.,.F.,(9,9),(0.,1.),
  .PIECEWISE_BEZIER_KNOTS.);
#3115 = CARTESIAN_POINT('',(-5.524991893768,46.350009544762,-4.));
#3116 = CARTESIAN_POINT('',(-6.241667692406,46.350009544762,-4.));
#3117 = CARTESIAN_POINT('',(-6.958343830873,46.510831409422,-4.));
#3118 = CARTESIAN_POINT('',(-7.632915114621,46.832473656911,-4.));
#3119 = CARTESIAN_POINT('',(-8.223286434617,47.301715003913,-4.));
#3120 = CARTESIAN_POINT('',(-8.692527781619,47.892086323909,-4.));
#3121 = CARTESIAN_POINT('',(-9.014170029108,48.566657607657,-4.));
#3122 = CARTESIAN_POINT('',(-9.174991893768,49.283333746124,-4.));
#3123 = CARTESIAN_POINT('',(-9.174991893768,50.000009544762,-4.));
#3124 = ORIENTED_EDGE('',*,*,#413,.T.);
#3125 = ORIENTED_EDGE('',*,*,#353,.T.);
#3126 = ORIENTED_EDGE('',*,*,#289,.F.);
#3127 = CYLINDRICAL_SURFACE('',#3128,3.65);
#3128 = AXIS2_PLACEMENT_3D('',#3129,#3130,#3131);
#3129 = CARTESIAN_POINT('',(-5.524991893768,50.000009544762,0.));
#3130 = DIRECTION('',(0.,0.,1.));
#3131 = DIRECTION('',(-1.,0.,0.));
#3132 = ADVANCED_FACE('',(#3133),#3216,.T.);
#3133 = FACE_BOUND('',#3134,.F.);
#3134 = EDGE_LOOP('',(#3135,#3146,#3155,#3163,#3175,#3176,#3185,#3193,
    #3202,#3211));
#3135 = ORIENTED_EDGE('',*,*,#3136,.F.);
#3136 = EDGE_CURVE('',#3137,#3139,#3141,.T.);
#3137 = VERTEX_POINT('',#3138);
#3138 = CARTESIAN_POINT('',(-9.006133369974,56.75000954476,
    -2.850063049861));
#3139 = VERTEX_POINT('',#3140);
#3140 = CARTESIAN_POINT('',(-9.171639623229,56.75000954476,
    -3.836271790509));
#3141 = CIRCLE('',#3142,4.);
#3142 = AXIS2_PLACEMENT_3D('',#3143,#3144,#3145);
#3143 = CARTESIAN_POINT('',(-5.174991893768,56.75000954476,-4.));
#3144 = DIRECTION('',(0.,-1.,0.));
#3145 = DIRECTION('',(1.224646799147E-16,0.,-1.));
#3146 = ORIENTED_EDGE('',*,*,#3147,.T.);
#3147 = EDGE_CURVE('',#3137,#3148,#3150,.T.);
#3148 = VERTEX_POINT('',#3149);
#3149 = CARTESIAN_POINT('',(-6.124991893768,56.75000954476,
    -0.114449845903));
#3150 = CIRCLE('',#3151,4.);
#3151 = AXIS2_PLACEMENT_3D('',#3152,#3153,#3154);
#3152 = CARTESIAN_POINT('',(-5.174991893768,56.75000954476,-4.));
#3153 = DIRECTION('',(0.,1.,-0.));
#3154 = DIRECTION('',(-1.224646799147E-16,0.,1.));
#3155 = ORIENTED_EDGE('',*,*,#3156,.F.);
#3156 = EDGE_CURVE('',#3157,#3148,#3159,.T.);
#3157 = VERTEX_POINT('',#3158);
#3158 = CARTESIAN_POINT('',(-6.124991893768,50.296579963594,
    -0.114449847037));
#3159 = LINE('',#3160,#3161);
#3160 = CARTESIAN_POINT('',(-6.124991893768,50.000009544762,
    -0.114449845903));
#3161 = VECTOR('',#3162,1.);
#3162 = DIRECTION('',(0.,1.,0.));
#3163 = ORIENTED_EDGE('',*,*,#3164,.T.);
#3164 = EDGE_CURVE('',#3157,#380,#3165,.T.);
#3165 = B_SPLINE_CURVE_WITH_KNOTS('',8,(#3166,#3167,#3168,#3169,#3170,
    #3171,#3172,#3173,#3174),.UNSPECIFIED.,.F.,.F.,(9,9),(0.,1.),
  .PIECEWISE_BEZIER_KNOTS.);
#3166 = CARTESIAN_POINT('',(-5.174991893768,50.350009544762,
    1.142603113569E-15));
#3167 = CARTESIAN_POINT('',(-5.960390057166,50.306259544762,
    2.684791556651E-15));
#3168 = CARTESIAN_POINT('',(-6.745788467785,50.262509544761,
    -0.176243155845));
#3169 = CARTESIAN_POINT('',(-7.485044831109,50.218759544764,
    -0.528727736514));
#3170 = CARTESIAN_POINT('',(-8.132026916888,50.17500954476,
    -1.042964976881));
#3171 = CARTESIAN_POINT('',(-8.646264157254,50.131259544763,
    -1.68994706266));
#3172 = CARTESIAN_POINT('',(-8.998748737924,50.087509544761,
    -2.429203425983));
#3173 = CARTESIAN_POINT('',(-9.174991893768,50.043759544762,
    -3.214601836603));
#3174 = CARTESIAN_POINT('',(-9.174991893768,50.000009544762,-4.));
#3175 = ORIENTED_EDGE('',*,*,#379,.T.);
#3176 = ORIENTED_EDGE('',*,*,#3177,.F.);
#3177 = EDGE_CURVE('',#3178,#382,#3180,.T.);
#3178 = VERTEX_POINT('',#3179);
#3179 = CARTESIAN_POINT('',(-6.124991893768,76.641020549718,
    -0.114449845903));
#3180 = ELLIPSE('',#3181,5.656854249492,4.);
#3181 = AXIS2_PLACEMENT_3D('',#3182,#3183,#3184);
#3182 = CARTESIAN_POINT('',(-5.174991893768,75.691020549718,-4.));
#3183 = DIRECTION('',(-0.707106781187,-0.707106781187,
    -8.659560562355E-17));
#3184 = DIRECTION('',(-0.707106781187,0.707106781187,-8.659560562355E-17
    ));
#3185 = ORIENTED_EDGE('',*,*,#3186,.F.);
#3186 = EDGE_CURVE('',#3187,#3178,#3189,.T.);
#3187 = VERTEX_POINT('',#3188);
#3188 = CARTESIAN_POINT('',(-6.124991893768,70.25000954476,
    -0.114449845903));
#3189 = LINE('',#3190,#3191);
#3190 = CARTESIAN_POINT('',(-6.124991893768,50.000009544762,
    -0.114449845903));
#3191 = VECTOR('',#3192,1.);
#3192 = DIRECTION('',(0.,1.,0.));
#3193 = ORIENTED_EDGE('',*,*,#3194,.F.);
#3194 = EDGE_CURVE('',#3195,#3187,#3197,.T.);
#3195 = VERTEX_POINT('',#3196);
#3196 = CARTESIAN_POINT('',(-9.006134736236,70.25000954476,
    -2.850067601721));
#3197 = CIRCLE('',#3198,4.);
#3198 = AXIS2_PLACEMENT_3D('',#3199,#3200,#3201);
#3199 = CARTESIAN_POINT('',(-5.174991893768,70.25000954476,-4.));
#3200 = DIRECTION('',(0.,1.,-0.));
#3201 = DIRECTION('',(-1.224646799147E-16,0.,1.));
#3202 = ORIENTED_EDGE('',*,*,#3203,.T.);
#3203 = EDGE_CURVE('',#3195,#3204,#3206,.T.);
#3204 = VERTEX_POINT('',#3205);
#3205 = CARTESIAN_POINT('',(-9.171639817754,70.25000954476,
    -3.836276539007));
#3206 = CIRCLE('',#3207,4.);
#3207 = AXIS2_PLACEMENT_3D('',#3208,#3209,#3210);
#3208 = CARTESIAN_POINT('',(-5.174991893768,70.25000954476,-4.));
#3209 = DIRECTION('',(0.,-1.,0.));
#3210 = DIRECTION('',(1.224646799147E-16,0.,-1.));
#3211 = ORIENTED_EDGE('',*,*,#3212,.F.);
#3212 = EDGE_CURVE('',#3139,#3204,#3213,.T.);
#3213 = B_SPLINE_CURVE_WITH_KNOTS('',1,(#3214,#3215),.UNSPECIFIED.,.F.,
  .F.,(2,2),(-6.740876616006,20.520000000001),.PIECEWISE_BEZIER_KNOTS.);
#3214 = CARTESIAN_POINT('',(-9.171639526097,50.009132579481,
    -3.836269419469));
#3215 = CARTESIAN_POINT('',(-9.171639918908,77.270009195486,
    -3.836279008225));
#3216 = CYLINDRICAL_SURFACE('',#3217,4.);
#3217 = AXIS2_PLACEMENT_3D('',#3218,#3219,#3220);
#3218 = CARTESIAN_POINT('',(-5.174991893768,50.000009544762,-4.));
#3219 = DIRECTION('',(0.,1.,0.));
#3220 = DIRECTION('',(-1.224646799147E-16,0.,1.));
#3221 = ADVANCED_FACE('',(#3222,#3233),#3243,.F.);
#3222 = FACE_BOUND('',#3223,.F.);
#3223 = EDGE_LOOP('',(#3224));
#3224 = ORIENTED_EDGE('',*,*,#3225,.T.);
#3225 = EDGE_CURVE('',#3226,#3226,#3228,.T.);
#3226 = VERTEX_POINT('',#3227);
#3227 = CARTESIAN_POINT('',(-24.45,62.25,-5.479188));
#3228 = CIRCLE('',#3229,2.95);
#3229 = AXIS2_PLACEMENT_3D('',#3230,#3231,#3232);
#3230 = CARTESIAN_POINT('',(-21.5,62.25,-5.479188));
#3231 = DIRECTION('',(-1.224646799147E-16,-2.279063690107E-16,1.));
#3232 = DIRECTION('',(-1.,0.,-1.224646799147E-16));
#3233 = FACE_BOUND('',#3234,.F.);
#3234 = EDGE_LOOP('',(#3235,#3236,#3237,#3238,#3239,#3240,#3241,#3242));
#3235 = ORIENTED_EDGE('',*,*,#1672,.F.);
#3236 = ORIENTED_EDGE('',*,*,#1730,.F.);
#3237 = ORIENTED_EDGE('',*,*,#397,.T.);
#3238 = ORIENTED_EDGE('',*,*,#437,.T.);
#3239 = ORIENTED_EDGE('',*,*,#453,.F.);
#3240 = ORIENTED_EDGE('',*,*,#476,.F.);
#3241 = ORIENTED_EDGE('',*,*,#502,.F.);
#3242 = ORIENTED_EDGE('',*,*,#540,.T.);
#3243 = PLANE('',#3244);
#3244 = AXIS2_PLACEMENT_3D('',#3245,#3246,#3247);
#3245 = CARTESIAN_POINT('',(-25.64225044688,64.691020549718,-5.479188));
#3246 = DIRECTION('',(1.224646799147E-16,2.279063690107E-16,-1.));
#3247 = DIRECTION('',(-2.791048053143E-32,1.,2.279063690107E-16));
#3248 = ADVANCED_FACE('',(#3249),#3254,.F.);
#3249 = FACE_BOUND('',#3250,.F.);
#3250 = EDGE_LOOP('',(#3251,#3252,#3253));
#3251 = ORIENTED_EDGE('',*,*,#594,.F.);
#3252 = ORIENTED_EDGE('',*,*,#832,.T.);
#3253 = ORIENTED_EDGE('',*,*,#1682,.F.);
#3254 = B_SPLINE_SURFACE_WITH_KNOTS('',1,10,(
    (#3255,#3256,#3257,#3258,#3259,#3260,#3261,#3262,#3263,#3264,#3265
      ,#3266,#3267,#3268,#3269,#3270,#3271,#3272,#3273,#3274,#3275,#3276
      ,#3277,#3278,#3279,#3280,#3281,#3282,#3283,#3284,#3285,#3286,#3287
      ,#3288,#3289,#3290,#3291,#3292,#3293,#3294,#3295,#3296,#3297,#3298
      ,#3299,#3300,#3301,#3302,#3303,#3304,#3305,#3306,#3307,#3308,#3309
      ,#3310,#3311,#3312,#3313,#3314,#3315,#3316,#3317,#3318,#3319,#3320
      ,#3321,#3322,#3323,#3324,#3325,#3326,#3327,#3328,#3329,#3330,#3331
      ,#3332,#3333,#3334,#3335,#3336,#3337,#3338,#3339,#3340,#3341,#3342
      ,#3343,#3344,#3345,#3346,#3347,#3348,#3349,#3350,#3351,#3352,#3353
      )
    ,(#3354,#3355,#3356,#3357,#3358,#3359,#3360,#3361,#3362,#3363,#3364
      ,#3365,#3366,#3367,#3368,#3369,#3370,#3371,#3372,#3373,#3374,#3375
      ,#3376,#3377,#3378,#3379,#3380,#3381,#3382,#3383,#3384,#3385,#3386
      ,#3387,#3388,#3389,#3390,#3391,#3392,#3393,#3394,#3395,#3396,#3397
      ,#3398,#3399,#3400,#3401,#3402,#3403,#3404,#3405,#3406,#3407,#3408
      ,#3409,#3410,#3411,#3412,#3413,#3414,#3415,#3416,#3417,#3418,#3419
      ,#3420,#3421,#3422,#3423,#3424,#3425,#3426,#3427,#3428,#3429,#3430
      ,#3431,#3432,#3433,#3434,#3435,#3436,#3437,#3438,#3439,#3440,#3441
      ,#3442,#3443,#3444,#3445,#3446,#3447,#3448,#3449,#3450,#3451,#3452
      )),.UNSPECIFIED.,.F.,.F.,.F.,(2,2),(11,8,8,8,8,8,8,8,8,8,8,8,11),(
    0.,84.527331663369),(0.,0.128490846931,0.192736270397,0.256981693862
    ,0.289104405595,0.321227117328,0.353349829061,0.385472540794,
    0.449717964259,0.513963387725,0.635472540794,0.756981693862,1.),
  .UNSPECIFIED.);
#3255 = CARTESIAN_POINT('',(-43.141255,79.623815,1.));
#3256 = CARTESIAN_POINT('',(-43.141255,79.98170218798,-1.347101362439));
#3257 = CARTESIAN_POINT('',(-43.14125499999,80.320802925808,
    -3.517324693939));
#3258 = CARTESIAN_POINT('',(-43.14125500001,80.642780005114,
    -5.506189611974));
#3259 = CARTESIAN_POINT('',(-43.14125499998,80.949131830555,
    -7.307462563369));
#3260 = CARTESIAN_POINT('',(-43.14125500002,81.241109444204,
    -8.91260551849));
#3261 = CARTESIAN_POINT('',(-43.14125499998,81.519472449466,
    -10.31001544068));
#3262 = CARTESIAN_POINT('',(-43.14125500001,81.784308330399,
    -11.48383118016));
#3263 = CARTESIAN_POINT('',(-43.14125499999,82.034155870504,
    -12.41217850037));
#3264 = CARTESIAN_POINT('',(-43.141255,82.380651870283,-13.39006958439)
  );
#3265 = CARTESIAN_POINT('',(-43.141255,82.659694654373,-13.6423955433));
#3266 = CARTESIAN_POINT('',(-43.141255,82.743822936561,-13.64012944986)
  );
#3267 = CARTESIAN_POINT('',(-43.141255,82.817219308192,-13.54478680869)
  );
#3268 = CARTESIAN_POINT('',(-43.14125499999,82.877430571185,
    -13.34853976039));
#3269 = CARTESIAN_POINT('',(-43.141255,82.921177096347,-13.04218739238)
  );
#3270 = CARTESIAN_POINT('',(-43.14125499999,82.944033038352,
    -12.61488601629));
#3271 = CARTESIAN_POINT('',(-43.141255,82.939944028942,-12.05379373128)
  );
#3272 = CARTESIAN_POINT('',(-43.14125499999,82.860946048515,
    -10.63352274564));
#3273 = CARTESIAN_POINT('',(-43.141255,82.591436767328,-8.545830280683)
  );
#3274 = CARTESIAN_POINT('',(-43.14125499999,82.396836923501,
    -7.317319994005));
#3275 = CARTESIAN_POINT('',(-43.14125500001,82.126419375465,
    -5.883751762487));
#3276 = CARTESIAN_POINT('',(-43.14125499998,81.759128600472,
    -4.222150944086));
#3277 = CARTESIAN_POINT('',(-43.14125500001,81.266922473494,
    -2.306698457404));
#3278 = CARTESIAN_POINT('',(-43.14125499999,80.612083706661,
    -0.110531903722));
#3279 = CARTESIAN_POINT('',(-43.141255,79.743865568997,2.393209809074));
#3280 = CARTESIAN_POINT('',(-43.14125499999,78.017743064987,
    6.636155357916));
#3281 = CARTESIAN_POINT('',(-43.141255,75.474440563255,11.592971299542)
  );
#3282 = CARTESIAN_POINT('',(-43.14125499999,74.525792457569,
    13.323610643297));
#3283 = CARTESIAN_POINT('',(-43.14125500001,73.465460630746,
    15.13011370487));
#3284 = CARTESIAN_POINT('',(-43.14125499998,72.282132662051,
    17.007936968879));
#3285 = CARTESIAN_POINT('',(-43.14125500001,70.964386669601,
    18.949975531919));
#3286 = CARTESIAN_POINT('',(-43.14125499999,69.501349663182,
    20.945949299157));
#3287 = CARTESIAN_POINT('',(-43.141255,67.883772420792,22.981950194384)
  );
#3288 = CARTESIAN_POINT('',(-43.14125499999,64.327143786301,
    27.099054336712));
#3289 = CARTESIAN_POINT('',(-43.141255,60.119747566023,31.225428651745)
  );
#3290 = CARTESIAN_POINT('',(-43.14125499998,57.851401065446,
    33.270700612156));
#3291 = CARTESIAN_POINT('',(-43.14125500001,55.420705407571,
    35.275052054628));
#3292 = CARTESIAN_POINT('',(-43.14125499998,52.835360981729,
    37.213545664672));
#3293 = CARTESIAN_POINT('',(-43.14125500001,50.109545390621,
    39.060685799983));
#3294 = CARTESIAN_POINT('',(-43.14125499999,47.264081176924,
    40.792858953839));
#3295 = CARTESIAN_POINT('',(-43.141255,44.325145048067,42.390829724894)
  );
#3296 = CARTESIAN_POINT('',(-43.14125499999,38.318355644099,
    45.291376886482));
#3297 = CARTESIAN_POINT('',(-43.141255,32.172181990463,47.57103703049));
#3298 = CARTESIAN_POINT('',(-43.14125499999,29.093860577892,
    48.548122857785));
#3299 = CARTESIAN_POINT('',(-43.141255,26.040488738253,49.360908924345)
  );
#3300 = CARTESIAN_POINT('',(-43.14125499999,23.040556571152,
    50.014089612807));
#3301 = CARTESIAN_POINT('',(-43.141255,20.11848530537,50.51770010238));
#3302 = CARTESIAN_POINT('',(-43.14125499999,17.293459350559,
    50.885265707134));
#3303 = CARTESIAN_POINT('',(-43.141255,14.579439629779,51.131928573496)
  );
#3304 = CARTESIAN_POINT('',(-43.141255,9.392069426938,51.41458689415));
#3305 = CARTESIAN_POINT('',(-43.141255,4.707818126629,51.336314552812));
#3306 = CARTESIAN_POINT('',(-43.141255,2.496917975042,51.222047904811));
#3307 = CARTESIAN_POINT('',(-43.14125499999,0.418810650129,
    51.047297411393));
#3308 = CARTESIAN_POINT('',(-43.141255,-1.528050616039,50.825394347061)
  );
#3309 = CARTESIAN_POINT('',(-43.14125499999,-3.34735417624,
    50.56795985463));
#3310 = CARTESIAN_POINT('',(-43.141255,-5.044128660518,50.284874468225)
  );
#3311 = CARTESIAN_POINT('',(-43.141255,-6.624176027389,49.984424473094)
  );
#3312 = CARTESIAN_POINT('',(-43.14125499999,-11.03264719498,
    49.051570879532));
#3313 = CARTESIAN_POINT('',(-43.141255,-14.50251040586,48.074994102875)
  );
#3314 = CARTESIAN_POINT('',(-43.14125499999,-16.44872952345,
    47.449654628138));
#3315 = CARTESIAN_POINT('',(-43.141255,-18.07962280752,46.87560484946));
#3316 = CARTESIAN_POINT('',(-43.14125499999,-19.43965180618,
    46.365195745936));
#3317 = CARTESIAN_POINT('',(-43.141255,-20.56584288108,45.924213526384)
  );
#3318 = CARTESIAN_POINT('',(-43.14125499999,-21.4888670655,
    45.554105460604));
#3319 = CARTESIAN_POINT('',(-43.141255,-22.23402284352,45.254082132851)
  );
#3320 = CARTESIAN_POINT('',(-43.141255,-23.41056972049,44.789805618915)
  );
#3321 = CARTESIAN_POINT('',(-43.141255,-24.02946292284,44.585290832459)
  );
#3322 = CARTESIAN_POINT('',(-43.141255,-24.21696625765,44.545026897825)
  );
#3323 = CARTESIAN_POINT('',(-43.14125499999,-24.29648098624,
    44.563059168055));
#3324 = CARTESIAN_POINT('',(-43.141255,-24.27928089141,44.635525284177)
  );
#3325 = CARTESIAN_POINT('',(-43.14125499999,-24.17458723749,
    44.75863472635));
#3326 = CARTESIAN_POINT('',(-43.141255,-23.99003047703,44.928746901305)
  );
#3327 = CARTESIAN_POINT('',(-43.141255,-23.73198486677,45.142404072906)
  );
#3328 = CARTESIAN_POINT('',(-43.141255,-22.78892235124,45.876665685829)
  );
#3329 = CARTESIAN_POINT('',(-43.141255,-21.3144384698,46.92221617531));
#3330 = CARTESIAN_POINT('',(-43.14125499999,-20.15334167253,
    47.71865597921));
#3331 = CARTESIAN_POINT('',(-43.141255,-18.81609337283,48.609402932899)
  );
#3332 = CARTESIAN_POINT('',(-43.14125499999,-17.31739056608,
    49.578588732551));
#3333 = CARTESIAN_POINT('',(-43.141255,-15.66825334541,50.612060974734)
  );
#3334 = CARTESIAN_POINT('',(-43.14125499999,-13.87724687143,
    51.696984266646));
#3335 = CARTESIAN_POINT('',(-43.141255,-11.95134441525,52.821626860984)
  );
#3336 = CARTESIAN_POINT('',(-43.141255,-7.841477964077,55.128638371572)
  );
#3337 = CARTESIAN_POINT('',(-43.14125499999,-3.236051602823,
    57.51081445416));
#3338 = CARTESIAN_POINT('',(-43.141255,-0.814588109177,58.710620730205)
  );
#3339 = CARTESIAN_POINT('',(-43.14125499999,1.721214398832,
    59.909850285565));
#3340 = CARTESIAN_POINT('',(-43.14125500001,4.367319417035,
    61.099869787477));
#3341 = CARTESIAN_POINT('',(-43.14125499999,7.119868795357,
    62.272654025112));
#3342 = CARTESIAN_POINT('',(-43.141255,9.975083897086,63.420768432454));
#3343 = CARTESIAN_POINT('',(-43.14125499999,12.929224007891,
    64.537367108385));
#3344 = CARTESIAN_POINT('',(-43.141255,22.077294463343,67.773842058755)
  );
#3345 = CARTESIAN_POINT('',(-43.14125499999,32.049489558535,
    70.619256694552));
#3346 = CARTESIAN_POINT('',(-43.14125500001,39.034715006977,
    72.296976255312));
#3347 = CARTESIAN_POINT('',(-43.14125499998,46.328822765372,
    73.719337461289));
#3348 = CARTESIAN_POINT('',(-43.14125500002,53.905300381782,
    74.859266080837));
#3349 = CARTESIAN_POINT('',(-43.14125499998,61.741878231558,
    75.698077989651));
#3350 = CARTESIAN_POINT('',(-43.14125500001,69.822430914539,
    76.223349896522));
#3351 = CARTESIAN_POINT('',(-43.14125499999,78.137496317467,
    76.426330055366));
#3352 = CARTESIAN_POINT('',(-43.141255,86.683748430159,76.300107517312)
  );
#3353 = CARTESIAN_POINT('',(-43.141255,95.463205214071,75.838187414519)
  );
#3354 = CARTESIAN_POINT('',(-32.22798681288,-4.196053620783,1.));
#3355 = CARTESIAN_POINT('',(-32.22798681288,-3.838166432804,
    -1.405370742484));
#3356 = CARTESIAN_POINT('',(-32.22798681288,-3.499020686806,
    -3.678217601818));
#3357 = CARTESIAN_POINT('',(-32.22798681289,-3.176838464548,
    -5.822188401166));
#3358 = CARTESIAN_POINT('',(-32.22798681287,-2.869856386969,
    -7.841025235045));
#3359 = CARTESIAN_POINT('',(-32.2279868129,-2.576328542901,
    -9.738594527651));
#3360 = CARTESIAN_POINT('',(-32.22798681287,-2.294523720441,
    -11.51893021174));
#3361 = CARTESIAN_POINT('',(-32.22798681289,-2.022731686826,
    -13.18629879388));
#3362 = CARTESIAN_POINT('',(-32.22798681288,-1.759240338114,
    -14.74530313483));
#3363 = CARTESIAN_POINT('',(-32.22798681288,-1.373877004681,
    -16.92893045361));
#3364 = CARTESIAN_POINT('',(-32.22798681288,-0.999048405302,
    -18.89374089903));
#3365 = CARTESIAN_POINT('',(-32.22798681288,-0.875038513886,
    -19.52511482048));
#3366 = CARTESIAN_POINT('',(-32.22798681289,-0.751712654302,
    -20.1337316161));
#3367 = CARTESIAN_POINT('',(-32.22798681288,-0.628804867283,
    -20.72046423568));
#3368 = CARTESIAN_POINT('',(-32.22798681289,-0.506023929233,
    -21.28626868333));
#3369 = CARTESIAN_POINT('',(-32.22798681288,-0.383040118557,
    -21.83220241379));
#3370 = CARTESIAN_POINT('',(-32.22798681288,-0.259464577345,
    -22.35944938002));
#3371 = CARTESIAN_POINT('',(-32.22798681288,-1.016276732268E-02,
    -23.37925467028));
#3372 = CARTESIAN_POINT('',(-32.22798681288,0.246028255919,
    -24.33578878341));
#3373 = CARTESIAN_POINT('',(-32.22798681288,0.376493031823,
    -24.79976438365));
#3374 = CARTESIAN_POINT('',(-32.22798681289,0.51013712547,
    -25.25116031107));
#3375 = CARTESIAN_POINT('',(-32.22798681288,0.648003499471,
    -25.69189111385));
#3376 = CARTESIAN_POINT('',(-32.22798681289,0.791464539731,
    -26.12411312025));
#3377 = CARTESIAN_POINT('',(-32.22798681288,0.94238710082,
    -26.55016536066));
#3378 = CARTESIAN_POINT('',(-32.22798681288,1.103322523278,
    -26.97255903068));
#3379 = CARTESIAN_POINT('',(-32.22798681288,1.365211490387,
    -27.6040410558));
#3380 = CARTESIAN_POINT('',(-32.22798681288,1.668130858805,
    -28.23482550785));
#3381 = CARTESIAN_POINT('',(-32.22798681288,1.774235239655,
    -28.44514644159));
#3382 = CARTESIAN_POINT('',(-32.22798681289,1.886101558253,
    -28.65559176991));
#3383 = CARTESIAN_POINT('',(-32.22798681287,2.004414213971,
    -28.86612601059));
#3384 = CARTESIAN_POINT('',(-32.22798681289,2.129897214997,
    -29.07658057251));
#3385 = CARTESIAN_POINT('',(-32.22798681288,2.263287707113,
    -29.28661280805));
#3386 = CARTESIAN_POINT('',(-32.22798681288,2.405285493215,
    -29.49566801867));
#3387 = CARTESIAN_POINT('',(-32.22798681288,2.70766888693,
    -29.91025943644));
#3388 = CARTESIAN_POINT('',(-32.22798681288,3.048428829477,
    -30.31387917144));
#3389 = CARTESIAN_POINT('',(-32.22798681287,3.228803240461,
    -30.51196276826));
#3390 = CARTESIAN_POINT('',(-32.2279868129,3.419385480091,
    -30.70513483831));
#3391 = CARTESIAN_POINT('',(-32.22798681287,3.620130739919,
    -30.89203723613));
#3392 = CARTESIAN_POINT('',(-32.22798681289,3.83066132803,
    -31.07119686502));
#3393 = CARTESIAN_POINT('',(-32.22798681288,4.05022559782,
    -31.24115166308));
#3394 = CARTESIAN_POINT('',(-32.22798681288,4.277732761919,
    -31.40059878546));
#3395 = CARTESIAN_POINT('',(-32.22798681288,4.746001505473,
    -31.69640013018));
#3396 = CARTESIAN_POINT('',(-32.22798681288,5.235074751876,
    -31.94308342261));
#3397 = CARTESIAN_POINT('',(-32.22798681288,5.483386445727,
    -32.05341261529));
#3398 = CARTESIAN_POINT('',(-32.22798681289,5.73393819445,
    -32.15030230368));
#3399 = CARTESIAN_POINT('',(-32.22798681287,5.985201359088,
    -32.23367615292));
#3400 = CARTESIAN_POINT('',(-32.22798681289,6.235790449497,
    -32.30379217912));
#3401 = CARTESIAN_POINT('',(-32.22798681288,6.48454894305,
    -32.36116096815));
#3402 = CARTESIAN_POINT('',(-32.22798681288,6.730573347127,
    -32.40644709049));
#3403 = CARTESIAN_POINT('',(-32.22798681288,7.215822422414,
    -32.47435046663));
#3404 = CARTESIAN_POINT('',(-32.22798681288,7.68564966213,
    -32.50001602584));
#3405 = CARTESIAN_POINT('',(-32.22798681288,7.916252180446,
    -32.50306438272));
#3406 = CARTESIAN_POINT('',(-32.22798681288,8.142297720723,
    -32.49713068534));
#3407 = CARTESIAN_POINT('',(-32.22798681288,8.363721385063,
    -32.48298936788));
#3408 = CARTESIAN_POINT('',(-32.22798681288,8.580593384188,
    -32.46135333625));
#3409 = CARTESIAN_POINT('',(-32.22798681288,8.793077345676,
    -32.43286177487));
#3410 = CARTESIAN_POINT('',(-32.22798681288,9.001398596024,
    -32.39808034075));
#3411 = CARTESIAN_POINT('',(-32.22798681288,9.614664643872,
    -32.2763537501));
#3412 = CARTESIAN_POINT('',(-32.22798681288,10.195399946776,
    -32.10637686717));
#3413 = CARTESIAN_POINT('',(-32.22798681288,10.57037628598,
    -31.9750779527));
#3414 = CARTESIAN_POINT('',(-32.22798681288,10.935790327386,
    -31.82825440055));
#3415 = CARTESIAN_POINT('',(-32.22798681288,11.294055041905,
    -31.66757207169));
#3416 = CARTESIAN_POINT('',(-32.22798681288,11.647279590317,
    -31.49425367925));
#3417 = CARTESIAN_POINT('',(-32.22798681288,11.997296627994,
    -31.3092099913));
#3418 = CARTESIAN_POINT('',(-32.22798681288,12.345686143422,
    -31.11316325859));
#3419 = CARTESIAN_POINT('',(-32.22798681288,13.041954306701,
    -30.70024602707));
#3420 = CARTESIAN_POINT('',(-32.22798681288,13.741989421917,
    -30.24770339951));
#3421 = CARTESIAN_POINT('',(-32.22798681288,14.094145984828,
    -30.01203116438));
#3422 = CARTESIAN_POINT('',(-32.22798681288,14.449464060738,
    -29.76737755089));
#3423 = CARTESIAN_POINT('',(-32.22798681288,14.808827506745,
    -29.51411799055));
#3424 = CARTESIAN_POINT('',(-32.22798681288,15.173011406495,
    -29.25260455699));
#3425 = CARTESIAN_POINT('',(-32.22798681288,15.54270529251,
    -28.98317617112));
#3426 = CARTESIAN_POINT('',(-32.22798681288,15.918530289116,
    -28.70616475441));
#3427 = CARTESIAN_POINT('',(-32.22798681288,17.024525206623,
    -27.88426174328));
#3428 = CARTESIAN_POINT('',(-32.22798681288,18.190850512654,
    -27.00446986345));
#3429 = CARTESIAN_POINT('',(-32.22798681288,18.983123299073,
    -26.40641864337));
#3430 = CARTESIAN_POINT('',(-32.22798681289,19.807672281104,
    -25.78804014376));
#3431 = CARTESIAN_POINT('',(-32.22798681288,20.667106810689,
    -25.15159950487));
#3432 = CARTESIAN_POINT('',(-32.22798681289,21.563820400913,
    -24.49940340313));
#3433 = CARTESIAN_POINT('',(-32.22798681288,22.500060191868,
    -23.83379524946));
#3434 = CARTESIAN_POINT('',(-32.22798681288,23.477975108915,
    -23.15715538914));
#3435 = CARTESIAN_POINT('',(-32.22798681288,25.521313478889,
    -21.78663564669));
#3436 = CARTESIAN_POINT('',(-32.22798681288,27.747791804854,
    -20.39140910751));
#3437 = CARTESIAN_POINT('',(-32.22798681289,28.908846630436,
    -19.69006238878));
#3438 = CARTESIAN_POINT('',(-32.22798681287,30.119699245752,
    -18.98745671059));
#3439 = CARTESIAN_POINT('',(-32.22798681289,31.382303343202,
    -18.28609636497));
#3440 = CARTESIAN_POINT('',(-32.22798681287,32.698595207142,
    -17.58851523242));
#3441 = CARTESIAN_POINT('',(-32.22798681289,34.070499137291,
    -16.89727717043));
#3442 = CARTESIAN_POINT('',(-32.22798681288,35.499929659734,
    -16.2149764592));
#3443 = CARTESIAN_POINT('',(-32.22798681288,39.966516158471,
    -14.20276059079));
#3444 = CARTESIAN_POINT('',(-32.22798681288,44.985035012833,
    -12.31849335983));
#3445 = CARTESIAN_POINT('',(-32.22798681289,48.591171097158,
    -11.14041676788));
#3446 = CARTESIAN_POINT('',(-32.22798681288,52.472743971097,
    -10.06215214541));
#3447 = CARTESIAN_POINT('',(-32.22798681289,56.64452446812,
    -9.10586339498));
#3448 = CARTESIAN_POINT('',(-32.22798681288,61.120949628056,
    -8.294099086878));
#3449 = CARTESIAN_POINT('',(-32.22798681289,65.916050958944,
    -7.649655469077));
#3450 = CARTESIAN_POINT('',(-32.22798681288,71.043461396317,
    -7.195433584024));
#3451 = CARTESIAN_POINT('',(-32.22798681288,76.516467198087,
    -6.954350063799));
#3452 = CARTESIAN_POINT('',(-32.22798681288,82.348068390036,
    -6.94927275725));
#3453 = ADVANCED_FACE('',(#3454),#3482,.T.);
#3454 = FACE_BOUND('',#3455,.F.);
#3455 = EDGE_LOOP('',(#3456,#3465,#3466,#3467,#3476));
#3456 = ORIENTED_EDGE('',*,*,#3457,.T.);
#3457 = EDGE_CURVE('',#3458,#3178,#3460,.T.);
#3458 = VERTEX_POINT('',#3459);
#3459 = CARTESIAN_POINT('',(-6.124991893768,77.593772950399,
    -0.481543903684));
#3460 = CIRCLE('',#3461,4.);
#3461 = AXIS2_PLACEMENT_3D('',#3462,#3463,#3464);
#3462 = CARTESIAN_POINT('',(-6.124991893768,75.691020549718,-4.));
#3463 = DIRECTION('',(1.,0.,1.224646799147E-16));
#3464 = DIRECTION('',(-1.224646799147E-16,0.,1.));
#3465 = ORIENTED_EDGE('',*,*,#3177,.T.);
#3466 = ORIENTED_EDGE('',*,*,#1723,.T.);
#3467 = ORIENTED_EDGE('',*,*,#3468,.F.);
#3468 = EDGE_CURVE('',#3469,#1716,#3471,.T.);
#3469 = VERTEX_POINT('',#3470);
#3470 = CARTESIAN_POINT('',(17.060213535368,77.593772950399,
    -0.481543903684));
#3471 = CIRCLE('',#3472,4.);
#3472 = AXIS2_PLACEMENT_3D('',#3473,#3474,#3475);
#3473 = CARTESIAN_POINT('',(17.060213535368,75.691020549718,-4.));
#3474 = DIRECTION('',(-1.,0.,-1.224646799147E-16));
#3475 = DIRECTION('',(-1.224646799147E-16,0.,1.));
#3476 = ORIENTED_EDGE('',*,*,#3477,.F.);
#3477 = EDGE_CURVE('',#3458,#3469,#3478,.T.);
#3478 = LINE('',#3479,#3480);
#3479 = CARTESIAN_POINT('',(-9.174991893768,77.593772950399,
    -0.481543903684));
#3480 = VECTOR('',#3481,1.);
#3481 = DIRECTION('',(1.,0.,1.224646799147E-16));
#3482 = CYLINDRICAL_SURFACE('',#3483,4.);
#3483 = AXIS2_PLACEMENT_3D('',#3484,#3485,#3486);
#3484 = CARTESIAN_POINT('',(-9.174991893768,75.691020549718,-4.));
#3485 = DIRECTION('',(1.,0.,1.224646799147E-16));
#3486 = DIRECTION('',(-1.224646799147E-16,0.,1.));
#3487 = ADVANCED_FACE('',(#3488),#3623,.T.);
#3488 = FACE_BOUND('',#3489,.T.);
#3489 = EDGE_LOOP('',(#3490,#3517,#3526,#3551,#3552,#3553,#3554,#3597));
#3490 = ORIENTED_EDGE('',*,*,#3491,.F.);
#3491 = EDGE_CURVE('',#3492,#3494,#3496,.T.);
#3492 = VERTEX_POINT('',#3493);
#3493 = CARTESIAN_POINT('',(25.075008106232,72.886792411941,
    1.535401420795E-15));
#3494 = VERTEX_POINT('',#3495);
#3495 = CARTESIAN_POINT('',(25.075008106232,77.471365561579,
    -2.85007003658));
#3496 = B_SPLINE_CURVE_WITH_KNOTS('',7,(#3497,#3498,#3499,#3500,#3501,
    #3502,#3503,#3504,#3505,#3506,#3507,#3508,#3509,#3510,#3511,#3512,
    #3513,#3514,#3515,#3516),.UNSPECIFIED.,.F.,.F.,(8,6,6,8),(0.,
    0.476729589571,0.6964807393,1.),.UNSPECIFIED.);
#3497 = CARTESIAN_POINT('',(25.075008106232,72.886792411941,
    3.10862446895E-15));
#3498 = CARTESIAN_POINT('',(25.075008106232,73.301522349424,
    3.10862446895E-15));
#3499 = CARTESIAN_POINT('',(25.075008106232,73.716031763776,
    -3.066809902864E-02));
#3500 = CARTESIAN_POINT('',(25.075008106232,74.127652675342,
    -9.401059580775E-02));
#3501 = CARTESIAN_POINT('',(25.075008106232,74.532813380482,
    -0.192017515689));
#3502 = CARTESIAN_POINT('',(25.075008106232,74.927128407219,
    -0.326255323073));
#3503 = CARTESIAN_POINT('',(25.075008106232,75.30544981735,
    -0.497620995945));
#3504 = CARTESIAN_POINT('',(25.075008106232,75.826343549515,
    -0.801916801438));
#3505 = CARTESIAN_POINT('',(25.075008106232,75.986032318629,
    -0.905752125763));
#3506 = CARTESIAN_POINT('',(25.075008106232,76.140470319357,
    -1.017369559742));
#3507 = CARTESIAN_POINT('',(25.075008106232,76.289040408644,
    -1.13666814599));
#3508 = CARTESIAN_POINT('',(25.075008106232,76.431107839992,
    -1.263476876385));
#3509 = CARTESIAN_POINT('',(25.075008106232,76.566030821264,
    -1.397542724795));
#3510 = CARTESIAN_POINT('',(25.075008106232,76.868776593113,
    -1.733234009857));
#3511 = CARTESIAN_POINT('',(25.075008106232,77.029593020651,
    -1.941194162404));
#3512 = CARTESIAN_POINT('',(25.075008106232,77.173845231719,
    -2.161413096585));
#3513 = CARTESIAN_POINT('',(25.075008106232,77.299922862242,
    -2.39262190505));
#3514 = CARTESIAN_POINT('',(25.075008106232,77.406376633396,
    -2.63327096072));
#3515 = CARTESIAN_POINT('',(25.075008106232,77.491991341573,
    -2.881500134742));
#3516 = CARTESIAN_POINT('',(25.075008106232,77.555935512337,
    -3.135077085638));
#3517 = ORIENTED_EDGE('',*,*,#3518,.T.);
#3518 = EDGE_CURVE('',#3492,#3519,#3521,.T.);
#3519 = VERTEX_POINT('',#3520);
#3520 = CARTESIAN_POINT('',(25.839011131058,72.226898184552,
    3.164366227478E-15));
#3521 = CIRCLE('',#3522,12.855699308226);
#3522 = AXIS2_PLACEMENT_3D('',#3523,#3524,#3525);
#3523 = CARTESIAN_POINT('',(17.060213535368,62.835321241491,
    2.089273589886E-15));
#3524 = DIRECTION('',(1.224646799147E-16,0.,-1.));
#3525 = DIRECTION('',(4.2154450122E-16,1.,5.162431241173E-32));
#3526 = ORIENTED_EDGE('',*,*,#3527,.T.);
#3527 = EDGE_CURVE('',#3519,#2873,#3528,.T.);
#3528 = B_SPLINE_CURVE_WITH_KNOTS('',5,(#3529,#3530,#3531,#3532,#3533,
    #3534,#3535,#3536,#3537,#3538,#3539,#3540,#3541,#3542,#3543,#3544,
    #3545,#3546,#3547,#3548,#3549,#3550),.UNSPECIFIED.,.F.,.F.,(6,4,4,4,
    4,6),(0.,0.189626521103,0.37654918739,0.562620852863,0.749906202613,
    1.),.UNSPECIFIED.);
#3529 = CARTESIAN_POINT('',(25.83901113106,72.226898184556,
    3.21987737871E-15));
#3530 = CARTESIAN_POINT('',(26.011098448981,72.27378383292,
    -4.753805589317E-08));
#3531 = CARTESIAN_POINT('',(26.18476848939,72.320125794521,
    -7.19753808643E-03));
#3532 = CARTESIAN_POINT('',(26.359278119674,72.365714438555,
    -2.188524551484E-02));
#3533 = CARTESIAN_POINT('',(26.533802062279,72.410353090946,
    -4.423866149037E-02));
#3534 = CARTESIAN_POINT('',(26.878722299387,72.496774415465,
    -0.103908231316));
#3535 = CARTESIAN_POINT('',(27.049142075825,72.538588763557,
    -0.141006453485));
#3536 = CARTESIAN_POINT('',(27.217955659253,72.579156022501,
    -0.185612385075));
#3537 = CARTESIAN_POINT('',(27.384347025902,72.618342878079,
    -0.237617815566));
#3538 = CARTESIAN_POINT('',(27.710023617447,72.693585282334,
    -0.355676533887));
#3539 = CARTESIAN_POINT('',(27.869337917347,72.729654291813,
    -0.421664861835));
#3540 = CARTESIAN_POINT('',(28.024749893133,72.764158429738,
    -0.494510599313));
#3541 = CARTESIAN_POINT('',(28.175567628148,72.797032462428,
    -0.5738482578));
#3542 = CARTESIAN_POINT('',(28.46779889888,72.859654067677,
    -0.745145358204));
#3543 = CARTESIAN_POINT('',(28.609144869294,72.889379868938,
    -0.837183907182));
#3544 = CARTESIAN_POINT('',(28.744650389989,72.917383016309,
    -0.934866273623));
#3545 = CARTESIAN_POINT('',(28.873833390017,72.943658646371,
    -1.037630325535));
#3546 = CARTESIAN_POINT('',(29.159948967056,73.001028227222,
    -1.288079853984));
#3547 = CARTESIAN_POINT('',(29.311659553389,73.030782941613,
    -1.439273297183));
#3548 = CARTESIAN_POINT('',(29.450649670885,73.057529958882,
    -1.597014543469));
#3549 = CARTESIAN_POINT('',(29.576531449357,73.081381373062,
    -1.759744558212));
#3550 = CARTESIAN_POINT('',(29.689301656878,73.102479385913,
    -1.925995312197));
#3551 = ORIENTED_EDGE('',*,*,#2872,.T.);
#3552 = ORIENTED_EDGE('',*,*,#1780,.F.);
#3553 = ORIENTED_EDGE('',*,*,#3468,.F.);
#3554 = ORIENTED_EDGE('',*,*,#3555,.F.);
#3555 = EDGE_CURVE('',#3556,#3469,#3558,.T.);
#3556 = VERTEX_POINT('',#3557);
#3557 = CARTESIAN_POINT('',(24.847307275782,77.593772950399,
    -2.850070077853));
#3558 = B_SPLINE_CURVE_WITH_KNOTS('',7,(#3559,#3560,#3561,#3562,#3563,
    #3564,#3565,#3566,#3567,#3568,#3569,#3570,#3571,#3572,#3573,#3574,
    #3575,#3576,#3577,#3578,#3579,#3580,#3581,#3582,#3583,#3584,#3585,
    #3586,#3587,#3588,#3589,#3590,#3591,#3592,#3593,#3594,#3595,#3596),
  .UNSPECIFIED.,.F.,.F.,(8,6,6,6,6,6,8),(0.,3.9540013959E-02,
    0.177619621306,0.342438762477,0.598117145416,0.848350127222,1.),
  .UNSPECIFIED.);
#3559 = CARTESIAN_POINT('',(25.00511880101,77.593772950399,
    -3.135077085638));
#3560 = CARTESIAN_POINT('',(24.984566592815,77.593772950399,
    -3.09108950328));
#3561 = CARTESIAN_POINT('',(24.962916343533,77.593772950399,
    -3.047592623866));
#3562 = CARTESIAN_POINT('',(24.940206409065,77.593772950399,
    -3.00460746269));
#3563 = CARTESIAN_POINT('',(24.916475801476,77.593772950399,
    -2.962150972112));
#3564 = CARTESIAN_POINT('',(24.891763782673,77.593772950399,
    -2.920237662595));
#3565 = CARTESIAN_POINT('',(24.86610913219,77.593772950399,
    -2.878878534151));
#3566 = CARTESIAN_POINT('',(24.746801037861,77.593772950399,
    -2.695615404297));
#3567 = CARTESIAN_POINT('',(24.643065559433,77.593772950399,
    -2.560081723466));
#3568 = CARTESIAN_POINT('',(24.529913476376,77.593772950399,
    -2.431724757035));
#3569 = CARTESIAN_POINT('',(24.408807819311,77.593772950399,
    -2.310537567507));
#3570 = CARTESIAN_POINT('',(24.281023625504,77.593772950399,
    -2.196336340709));
#3571 = CARTESIAN_POINT('',(24.147589511285,77.593772950399,
    -2.08881560365));
#3572 = CARTESIAN_POINT('',(23.844124599916,77.593772950399,
    -1.866750816825));
#3573 = CARTESIAN_POINT('',(23.672115603439,77.593772950399,
    -1.754955369614));
#3574 = CARTESIAN_POINT('',(23.494531750406,77.593772950399,
    -1.651536363277));
#3575 = CARTESIAN_POINT('',(23.312434103569,77.593772950399,
    -1.555890195682));
#3576 = CARTESIAN_POINT('',(23.126664244934,77.593772950399,
    -1.46743492193));
#3577 = CARTESIAN_POINT('',(22.937850920521,77.593772950399,
    -1.385602301594));
#3578 = CARTESIAN_POINT('',(22.449400843482,77.593772950399,
    -1.192360824417));
#3579 = CARTESIAN_POINT('',(22.146296616069,77.593772950399,
    -1.08961211293));
#3580 = CARTESIAN_POINT('',(21.838711699196,77.593772950399,
    -0.999613936507));
#3581 = CARTESIAN_POINT('',(21.527856899897,77.593772950399,
    -0.920849015147));
#3582 = CARTESIAN_POINT('',(21.214622932736,77.593772950399,
    -0.85198444616));
#3583 = CARTESIAN_POINT('',(20.899570772032,77.593772950399,
    -0.791900923127));
#3584 = CARTESIAN_POINT('',(20.27306785237,77.593772950399,
    -0.688515711973));
#3585 = CARTESIAN_POINT('',(19.961816768368,77.593772950399,
    -0.644905895522));
#3586 = CARTESIAN_POINT('',(19.649543764806,77.593772950399,
    -0.607945874347));
#3587 = CARTESIAN_POINT('',(19.336525559032,77.593772950399,
    -0.576941975268));
#3588 = CARTESIAN_POINT('',(19.022971827486,77.593772950399,
    -0.551342733795));
#3589 = CARTESIAN_POINT('',(18.7090276487,77.593772950399,-0.53072131956
    ));
#3590 = CARTESIAN_POINT('',(18.204323366734,77.593772950399,
    -0.505120779016));
#3591 = CARTESIAN_POINT('',(18.013769130352,77.593772950399,
    -0.497179999513));
#3592 = CARTESIAN_POINT('',(17.823134301332,77.593772950399,
    -0.490892968538));
#3593 = CARTESIAN_POINT('',(17.632441406682,77.593772950399,
    -0.486210389785));
#3594 = CARTESIAN_POINT('',(17.441711235831,77.593772950399,
    -0.483099466941));
#3595 = CARTESIAN_POINT('',(17.250962840634,77.593772950399,
    -0.481543903684));
#3596 = CARTESIAN_POINT('',(17.060213535368,77.593772950399,
    -0.481543903684));
#3597 = ORIENTED_EDGE('',*,*,#3598,.F.);
#3598 = EDGE_CURVE('',#3494,#3556,#3599,.T.);
#3599 = B_SPLINE_CURVE_WITH_KNOTS('',8,(#3600,#3601,#3602,#3603,#3604,
    #3605,#3606,#3607,#3608,#3609,#3610,#3611,#3612,#3613,#3614,#3615,
    #3616,#3617,#3618,#3619,#3620,#3621,#3622),.UNSPECIFIED.,.F.,.F.,(9,
    7,7,9),(0.,1.646724177156E-02,0.502055998975,1.),.UNSPECIFIED.);
#3600 = CARTESIAN_POINT('',(28.735092316855,74.757901567302,
    -2.850069121669));
#3601 = CARTESIAN_POINT('',(28.727915539728,74.764929243378,
    -2.850069124038));
#3602 = CARTESIAN_POINT('',(28.711242385254,74.781246438111,
    -2.85006912954));
#3603 = CARTESIAN_POINT('',(28.691200222579,74.800807450334,
    -2.850069136135));
#3604 = CARTESIAN_POINT('',(28.671614706046,74.819788267017,
    -2.850069142535));
#3605 = CARTESIAN_POINT('',(28.65427594725,74.836550608916,
    -2.850069148187));
#3606 = CARTESIAN_POINT('',(28.63894025071,74.851330724728,
    -2.850069153171));
#3607 = CARTESIAN_POINT('',(28.623540715921,74.866152173949,
    -2.850069158168));
#3608 = CARTESIAN_POINT('',(28.036166714771,75.428897635502,
    -2.850069347912));
#3609 = CARTESIAN_POINT('',(27.438709659717,75.942592464415,
    -2.850069521117));
#3610 = CARTESIAN_POINT('',(26.813854452358,76.42381865306,
    -2.850069683374));
#3611 = CARTESIAN_POINT('',(26.163670703819,76.870881113742,
    -2.850069834112));
#3612 = CARTESIAN_POINT('',(25.490337072625,77.282251472092,
    -2.850069972816));
#3613 = CARTESIAN_POINT('',(24.796137493285,77.6565636665,
    -2.850070099024));
#3614 = CARTESIAN_POINT('',(24.083463656486,77.992619186167,
    -2.850070212334));
#3615 = CARTESIAN_POINT('',(22.607644426108,78.593736003192,
    -2.850070415015));
#3616 = CARTESIAN_POINT('',(21.84361975749,78.856796369288,
    -2.850070503713));
#3617 = CARTESIAN_POINT('',(21.065452084178,79.077475940884,
    -2.85007057812));
#3618 = CARTESIAN_POINT('',(20.275891701509,79.254902960118,
    -2.850070637944));
#3619 = CARTESIAN_POINT('',(19.4777321128,79.388421558046,
    -2.850070682963));
#3620 = CARTESIAN_POINT('',(18.673807854512,79.477585385124,
    -2.850070713027));
#3621 = CARTESIAN_POINT('',(17.866994884788,79.522164330566,
    -2.850070728058));
#3622 = CARTESIAN_POINT('',(17.060213535368,79.522164330566,
    -2.850070728058));
#3623 = TOROIDAL_SURFACE('',#3624,12.855699308226,4.);
#3624 = AXIS2_PLACEMENT_3D('',#3625,#3626,#3627);
#3625 = CARTESIAN_POINT('',(17.060213535368,62.835321241491,-4.));
#3626 = DIRECTION('',(1.224646799147E-16,0.,-1.));
#3627 = DIRECTION('',(4.2154450122E-16,1.,5.162431241173E-32));
#3628 = ADVANCED_FACE('',(#3629),#3634,.F.);
#3629 = FACE_BOUND('',#3630,.F.);
#3630 = EDGE_LOOP('',(#3631,#3632,#3633));
#3631 = ORIENTED_EDGE('',*,*,#2046,.F.);
#3632 = ORIENTED_EDGE('',*,*,#2863,.F.);
#3633 = ORIENTED_EDGE('',*,*,#1828,.F.);
#3634 = B_SPLINE_SURFACE_WITH_KNOTS('',1,10,(
    (#3635,#3636,#3637,#3638,#3639,#3640,#3641,#3642,#3643,#3644,#3645
      ,#3646,#3647,#3648,#3649,#3650,#3651,#3652,#3653,#3654,#3655,#3656
      ,#3657,#3658,#3659,#3660,#3661,#3662,#3663,#3664,#3665,#3666,#3667
      ,#3668,#3669,#3670,#3671,#3672,#3673,#3674,#3675,#3676,#3677,#3678
      ,#3679,#3680,#3681,#3682,#3683,#3684,#3685,#3686,#3687,#3688,#3689
      ,#3690,#3691,#3692,#3693,#3694,#3695,#3696,#3697,#3698,#3699,#3700
      ,#3701,#3702,#3703,#3704,#3705,#3706,#3707,#3708,#3709,#3710,#3711
      ,#3712,#3713,#3714,#3715,#3716,#3717,#3718,#3719,#3720,#3721,#3722
      ,#3723,#3724,#3725,#3726,#3727,#3728,#3729,#3730,#3731,#3732,#3733
      )
    ,(#3734,#3735,#3736,#3737,#3738,#3739,#3740,#3741,#3742,#3743,#3744
      ,#3745,#3746,#3747,#3748,#3749,#3750,#3751,#3752,#3753,#3754,#3755
      ,#3756,#3757,#3758,#3759,#3760,#3761,#3762,#3763,#3764,#3765,#3766
      ,#3767,#3768,#3769,#3770,#3771,#3772,#3773,#3774,#3775,#3776,#3777
      ,#3778,#3779,#3780,#3781,#3782,#3783,#3784,#3785,#3786,#3787,#3788
      ,#3789,#3790,#3791,#3792,#3793,#3794,#3795,#3796,#3797,#3798,#3799
      ,#3800,#3801,#3802,#3803,#3804,#3805,#3806,#3807,#3808,#3809,#3810
      ,#3811,#3812,#3813,#3814,#3815,#3816,#3817,#3818,#3819,#3820,#3821
      ,#3822,#3823,#3824,#3825,#3826,#3827,#3828,#3829,#3830,#3831,#3832
      )),.UNSPECIFIED.,.F.,.F.,.F.,(2,2),(11,8,8,8,8,8,8,8,8,8,8,8,11),(
    0.,84.527331663369),(0.,0.128490846931,0.192736270397,0.256981693862
    ,0.289104405595,0.321227117328,0.353349829061,0.385472540794,
    0.449717964259,0.513963387725,0.635472540794,0.756981693862,1.),
  .UNSPECIFIED.);
#3635 = CARTESIAN_POINT('',(32.227986812885,-4.196053620783,1.));
#3636 = CARTESIAN_POINT('',(32.227986812886,-3.838166432804,
    -1.405370742484));
#3637 = CARTESIAN_POINT('',(32.227986812882,-3.499020686807,
    -3.678217601818));
#3638 = CARTESIAN_POINT('',(32.227986812892,-3.176838464547,
    -5.822188401166));
#3639 = CARTESIAN_POINT('',(32.227986812876,-2.86985638697,
    -7.841025235045));
#3640 = CARTESIAN_POINT('',(32.227986812895,-2.5763285429,
    -9.738594527651));
#3641 = CARTESIAN_POINT('',(32.227986812877,-2.294523720442,
    -11.51893021174));
#3642 = CARTESIAN_POINT('',(32.22798681289,-2.022731686826,
    -13.18629879388));
#3643 = CARTESIAN_POINT('',(32.227986812884,-1.759240338114,
    -14.74530313483));
#3644 = CARTESIAN_POINT('',(32.227986812886,-1.373877004681,
    -16.92893045361));
#3645 = CARTESIAN_POINT('',(32.227986812885,-0.999048405302,
    -18.89374089903));
#3646 = CARTESIAN_POINT('',(32.227986812884,-0.875038513886,
    -19.52511482048));
#3647 = CARTESIAN_POINT('',(32.227986812887,-0.751712654302,
    -20.1337316161));
#3648 = CARTESIAN_POINT('',(32.227986812883,-0.628804867283,
    -20.72046423568));
#3649 = CARTESIAN_POINT('',(32.227986812887,-0.506023929233,
    -21.28626868333));
#3650 = CARTESIAN_POINT('',(32.227986812884,-0.383040118557,
    -21.83220241379));
#3651 = CARTESIAN_POINT('',(32.227986812886,-0.259464577345,
    -22.35944938002));
#3652 = CARTESIAN_POINT('',(32.227986812885,-1.016276732254E-02,
    -23.37925467028));
#3653 = CARTESIAN_POINT('',(32.227986812886,0.246028255919,
    -24.33578878341));
#3654 = CARTESIAN_POINT('',(32.227986812885,0.376493031823,
    -24.79976438365));
#3655 = CARTESIAN_POINT('',(32.227986812886,0.51013712547,
    -25.25116031107));
#3656 = CARTESIAN_POINT('',(32.227986812886,0.648003499471,
    -25.69189111385));
#3657 = CARTESIAN_POINT('',(32.227986812885,0.791464539731,
    -26.12411312025));
#3658 = CARTESIAN_POINT('',(32.227986812885,0.94238710082,
    -26.55016536066));
#3659 = CARTESIAN_POINT('',(32.227986812886,1.103322523278,
    -26.97255903068));
#3660 = CARTESIAN_POINT('',(32.227986812884,1.365211490387,
    -27.6040410558));
#3661 = CARTESIAN_POINT('',(32.227986812887,1.668130858805,
    -28.23482550785));
#3662 = CARTESIAN_POINT('',(32.227986812878,1.774235239655,
    -28.44514644159));
#3663 = CARTESIAN_POINT('',(32.227986812897,1.886101558253,
    -28.65559176991));
#3664 = CARTESIAN_POINT('',(32.227986812872,2.004414213972,
    -28.8661260106));
#3665 = CARTESIAN_POINT('',(32.227986812895,2.129897214997,
    -29.0765805725));
#3666 = CARTESIAN_POINT('',(32.227986812881,2.263287707114,
    -29.28661280805));
#3667 = CARTESIAN_POINT('',(32.227986812887,2.405285493215,
    -29.49566801866));
#3668 = CARTESIAN_POINT('',(32.227986812883,2.707668886931,
    -29.91025943644));
#3669 = CARTESIAN_POINT('',(32.227986812889,3.048428829477,
    -30.31387917144));
#3670 = CARTESIAN_POINT('',(32.227986812874,3.228803240461,
    -30.51196276826));
#3671 = CARTESIAN_POINT('',(32.227986812904,3.419385480091,
    -30.70513483831));
#3672 = CARTESIAN_POINT('',(32.227986812865,3.620130739919,
    -30.89203723613));
#3673 = CARTESIAN_POINT('',(32.2279868129,3.83066132803,-31.07119686502)
  );
#3674 = CARTESIAN_POINT('',(32.227986812878,4.05022559782,
    -31.24115166308));
#3675 = CARTESIAN_POINT('',(32.227986812887,4.277732761919,
    -31.40059878546));
#3676 = CARTESIAN_POINT('',(32.227986812884,4.746001505474,
    -31.69640013018));
#3677 = CARTESIAN_POINT('',(32.227986812887,5.235074751876,
    -31.94308342261));
#3678 = CARTESIAN_POINT('',(32.227986812881,5.483386445727,
    -32.05341261529));
#3679 = CARTESIAN_POINT('',(32.227986812891,5.73393819445,
    -32.15030230367));
#3680 = CARTESIAN_POINT('',(32.22798681288,5.985201359088,
    -32.23367615293));
#3681 = CARTESIAN_POINT('',(32.227986812888,6.235790449497,
    -32.30379217911));
#3682 = CARTESIAN_POINT('',(32.227986812885,6.484548943051,
    -32.36116096816));
#3683 = CARTESIAN_POINT('',(32.227986812885,6.730573347127,
    -32.40644709049));
#3684 = CARTESIAN_POINT('',(32.227986812885,7.215822422414,
    -32.47435046663));
#3685 = CARTESIAN_POINT('',(32.227986812885,7.68564966213,
    -32.50001602584));
#3686 = CARTESIAN_POINT('',(32.227986812886,7.916252180445,
    -32.50306438272));
#3687 = CARTESIAN_POINT('',(32.227986812885,8.142297720724,
    -32.49713068534));
#3688 = CARTESIAN_POINT('',(32.227986812884,8.363721385063,
    -32.48298936787));
#3689 = CARTESIAN_POINT('',(32.227986812888,8.580593384189,
    -32.46135333625));
#3690 = CARTESIAN_POINT('',(32.227986812884,8.793077345676,
    -32.43286177487));
#3691 = CARTESIAN_POINT('',(32.227986812886,9.001398596024,
    -32.39808034075));
#3692 = CARTESIAN_POINT('',(32.227986812884,9.614664643872,
    -32.2763537501));
#3693 = CARTESIAN_POINT('',(32.227986812887,10.195399946776,
    -32.10637686717));
#3694 = CARTESIAN_POINT('',(32.227986812882,10.57037628598,
    -31.9750779527));
#3695 = CARTESIAN_POINT('',(32.227986812889,10.935790327385,
    -31.82825440055));
#3696 = CARTESIAN_POINT('',(32.227986812882,11.294055041905,
    -31.66757207169));
#3697 = CARTESIAN_POINT('',(32.227986812887,11.647279590317,
    -31.49425367926));
#3698 = CARTESIAN_POINT('',(32.227986812885,11.997296627993,
    -31.3092099913));
#3699 = CARTESIAN_POINT('',(32.227986812885,12.345686143422,
    -31.11316325859));
#3700 = CARTESIAN_POINT('',(32.227986812885,13.041954306701,
    -30.70024602707));
#3701 = CARTESIAN_POINT('',(32.227986812886,13.741989421917,
    -30.2477033995));
#3702 = CARTESIAN_POINT('',(32.227986812884,14.094145984829,
    -30.01203116438));
#3703 = CARTESIAN_POINT('',(32.227986812888,14.449464060737,
    -29.76737755088));
#3704 = CARTESIAN_POINT('',(32.227986812883,14.808827506745,
    -29.51411799056));
#3705 = CARTESIAN_POINT('',(32.227986812887,15.173011406495,
    -29.25260455699));
#3706 = CARTESIAN_POINT('',(32.227986812884,15.54270529251,
    -28.98317617112));
#3707 = CARTESIAN_POINT('',(32.227986812886,15.918530289116,
    -28.70616475441));
#3708 = CARTESIAN_POINT('',(32.227986812885,17.024525206624,
    -27.88426174328));
#3709 = CARTESIAN_POINT('',(32.227986812886,18.190850512654,
    -27.00446986345));
#3710 = CARTESIAN_POINT('',(32.227986812885,18.983123299074,
    -26.40641864337));
#3711 = CARTESIAN_POINT('',(32.227986812886,19.807672281101,
    -25.78804014376));
#3712 = CARTESIAN_POINT('',(32.227986812885,20.667106810692,
    -25.15159950487));
#3713 = CARTESIAN_POINT('',(32.227986812885,21.56382040091,
    -24.49940340313));
#3714 = CARTESIAN_POINT('',(32.227986812886,22.50006019187,
    -23.83379524946));
#3715 = CARTESIAN_POINT('',(32.227986812885,23.477975108915,
    -23.15715538914));
#3716 = CARTESIAN_POINT('',(32.227986812886,25.52131347889,
    -21.78663564669));
#3717 = CARTESIAN_POINT('',(32.227986812884,27.747791804853,
    -20.39140910751));
#3718 = CARTESIAN_POINT('',(32.227986812889,28.908846630438,
    -19.69006238878));
#3719 = CARTESIAN_POINT('',(32.227986812878,30.119699245747,
    -18.9874567106));
#3720 = CARTESIAN_POINT('',(32.227986812895,31.382303343207,
    -18.28609636497));
#3721 = CARTESIAN_POINT('',(32.227986812877,32.698595207139,
    -17.58851523242));
#3722 = CARTESIAN_POINT('',(32.22798681289,34.070499137292,
    -16.89727717043));
#3723 = CARTESIAN_POINT('',(32.227986812884,35.499929659734,
    -16.2149764592));
#3724 = CARTESIAN_POINT('',(32.227986812887,39.966516158471,
    -14.20276059079));
#3725 = CARTESIAN_POINT('',(32.227986812883,44.985035012834,
    -12.31849335984));
#3726 = CARTESIAN_POINT('',(32.22798681289,48.591171097155,
    -11.14041676788));
#3727 = CARTESIAN_POINT('',(32.22798681288,52.472743971104,
    -10.06215214541));
#3728 = CARTESIAN_POINT('',(32.227986812891,56.644524468112,
    -9.105863394977));
#3729 = CARTESIAN_POINT('',(32.227986812881,61.120949628064,
    -8.29409908688));
#3730 = CARTESIAN_POINT('',(32.227986812888,65.916050958939,
    -7.649655469076));
#3731 = CARTESIAN_POINT('',(32.227986812885,71.04346139632,
    -7.195433584024));
#3732 = CARTESIAN_POINT('',(32.227986812886,76.516467198087,
    -6.954350063798));
#3733 = CARTESIAN_POINT('',(32.227986812885,82.348068390036,
    -6.94927275725));
#3734 = CARTESIAN_POINT('',(43.141255,79.623815,1.));
#3735 = CARTESIAN_POINT('',(43.141255000002,79.98170218798,
    -1.347101362439));
#3736 = CARTESIAN_POINT('',(43.141254999994,80.320802925807,
    -3.517324693939));
#3737 = CARTESIAN_POINT('',(43.141255000012,80.642780005117,
    -5.506189611973));
#3738 = CARTESIAN_POINT('',(43.141254999982,80.94913183055,
    -7.307462563369));
#3739 = CARTESIAN_POINT('',(43.14125500002,81.241109444211,
    -8.91260551849));
#3740 = CARTESIAN_POINT('',(43.141254999983,81.51947244946,
    -10.31001544068));
#3741 = CARTESIAN_POINT('',(43.14125500001,81.784308330403,
    -11.48383118016));
#3742 = CARTESIAN_POINT('',(43.141254999997,82.034155870503,
    -12.41217850037));
#3743 = CARTESIAN_POINT('',(43.141255000002,82.380651870284,
    -13.39006958439));
#3744 = CARTESIAN_POINT('',(43.141255,82.659694654373,-13.6423955433));
#3745 = CARTESIAN_POINT('',(43.141255,82.743822936561,-13.64012944986));
#3746 = CARTESIAN_POINT('',(43.141255000001,82.817219308193,
    -13.54478680869));
#3747 = CARTESIAN_POINT('',(43.141254999999,82.877430571183,
    -13.34853976039));
#3748 = CARTESIAN_POINT('',(43.141255000002,82.92117709635,
    -13.04218739238));
#3749 = CARTESIAN_POINT('',(43.141254999999,82.94403303835,
    -12.61488601629));
#3750 = CARTESIAN_POINT('',(43.141255000001,82.939944028943,
    -12.05379373128));
#3751 = CARTESIAN_POINT('',(43.141254999999,82.860946048514,
    -10.63352274564));
#3752 = CARTESIAN_POINT('',(43.141255000002,82.591436767329,
    -8.545830280683));
#3753 = CARTESIAN_POINT('',(43.141254999993,82.396836923499,
    -7.317319994005));
#3754 = CARTESIAN_POINT('',(43.141255000013,82.126419375471,
    -5.883751762487));
#3755 = CARTESIAN_POINT('',(43.141254999985,81.759128600464,
    -4.222150944086));
#3756 = CARTESIAN_POINT('',(43.141255000013,81.266922473502,
    -2.306698457404));
#3757 = CARTESIAN_POINT('',(43.141254999992,80.612083706656,
    -0.110531903722));
#3758 = CARTESIAN_POINT('',(43.141255000004,79.743865568998,
    2.393209809074));
#3759 = CARTESIAN_POINT('',(43.141254999997,78.017743064987,
    6.636155357916));
#3760 = CARTESIAN_POINT('',(43.141255000002,75.474440563255,
    11.592971299542));
#3761 = CARTESIAN_POINT('',(43.14125499999,74.525792457573,
    13.323610643297));
#3762 = CARTESIAN_POINT('',(43.141255000017,73.465460630736,
    15.130113704869));
#3763 = CARTESIAN_POINT('',(43.141254999982,72.282132662063,
    17.00793696888));
#3764 = CARTESIAN_POINT('',(43.141255000013,70.964386669592,
    18.949975531918));
#3765 = CARTESIAN_POINT('',(43.141254999993,69.501349663187,
    20.945949299158));
#3766 = CARTESIAN_POINT('',(43.141255000002,67.88377242079,
    22.981950194384));
#3767 = CARTESIAN_POINT('',(43.141254999997,64.327143786302,
    27.099054336712));
#3768 = CARTESIAN_POINT('',(43.141255000004,60.119747566022,
    31.225428651745));
#3769 = CARTESIAN_POINT('',(43.141254999988,57.85140106545,
    33.270700612157));
#3770 = CARTESIAN_POINT('',(43.141255000018,55.420705407563,
    35.275052054626));
#3771 = CARTESIAN_POINT('',(43.141254999982,52.835360981737,
    37.213545664675));
#3772 = CARTESIAN_POINT('',(43.141255000012,50.109545390615,
    39.06068579998));
#3773 = CARTESIAN_POINT('',(43.141254999994,47.264081176928,
    40.792858953841));
#3774 = CARTESIAN_POINT('',(43.141255000002,44.325145048067,
    42.390829724894));
#3775 = CARTESIAN_POINT('',(43.141254999998,38.3183556441,
    45.291376886483));
#3776 = CARTESIAN_POINT('',(43.141255000002,32.172181990462,
    47.57103703049));
#3777 = CARTESIAN_POINT('',(43.141254999995,29.093860577893,
    48.548122857787));
#3778 = CARTESIAN_POINT('',(43.141255000007,26.04048873825,
    49.360908924342));
#3779 = CARTESIAN_POINT('',(43.141254999994,23.040556571155,
    50.014089612811));
#3780 = CARTESIAN_POINT('',(43.141255000004,20.118485305369,
    50.517700102377));
#3781 = CARTESIAN_POINT('',(43.141254999999,17.29345935056,
    50.885265707135));
#3782 = CARTESIAN_POINT('',(43.141255,14.579439629779,51.131928573496));
#3783 = CARTESIAN_POINT('',(43.141255,9.392069426938,51.41458689415));
#3784 = CARTESIAN_POINT('',(43.141255,4.707818126629,51.336314552812));
#3785 = CARTESIAN_POINT('',(43.141255000002,2.496917975042,
    51.222047904811));
#3786 = CARTESIAN_POINT('',(43.141254999996,0.418810650129,
    51.047297411394));
#3787 = CARTESIAN_POINT('',(43.141255000004,-1.52805061604,
    50.82539434706));
#3788 = CARTESIAN_POINT('',(43.141254999998,-3.347354176239,
    50.567959854631));
#3789 = CARTESIAN_POINT('',(43.141255,-5.044128660518,50.284874468225));
#3790 = CARTESIAN_POINT('',(43.141255,-6.624176027389,49.984424473094));
#3791 = CARTESIAN_POINT('',(43.141254999999,-11.03264719498,
    49.051570879532));
#3792 = CARTESIAN_POINT('',(43.141255000002,-14.50251040586,
    48.074994102876));
#3793 = CARTESIAN_POINT('',(43.141254999994,-16.44872952345,
    47.449654628135));
#3794 = CARTESIAN_POINT('',(43.141255000007,-18.07962280752,
    46.875604849465));
#3795 = CARTESIAN_POINT('',(43.141254999994,-19.43965180618,
    46.365195745931));
#3796 = CARTESIAN_POINT('',(43.141255000003,-20.56584288108,
    45.924213526386));
#3797 = CARTESIAN_POINT('',(43.141254999999,-21.4888670655,
    45.554105460603));
#3798 = CARTESIAN_POINT('',(43.141255,-22.23402284352,45.254082132851));
#3799 = CARTESIAN_POINT('',(43.141255,-23.41056972049,44.789805618915));
#3800 = CARTESIAN_POINT('',(43.141255,-24.02946292284,44.585290832459));
#3801 = CARTESIAN_POINT('',(43.141255000001,-24.21696625765,
    44.545026897828));
#3802 = CARTESIAN_POINT('',(43.141254999997,-24.29648098624,
    44.563059168049));
#3803 = CARTESIAN_POINT('',(43.141255000004,-24.27928089141,
    44.635525284184));
#3804 = CARTESIAN_POINT('',(43.141254999997,-24.17458723749,
    44.758634726343));
#3805 = CARTESIAN_POINT('',(43.141255000002,-23.99003047703,
    44.928746901309));
#3806 = CARTESIAN_POINT('',(43.141255,-23.73198486677,45.142404072905));
#3807 = CARTESIAN_POINT('',(43.141255,-22.78892235124,45.87666568583));
#3808 = CARTESIAN_POINT('',(43.141255,-21.3144384698,46.922216175308));
#3809 = CARTESIAN_POINT('',(43.141255,-20.15334167253,47.718655979214));
#3810 = CARTESIAN_POINT('',(43.141255,-18.81609337284,48.609402932893));
#3811 = CARTESIAN_POINT('',(43.141255,-17.31739056608,49.578588732557));
#3812 = CARTESIAN_POINT('',(43.141255,-15.66825334542,50.61206097473));
#3813 = CARTESIAN_POINT('',(43.141255,-13.87724687143,51.696984266648));
#3814 = CARTESIAN_POINT('',(43.141255,-11.95134441525,52.821626860984));
#3815 = CARTESIAN_POINT('',(43.141255000001,-7.841477964076,
    55.128638371572));
#3816 = CARTESIAN_POINT('',(43.141254999999,-3.236051602823,
    57.510814454161));
#3817 = CARTESIAN_POINT('',(43.141255000005,-0.814588109177,
    58.710620730201));
#3818 = CARTESIAN_POINT('',(43.14125499999,1.721214398831,
    59.909850285572));
#3819 = CARTESIAN_POINT('',(43.141255000012,4.367319417036,
    61.099869787468));
#3820 = CARTESIAN_POINT('',(43.14125499999,7.119868795356,62.27265402512
    ));
#3821 = CARTESIAN_POINT('',(43.141255000006,9.975083897086,
    63.420768432449));
#3822 = CARTESIAN_POINT('',(43.141254999998,12.929224007891,
    64.537367108386));
#3823 = CARTESIAN_POINT('',(43.141255000003,22.077294463344,
    67.773842058754));
#3824 = CARTESIAN_POINT('',(43.141254999996,32.049489558534,
    70.619256694553));
#3825 = CARTESIAN_POINT('',(43.141255000009,39.03471500698,
    72.29697625531));
#3826 = CARTESIAN_POINT('',(43.141254999987,46.328822765367,
    73.719337461291));
#3827 = CARTESIAN_POINT('',(43.141255000015,53.905300381788,
    74.859266080836));
#3828 = CARTESIAN_POINT('',(43.141254999987,61.741878231553,
    75.698077989652));
#3829 = CARTESIAN_POINT('',(43.141255000009,69.822430914541,
    76.223349896523));
#3830 = CARTESIAN_POINT('',(43.141254999996,78.137496317465,
    76.426330055366));
#3831 = CARTESIAN_POINT('',(43.141255000001,86.68374843016,
    76.300107517312));
#3832 = CARTESIAN_POINT('',(43.141255,95.463205214071,75.838187414519));
#3833 = ADVANCED_FACE('',(#3834),#3942,.T.);
#3834 = FACE_BOUND('',#3835,.T.);
#3835 = EDGE_LOOP('',(#3836,#3867,#3868,#3869,#3870,#3907));
#3836 = ORIENTED_EDGE('',*,*,#3837,.T.);
#3837 = EDGE_CURVE('',#3838,#3055,#3840,.T.);
#3838 = VERTEX_POINT('',#3839);
#3839 = CARTESIAN_POINT('',(25.075008106232,49.406246139124,
    -1.557880826375));
#3840 = B_SPLINE_CURVE_WITH_KNOTS('',7,(#3841,#3842,#3843,#3844,#3845,
    #3846,#3847,#3848,#3849,#3850,#3851,#3852,#3853,#3854,#3855,#3856,
    #3857,#3858,#3859,#3860,#3861,#3862,#3863,#3864,#3865,#3866),
  .UNSPECIFIED.,.F.,.F.,(8,6,6,6,8),(0.,1.761696680412E-02,
    0.273877134394,0.637237058726,1.),.UNSPECIFIED.);
#3841 = CARTESIAN_POINT('',(25.075008106232,49.406246139124,
    -1.557880826375));
#3842 = CARTESIAN_POINT('',(25.072753986692,49.406246139124,
    -1.554963124675));
#3843 = CARTESIAN_POINT('',(25.067315755651,49.406246139124,
    -1.547929057638));
#3844 = CARTESIAN_POINT('',(25.061100210228,49.406246139124,
    -1.539937085118));
#3845 = CARTESIAN_POINT('',(25.05547003552,49.406246139124,
    -1.532774326677));
#3846 = CARTESIAN_POINT('',(25.050733247393,49.406246139124,
    -1.526762428357));
#3847 = CARTESIAN_POINT('',(25.046251683461,49.406246139124,
    -1.521086796753));
#3848 = CARTESIAN_POINT('',(24.955808027478,49.406246139124,
    -1.407346963734));
#3849 = CARTESIAN_POINT('',(24.866557450183,49.406246139124,
    -1.303767445447));
#3850 = CARTESIAN_POINT('',(24.772842783117,49.406246139124,
    -1.203382204647));
#3851 = CARTESIAN_POINT('',(24.674869587196,49.406246139124,
    -1.10652641609));
#3852 = CARTESIAN_POINT('',(24.572883866094,49.406246139124,
    -1.013512605952));
#3853 = CARTESIAN_POINT('',(24.467167508395,49.406246139124,
    -0.924623031313));
#3854 = CARTESIAN_POINT('',(24.203289268585,49.406246139124,
    -0.720256926626));
#3855 = CARTESIAN_POINT('',(24.041672803446,49.406246139124,
    -0.609194590044));
#3856 = CARTESIAN_POINT('',(23.874074820043,49.406246139124,
    -0.507613544345));
#3857 = CARTESIAN_POINT('',(23.701505759035,49.406246139124,
    -0.416061728141));
#3858 = CARTESIAN_POINT('',(23.525048774655,49.406246139124,
    -0.334903615067));
#3859 = CARTESIAN_POINT('',(23.345810016299,49.406246139124,
    -0.264311615021));
#3860 = CARTESIAN_POINT('',(22.984220131577,49.406246139124,
    -0.144350582649));
#3861 = CARTESIAN_POINT('',(22.801873545949,49.406246139124,
    -9.494636550458E-02));
#3862 = CARTESIAN_POINT('',(22.618898118048,49.406246139124,
    -5.606575998442E-02));
#3863 = CARTESIAN_POINT('',(22.436336692131,49.406246139124,
    -2.752750609795E-02));
#3864 = CARTESIAN_POINT('',(22.255155279813,49.406246139124,
    -8.993452227804E-03));
#3865 = CARTESIAN_POINT('',(22.076212665753,49.406246139124,
    1.903239470786E-16));
#3866 = CARTESIAN_POINT('',(21.900247854077,49.406246139124,0.));
#3867 = ORIENTED_EDGE('',*,*,#3064,.T.);
#3868 = ORIENTED_EDGE('',*,*,#2886,.T.);
#3869 = ORIENTED_EDGE('',*,*,#3527,.F.);
#3870 = ORIENTED_EDGE('',*,*,#3871,.F.);
#3871 = EDGE_CURVE('',#3872,#3519,#3874,.T.);
#3872 = VERTEX_POINT('',#3873);
#3873 = CARTESIAN_POINT('',(25.075008106232,69.476547541485,
    1.775323431996E-15));
#3874 = B_SPLINE_CURVE_WITH_KNOTS('',11,(#3875,#3876,#3877,#3878,#3879,
    #3880,#3881,#3882,#3883,#3884,#3885,#3886,#3887,#3888,#3889,#3890,
    #3891,#3892,#3893,#3894,#3895,#3896,#3897,#3898,#3899,#3900,#3901,
    #3902,#3903,#3904,#3905,#3906),.UNSPECIFIED.,.F.,.F.,(12,10,10,12),(
    -1.860716001416,-5.607434573631E-02,29.70654608499,31.494119992967),
  .UNSPECIFIED.);
#3875 = CARTESIAN_POINT('',(21.6104072751,44.505519858573,
    -3.425555731343E-15));
#3876 = CARTESIAN_POINT('',(21.619226250647,44.673200739136,
    -2.872469596406E-15));
#3877 = CARTESIAN_POINT('',(21.628045226193,44.840881619699,
    -2.319383461469E-15));
#3878 = CARTESIAN_POINT('',(21.63686420174,45.008562500261,
    -1.766297326532E-15));
#3879 = CARTESIAN_POINT('',(21.645683177286,45.176243380824,
    -1.213211191595E-15));
#3880 = CARTESIAN_POINT('',(21.654502152833,45.343924261387,
    -6.601250566578E-16));
#3881 = CARTESIAN_POINT('',(21.663321128379,45.51160514195,
    -1.070389217207E-16));
#3882 = CARTESIAN_POINT('',(21.672140103926,45.679286022512,
    4.460472132164E-16));
#3883 = CARTESIAN_POINT('',(21.680959079472,45.846966903075,
    9.991333481534E-16));
#3884 = CARTESIAN_POINT('',(21.689778055019,46.014647783637,
    1.55221948309E-15));
#3885 = CARTESIAN_POINT('',(21.698597030565,46.182328664199,
    2.105305618027E-15));
#3886 = CARTESIAN_POINT('',(21.852860848832,49.115446320512,
    1.1780032411E-14));
#3887 = CARTESIAN_POINT('',(22.054963131122,51.878927606597,
    -3.104982594823E-14));
#3888 = CARTESIAN_POINT('',(22.3167118375,54.638684613734,
    7.733999622668E-14));
#3889 = CARTESIAN_POINT('',(22.642771583409,57.395809790432,
    -1.098036749228E-13));
#3890 = CARTESIAN_POINT('',(23.034599793297,60.139967952774,
    1.264997698337E-13));
#3891 = CARTESIAN_POINT('',(23.502707364812,62.88759516999,
    -9.570955305228E-14));
#3892 = CARTESIAN_POINT('',(24.045448677604,65.60882209859,
    5.268270967887E-14));
#3893 = CARTESIAN_POINT('',(24.677167580684,68.327303848468,
    -7.858104212361E-15));
#3894 = CARTESIAN_POINT('',(25.401202088572,71.019097160705,
    2.888705478302E-15));
#3895 = CARTESIAN_POINT('',(26.230405538561,73.686997225489,
    3.656387428164E-15));
#3896 = CARTESIAN_POINT('',(27.233278458362,76.475768332427,
    3.308442270057E-15));
#3897 = CARTESIAN_POINT('',(27.290099327521,76.633774790725,
    3.288728360236E-15));
#3898 = CARTESIAN_POINT('',(27.34692019668,76.791781249023,
    3.269014450414E-15));
#3899 = CARTESIAN_POINT('',(27.403741065839,76.949787707321,
    3.249300540593E-15));
#3900 = CARTESIAN_POINT('',(27.460561934997,77.10779416562,
    3.229586630771E-15));
#3901 = CARTESIAN_POINT('',(27.517382804156,77.265800623918,
    3.20987272095E-15));
#3902 = CARTESIAN_POINT('',(27.574203673315,77.423807082216,
    3.190158811129E-15));
#3903 = CARTESIAN_POINT('',(27.631024542474,77.581813540515,
    3.170444901307E-15));
#3904 = CARTESIAN_POINT('',(27.687845411633,77.739819998813,
    3.150730991486E-15));
#3905 = CARTESIAN_POINT('',(27.744666280791,77.897826457111,
    3.131017081665E-15));
#3906 = CARTESIAN_POINT('',(27.80148714995,78.05583291541,
    3.111303171843E-15));
#3907 = ORIENTED_EDGE('',*,*,#3908,.F.);
#3908 = EDGE_CURVE('',#3838,#3872,#3909,.T.);
#3909 = B_SPLINE_CURVE_WITH_KNOTS('',7,(#3910,#3911,#3912,#3913,#3914,
    #3915,#3916,#3917,#3918,#3919,#3920,#3921,#3922,#3923,#3924,#3925,
    #3926,#3927,#3928,#3929,#3930,#3931,#3932,#3933,#3934,#3935,#3936,
    #3937,#3938,#3939,#3940,#3941),.UNSPECIFIED.,.F.,.F.,(8,6,6,6,6,8),(
    0.,8.089917169763E-03,0.295207137926,0.630785399353,0.932213303711,
    1.),.UNSPECIFIED.);
#3910 = CARTESIAN_POINT('',(25.075008106232,49.406246139124,
    -1.557880826375));
#3911 = CARTESIAN_POINT('',(25.075008106232,49.433318149506,
    -1.555234922291));
#3912 = CARTESIAN_POINT('',(25.075008106232,49.460381753084,
    -1.552587140915));
#3913 = CARTESIAN_POINT('',(25.075008106232,49.487436817876,
    -1.549937527235));
#3914 = CARTESIAN_POINT('',(25.075008106232,49.514483272007,
    -1.547286120084));
#3915 = CARTESIAN_POINT('',(25.075008106232,49.541521103707,
    -1.544632952142));
#3916 = CARTESIAN_POINT('',(25.075008106232,49.568550361314,
    -1.541978049933));
#3917 = CARTESIAN_POINT('',(25.075008106232,50.554559301898,
    -1.445036138154));
#3918 = CARTESIAN_POINT('',(25.075008106232,51.502695773449,
    -1.348610611653));
#3919 = CARTESIAN_POINT('',(25.075008106232,52.440214620689,
    -1.251415666992));
#3920 = CARTESIAN_POINT('',(25.075008106232,53.367032921375,
    -1.1545854132));
#3921 = CARTESIAN_POINT('',(25.075008106232,54.282889481832,
    -1.059087851095));
#3922 = CARTESIAN_POINT('',(25.075008106232,55.187436857277,
    -0.965772326169));
#3923 = CARTESIAN_POINT('',(25.075008106232,57.123836056646,
    -0.769760831161));
#3924 = CARTESIAN_POINT('',(25.075008106232,58.151230554251,
    -0.668157798965));
#3925 = CARTESIAN_POINT('',(25.075008106232,59.16166798012,
    -0.571807350261));
#3926 = CARTESIAN_POINT('',(25.075008106232,60.15386917939,
    -0.481794562346));
#3927 = CARTESIAN_POINT('',(25.075008106232,61.126290712881,
    -0.399097188036));
#3928 = CARTESIAN_POINT('',(25.075008106232,62.077234615261,
    -0.324559054263));
#3929 = CARTESIAN_POINT('',(25.075008106232,63.838274673362,
    -0.199849879185));
#3930 = CARTESIAN_POINT('',(25.075008106232,64.652848643193,
    -0.147971622041));
#3931 = CARTESIAN_POINT('',(25.075008106232,65.447324254906,
    -0.103726803722));
#3932 = CARTESIAN_POINT('',(25.075008106232,66.220348987293,
    -6.750425902161E-02));
#3933 = CARTESIAN_POINT('',(25.075008106232,66.97065034666,
    -3.955995816804E-02));
#3934 = CARTESIAN_POINT('',(25.075008106232,67.697093490593,
    -2.00044095805E-02));
#3935 = CARTESIAN_POINT('',(25.075008106232,68.556507349235,
    -6.279291592443E-03));
#3936 = CARTESIAN_POINT('',(25.075008106232,68.713039269939,
    -4.181693943435E-03));
#3937 = CARTESIAN_POINT('',(25.075008106232,68.868306852458,
    -2.505951244588E-03));
#3938 = CARTESIAN_POINT('',(25.075008106232,69.022300298626,
    -1.25126063628E-03));
#3939 = CARTESIAN_POINT('',(25.075008106232,69.175010457216,
    -4.16454408329E-04));
#3940 = CARTESIAN_POINT('',(25.075008106232,69.326428823949,
    1.268826313857E-16));
#3941 = CARTESIAN_POINT('',(25.075008106232,69.476547541484,0.));
#3942 = ( BOUNDED_SURFACE() B_SPLINE_SURFACE(2,11,(
    (#3943,#3944,#3945,#3946,#3947,#3948,#3949,#3950,#3951,#3952,#3953
      ,#3954,#3955,#3956,#3957,#3958,#3959,#3960,#3961,#3962,#3963,#3964
      ,#3965,#3966,#3967,#3968,#3969,#3970,#3971,#3972,#3973,#3974)
    ,(#3975,#3976,#3977,#3978,#3979,#3980,#3981,#3982,#3983,#3984,#3985
      ,#3986,#3987,#3988,#3989,#3990,#3991,#3992,#3993,#3994,#3995,#3996
      ,#3997,#3998,#3999,#4000,#4001,#4002,#4003,#4004,#4005,#4006)
    ,(#4007,#4008,#4009,#4010,#4011,#4012,#4013,#4014,#4015,#4016,#4017
      ,#4018,#4019,#4020,#4021,#4022,#4023,#4024,#4025,#4026,#4027,#4028
      ,#4029,#4030,#4031,#4032,#4033,#4034,#4035,#4036,#4037,#4038
)),.UNSPECIFIED.,.F.,.F.,.F.) B_SPLINE_SURFACE_WITH_KNOTS((3,3),(12,10,
    10,12),(0.,29.762620430726),(-1.860716001416,-5.607434573631E-02,
    29.70654608499,31.494119992967),.UNSPECIFIED.) 
GEOMETRIC_REPRESENTATION_ITEM() RATIONAL_B_SPLINE_SURFACE((
    (1.,1.,1.,1.,1.,1.,1.,1.,1.,1.,1.,1.,1.,1.,1.,1.,1.,1.,1.,1.,1.,1.
      ,1.,1.,1.,1.,1.,1.,1.,1.,1.,1.)
    ,(0.781494643708,0.780955393591,0.780523993497,0.780200443427
      ,0.77998474338,0.779876893356,0.779876893356,0.77998474338
      ,0.780200443427,0.780523993497,0.780955393591,0.790388097159
      ,0.799297128221,0.808220722998,0.817144157348,0.82607712783
      ,0.834991967054,0.843890851874,0.852739815209,0.86153262148
      ,0.87021637621,0.87926195306,0.879671957182,0.879979460274
      ,0.880184462335,0.880286963365,0.880286963365,0.880184462335
      ,0.879979460274,0.879671957182,0.87926195306,0.878749447908)
    ,(1.,1.,1.,1.,1.,1.,1.,1.,1.,1.,1.,1.,1.,1.,1.,1.,1.,1.,1.,1.,1.,1.
,1.,1.,1.,1.,1.,1.,1.,1.,1.,1.))) REPRESENTATION_ITEM('') SURFACE() );
#3943 = CARTESIAN_POINT('',(21.6104072751,44.505519858573,
    -3.425555731343E-15));
#3944 = CARTESIAN_POINT('',(21.619226250647,44.673200739136,
    -2.872469596406E-15));
#3945 = CARTESIAN_POINT('',(21.628045226193,44.840881619699,
    -2.319383461469E-15));
#3946 = CARTESIAN_POINT('',(21.63686420174,45.008562500261,
    -1.766297326532E-15));
#3947 = CARTESIAN_POINT('',(21.645683177286,45.176243380824,
    -1.213211191595E-15));
#3948 = CARTESIAN_POINT('',(21.654502152833,45.343924261387,
    -6.601250566578E-16));
#3949 = CARTESIAN_POINT('',(21.663321128379,45.51160514195,
    -1.070389217207E-16));
#3950 = CARTESIAN_POINT('',(21.672140103926,45.679286022512,
    4.460472132164E-16));
#3951 = CARTESIAN_POINT('',(21.680959079472,45.846966903075,
    9.991333481534E-16));
#3952 = CARTESIAN_POINT('',(21.689778055019,46.014647783637,
    1.55221948309E-15));
#3953 = CARTESIAN_POINT('',(21.698597030565,46.182328664199,
    2.105305618027E-15));
#3954 = CARTESIAN_POINT('',(21.852860848832,49.115446320512,
    1.1780032411E-14));
#3955 = CARTESIAN_POINT('',(22.054963131122,51.878927606597,
    -3.104982594823E-14));
#3956 = CARTESIAN_POINT('',(22.3167118375,54.638684613734,
    7.733999622668E-14));
#3957 = CARTESIAN_POINT('',(22.642771583409,57.395809790432,
    -1.098036749228E-13));
#3958 = CARTESIAN_POINT('',(23.034599793297,60.139967952774,
    1.264997698337E-13));
#3959 = CARTESIAN_POINT('',(23.502707364812,62.88759516999,
    -9.570955305228E-14));
#3960 = CARTESIAN_POINT('',(24.045448677604,65.60882209859,
    5.268270967887E-14));
#3961 = CARTESIAN_POINT('',(24.677167580684,68.327303848468,
    -7.858104212361E-15));
#3962 = CARTESIAN_POINT('',(25.401202088572,71.019097160705,
    2.888705478302E-15));
#3963 = CARTESIAN_POINT('',(26.230405538561,73.686997225489,
    3.656387428164E-15));
#3964 = CARTESIAN_POINT('',(27.233278458362,76.475768332427,
    3.308442270057E-15));
#3965 = CARTESIAN_POINT('',(27.290099327521,76.633774790725,
    3.288728360236E-15));
#3966 = CARTESIAN_POINT('',(27.34692019668,76.791781249023,
    3.269014450414E-15));
#3967 = CARTESIAN_POINT('',(27.403741065839,76.949787707321,
    3.249300540593E-15));
#3968 = CARTESIAN_POINT('',(27.460561934997,77.10779416562,
    3.229586630771E-15));
#3969 = CARTESIAN_POINT('',(27.517382804156,77.265800623918,
    3.20987272095E-15));
#3970 = CARTESIAN_POINT('',(27.574203673315,77.423807082216,
    3.190158811129E-15));
#3971 = CARTESIAN_POINT('',(27.631024542474,77.581813540515,
    3.170444901307E-15));
#3972 = CARTESIAN_POINT('',(27.687845411633,77.739819998813,
    3.150730991486E-15));
#3973 = CARTESIAN_POINT('',(27.744666280791,77.897826457111,
    3.131017081665E-15));
#3974 = CARTESIAN_POINT('',(27.80148714995,78.05583291541,
    3.111303171843E-15));
#3975 = CARTESIAN_POINT('',(24.865537021027,44.448818224236,
    6.985347464249E-15));
#3976 = CARTESIAN_POINT('',(24.868753320029,44.619282995273,
    5.925157294403E-15));
#3977 = CARTESIAN_POINT('',(24.87196386325,44.789442708264,
    4.866864405381E-15));
#3978 = CARTESIAN_POINT('',(24.875167309726,44.959226291738,
    3.810910819747E-15));
#3979 = CARTESIAN_POINT('',(24.878362321785,45.128562848693,
    2.757737474975E-15));
#3980 = CARTESIAN_POINT('',(24.881547566903,45.297381754999,
    1.70778361142E-15));
#3981 = CARTESIAN_POINT('',(24.884721719556,45.465612757448,
    6.614861625428E-16));
#3982 = CARTESIAN_POINT('',(24.887883463055,45.633186071144,
    -3.807208508422E-16));
#3983 = CARTESIAN_POINT('',(24.891031491366,45.800032475977,
    -1.418406920531E-15));
#3984 = CARTESIAN_POINT('',(24.894164510911,45.966083411871,
    -2.451145643363E-15));
#3985 = CARTESIAN_POINT('',(24.897281242333,46.131271072559,
    -3.478515304416E-15));
#3986 = CARTESIAN_POINT('',(24.95088291465,48.972175103491,
    -2.11472600471E-14));
#3987 = CARTESIAN_POINT('',(25.056027772728,51.654355144587,
    2.348830459629E-13));
#3988 = CARTESIAN_POINT('',(25.219096941011,54.340750864215,
    -6.985725029285E-13));
#3989 = CARTESIAN_POINT('',(25.444395064867,57.029513294613,
    1.196605791169E-12));
#3990 = CARTESIAN_POINT('',(25.735064965894,59.716757642444,
    -1.372636735622E-12));
#3991 = CARTESIAN_POINT('',(26.09880134493,62.406859020643,
    1.243981433674E-12));
#3992 = CARTESIAN_POINT('',(26.538477560858,65.085295528739,
    -9.21121664143E-13));
#3993 = CARTESIAN_POINT('',(27.064076869161,67.75927796416,
    5.36221445331E-13));
#3994 = CARTESIAN_POINT('',(27.682788882107,70.416738736416,
    -1.777982337392E-13));
#3995 = CARTESIAN_POINT('',(28.405574799168,73.052142195517,
    2.41288278836E-14));
#3996 = CARTESIAN_POINT('',(29.295024352679,75.808611400076,
    4.242045014277E-15));
#3997 = CARTESIAN_POINT('',(29.345208521402,75.964135808509,
    3.120000865818E-15));
#3998 = CARTESIAN_POINT('',(29.395688842631,76.120578015215,
    1.991335183206E-15));
#3999 = CARTESIAN_POINT('',(29.446482641885,76.277991713241,
    8.556605933674E-16));
#4000 = CARTESIAN_POINT('',(29.497607443516,76.436431211836,
    -2.874147224345E-16));
#4001 = CARTESIAN_POINT('',(29.549080990886,76.595951498979,
    -1.438287479659E-15));
#4002 = CARTESIAN_POINT('',(29.600921266901,76.756608305011,
    -2.597359749629E-15));
#4003 = CARTESIAN_POINT('',(29.653146514961,76.918458167555,
    -3.765039427867E-15));
#4004 = CARTESIAN_POINT('',(29.705775260362,77.081558497866,
    -4.941740712777E-15));
#4005 = CARTESIAN_POINT('',(29.758826332229,77.245967648775,
    -6.127884595846E-15));
#4006 = CARTESIAN_POINT('',(29.812318886004,77.411744984402,
    -7.323899364597E-15));
#4007 = CARTESIAN_POINT('',(25.526077842048,44.439791680779,
    -3.190269530578));
#4008 = CARTESIAN_POINT('',(25.533673193698,44.61173563469,
    -3.183168530425));
#4009 = CARTESIAN_POINT('',(25.541230224933,44.782812089121,
    -3.176103356562));
#4010 = CARTESIAN_POINT('',(25.548748935753,44.95302104407,
    -3.169074008988));
#4011 = CARTESIAN_POINT('',(25.556229326158,45.122362499537,
    -3.162080487705));
#4012 = CARTESIAN_POINT('',(25.563671396149,45.290836455522,
    -3.155122792712));
#4013 = CARTESIAN_POINT('',(25.571075145725,45.458442912026,
    -3.148200924009));
#4014 = CARTESIAN_POINT('',(25.578440574886,45.625181869049,
    -3.141314881596));
#4015 = CARTESIAN_POINT('',(25.585767683633,45.791053326589,
    -3.134464665472));
#4016 = CARTESIAN_POINT('',(25.593056471964,45.956057284649,
    -3.127650275639));
#4017 = CARTESIAN_POINT('',(25.600306939881,46.120193743226,
    -3.120871712096));
#4018 = CARTESIAN_POINT('',(25.726463703301,48.976136919612,
    -3.002925995068));
#4019 = CARTESIAN_POINT('',(25.896458613855,51.664307724265,
    -2.890136321489));
#4020 = CARTESIAN_POINT('',(26.120251730174,54.347101186812,
    -2.77576329454));
#4021 = CARTESIAN_POINT('',(26.401021897434,57.02127515313,
    -2.659989087138));
#4022 = CARTESIAN_POINT('',(26.742177829267,59.686818904992,
    -2.542685157177));
#4023 = CARTESIAN_POINT('',(27.148682937386,62.34164501404,
    -2.424214286831));
#4024 = CARTESIAN_POINT('',(27.624785005861,64.979816064591,
    -2.304546716459));
#4025 = CARTESIAN_POINT('',(28.176870959892,67.600669998404,
    -2.184170252512));
#4026 = CARTESIAN_POINT('',(28.812635848946,70.198646254725,
    -2.063182198969));
#4027 = CARTESIAN_POINT('',(29.540283180294,72.765455491451,
    -1.94237017511));
#4028 = CARTESIAN_POINT('',(30.421212810114,75.444353858276,
    -1.8151894445));
#4029 = CARTESIAN_POINT('',(30.471622229726,75.597648409053,
    -1.807911783948));
#4030 = CARTESIAN_POINT('',(30.522529274298,75.752456232457,
    -1.800562280761));
#4031 = CARTESIAN_POINT('',(30.57393394383,75.908777328486,
    -1.793140934939));
#4032 = CARTESIAN_POINT('',(30.625836238323,76.066611697141,
    -1.785647746482));
#4033 = CARTESIAN_POINT('',(30.678236157777,76.225959338422,
    -1.778082715389));
#4034 = CARTESIAN_POINT('',(30.731133702191,76.386820252328,
    -1.770445841661));
#4035 = CARTESIAN_POINT('',(30.784528871566,76.549194438861,
    -1.762737125298));
#4036 = CARTESIAN_POINT('',(30.838421665901,76.713081898019,
    -1.7549565663));
#4037 = CARTESIAN_POINT('',(30.892812085197,76.878482629803,
    -1.747104164666));
#4038 = CARTESIAN_POINT('',(30.947700129454,77.045396634213,
    -1.739179920398));
#4039 = ADVANCED_FACE('',(#4040),#4051,.F.);
#4040 = FACE_BOUND('',#4041,.T.);
#4041 = EDGE_LOOP('',(#4042,#4048,#4049,#4050));
#4042 = ORIENTED_EDGE('',*,*,#4043,.F.);
#4043 = EDGE_CURVE('',#3226,#3004,#4044,.T.);
#4044 = LINE('',#4045,#4046);
#4045 = CARTESIAN_POINT('',(-23.05,62.25,-6.879188));
#4046 = VECTOR('',#4047,1.);
#4047 = DIRECTION('',(0.707106781187,1.611541390031E-16,-0.707106781187)
  );
#4048 = ORIENTED_EDGE('',*,*,#3225,.T.);
#4049 = ORIENTED_EDGE('',*,*,#4043,.T.);
#4050 = ORIENTED_EDGE('',*,*,#3011,.F.);
#4051 = CONICAL_SURFACE('',#4052,1.55,0.785398163397);
#4052 = AXIS2_PLACEMENT_3D('',#4053,#4054,#4055);
#4053 = CARTESIAN_POINT('',(-21.5,62.25,-6.879188));
#4054 = DIRECTION('',(-1.224646799147E-16,-2.279063690107E-16,1.));
#4055 = DIRECTION('',(-1.,0.,-1.224646799147E-16));
#4056 = ADVANCED_FACE('',(#4057),#4076,.T.);
#4057 = FACE_BOUND('',#4058,.F.);
#4058 = EDGE_LOOP('',(#4059,#4067,#4068,#4069));
#4059 = ORIENTED_EDGE('',*,*,#4060,.F.);
#4060 = EDGE_CURVE('',#3029,#4061,#4063,.T.);
#4061 = VERTEX_POINT('',#4062);
#4062 = CARTESIAN_POINT('',(16.260174962979,66.575321930896,-16.1));
#4063 = LINE('',#4064,#4065);
#4064 = CARTESIAN_POINT('',(16.260174962979,66.575321930896,-9.6));
#4065 = VECTOR('',#4066,1.);
#4066 = DIRECTION('',(0.,0.,-1.));
#4067 = ORIENTED_EDGE('',*,*,#3039,.F.);
#4068 = ORIENTED_EDGE('',*,*,#4060,.T.);
#4069 = ORIENTED_EDGE('',*,*,#4070,.F.);
#4070 = EDGE_CURVE('',#4061,#4061,#4071,.T.);
#4071 = CIRCLE('',#4072,4.85);
#4072 = AXIS2_PLACEMENT_3D('',#4073,#4074,#4075);
#4073 = CARTESIAN_POINT('',(21.110174962979,66.575321930896,-16.1));
#4074 = DIRECTION('',(0.,0.,1.));
#4075 = DIRECTION('',(-1.,0.,0.));
#4076 = CYLINDRICAL_SURFACE('',#4077,4.85);
#4077 = AXIS2_PLACEMENT_3D('',#4078,#4079,#4080);
#4078 = CARTESIAN_POINT('',(21.110174962979,66.575321930896,-9.6));
#4079 = DIRECTION('',(0.,0.,1.));
#4080 = DIRECTION('',(-1.,0.,0.));
#4081 = ADVANCED_FACE('',(#4082),#4151,.F.);
#4082 = FACE_BOUND('',#4083,.F.);
#4083 = EDGE_LOOP('',(#4084,#4127,#4135,#4143,#4149,#4150));
#4084 = ORIENTED_EDGE('',*,*,#4085,.F.);
#4085 = EDGE_CURVE('',#4086,#3057,#4088,.T.);
#4086 = VERTEX_POINT('',#4087);
#4087 = CARTESIAN_POINT('',(-6.124991893768,49.406246139124,
    -0.219767032291));
#4088 = B_SPLINE_CURVE_WITH_KNOTS('',7,(#4089,#4090,#4091,#4092,#4093,
    #4094,#4095,#4096,#4097,#4098,#4099,#4100,#4101,#4102,#4103,#4104,
    #4105,#4106,#4107,#4108,#4109,#4110,#4111,#4112,#4113,#4114,#4115,
    #4116,#4117,#4118,#4119,#4120,#4121,#4122,#4123,#4124,#4125,#4126),
  .UNSPECIFIED.,.F.,.F.,(8,6,6,6,6,6,8),(0.,1.452913576553E-02,
    0.476990962778,0.5951978867,0.857046537404,0.952809851529,1.),
  .UNSPECIFIED.);
#4089 = CARTESIAN_POINT('',(-6.124991893768,49.406246139124,
    -0.219767032291));
#4090 = CARTESIAN_POINT('',(-6.123052389252,49.406246139124,
    -0.219305296196));
#4091 = CARTESIAN_POINT('',(-6.121113204493,49.406246139124,
    -0.218845107893));
#4092 = CARTESIAN_POINT('',(-6.119174411051,49.406246139124,
    -0.218386483538));
#4093 = CARTESIAN_POINT('',(-6.117236049242,49.406246139124,
    -0.217929431737));
#4094 = CARTESIAN_POINT('',(-6.11529812815,49.406246139124,
    -0.217473953549));
#4095 = CARTESIAN_POINT('',(-6.113360625617,49.406246139124,
    -0.217020042484));
#4096 = CARTESIAN_POINT('',(-6.04976448105,49.406246139124,
    -0.202169147511));
#4097 = CARTESIAN_POINT('',(-5.988521435839,49.406246139124,
    -0.189355339475));
#4098 = CARTESIAN_POINT('',(-5.927786860193,49.406246139124,
    -0.178105797019));
#4099 = CARTESIAN_POINT('',(-5.867540022423,49.406246139124,
    -0.168327389491));
#4100 = CARTESIAN_POINT('',(-5.807603259649,49.406246139124,
    -0.159792691308));
#4101 = CARTESIAN_POINT('',(-5.747868137948,49.406246139124,
    -0.15226505998));
#4102 = CARTESIAN_POINT('',(-5.673065357688,49.406246139124,
    -0.143859303661));
#4103 = CARTESIAN_POINT('',(-5.657847516191,49.406246139124,
    -0.142202509917));
#4104 = CARTESIAN_POINT('',(-5.642638727118,49.406246139124,
    -0.140597093873));
#4105 = CARTESIAN_POINT('',(-5.627438772828,49.406246139124,
    -0.13904042834));
#4106 = CARTESIAN_POINT('',(-5.612247950101,49.406246139124,
    -0.137530250013));
#4107 = CARTESIAN_POINT('',(-5.597067070134,49.406246139124,
    -0.136064659465));
#4108 = CARTESIAN_POINT('',(-5.54829416192,49.406246139124,
    -0.13149095431));
#4109 = CARTESIAN_POINT('',(-5.514751561521,49.406246139124,
    -0.128551969988));
#4110 = CARTESIAN_POINT('',(-5.481276462789,49.406246139124,
    -0.125807027378));
#4111 = CARTESIAN_POINT('',(-5.447900720731,49.406246139124,
    -0.123254764058));
#4112 = CARTESIAN_POINT('',(-5.414672760244,49.406246139124,
    -0.120902977061));
#4113 = CARTESIAN_POINT('',(-5.381671056177,49.406246139124,
    -0.118782108242));
#4114 = CARTESIAN_POINT('',(-5.337105583951,49.406246139124,
    -0.116320706003));
#4115 = CARTESIAN_POINT('',(-5.325222233448,49.406246139124,
    -0.115704252343));
#4116 = CARTESIAN_POINT('',(-5.313396787861,49.406246139124,
    -0.11513509177));
#4117 = CARTESIAN_POINT('',(-5.301638448252,49.406246139124,
    -0.114618665603));
#4118 = CARTESIAN_POINT('',(-5.289959387726,49.406246139124,
    -0.114162238508));
#4119 = CARTESIAN_POINT('',(-5.278375788642,49.406246139124,
    -0.113775899345));
#4120 = CARTESIAN_POINT('',(-5.261258228191,49.406246139124,
    -0.113324576513));
#4121 = CARTESIAN_POINT('',(-5.255636166585,49.406246139124,
    -0.113196065482));
#4122 = CARTESIAN_POINT('',(-5.250045141246,49.406246139124,
    -0.113089608063));
#4123 = CARTESIAN_POINT('',(-5.244488272123,49.406246139124,
    -0.113007195747));
#4124 = CARTESIAN_POINT('',(-5.238969352885,49.406246139124,
    -0.11295123236));
#4125 = CARTESIAN_POINT('',(-5.23349285092,49.406246139124,
    -0.112924534064));
#4126 = CARTESIAN_POINT('',(-5.228063907342,49.406246139124,
    -0.112930329356));
#4127 = ORIENTED_EDGE('',*,*,#4128,.T.);
#4128 = EDGE_CURVE('',#4086,#4129,#4131,.T.);
#4129 = VERTEX_POINT('',#4130);
#4130 = CARTESIAN_POINT('',(-6.124991893768,49.406246139124,
    -2.850060573729));
#4131 = LINE('',#4132,#4133);
#4132 = CARTESIAN_POINT('',(-6.124991893768,49.406246139124,0.));
#4133 = VECTOR('',#4134,1.);
#4134 = DIRECTION('',(0.,0.,-1.));
#4135 = ORIENTED_EDGE('',*,*,#4136,.F.);
#4136 = EDGE_CURVE('',#4137,#4129,#4139,.T.);
#4137 = VERTEX_POINT('',#4138);
#4138 = CARTESIAN_POINT('',(25.075008106232,49.406246139124,
    -2.850060573729));
#4139 = LINE('',#4140,#4141);
#4140 = CARTESIAN_POINT('',(7.462514106232,49.406246139124,
    -2.850060573729));
#4141 = VECTOR('',#4142,1.);
#4142 = DIRECTION('',(-1.,0.,-2.755111512313E-16));
#4143 = ORIENTED_EDGE('',*,*,#4144,.F.);
#4144 = EDGE_CURVE('',#3838,#4137,#4145,.T.);
#4145 = LINE('',#4146,#4147);
#4146 = CARTESIAN_POINT('',(25.075008106232,49.406246139124,0.));
#4147 = VECTOR('',#4148,1.);
#4148 = DIRECTION('',(0.,0.,-1.));
#4149 = ORIENTED_EDGE('',*,*,#3837,.T.);
#4150 = ORIENTED_EDGE('',*,*,#3054,.T.);
#4151 = PLANE('',#4152);
#4152 = AXIS2_PLACEMENT_3D('',#4153,#4154,#4155);
#4153 = CARTESIAN_POINT('',(-6.124991893768,49.406246139124,0.));
#4154 = DIRECTION('',(0.,-1.,0.));
#4155 = DIRECTION('',(1.,0.,0.));
#4156 = ADVANCED_FACE('',(#4157),#4217,.T.);
#4157 = FACE_BOUND('',#4158,.T.);
#4158 = EDGE_LOOP('',(#4159,#4160,#4161,#4215,#4216));
#4159 = ORIENTED_EDGE('',*,*,#3095,.F.);
#4160 = ORIENTED_EDGE('',*,*,#4085,.F.);
#4161 = ORIENTED_EDGE('',*,*,#4162,.F.);
#4162 = EDGE_CURVE('',#3157,#4086,#4163,.T.);
#4163 = B_SPLINE_CURVE_WITH_KNOTS('',8,(#4164,#4165,#4166,#4167,#4168,
    #4169,#4170,#4171,#4172,#4173,#4174,#4175,#4176,#4177,#4178,#4179,
    #4180,#4181,#4182,#4183,#4184,#4185,#4186,#4187,#4188,#4189,#4190,
    #4191,#4192,#4193,#4194,#4195,#4196,#4197,#4198,#4199,#4200,#4201,
    #4202,#4203,#4204,#4205,#4206,#4207,#4208,#4209,#4210,#4211,#4212,
    #4213,#4214),.UNSPECIFIED.,.F.,.F.,(9,7,7,7,7,7,7,9),(0.,
    0.13773877964,0.36302739369,0.40831314881,0.926185774122,
    0.963379023721,0.981031156485,1.),.UNSPECIFIED.);
#4164 = CARTESIAN_POINT('',(-6.124991893768,50.296579963594,
    -0.114449847037));
#4165 = CARTESIAN_POINT('',(-6.124991893768,50.282800065788,
    -0.114434960271));
#4166 = CARTESIAN_POINT('',(-6.124991893768,50.268728066369,
    -0.114624936908));
#4167 = CARTESIAN_POINT('',(-6.124991893768,50.254436885275,
    -0.11496931895));
#4168 = CARTESIAN_POINT('',(-6.124991893768,50.239975389059,
    -0.115437357113));
#4169 = CARTESIAN_POINT('',(-6.124991893768,50.225377624711,
    -0.116008877629));
#4170 = CARTESIAN_POINT('',(-6.124991893768,50.2106684813,
    -0.116668694909));
#4171 = CARTESIAN_POINT('',(-6.124991893768,50.195865779457,
    -0.117404570061));
#4172 = CARTESIAN_POINT('',(-6.124991893768,50.156629295167,
    -0.119523993075));
#4173 = CARTESIAN_POINT('',(-6.124991893768,50.132068242949,
    -0.121020664747));
#4174 = CARTESIAN_POINT('',(-6.124991893768,50.107355131122,
    -0.122661584581));
#4175 = CARTESIAN_POINT('',(-6.124991893768,50.082530113628,
    -0.12442658936));
#4176 = CARTESIAN_POINT('',(-6.124991893768,50.057621256413,
    -0.126305241276));
#4177 = CARTESIAN_POINT('',(-6.124991893768,50.032648958661,
    -0.128292401253));
#4178 = CARTESIAN_POINT('',(-6.124991893768,50.0076275381,
    -0.130386632692));
#4179 = CARTESIAN_POINT('',(-6.124991893768,49.977525900041,
    -0.133034627865));
#4180 = CARTESIAN_POINT('',(-6.124991893768,49.972486212145,
    -0.133482275263));
#4181 = CARTESIAN_POINT('',(-6.124991893768,49.967444997802,
    -0.1339344008));
#4182 = CARTESIAN_POINT('',(-6.124991893768,49.962402331435,
    -0.134391032739));
#4183 = CARTESIAN_POINT('',(-6.124991893768,49.95735828078,
    -0.134852204621));
#4184 = CARTESIAN_POINT('',(-6.124991893768,49.952312906892,
    -0.135317955267));
#4185 = CARTESIAN_POINT('',(-6.124991893768,49.947266264139,
    -0.135788328776));
#4186 = CARTESIAN_POINT('',(-6.124991893768,49.884492730381,
    -0.141695837564));
#4187 = CARTESIAN_POINT('',(-6.124991893768,49.826607049217,
    -0.147739197127));
#4188 = CARTESIAN_POINT('',(-6.124991893768,49.768619002634,
    -0.154468855738));
#4189 = CARTESIAN_POINT('',(-6.124991893768,49.710505681602,
    -0.16203674201));
#4190 = CARTESIAN_POINT('',(-6.124991893768,49.652185401072,
    -0.17064534188));
#4191 = CARTESIAN_POINT('',(-6.124991893768,49.593500125524,
    -0.180501585162));
#4192 = CARTESIAN_POINT('',(-6.124991893768,49.534376620106,
    -0.191730224744));
#4193 = CARTESIAN_POINT('',(-6.124991893768,49.470539273619,
    -0.205307835176));
#4194 = CARTESIAN_POINT('',(-6.124991893768,49.46625965208,
    -0.206225014972));
#4195 = CARTESIAN_POINT('',(-6.124991893768,49.461977962113,
    -0.207149602301));
#4196 = CARTESIAN_POINT('',(-6.124991893768,49.457694215313,
    -0.208081616953));
#4197 = CARTESIAN_POINT('',(-6.124991893768,49.453408425143,
    -0.209021077044));
#4198 = CARTESIAN_POINT('',(-6.124991893768,49.449120606933,
    -0.209967999012));
#4199 = CARTESIAN_POINT('',(-6.124991893768,49.444830777886,
    -0.210922397622));
#4200 = CARTESIAN_POINT('',(-6.124991893768,49.438502033926,
    -0.212340803761));
#4201 = CARTESIAN_POINT('',(-6.124991893768,49.436459903224,
    -0.212800075214));
#4202 = CARTESIAN_POINT('',(-6.124991893768,49.434412511436,
    -0.213262127137));
#4203 = CARTESIAN_POINT('',(-6.124991893768,49.432359804476,
    -0.213726986727));
#4204 = CARTESIAN_POINT('',(-6.124991893768,49.430301727699,
    -0.214194681566));
#4205 = CARTESIAN_POINT('',(-6.124991893768,49.428238225907,
    -0.214665239614));
#4206 = CARTESIAN_POINT('',(-6.124991893768,49.426169243342,
    -0.215138689214));
#4207 = CARTESIAN_POINT('',(-6.124991893768,49.421865461131,
    -0.216126962421));
#4208 = CARTESIAN_POINT('',(-6.124991893768,49.419635705536,
    -0.216640882703));
#4209 = CARTESIAN_POINT('',(-6.124991893768,49.417405425122,
    -0.217156829572));
#4210 = CARTESIAN_POINT('',(-6.124991893768,49.41517460383,
    -0.217674808843));
#4211 = CARTESIAN_POINT('',(-6.124991893768,49.412943241328,
    -0.218194822502));
#4212 = CARTESIAN_POINT('',(-6.124991893768,49.410711353009,
    -0.218716868711));
#4213 = CARTESIAN_POINT('',(-6.124991893768,49.408478969992,
    -0.219240941805));
#4214 = CARTESIAN_POINT('',(-6.124991893768,49.406246139124,
    -0.219767032291));
#4215 = ORIENTED_EDGE('',*,*,#3164,.T.);
#4216 = ORIENTED_EDGE('',*,*,#3113,.F.);
#4217 = B_SPLINE_SURFACE_WITH_KNOTS('',8,8,(
    (#4218,#4219,#4220,#4221,#4222,#4223,#4224,#4225,#4226)
    ,(#4227,#4228,#4229,#4230,#4231,#4232,#4233,#4234,#4235)
    ,(#4236,#4237,#4238,#4239,#4240,#4241,#4242,#4243,#4244)
    ,(#4245,#4246,#4247,#4248,#4249,#4250,#4251,#4252,#4253)
    ,(#4254,#4255,#4256,#4257,#4258,#4259,#4260,#4261,#4262)
    ,(#4263,#4264,#4265,#4266,#4267,#4268,#4269,#4270,#4271)
    ,(#4272,#4273,#4274,#4275,#4276,#4277,#4278,#4279,#4280)
    ,(#4281,#4282,#4283,#4284,#4285,#4286,#4287,#4288,#4289)
    ,(#4290,#4291,#4292,#4293,#4294,#4295,#4296,#4297,#4298
  )),.UNSPECIFIED.,.F.,.F.,.F.,(9,9),(9,9),(0.,1.),(0.,1.),
  .PIECEWISE_BEZIER_KNOTS.);
#4218 = CARTESIAN_POINT('',(-5.174991893768,50.350009544762,
    2.918959952969E-15));
#4219 = CARTESIAN_POINT('',(-5.218741893768,49.564611381364,
    4.832701922932E-15));
#4220 = CARTESIAN_POINT('',(-5.262491893768,48.779212970746,
    -0.176243155845));
#4221 = CARTESIAN_POINT('',(-5.306241893768,48.039956607421,
    -0.528727736514));
#4222 = CARTESIAN_POINT('',(-5.349991893768,47.392974521644,
    -1.04296497688));
#4223 = CARTESIAN_POINT('',(-5.393741893768,46.878737281275,
    -1.68994706266));
#4224 = CARTESIAN_POINT('',(-5.437491893768,46.526252700607,
    -2.429203425983));
#4225 = CARTESIAN_POINT('',(-5.481241893768,46.350009544762,
    -3.214601836603));
#4226 = CARTESIAN_POINT('',(-5.524991893768,46.350009544762,-4.));
#4227 = CARTESIAN_POINT('',(-5.174991893768,50.350009544762,
    2.925898846873E-15));
#4228 = CARTESIAN_POINT('',(-5.344001139023,49.600286151789,
    4.90432129923E-15));
#4229 = CARTESIAN_POINT('',(-5.51301041518,48.849235926059,
    -0.160116754808));
#4230 = CARTESIAN_POINT('',(-5.676251935425,48.126019644571,
    -0.481301367648));
#4231 = CARTESIAN_POINT('',(-5.827959170977,47.456417769453,
    -0.962922682565));
#4232 = CARTESIAN_POINT('',(-5.963073300853,46.893933248411,
    -1.622785924311));
#4233 = CARTESIAN_POINT('',(-6.077968348266,46.520252359215,
    -2.40122676781));
#4234 = CARTESIAN_POINT('',(-6.170833217576,46.345714398708,
    -3.214601836603));
#4235 = CARTESIAN_POINT('',(-6.241667692406,46.350009544762,-4.));
#4236 = CARTESIAN_POINT('',(-5.174991893768,50.350009544762,
    2.486765989811E-15));
#4237 = CARTESIAN_POINT('',(-5.572902922003,49.765199024176,
    4.385471919755E-15));
#4238 = CARTESIAN_POINT('',(-5.846325742619,49.03155924046,
    -0.148597896924));
#4239 = CARTESIAN_POINT('',(-6.168513275785,48.37128092156,
    -0.447425389887));
#4240 = CARTESIAN_POINT('',(-6.462200367482,47.728275433335,
    -0.905749615197));
#4241 = CARTESIAN_POINT('',(-6.705881291484,47.158061535264,
    -1.574813682633));
#4242 = CARTESIAN_POINT('',(-6.871635477774,46.763788799926,
    -2.381243440544));
#4243 = CARTESIAN_POINT('',(-6.891130028859,46.487652013214,
    -3.214601836603));
#4244 = CARTESIAN_POINT('',(-6.958343830873,46.510831409422,-4.));
#4245 = CARTESIAN_POINT('',(-5.174991893768,50.350009544762,
    2.267695196559E-15));
#4246 = CARTESIAN_POINT('',(-5.650319755102,49.804222510921,
    4.098134414494E-15));
#4247 = CARTESIAN_POINT('',(-6.063859618268,49.14529942891,
    -0.141686582193));
#4248 = CARTESIAN_POINT('',(-6.504728267958,48.531153795264,
    -0.42709980323));
#4249 = CARTESIAN_POINT('',(-6.922130707706,47.927689972466,
    -0.871445774776));
#4250 = CARTESIAN_POINT('',(-7.280141424177,47.391256743793,
    -1.546030337626));
#4251 = CARTESIAN_POINT('',(-7.520861725744,47.026652473724,
    -2.369253444184));
#4252 = CARTESIAN_POINT('',(-7.599440462818,46.800325192291,
    -3.214601836603));
#4253 = CARTESIAN_POINT('',(-7.632915114621,46.832473656911,-4.));
#4254 = CARTESIAN_POINT('',(-5.174991893768,50.350009544762,
    2.046641862192E-15));
#4255 = CARTESIAN_POINT('',(-5.691948232415,49.833053206115,
    3.790334230291E-15));
#4256 = CARTESIAN_POINT('',(-6.240870236691,49.284131201838,
    -0.139382810617));
#4257 = CARTESIAN_POINT('',(-6.782718625779,48.742282812752,
    -0.420324607678));
#4258 = CARTESIAN_POINT('',(-7.309430546362,48.215570892168,
    -0.860011161302));
#4259 = CARTESIAN_POINT('',(-7.771649912604,47.753351525927,
    -1.536435889291));
#4260 = CARTESIAN_POINT('',(-8.082079741814,47.442921696716,
    -2.365256778731));
#4261 = CARTESIAN_POINT('',(-8.234482494147,47.290518944383,
    -3.214601836603));
#4262 = CARTESIAN_POINT('',(-8.223286434617,47.301715003913,-4.));
#4263 = CARTESIAN_POINT('',(-5.174991893768,50.350009544762,
    1.823605986709E-15));
#4264 = CARTESIAN_POINT('',(-5.72077892761,49.874681683428,
    3.478585609775E-15));
#4265 = CARTESIAN_POINT('',(-6.37970200962,49.461141820261,
    -0.141686582193));
#4266 = CARTESIAN_POINT('',(-6.993847643266,49.020273170573,
    -0.42709980323));
#4267 = CARTESIAN_POINT('',(-7.597311466063,48.602870730823,
    -0.871445774776));
#4268 = CARTESIAN_POINT('',(-8.133744694737,48.244860014353,
    -1.546030337626));
#4269 = CARTESIAN_POINT('',(-8.498348964806,48.004139712785,
    -2.369253444184));
#4270 = CARTESIAN_POINT('',(-8.724676246238,47.925560975712,
    -3.214601836603));
#4271 = CARTESIAN_POINT('',(-8.692527781619,47.892086323909,-4.));
#4272 = CARTESIAN_POINT('',(-5.174991893768,50.350009544762,
    1.598587570111E-15));
#4273 = CARTESIAN_POINT('',(-5.759802414354,49.952098516528,
    3.179402795576E-15));
#4274 = CARTESIAN_POINT('',(-6.49344219807,49.67867569591,
    -0.148597896924));
#4275 = CARTESIAN_POINT('',(-7.15372051697,49.356488162746,
    -0.447425389887));
#4276 = CARTESIAN_POINT('',(-7.796726005196,49.062801071047,
    -0.905749615197));
#4277 = CARTESIAN_POINT('',(-8.366939903266,48.819120147047,
    -1.574813682633));
#4278 = CARTESIAN_POINT('',(-8.761212638604,48.653365960756,
    -2.381243440544));
#4279 = CARTESIAN_POINT('',(-9.037349425316,48.633871409671,
    -3.214601836603));
#4280 = CARTESIAN_POINT('',(-9.014170029108,48.566657607657,-4.));
#4281 = CARTESIAN_POINT('',(-5.174991893768,50.350009544762,
    1.149542007472E-15));
#4282 = CARTESIAN_POINT('',(-5.924715286741,50.181000299508,
    2.64081123454E-15));
#4283 = CARTESIAN_POINT('',(-6.675765512472,50.011991023349,
    -0.160116754808));
#4284 = CARTESIAN_POINT('',(-7.398981793958,49.848749503107,
    -0.481301367648));
#4285 = CARTESIAN_POINT('',(-8.068583669078,49.697042267551,
    -0.962922682565));
#4286 = CARTESIAN_POINT('',(-8.631068190119,49.561928137678,
    -1.622785924311));
#4287 = CARTESIAN_POINT('',(-9.004749079315,49.447033090263,
    -2.40122676781));
#4288 = CARTESIAN_POINT('',(-9.179287039822,49.354168220954,
    -3.214601836603));
#4289 = CARTESIAN_POINT('',(-9.174991893768,49.283333746124,-4.));
#4290 = CARTESIAN_POINT('',(-5.174991893768,50.350009544762,
    1.142603113569E-15));
#4291 = CARTESIAN_POINT('',(-5.960390057166,50.306259544762,
    2.684791556651E-15));
#4292 = CARTESIAN_POINT('',(-6.745788467785,50.262509544761,
    -0.176243155845));
#4293 = CARTESIAN_POINT('',(-7.485044831109,50.218759544764,
    -0.528727736514));
#4294 = CARTESIAN_POINT('',(-8.132026916888,50.17500954476,
    -1.042964976881));
#4295 = CARTESIAN_POINT('',(-8.646264157254,50.131259544763,
    -1.68994706266));
#4296 = CARTESIAN_POINT('',(-8.998748737924,50.087509544761,
    -2.429203425983));
#4297 = CARTESIAN_POINT('',(-9.174991893768,50.043759544762,
    -3.214601836603));
#4298 = CARTESIAN_POINT('',(-9.174991893768,50.000009544762,-4.));
#4299 = ADVANCED_FACE('',(#4300),#4325,.F.);
#4300 = FACE_BOUND('',#4301,.F.);
#4301 = EDGE_LOOP('',(#4302,#4312,#4318,#4319,#4320));
#4302 = ORIENTED_EDGE('',*,*,#4303,.F.);
#4303 = EDGE_CURVE('',#4304,#4306,#4308,.T.);
#4304 = VERTEX_POINT('',#4305);
#4305 = CARTESIAN_POINT('',(-6.124991893768,56.75000954476,
    -2.850063049861));
#4306 = VERTEX_POINT('',#4307);
#4307 = CARTESIAN_POINT('',(-8.006133369964,56.75000954476,
    -2.850063049861));
#4308 = LINE('',#4309,#4310);
#4309 = CARTESIAN_POINT('',(4.762093053116,56.75000954476,
    -2.850063049861));
#4310 = VECTOR('',#4311,1.);
#4311 = DIRECTION('',(-1.,0.,-2.755111512313E-16));
#4312 = ORIENTED_EDGE('',*,*,#4313,.F.);
#4313 = EDGE_CURVE('',#3148,#4304,#4314,.T.);
#4314 = LINE('',#4315,#4316);
#4315 = CARTESIAN_POINT('',(-6.124991893768,56.75000954476,0.));
#4316 = VECTOR('',#4317,1.);
#4317 = DIRECTION('',(0.,0.,-1.));
#4318 = ORIENTED_EDGE('',*,*,#3147,.F.);
#4319 = ORIENTED_EDGE('',*,*,#3136,.T.);
#4320 = ORIENTED_EDGE('',*,*,#4321,.F.);
#4321 = EDGE_CURVE('',#4306,#3139,#4322,.T.);
#4322 = B_SPLINE_CURVE_WITH_KNOTS('',1,(#4323,#4324),.UNSPECIFIED.,.F.,
  .F.,(2,2),(0.,1.),.PIECEWISE_BEZIER_KNOTS.);
#4323 = CARTESIAN_POINT('',(-8.006133369964,56.75000954476,
    -2.850063049861));
#4324 = CARTESIAN_POINT('',(-9.171639623229,56.75000954476,
    -3.836271790509));
#4325 = PLANE('',#4326);
#4326 = AXIS2_PLACEMENT_3D('',#4327,#4328,#4329);
#4327 = CARTESIAN_POINT('',(-11.525834,56.75000954476,0.));
#4328 = DIRECTION('',(0.,-1.,0.));
#4329 = DIRECTION('',(1.,0.,0.));
#4330 = ADVANCED_FACE('',(#4331),#4347,.F.);
#4331 = FACE_BOUND('',#4332,.F.);
#4332 = EDGE_LOOP('',(#4333,#4334,#4335,#4342));
#4333 = ORIENTED_EDGE('',*,*,#4321,.T.);
#4334 = ORIENTED_EDGE('',*,*,#3212,.T.);
#4335 = ORIENTED_EDGE('',*,*,#4336,.F.);
#4336 = EDGE_CURVE('',#4337,#3204,#4339,.T.);
#4337 = VERTEX_POINT('',#4338);
#4338 = CARTESIAN_POINT('',(-8.006134736209,70.25000954476,
    -2.850067601721));
#4339 = B_SPLINE_CURVE_WITH_KNOTS('',1,(#4340,#4341),.UNSPECIFIED.,.F.,
  .F.,(2,2),(0.,1.),.PIECEWISE_BEZIER_KNOTS.);
#4340 = CARTESIAN_POINT('',(-8.006134736209,70.25000954476,
    -2.850067601721));
#4341 = CARTESIAN_POINT('',(-9.171639817754,70.25000954476,
    -3.836276539007));
#4342 = ORIENTED_EDGE('',*,*,#4343,.F.);
#4343 = EDGE_CURVE('',#4306,#4337,#4344,.T.);
#4344 = B_SPLINE_CURVE_WITH_KNOTS('',1,(#4345,#4346),.UNSPECIFIED.,.F.,
  .F.,(2,2),(-6.740876616006,20.520000000001),.PIECEWISE_BEZIER_KNOTS.);
#4345 = CARTESIAN_POINT('',(-8.006132687765,50.009133029959,
    -2.850060777008));
#4346 = CARTESIAN_POINT('',(-8.006135446657,77.270009645964,
    -2.850069968688));
#4347 = B_SPLINE_SURFACE_WITH_KNOTS('',1,1,(
    (#4348,#4349)
    ,(#4350,#4351
    )),.UNSPECIFIED.,.F.,.F.,.F.,(2,2),(2,2),(0.,27.260876616007),(
    -6.740876616006,20.520000000001),.PIECEWISE_BEZIER_KNOTS.);
#4348 = CARTESIAN_POINT('',(-8.006132687765,50.009133029959,
    -2.850060777008));
#4349 = CARTESIAN_POINT('',(-8.006135446657,77.270009645964,
    -2.850069968688));
#4350 = CARTESIAN_POINT('',(-9.171639526097,50.009132579481,
    -3.836269419469));
#4351 = CARTESIAN_POINT('',(-9.171639918908,77.270009195486,
    -3.836279008225));
#4352 = ADVANCED_FACE('',(#4353),#4365,.F.);
#4353 = FACE_BOUND('',#4354,.F.);
#4354 = EDGE_LOOP('',(#4355,#4356,#4357,#4363,#4364));
#4355 = ORIENTED_EDGE('',*,*,#3156,.T.);
#4356 = ORIENTED_EDGE('',*,*,#4313,.T.);
#4357 = ORIENTED_EDGE('',*,*,#4358,.F.);
#4358 = EDGE_CURVE('',#4129,#4304,#4359,.T.);
#4359 = LINE('',#4360,#4361);
#4360 = CARTESIAN_POINT('',(-6.124991893768,60.083736437836,
    -2.85006417391));
#4361 = VECTOR('',#4362,1.);
#4362 = DIRECTION('',(0.,1.,-3.371747939185E-07));
#4363 = ORIENTED_EDGE('',*,*,#4128,.F.);
#4364 = ORIENTED_EDGE('',*,*,#4162,.F.);
#4365 = PLANE('',#4366);
#4366 = AXIS2_PLACEMENT_3D('',#4367,#4368,#4369);
#4367 = CARTESIAN_POINT('',(-6.124991893768,56.75000954476,0.));
#4368 = DIRECTION('',(-1.,0.,0.));
#4369 = DIRECTION('',(0.,-1.,0.));
#4370 = ADVANCED_FACE('',(#4371),#4390,.F.);
#4371 = FACE_BOUND('',#4372,.F.);
#4372 = EDGE_LOOP('',(#4373,#4381,#4382,#4383,#4384));
#4373 = ORIENTED_EDGE('',*,*,#4374,.F.);
#4374 = EDGE_CURVE('',#4337,#4375,#4377,.T.);
#4375 = VERTEX_POINT('',#4376);
#4376 = CARTESIAN_POINT('',(-6.124991893768,70.25000954476,
    -2.850067601721));
#4377 = LINE('',#4378,#4379);
#4378 = CARTESIAN_POINT('',(7.462514106232,70.25000954476,
    -2.850067601721));
#4379 = VECTOR('',#4380,1.);
#4380 = DIRECTION('',(1.,0.,2.755111512313E-16));
#4381 = ORIENTED_EDGE('',*,*,#4336,.T.);
#4382 = ORIENTED_EDGE('',*,*,#3203,.F.);
#4383 = ORIENTED_EDGE('',*,*,#3194,.T.);
#4384 = ORIENTED_EDGE('',*,*,#4385,.T.);
#4385 = EDGE_CURVE('',#3187,#4375,#4386,.T.);
#4386 = LINE('',#4387,#4388);
#4387 = CARTESIAN_POINT('',(-6.124991893768,70.25000954476,0.));
#4388 = VECTOR('',#4389,1.);
#4389 = DIRECTION('',(0.,0.,-1.));
#4390 = PLANE('',#4391);
#4391 = AXIS2_PLACEMENT_3D('',#4392,#4393,#4394);
#4392 = CARTESIAN_POINT('',(-6.124991893768,70.25000954476,0.));
#4393 = DIRECTION('',(0.,1.,0.));
#4394 = DIRECTION('',(-1.,0.,0.));
#4395 = ADVANCED_FACE('',(#4396),#4415,.F.);
#4396 = FACE_BOUND('',#4397,.F.);
#4397 = EDGE_LOOP('',(#4398,#4399,#4407,#4413,#4414));
#4398 = ORIENTED_EDGE('',*,*,#3457,.F.);
#4399 = ORIENTED_EDGE('',*,*,#4400,.T.);
#4400 = EDGE_CURVE('',#3458,#4401,#4403,.T.);
#4401 = VERTEX_POINT('',#4402);
#4402 = CARTESIAN_POINT('',(-6.124991893768,77.593772950399,
    -2.850070077853));
#4403 = LINE('',#4404,#4405);
#4404 = CARTESIAN_POINT('',(-6.124991893768,77.593772950399,0.));
#4405 = VECTOR('',#4406,1.);
#4406 = DIRECTION('',(0.,0.,-1.));
#4407 = ORIENTED_EDGE('',*,*,#4408,.F.);
#4408 = EDGE_CURVE('',#4375,#4401,#4409,.T.);
#4409 = LINE('',#4410,#4411);
#4410 = CARTESIAN_POINT('',(-6.124991893768,70.505618140653,
    -2.850067687906));
#4411 = VECTOR('',#4412,1.);
#4412 = DIRECTION('',(0.,1.,-3.371747939185E-07));
#4413 = ORIENTED_EDGE('',*,*,#4385,.F.);
#4414 = ORIENTED_EDGE('',*,*,#3186,.T.);
#4415 = PLANE('',#4416);
#4416 = AXIS2_PLACEMENT_3D('',#4417,#4418,#4419);
#4417 = CARTESIAN_POINT('',(-6.124991893768,77.593772950399,0.));
#4418 = DIRECTION('',(-1.,0.,0.));
#4419 = DIRECTION('',(0.,-1.,0.));
#4420 = ADVANCED_FACE('',(#4421),#4432,.F.);
#4421 = FACE_BOUND('',#4422,.F.);
#4422 = EDGE_LOOP('',(#4423,#4424,#4425,#4426));
#4423 = ORIENTED_EDGE('',*,*,#4400,.F.);
#4424 = ORIENTED_EDGE('',*,*,#3477,.T.);
#4425 = ORIENTED_EDGE('',*,*,#3555,.F.);
#4426 = ORIENTED_EDGE('',*,*,#4427,.F.);
#4427 = EDGE_CURVE('',#4401,#3556,#4428,.T.);
#4428 = LINE('',#4429,#4430);
#4429 = CARTESIAN_POINT('',(23.062514106232,77.593772950399,
    -2.850070077853));
#4430 = VECTOR('',#4431,1.);
#4431 = DIRECTION('',(1.,0.,2.755111512313E-16));
#4432 = PLANE('',#4433);
#4433 = AXIS2_PLACEMENT_3D('',#4434,#4435,#4436);
#4434 = CARTESIAN_POINT('',(25.075008106232,77.593772950399,0.));
#4435 = DIRECTION('',(0.,1.,0.));
#4436 = DIRECTION('',(-1.,0.,0.));
#4437 = ADVANCED_FACE('',(#4438),#4448,.F.);
#4438 = FACE_BOUND('',#4439,.F.);
#4439 = EDGE_LOOP('',(#4440,#4441,#4447));
#4440 = ORIENTED_EDGE('',*,*,#3871,.F.);
#4441 = ORIENTED_EDGE('',*,*,#4442,.T.);
#4442 = EDGE_CURVE('',#3872,#3492,#4443,.T.);
#4443 = LINE('',#4444,#4445);
#4444 = CARTESIAN_POINT('',(25.075008106232,49.406246139124,0.));
#4445 = VECTOR('',#4446,1.);
#4446 = DIRECTION('',(-0.,1.,0.));
#4447 = ORIENTED_EDGE('',*,*,#3518,.T.);
#4448 = PLANE('',#4449);
#4449 = AXIS2_PLACEMENT_3D('',#4450,#4451,#4452);
#4450 = CARTESIAN_POINT('',(-1.07E-15,26.097788798259,
    -1.310372075088E-31));
#4451 = DIRECTION('',(1.224646799147E-16,0.,-1.));
#4452 = DIRECTION('',(-1.,0.,-1.224646799147E-16));
#4453 = ADVANCED_FACE('',(#4454),#4466,.F.);
#4454 = FACE_BOUND('',#4455,.F.);
#4455 = EDGE_LOOP('',(#4456,#4457,#4458,#4459,#4465));
#4456 = ORIENTED_EDGE('',*,*,#4442,.F.);
#4457 = ORIENTED_EDGE('',*,*,#3908,.F.);
#4458 = ORIENTED_EDGE('',*,*,#4144,.T.);
#4459 = ORIENTED_EDGE('',*,*,#4460,.F.);
#4460 = EDGE_CURVE('',#3494,#4137,#4461,.T.);
#4461 = LINE('',#4462,#4463);
#4462 = CARTESIAN_POINT('',(25.075008106232,56.411854735017,
    -2.850062935844));
#4463 = VECTOR('',#4464,1.);
#4464 = DIRECTION('',(0.,-1.,3.371747939185E-07));
#4465 = ORIENTED_EDGE('',*,*,#3491,.F.);
#4466 = PLANE('',#4467);
#4467 = AXIS2_PLACEMENT_3D('',#4468,#4469,#4470);
#4468 = CARTESIAN_POINT('',(25.075008106232,49.406246139124,0.));
#4469 = DIRECTION('',(1.,0.,0.));
#4470 = DIRECTION('',(0.,1.,0.));
#4471 = ADVANCED_FACE('',(#4472),#4483,.T.);
#4472 = FACE_BOUND('',#4473,.T.);
#4473 = EDGE_LOOP('',(#4474,#4475,#4476,#4477,#4478,#4479,#4480,#4481,
    #4482));
#4474 = ORIENTED_EDGE('',*,*,#4303,.F.);
#4475 = ORIENTED_EDGE('',*,*,#4358,.F.);
#4476 = ORIENTED_EDGE('',*,*,#4136,.F.);
#4477 = ORIENTED_EDGE('',*,*,#4460,.F.);
#4478 = ORIENTED_EDGE('',*,*,#3598,.T.);
#4479 = ORIENTED_EDGE('',*,*,#4427,.F.);
#4480 = ORIENTED_EDGE('',*,*,#4408,.F.);
#4481 = ORIENTED_EDGE('',*,*,#4374,.F.);
#4482 = ORIENTED_EDGE('',*,*,#4343,.F.);
#4483 = PLANE('',#4484);
#4484 = AXIS2_PLACEMENT_3D('',#4485,#4486,#4487);
#4485 = CARTESIAN_POINT('',(21.050020106232,63.41746429188,
    -2.850065297959));
#4486 = DIRECTION('',(-2.755111512313E-16,3.371747939185E-07,1.));
#4487 = DIRECTION('',(1.,8.881785125955E-16,2.755108517599E-16));
#4488 = ADVANCED_FACE('',(#4489),#4509,.T.);
#4489 = FACE_BOUND('',#4490,.F.);
#4490 = EDGE_LOOP('',(#4491,#4500,#4501,#4502));
#4491 = ORIENTED_EDGE('',*,*,#4492,.F.);
#4492 = EDGE_CURVE('',#4061,#4493,#4495,.T.);
#4493 = VERTEX_POINT('',#4494);
#4494 = CARTESIAN_POINT('',(17.260174962979,66.575321930896,-17.1));
#4495 = CIRCLE('',#4496,1.);
#4496 = AXIS2_PLACEMENT_3D('',#4497,#4498,#4499);
#4497 = CARTESIAN_POINT('',(17.260174962979,66.575321930896,-16.1));
#4498 = DIRECTION('',(-0.,-1.,-0.));
#4499 = DIRECTION('',(-1.,0.,0.));
#4500 = ORIENTED_EDGE('',*,*,#4070,.F.);
#4501 = ORIENTED_EDGE('',*,*,#4492,.T.);
#4502 = ORIENTED_EDGE('',*,*,#4503,.T.);
#4503 = EDGE_CURVE('',#4493,#4493,#4504,.T.);
#4504 = CIRCLE('',#4505,3.85);
#4505 = AXIS2_PLACEMENT_3D('',#4506,#4507,#4508);
#4506 = CARTESIAN_POINT('',(21.110174962979,66.575321930896,-17.1));
#4507 = DIRECTION('',(0.,0.,1.));
#4508 = DIRECTION('',(-1.,0.,0.));
#4509 = TOROIDAL_SURFACE('',#4510,3.85,1.);
#4510 = AXIS2_PLACEMENT_3D('',#4511,#4512,#4513);
#4511 = CARTESIAN_POINT('',(21.110174962979,66.575321930896,-16.1));
#4512 = DIRECTION('',(0.,0.,-1.));
#4513 = DIRECTION('',(-1.,0.,0.));
#4514 = ADVANCED_FACE('',(#4515,#4518),#4529,.F.);
#4515 = FACE_BOUND('',#4516,.F.);
#4516 = EDGE_LOOP('',(#4517));
#4517 = ORIENTED_EDGE('',*,*,#4503,.T.);
#4518 = FACE_BOUND('',#4519,.F.);
#4519 = EDGE_LOOP('',(#4520));
#4520 = ORIENTED_EDGE('',*,*,#4521,.T.);
#4521 = EDGE_CURVE('',#4522,#4522,#4524,.T.);
#4522 = VERTEX_POINT('',#4523);
#4523 = CARTESIAN_POINT('',(18.810174962979,66.575321930896,-17.1));
#4524 = CIRCLE('',#4525,2.3);
#4525 = AXIS2_PLACEMENT_3D('',#4526,#4527,#4528);
#4526 = CARTESIAN_POINT('',(21.110174962979,66.575321930896,-17.1));
#4527 = DIRECTION('',(0.,0.,-1.));
#4528 = DIRECTION('',(-1.,0.,0.));
#4529 = PLANE('',#4530);
#4530 = AXIS2_PLACEMENT_3D('',#4531,#4532,#4533);
#4531 = CARTESIAN_POINT('',(8.581488931016,63.368697314877,-17.1));
#4532 = DIRECTION('',(0.,0.,1.));
#4533 = DIRECTION('',(1.,0.,0.));
#4534 = ADVANCED_FACE('',(#4535),#4554,.F.);
#4535 = FACE_BOUND('',#4536,.F.);
#4536 = EDGE_LOOP('',(#4537,#4545,#4552,#4553));
#4537 = ORIENTED_EDGE('',*,*,#4538,.T.);
#4538 = EDGE_CURVE('',#4522,#4539,#4541,.T.);
#4539 = VERTEX_POINT('',#4540);
#4540 = CARTESIAN_POINT('',(18.810174962979,66.575321930896,-11.1));
#4541 = LINE('',#4542,#4543);
#4542 = CARTESIAN_POINT('',(18.810174962979,66.575321930896,-17.1));
#4543 = VECTOR('',#4544,1.);
#4544 = DIRECTION('',(0.,0.,1.));
#4545 = ORIENTED_EDGE('',*,*,#4546,.T.);
#4546 = EDGE_CURVE('',#4539,#4539,#4547,.T.);
#4547 = CIRCLE('',#4548,2.3);
#4548 = AXIS2_PLACEMENT_3D('',#4549,#4550,#4551);
#4549 = CARTESIAN_POINT('',(21.110174962979,66.575321930896,-11.1));
#4550 = DIRECTION('',(0.,0.,-1.));
#4551 = DIRECTION('',(-1.,0.,0.));
#4552 = ORIENTED_EDGE('',*,*,#4538,.F.);
#4553 = ORIENTED_EDGE('',*,*,#4521,.F.);
#4554 = CYLINDRICAL_SURFACE('',#4555,2.3);
#4555 = AXIS2_PLACEMENT_3D('',#4556,#4557,#4558);
#4556 = CARTESIAN_POINT('',(21.110174962979,66.575321930896,-17.1));
#4557 = DIRECTION('',(0.,0.,-1.));
#4558 = DIRECTION('',(-1.,0.,0.));
#4559 = ADVANCED_FACE('',(#4560),#4563,.F.);
#4560 = FACE_BOUND('',#4561,.T.);
#4561 = EDGE_LOOP('',(#4562));
#4562 = ORIENTED_EDGE('',*,*,#4546,.T.);
#4563 = PLANE('',#4564);
#4564 = AXIS2_PLACEMENT_3D('',#4565,#4566,#4567);
#4565 = CARTESIAN_POINT('',(21.110174962979,66.575321930896,-11.1));
#4566 = DIRECTION('',(0.,0.,1.));
#4567 = DIRECTION('',(1.,0.,0.));
#4568 = MANIFOLD_SOLID_BREP('',#4569);
#4569 = CLOSED_SHELL('',(#4570,#4801,#4826,#4934,#4958,#5221,#5323,#6088
    ,#6351,#6376,#7141,#7165,#7190,#7215,#7232,#7257,#7282,#7316));
#4570 = ADVANCED_FACE('',(#4571,#4582,#4785),#4796,.T.);
#4571 = FACE_BOUND('',#4572,.T.);
#4572 = EDGE_LOOP('',(#4573));
#4573 = ORIENTED_EDGE('',*,*,#4574,.F.);
#4574 = EDGE_CURVE('',#4575,#4575,#4577,.T.);
#4575 = VERTEX_POINT('',#4576);
#4576 = CARTESIAN_POINT('',(-29.682337121,-10.20201699501,-7.));
#4577 = CIRCLE('',#4578,2.95);
#4578 = AXIS2_PLACEMENT_3D('',#4579,#4580,#4581);
#4579 = CARTESIAN_POINT('',(-26.732337121,-10.20201699501,-7.));
#4580 = DIRECTION('',(0.,0.,1.));
#4581 = DIRECTION('',(-1.,0.,0.));
#4582 = FACE_BOUND('',#4583,.T.);
#4583 = EDGE_LOOP('',(#4584,#4595,#4630,#4661,#4670,#4678,#4687,#4695,
    #4704,#4735,#4770,#4779));
#4584 = ORIENTED_EDGE('',*,*,#4585,.T.);
#4585 = EDGE_CURVE('',#4586,#4588,#4590,.T.);
#4586 = VERTEX_POINT('',#4587);
#4587 = CARTESIAN_POINT('',(-0.912944999998,23.569445853288,-7.));
#4588 = VERTEX_POINT('',#4589);
#4589 = CARTESIAN_POINT('',(-28.83319654144,7.08009467728E-02,-7.));
#4590 = CIRCLE('',#4591,28.336245853288);
#4591 = AXIS2_PLACEMENT_3D('',#4592,#4593,#4594);
#4592 = CARTESIAN_POINT('',(-0.912945,-4.7668,-7.));
#4593 = DIRECTION('',(0.,0.,1.));
#4594 = DIRECTION('',(-1.,0.,0.));
#4595 = ORIENTED_EDGE('',*,*,#4596,.F.);
#4596 = EDGE_CURVE('',#4597,#4588,#4599,.T.);
#4597 = VERTEX_POINT('',#4598);
#4598 = CARTESIAN_POINT('',(-30.70555979447,-9.452714175906,-7.));
#4599 = B_SPLINE_CURVE_WITH_KNOTS('',8,(#4600,#4601,#4602,#4603,#4604,
    #4605,#4606,#4607,#4608,#4609,#4610,#4611,#4612,#4613,#4614,#4615,
    #4616,#4617,#4618,#4619,#4620,#4621,#4622,#4623,#4624,#4625,#4626,
    #4627,#4628,#4629),.UNSPECIFIED.,.F.,.F.,(9,7,7,7,9),(0.,
    0.438815778358,0.651425082156,0.837177583739,1.),.UNSPECIFIED.);
#4600 = CARTESIAN_POINT('',(-31.18537155981,-11.58410130811,-7.));
#4601 = CARTESIAN_POINT('',(-30.16163546752,-7.139665505272,-7.));
#4602 = CARTESIAN_POINT('',(-29.24320456541,-2.671502790021,-7.));
#4603 = CARTESIAN_POINT('',(-28.4315886899,1.81833437108,-7.));
#4604 = CARTESIAN_POINT('',(-27.72956544275,6.327458935577,-7.));
#4605 = CARTESIAN_POINT('',(-27.1411240802,10.853136756155,-7.));
#4606 = CARTESIAN_POINT('',(-26.67167738256,15.392306059275,-7.));
#4607 = CARTESIAN_POINT('',(-26.32830890458,19.941605896804,-7.));
#4608 = CARTESIAN_POINT('',(-26.02050715107,26.704893770589,-7.));
#4609 = CARTESIAN_POINT('',(-25.95198752033,28.91366040608,-7.));
#4610 = CARTESIAN_POINT('',(-25.91652969542,31.123401538228,-7.));
#4611 = CARTESIAN_POINT('',(-25.91542228819,33.333582361851,-7.));
#4612 = CARTESIAN_POINT('',(-25.95012992199,35.543552783094,-7.));
#4613 = CARTESIAN_POINT('',(-26.02232592832,37.752546906317,-7.));
#4614 = CARTESIAN_POINT('',(-26.13394791039,39.959681955073,-7.));
#4615 = CARTESIAN_POINT('',(-26.42123601409,44.089787374943,-7.));
#4616 = CARTESIAN_POINT('',(-26.58702177654,46.013298150918,-7.));
#4617 = CARTESIAN_POINT('',(-26.7861534704,47.933891739541,-7.));
#4618 = CARTESIAN_POINT('',(-27.02034814502,49.850751124178,-7.));
#4619 = CARTESIAN_POINT('',(-27.29155247956,51.762834332224,-7.));
#4620 = CARTESIAN_POINT('',(-27.60197886682,53.668869155882,-7.));
#4621 = CARTESIAN_POINT('',(-27.95417980343,55.567342404363,-7.));
#4622 = CARTESIAN_POINT('',(-28.69920168628,59.112411240979,-7.));
#4623 = CARTESIAN_POINT('',(-29.08158444299,60.760899745322,-7.));
#4624 = CARTESIAN_POINT('',(-29.50040563039,62.400906092707,-7.));
#4625 = CARTESIAN_POINT('',(-29.95796467137,64.030935472012,-7.));
#4626 = CARTESIAN_POINT('',(-30.45683732125,65.649022579386,-7.));
#4627 = CARTESIAN_POINT('',(-30.99991251923,67.252719863558,-7.));
#4628 = CARTESIAN_POINT('',(-31.59048892271,68.839067162603,-7.));
#4629 = CARTESIAN_POINT('',(-32.23249282696,70.404522433154,-7.));
#4630 = ORIENTED_EDGE('',*,*,#4631,.F.);
#4631 = EDGE_CURVE('',#4632,#4597,#4634,.T.);
#4632 = VERTEX_POINT('',#4633);
#4633 = CARTESIAN_POINT('',(-27.33385995805,-16.39085214466,-7.));
#4634 = B_SPLINE_CURVE_WITH_KNOTS('',4,(#4635,#4636,#4637,#4638,#4639,
    #4640,#4641,#4642,#4643,#4644,#4645,#4646,#4647,#4648,#4649,#4650,
    #4651,#4652,#4653,#4654,#4655,#4656,#4657,#4658,#4659,#4660),
  .UNSPECIFIED.,.F.,.F.,(5,3,3,3,3,3,3,3,5),(0.,0.119360916404,
    0.238432312536,0.357514998643,0.476609406281,0.607716543269,
    0.738536197297,0.869365561262,1.),.UNSPECIFIED.);
#4635 = CARTESIAN_POINT('',(-15.11274763136,-27.59190215389,-7.));
#4636 = CARTESIAN_POINT('',(-15.82331033855,-27.21834698469,-7.));
#4637 = CARTESIAN_POINT('',(-16.52156656033,-26.82138214663,-7.));
#4638 = CARTESIAN_POINT('',(-17.20635954526,-26.40161896999,-7.));
#4639 = CARTESIAN_POINT('',(-18.54521303102,-25.51901247591,-7.));
#4640 = CARTESIAN_POINT('',(-19.19934457481,-25.05627576373,-7.));
#4641 = CARTESIAN_POINT('',(-19.8379116027,-24.57228693028,-7.));
#4642 = CARTESIAN_POINT('',(-21.0819641197,-23.56339711644,-7.));
#4643 = CARTESIAN_POINT('',(-21.68744695178,-23.03849185446,-7.));
#4644 = CARTESIAN_POINT('',(-22.27535089103,-22.49397038264,-7.));
#4645 = CARTESIAN_POINT('',(-23.41421729201,-21.36746919855,-7.));
#4646 = CARTESIAN_POINT('',(-23.96517655262,-20.78548535343,-7.));
#4647 = CARTESIAN_POINT('',(-24.49671376026,-20.18571108437,-7.));
#4648 = CARTESIAN_POINT('',(-25.57086608066,-18.8903918038,-7.));
#4649 = CARTESIAN_POINT('',(-26.1091911716,-18.19128819162,-7.));
#4650 = CARTESIAN_POINT('',(-26.62187787301,-17.47317150119,-7.));
#4651 = CARTESIAN_POINT('',(-27.59300897673,-16.0034164645,-7.));
#4652 = CARTESIAN_POINT('',(-28.0515703912,-15.25185423016,-7.));
#4653 = CARTESIAN_POINT('',(-28.48271712928,-14.4842369051,-7.));
#4654 = CARTESIAN_POINT('',(-29.28864531274,-12.91989129097,-7.));
#4655 = CARTESIAN_POINT('',(-29.66342301329,-12.12315995514,-7.));
#4656 = CARTESIAN_POINT('',(-30.00921636673,-11.31342811456,-7.));
#4657 = CARTESIAN_POINT('',(-30.64113583142,-9.672394003388,-7.));
#4658 = CARTESIAN_POINT('',(-30.9273504154,-8.841124745668,-7.));
#4659 = CARTESIAN_POINT('',(-31.18344451881,-8.000088009115,-7.));
#4660 = CARTESIAN_POINT('',(-31.40898220218,-7.150935895536,-7.));
#4661 = ORIENTED_EDGE('',*,*,#4662,.T.);
#4662 = EDGE_CURVE('',#4632,#4663,#4665,.T.);
#4663 = VERTEX_POINT('',#4664);
#4664 = CARTESIAN_POINT('',(-11.51021851222,-2.34896672399,-7.));
#4665 = CIRCLE('',#4666,24.243242601828);
#4666 = AXIS2_PLACEMENT_3D('',#4667,#4668,#4669);
#4667 = CARTESIAN_POINT('',(-33.90079220282,6.946033096164,-7.));
#4668 = DIRECTION('',(0.,0.,1.));
#4669 = DIRECTION('',(-1.,0.,0.));
#4670 = ORIENTED_EDGE('',*,*,#4671,.F.);
#4671 = EDGE_CURVE('',#4672,#4663,#4674,.T.);
#4672 = VERTEX_POINT('',#4673);
#4673 = CARTESIAN_POINT('',(-8.986433274943,3.730538432317,-7.));
#4674 = LINE('',#4675,#4676);
#4675 = CARTESIAN_POINT('',(-8.986433274943,3.730538432317,-7.));
#4676 = VECTOR('',#4677,1.);
#4677 = DIRECTION('',(-0.383405799827,-0.923579987147,0.));
#4678 = ORIENTED_EDGE('',*,*,#4679,.F.);
#4679 = EDGE_CURVE('',#4680,#4672,#4682,.T.);
#4680 = VERTEX_POINT('',#4681);
#4681 = CARTESIAN_POINT('',(8.986433274943,3.730538432317,-7.));
#4682 = CIRCLE('',#4683,9.73);
#4683 = AXIS2_PLACEMENT_3D('',#4684,#4685,#4686);
#4684 = CARTESIAN_POINT('',(-7.639244598043E-24,0.,-7.));
#4685 = DIRECTION('',(0.,0.,1.));
#4686 = DIRECTION('',(-1.,0.,0.));
#4687 = ORIENTED_EDGE('',*,*,#4688,.T.);
#4688 = EDGE_CURVE('',#4680,#4689,#4691,.T.);
#4689 = VERTEX_POINT('',#4690);
#4690 = CARTESIAN_POINT('',(11.51021851222,-2.34896672399,-7.));
#4691 = LINE('',#4692,#4693);
#4692 = CARTESIAN_POINT('',(8.986433274943,3.730538432317,-7.));
#4693 = VECTOR('',#4694,1.);
#4694 = DIRECTION('',(0.383405799827,-0.923579987147,0.));
#4695 = ORIENTED_EDGE('',*,*,#4696,.T.);
#4696 = EDGE_CURVE('',#4689,#4697,#4699,.T.);
#4697 = VERTEX_POINT('',#4698);
#4698 = CARTESIAN_POINT('',(27.333859958036,-16.39085214466,-7.));
#4699 = CIRCLE('',#4700,24.243242601828);
#4700 = AXIS2_PLACEMENT_3D('',#4701,#4702,#4703);
#4701 = CARTESIAN_POINT('',(33.900792202825,6.946033096164,-7.));
#4702 = DIRECTION('',(0.,0.,1.));
#4703 = DIRECTION('',(-1.,0.,0.));
#4704 = ORIENTED_EDGE('',*,*,#4705,.F.);
#4705 = EDGE_CURVE('',#4706,#4697,#4708,.T.);
#4706 = VERTEX_POINT('',#4707);
#4707 = CARTESIAN_POINT('',(30.705559812639,-9.452714194561,-7.));
#4708 = B_SPLINE_CURVE_WITH_KNOTS('',4,(#4709,#4710,#4711,#4712,#4713,
    #4714,#4715,#4716,#4717,#4718,#4719,#4720,#4721,#4722,#4723,#4724,
    #4725,#4726,#4727,#4728,#4729,#4730,#4731,#4732,#4733,#4734),
  .UNSPECIFIED.,.F.,.F.,(5,3,3,3,3,3,3,3,5),(0.,0.13083448887,
    0.261663840994,0.392483477624,0.523290593529,0.642684982031,
    0.761767648668,0.881138940762,1.),.UNSPECIFIED.);
#4709 = CARTESIAN_POINT('',(31.408982177383,-7.150935988908,-7.));
#4710 = CARTESIAN_POINT('',(31.18309910997,-8.001388467417,-7.));
#4711 = CARTESIAN_POINT('',(30.926565963926,-8.843700696645,-7.));
#4712 = CARTESIAN_POINT('',(30.639820686319,-9.676212966975,-7.));
#4713 = CARTESIAN_POINT('',(30.007146212929,-11.31839798633,-7.));
#4714 = CARTESIAN_POINT('',(29.661218998399,-12.12807255847,-7.));
#4715 = CARTESIAN_POINT('',(29.28630958166,-12.92474183064,-7.));
#4716 = CARTESIAN_POINT('',(28.480122787586,-14.48895395557,-7.));
#4717 = CARTESIAN_POINT('',(28.048849156965,-15.25649985694,-7.));
#4718 = CARTESIAN_POINT('',(27.590163501815,-16.00798613122,-7.));
#4719 = CARTESIAN_POINT('',(26.619902013977,-17.47589707644,-7.));
#4720 = CARTESIAN_POINT('',(26.108330711215,-18.19232593802,-7.));
#4721 = CARTESIAN_POINT('',(25.571239177144,-18.88982770757,-7.));
#4722 = CARTESIAN_POINT('',(24.497194185891,-20.18523562368,-7.));
#4723 = CARTESIAN_POINT('',(23.964316729564,-20.78652232094,-7.));
#4724 = CARTESIAN_POINT('',(23.411919871765,-21.36992794097,-7.));
#4725 = CARTESIAN_POINT('',(22.271432560089,-22.49765913982,-7.));
#4726 = CARTESIAN_POINT('',(21.683438620224,-23.0420832269,-7.));
#4727 = CARTESIAN_POINT('',(21.077869032053,-23.56688819326,-7.));
#4728 = CARTESIAN_POINT('',(19.832082885113,-24.57684220628,-7.));
#4729 = CARTESIAN_POINT('',(19.191785418781,-25.06189246449,-7.));
#4730 = CARTESIAN_POINT('',(18.535851014478,-25.52557873873,-7.));
#4731 = CARTESIAN_POINT('',(17.197755556362,-26.40689139381,-7.));
#4732 = CARTESIAN_POINT('',(16.515718063497,-26.82470653533,-7.));
#4733 = CARTESIAN_POINT('',(15.82033467007,-27.21991134489,-7.));
#4734 = CARTESIAN_POINT('',(15.112747645785,-27.59190214631,-7.));
#4735 = ORIENTED_EDGE('',*,*,#4736,.T.);
#4736 = EDGE_CURVE('',#4706,#4737,#4739,.T.);
#4737 = VERTEX_POINT('',#4738);
#4738 = CARTESIAN_POINT('',(28.833196541449,7.080094677164E-02,-7.));
#4739 = B_SPLINE_CURVE_WITH_KNOTS('',8,(#4740,#4741,#4742,#4743,#4744,
    #4745,#4746,#4747,#4748,#4749,#4750,#4751,#4752,#4753,#4754,#4755,
    #4756,#4757,#4758,#4759,#4760,#4761,#4762,#4763,#4764,#4765,#4766,
    #4767,#4768,#4769),.UNSPECIFIED.,.F.,.F.,(9,7,7,7,9),(0.,
    0.43881577841,0.651425082223,0.837177583807,1.),.UNSPECIFIED.);
#4740 = CARTESIAN_POINT('',(31.185371558595,-11.58410130281,-7.));
#4741 = CARTESIAN_POINT('',(30.161635466483,-7.139665500244,-7.));
#4742 = CARTESIAN_POINT('',(29.243204564514,-2.671502785132,-7.));
#4743 = CARTESIAN_POINT('',(28.431588689201,1.818334375414,-7.));
#4744 = CARTESIAN_POINT('',(27.729565442131,6.327458940077,-7.));
#4745 = CARTESIAN_POINT('',(27.141124079758,10.853136759987,-7.));
#4746 = CARTESIAN_POINT('',(26.671677382208,15.392306063066,-7.));
#4747 = CARTESIAN_POINT('',(26.328308904344,19.94160590024,-7.));
#4748 = CARTESIAN_POINT('',(26.020507150979,26.704893773516,-7.));
#4749 = CARTESIAN_POINT('',(25.951987520285,28.913660408745,-7.));
#4750 = CARTESIAN_POINT('',(25.916529695416,31.12340154065,-7.));
#4751 = CARTESIAN_POINT('',(25.91542228822,33.333582364031,-7.));
#4752 = CARTESIAN_POINT('',(25.950129922043,35.543552785019,-7.));
#4753 = CARTESIAN_POINT('',(26.022325928391,37.752546907984,-7.));
#4754 = CARTESIAN_POINT('',(26.133947910471,39.959681956498,-7.));
#4755 = CARTESIAN_POINT('',(26.421236014173,44.089787375777,-7.));
#4756 = CARTESIAN_POINT('',(26.587021776614,46.013298151526,-7.));
#4757 = CARTESIAN_POINT('',(26.786153470435,47.933891739718,-7.));
#4758 = CARTESIAN_POINT('',(27.020348145026,49.850751124092,-7.));
#4759 = CARTESIAN_POINT('',(27.291552479523,51.762834331893,-7.));
#4760 = CARTESIAN_POINT('',(27.601978866717,53.668869155145,-7.));
#4761 = CARTESIAN_POINT('',(27.954179803258,55.567342403376,-7.));
#4762 = CARTESIAN_POINT('',(28.69920168578,59.112411238702,-7.));
#4763 = CARTESIAN_POINT('',(29.081584442217,60.760899742042,-7.));
#4764 = CARTESIAN_POINT('',(29.500405629301,62.400906088507,-7.));
#4765 = CARTESIAN_POINT('',(29.957964669904,64.030935466847,-7.));
#4766 = CARTESIAN_POINT('',(30.456837319354,65.649022573266,-7.));
#4767 = CARTESIAN_POINT('',(30.999912516859,67.252719856569,-7.));
#4768 = CARTESIAN_POINT('',(31.590488919778,68.839067154724,-7.));
#4769 = CARTESIAN_POINT('',(32.232492823393,70.404522424445,-7.));
#4770 = ORIENTED_EDGE('',*,*,#4771,.T.);
#4771 = EDGE_CURVE('',#4737,#4772,#4774,.T.);
#4772 = VERTEX_POINT('',#4773);
#4773 = CARTESIAN_POINT('',(0.912945000002,23.569445853288,-7.));
#4774 = CIRCLE('',#4775,28.336245853288);
#4775 = AXIS2_PLACEMENT_3D('',#4776,#4777,#4778);
#4776 = CARTESIAN_POINT('',(0.912945,-4.7668,-7.));
#4777 = DIRECTION('',(0.,0.,1.));
#4778 = DIRECTION('',(-1.,0.,0.));
#4779 = ORIENTED_EDGE('',*,*,#4780,.T.);
#4780 = EDGE_CURVE('',#4772,#4586,#4781,.T.);
#4781 = LINE('',#4782,#4783);
#4782 = CARTESIAN_POINT('',(0.912945000002,23.569445853288,-7.));
#4783 = VECTOR('',#4784,1.);
#4784 = DIRECTION('',(-1.,5.448081922044E-14,0.));
#4785 = FACE_BOUND('',#4786,.T.);
#4786 = EDGE_LOOP('',(#4787));
#4787 = ORIENTED_EDGE('',*,*,#4788,.F.);
#4788 = EDGE_CURVE('',#4789,#4789,#4791,.T.);
#4789 = VERTEX_POINT('',#4790);
#4790 = CARTESIAN_POINT('',(23.782337121007,-10.20201699501,-7.));
#4791 = CIRCLE('',#4792,2.95);
#4792 = AXIS2_PLACEMENT_3D('',#4793,#4794,#4795);
#4793 = CARTESIAN_POINT('',(26.732337121007,-10.20201699501,-7.));
#4794 = DIRECTION('',(0.,0.,1.));
#4795 = DIRECTION('',(-1.,0.,0.));
#4796 = PLANE('',#4797);
#4797 = AXIS2_PLACEMENT_3D('',#4798,#4799,#4800);
#4798 = CARTESIAN_POINT('',(-2.148198898348,10.668078652599,-7.));
#4799 = DIRECTION('',(0.,0.,1.));
#4800 = DIRECTION('',(1.,0.,0.));
#4801 = ADVANCED_FACE('',(#4802),#4821,.F.);
#4802 = FACE_BOUND('',#4803,.T.);
#4803 = EDGE_LOOP('',(#4804,#4812,#4813,#4814));
#4804 = ORIENTED_EDGE('',*,*,#4805,.F.);
#4805 = EDGE_CURVE('',#4575,#4806,#4808,.T.);
#4806 = VERTEX_POINT('',#4807);
#4807 = CARTESIAN_POINT('',(-28.282337121,-10.20201699501,-8.4));
#4808 = LINE('',#4809,#4810);
#4809 = CARTESIAN_POINT('',(-28.282337121,-10.20201699501,-8.4));
#4810 = VECTOR('',#4811,1.);
#4811 = DIRECTION('',(0.707106781187,0.,-0.707106781187));
#4812 = ORIENTED_EDGE('',*,*,#4574,.T.);
#4813 = ORIENTED_EDGE('',*,*,#4805,.T.);
#4814 = ORIENTED_EDGE('',*,*,#4815,.F.);
#4815 = EDGE_CURVE('',#4806,#4806,#4816,.T.);
#4816 = CIRCLE('',#4817,1.55);
#4817 = AXIS2_PLACEMENT_3D('',#4818,#4819,#4820);
#4818 = CARTESIAN_POINT('',(-26.732337121,-10.20201699501,-8.4));
#4819 = DIRECTION('',(0.,0.,1.));
#4820 = DIRECTION('',(-1.,0.,0.));
#4821 = CONICAL_SURFACE('',#4822,1.55,0.785398163397);
#4822 = AXIS2_PLACEMENT_3D('',#4823,#4824,#4825);
#4823 = CARTESIAN_POINT('',(-26.732337121,-10.20201699501,-8.4));
#4824 = DIRECTION('',(0.,0.,1.));
#4825 = DIRECTION('',(-1.,0.,0.));
#4826 = ADVANCED_FACE('',(#4827),#4929,.T.);
#4827 = FACE_BOUND('',#4828,.T.);
#4828 = EDGE_LOOP('',(#4829,#4830,#4838,#4847));
#4829 = ORIENTED_EDGE('',*,*,#4585,.F.);
#4830 = ORIENTED_EDGE('',*,*,#4831,.T.);
#4831 = EDGE_CURVE('',#4586,#4832,#4834,.T.);
#4832 = VERTEX_POINT('',#4833);
#4833 = CARTESIAN_POINT('',(-0.912944999998,23.569445853288,-9.6));
#4834 = LINE('',#4835,#4836);
#4835 = CARTESIAN_POINT('',(-0.912944999998,23.569445853288,-7.));
#4836 = VECTOR('',#4837,1.);
#4837 = DIRECTION('',(0.,0.,-1.));
#4838 = ORIENTED_EDGE('',*,*,#4839,.T.);
#4839 = EDGE_CURVE('',#4832,#4840,#4842,.T.);
#4840 = VERTEX_POINT('',#4841);
#4841 = CARTESIAN_POINT('',(-27.93155406557,3.773550883872,-9.6));
#4842 = CIRCLE('',#4843,28.336245853288);
#4843 = AXIS2_PLACEMENT_3D('',#4844,#4845,#4846);
#4844 = CARTESIAN_POINT('',(-0.912945,-4.7668,-9.6));
#4845 = DIRECTION('',(0.,0.,1.));
#4846 = DIRECTION('',(-1.,0.,0.));
#4847 = ORIENTED_EDGE('',*,*,#4848,.T.);
#4848 = EDGE_CURVE('',#4840,#4588,#4849,.T.);
#4849 = B_SPLINE_CURVE_WITH_KNOTS('',8,(#4850,#4851,#4852,#4853,#4854,
    #4855,#4856,#4857,#4858,#4859,#4860,#4861,#4862,#4863,#4864,#4865,
    #4866,#4867,#4868,#4869,#4870,#4871,#4872,#4873,#4874,#4875,#4876,
    #4877,#4878,#4879,#4880,#4881,#4882,#4883,#4884,#4885,#4886,#4887,
    #4888,#4889,#4890,#4891,#4892,#4893,#4894,#4895,#4896,#4897,#4898,
    #4899,#4900,#4901,#4902,#4903,#4904,#4905,#4906,#4907,#4908,#4909,
    #4910,#4911,#4912,#4913,#4914,#4915,#4916,#4917,#4918,#4919,#4920,
    #4921,#4922,#4923,#4924,#4925,#4926,#4927,#4928),.UNSPECIFIED.,.F.,
  .F.,(9,7,7,7,7,7,7,7,7,7,7,9),(0.,1.925561998043E-02,0.20618426639,
    0.367769765396,0.56105827721,0.727057322878,0.799760251404,
    0.850659698805,0.916758955595,0.956955090341,0.9775007036,1.),
  .UNSPECIFIED.);
#4850 = CARTESIAN_POINT('',(-28.83319654144,7.08009467728E-02,
    -27.6196108098));
#4851 = CARTESIAN_POINT('',(-28.82622216938,0.111053590586,
    -27.57327988811));
#4852 = CARTESIAN_POINT('',(-28.81923123944,0.15100753665,
    -27.52682025227));
#4853 = CARTESIAN_POINT('',(-28.8122247846,0.190666645497,
    -27.48023508005));
#4854 = CARTESIAN_POINT('',(-28.80520380351,0.230034700653,
    -27.4335274255));
#4855 = CARTESIAN_POINT('',(-28.79816926044,0.269115408641,
    -27.38670021892));
#4856 = CARTESIAN_POINT('',(-28.79112208529,0.307912398978,
    -27.3397562669));
#4857 = CARTESIAN_POINT('',(-28.78406317363,0.346429224177,
    -27.29269825229));
#4858 = CARTESIAN_POINT('',(-28.70836169817,0.75589484028,
    -26.78761908603));
#4859 = CARTESIAN_POINT('',(-28.63872670018,1.10092994693,
    -26.31933762273));
#4860 = CARTESIAN_POINT('',(-28.56885340256,1.423127324857,
    -25.84277250609));
#4861 = CARTESIAN_POINT('',(-28.49935276529,1.724472531662,
    -25.35937640404));
#4862 = CARTESIAN_POINT('',(-28.43074939922,2.006549307388,
    -24.87027695491));
#4863 = CARTESIAN_POINT('',(-28.3634889693,2.270556188423,-24.376279583)
  );
#4864 = CARTESIAN_POINT('',(-28.29796128688,2.51749439665,
    -23.87793201832));
#4865 = CARTESIAN_POINT('',(-28.17967030821,2.947555837677,
    -22.94122295198));
#4866 = CARTESIAN_POINT('',(-28.12639919615,3.134726178735,
    -22.50403331557));
#4867 = CARTESIAN_POINT('',(-28.0749385852,3.310152308059,
    -22.06424821696));
#4868 = CARTESIAN_POINT('',(-28.02551331714,3.474179772832,
    -21.62212669213));
#4869 = CARTESIAN_POINT('',(-27.97833909456,3.627053330882,
    -21.17789571496));
#4870 = CARTESIAN_POINT('',(-27.93362565821,3.768936869313,
    -20.7317538671));
#4871 = CARTESIAN_POINT('',(-27.89158007486,3.899919950222,
    -20.28387246986));
#4872 = CARTESIAN_POINT('',(-27.80555506954,4.163663831356,
    -19.29672841823));
#4873 = CARTESIAN_POINT('',(-27.76282020343,4.291715055755,
    -18.7568402237));
#4874 = CARTESIAN_POINT('',(-27.72455827453,4.40419090459,-18.2149562242
    ));
#4875 = CARTESIAN_POINT('',(-27.69113095636,4.50093513302,
    -17.67132319385));
#4876 = CARTESIAN_POINT('',(-27.66291538229,4.581611881664,
    -17.12620909584));
#4877 = CARTESIAN_POINT('',(-27.64030852417,4.6456995614,-16.57990284683
    ));
#4878 = CARTESIAN_POINT('',(-27.62373813806,4.692442031604,
    -16.03271072669));
#4879 = CARTESIAN_POINT('',(-27.60505863084,4.745011782546,
    -15.01452004164));
#4880 = CARTESIAN_POINT('',(-27.60124080316,4.755676186756,
    -14.54381622059));
#4881 = CARTESIAN_POINT('',(-27.60253548105,4.752029963008,
    -14.07293505089));
#4882 = CARTESIAN_POINT('',(-27.60928252963,4.733161257912,
    -13.60211551011));
#4883 = CARTESIAN_POINT('',(-27.62186086309,4.697919654794,
    -13.13173665515));
#4884 = CARTESIAN_POINT('',(-27.64070361622,4.64479932247,
    -12.66232514117));
#4885 = CARTESIAN_POINT('',(-27.66630145942,4.57188180888,
    -12.19455732228));
#4886 = CARTESIAN_POINT('',(-27.7137450125,4.434390694566,
    -11.52551204069));
#4887 = CARTESIAN_POINT('',(-27.72961160205,4.388166672287,
    -11.32224736086));
#4888 = CARTESIAN_POINT('',(-27.74694750735,4.337354637987,
    -11.11956520502));
#4889 = CARTESIAN_POINT('',(-27.76580988259,4.281680437804,
    -10.91756595388));
#4890 = CARTESIAN_POINT('',(-27.78625978946,4.220834402662,
    -10.71637857667));
#4891 = CARTESIAN_POINT('',(-27.80836294518,4.154461927038,
    -10.51616208973));
#4892 = CARTESIAN_POINT('',(-27.83219156416,4.082146492,-10.31710829866)
  );
#4893 = CARTESIAN_POINT('',(-27.8757749121,3.948244166958,
    -9.981061980089));
#4894 = CARTESIAN_POINT('',(-27.8946065955,3.889948834534,
    -9.843373241585));
#4895 = CARTESIAN_POINT('',(-27.91435051566,3.828326190367,
    -9.706454481997));
#4896 = CARTESIAN_POINT('',(-27.93503570281,3.763186013872,
    -9.570403038869));
#4897 = CARTESIAN_POINT('',(-27.95669175822,3.694319622528,
    -9.435338990015));
#4898 = CARTESIAN_POINT('',(-27.97934894457,3.621495628283,
    -9.301406265147));
#4899 = CARTESIAN_POINT('',(-28.00303865347,3.544452636568,
    -9.168774593058));
#4900 = CARTESIAN_POINT('',(-28.0599424687,3.356968225812,
    -8.867350688118));
#4901 = CARTESIAN_POINT('',(-28.09386504249,3.243500010793,
    -8.699710498373));
#4902 = CARTESIAN_POINT('',(-28.1296533821,3.1217664518,-8.535029905963)
  );
#4903 = CARTESIAN_POINT('',(-28.16738194268,2.991004481472,
    -8.373861523156));
#4904 = CARTESIAN_POINT('',(-28.20709986053,2.850405927983,
    -8.217002432806));
#4905 = CARTESIAN_POINT('',(-28.24882103273,2.699124456916,
    -8.065489987682));
#4906 = CARTESIAN_POINT('',(-28.29251545789,2.536267785832,
    -7.920604626696));
#4907 = CARTESIAN_POINT('',(-28.36582825896,2.254181230296,
    -7.700752969193));
#4908 = CARTESIAN_POINT('',(-28.39423925173,2.142916382056,
    -7.620676728329));
#4909 = CARTESIAN_POINT('',(-28.42330805419,2.026886248743,
    -7.544037586986));
#4910 = CARTESIAN_POINT('',(-28.45298353169,1.905971006338,
    -7.471278138838));
#4911 = CARTESIAN_POINT('',(-28.48318991002,1.780115934839,
    -7.402897366587));
#4912 = CARTESIAN_POINT('',(-28.51382431274,1.649354369787,
    -7.339429423537));
#4913 = CARTESIAN_POINT('',(-28.54475492087,1.513841558078,
    -7.281412066507));
#4914 = CARTESIAN_POINT('',(-28.59169804968,1.302370224879,
    -7.202731356542));
#4915 = CARTESIAN_POINT('',(-28.60761055735,1.229687709051,
    -7.177673864967));
#4916 = CARTESIAN_POINT('',(-28.62353425108,1.155901667651,
    -7.154240822403));
#4917 = CARTESIAN_POINT('',(-28.63944481869,1.081070287368,
    -7.132495972965));
#4918 = CARTESIAN_POINT('',(-28.65531683655,1.005260968922,
    -7.112496798215));
#4919 = CARTESIAN_POINT('',(-28.67112394321,0.928551151487,
    -7.094293067506));
#4920 = CARTESIAN_POINT('',(-28.68683901311,0.851029137102,
    -7.077925388343));
#4921 = CARTESIAN_POINT('',(-28.71951260662,0.687121397964,
    -7.047543164418));
#4922 = CARTESIAN_POINT('',(-28.73644906502,0.600584911164,
    -7.033899016375));
#4923 = CARTESIAN_POINT('',(-28.75320672663,0.51331914549,
    -7.022531070818));
#4924 = CARTESIAN_POINT('',(-28.76975105832,0.425459034826,
    -7.013461260787));
#4925 = CARTESIAN_POINT('',(-28.78605008902,0.337140463621,
    -7.006694084227));
#4926 = CARTESIAN_POINT('',(-28.80207452622,0.24849997437,
    -7.002216994069));
#4927 = CARTESIAN_POINT('',(-28.81779787238,0.159674475085,
    -7.000000788317));
#4928 = CARTESIAN_POINT('',(-28.83319654144,7.08009467728E-02,
    -7.00000000013));
#4929 = CYLINDRICAL_SURFACE('',#4930,28.336245853288);
#4930 = AXIS2_PLACEMENT_3D('',#4931,#4932,#4933);
#4931 = CARTESIAN_POINT('',(-0.912945,-4.7668,-7.));
#4932 = DIRECTION('',(0.,0.,1.));
#4933 = DIRECTION('',(-1.,0.,0.));
#4934 = ADVANCED_FACE('',(#4935),#4953,.T.);
#4935 = FACE_BOUND('',#4936,.T.);
#4936 = EDGE_LOOP('',(#4937,#4938,#4946,#4952));
#4937 = ORIENTED_EDGE('',*,*,#4780,.F.);
#4938 = ORIENTED_EDGE('',*,*,#4939,.T.);
#4939 = EDGE_CURVE('',#4772,#4940,#4942,.T.);
#4940 = VERTEX_POINT('',#4941);
#4941 = CARTESIAN_POINT('',(0.912945000002,23.569445853288,-9.6));
#4942 = LINE('',#4943,#4944);
#4943 = CARTESIAN_POINT('',(0.912945000002,23.569445853288,-7.));
#4944 = VECTOR('',#4945,1.);
#4945 = DIRECTION('',(0.,0.,-1.));
#4946 = ORIENTED_EDGE('',*,*,#4947,.T.);
#4947 = EDGE_CURVE('',#4940,#4832,#4948,.T.);
#4948 = LINE('',#4949,#4950);
#4949 = CARTESIAN_POINT('',(0.456472500001,23.569445853288,-9.6));
#4950 = VECTOR('',#4951,1.);
#4951 = DIRECTION('',(-1.,5.448081922044E-14,0.));
#4952 = ORIENTED_EDGE('',*,*,#4831,.F.);
#4953 = PLANE('',#4954);
#4954 = AXIS2_PLACEMENT_3D('',#4955,#4956,#4957);
#4955 = CARTESIAN_POINT('',(0.912945000002,23.569445853288,-7.));
#4956 = DIRECTION('',(5.448081922044E-14,1.,0.));
#4957 = DIRECTION('',(-1.,5.448081922044E-14,0.));
#4958 = ADVANCED_FACE('',(#4959),#5164,.T.);
#4959 = FACE_BOUND('',#4960,.T.);
#4960 = EDGE_LOOP('',(#4961,#4962,#4963,#4998));
#4961 = ORIENTED_EDGE('',*,*,#4596,.T.);
#4962 = ORIENTED_EDGE('',*,*,#4848,.F.);
#4963 = ORIENTED_EDGE('',*,*,#4964,.F.);
#4964 = EDGE_CURVE('',#4965,#4840,#4967,.T.);
#4965 = VERTEX_POINT('',#4966);
#4966 = CARTESIAN_POINT('',(-30.25387404023,-10.27893943409,-9.6));
#4967 = B_SPLINE_CURVE_WITH_KNOTS('',8,(#4968,#4969,#4970,#4971,#4972,
    #4973,#4974,#4975,#4976,#4977,#4978,#4979,#4980,#4981,#4982,#4983,
    #4984,#4985,#4986,#4987,#4988,#4989,#4990,#4991,#4992,#4993,#4994,
    #4995,#4996,#4997),.UNSPECIFIED.,.F.,.F.,(9,7,7,7,9),(0.,
    0.454102396235,0.662780532885,0.841184295605,1.),.UNSPECIFIED.);
#4968 = CARTESIAN_POINT('',(-32.15803978285,-18.93403606249,-9.6));
#4969 = CARTESIAN_POINT('',(-31.00089011872,-14.12940579959,-9.6));
#4970 = CARTESIAN_POINT('',(-29.9644950839,-9.296402933102,-9.6));
#4971 = CARTESIAN_POINT('',(-29.05028374796,-4.437534206262,-9.6));
#4972 = CARTESIAN_POINT('',(-28.26132926757,0.444297376543,-9.6));
#4973 = CARTESIAN_POINT('',(-27.60222843587,5.345768394583,-9.6));
#4974 = CARTESIAN_POINT('',(-27.07938311863,10.263159987966,-9.6));
#4975 = CARTESIAN_POINT('',(-26.70128528612,15.192390949987,-9.6));
#4976 = CARTESIAN_POINT('',(-26.37859199484,22.397898308631,-9.6));
#4977 = CARTESIAN_POINT('',(-26.31015595703,24.667991408762,-9.6));
#4978 = CARTESIAN_POINT('',(-26.2760640522,26.939066975931,-9.6));
#4979 = CARTESIAN_POINT('',(-26.27767228653,29.210563101922,-9.6));
#4980 = CARTESIAN_POINT('',(-26.31652345187,31.48179433776,-9.6));
#4981 = CARTESIAN_POINT('',(-26.39438221915,33.751951082341,-9.6));
#4982 = CARTESIAN_POINT('',(-26.51329517858,36.020098305277,-9.6));
#4983 = CARTESIAN_POINT('',(-26.81449879612,40.221638835127,-9.6));
#4984 = CARTESIAN_POINT('',(-26.98508271804,42.155724259539,-9.6));
#4985 = CARTESIAN_POINT('',(-27.18893501245,44.086832361791,-9.6));
#4986 = CARTESIAN_POINT('',(-27.42775613163,46.014149991659,-9.6));
#4987 = CARTESIAN_POINT('',(-27.70347117609,47.936643332596,-9.6));
#4988 = CARTESIAN_POINT('',(-28.01826518104,49.853052689436,-9.6));
#4989 = CARTESIAN_POINT('',(-28.37465507865,51.761881986885,-9.6));
#4990 = CARTESIAN_POINT('',(-29.13258192634,55.352316290877,-9.6));
#4991 = CARTESIAN_POINT('',(-29.52480659726,57.035579673283,-9.6));
#4992 = CARTESIAN_POINT('',(-29.95443089165,58.710098864895,-9.6));
#4993 = CARTESIAN_POINT('',(-30.42382554715,60.374329805634,-9.6));
#4994 = CARTESIAN_POINT('',(-30.93564671582,62.026239525464,-9.6));
#4995 = CARTESIAN_POINT('',(-31.49287379471,63.663294012856,-9.6));
#4996 = CARTESIAN_POINT('',(-32.09890945519,65.282426590239,-9.6));
#4997 = CARTESIAN_POINT('',(-32.75780645459,66.879965432268,-9.6));
#4998 = ORIENTED_EDGE('',*,*,#4999,.F.);
#4999 = EDGE_CURVE('',#4597,#4965,#5000,.T.);
#5000 = B_SPLINE_CURVE_WITH_KNOTS('',8,(#5001,#5002,#5003,#5004,#5005,
    #5006,#5007,#5008,#5009,#5010,#5011,#5012,#5013,#5014,#5015,#5016,
    #5017,#5018,#5019,#5020,#5021,#5022,#5023,#5024,#5025,#5026,#5027,
    #5028,#5029,#5030,#5031,#5032,#5033,#5034,#5035,#5036,#5037,#5038,
    #5039,#5040,#5041,#5042,#5043,#5044,#5045,#5046,#5047,#5048,#5049,
    #5050,#5051,#5052,#5053,#5054,#5055,#5056,#5057,#5058,#5059,#5060,
    #5061,#5062,#5063,#5064,#5065,#5066,#5067,#5068,#5069,#5070,#5071,
    #5072,#5073,#5074,#5075,#5076,#5077,#5078,#5079,#5080,#5081,#5082,
    #5083,#5084,#5085,#5086,#5087,#5088,#5089,#5090,#5091,#5092,#5093,
    #5094,#5095,#5096,#5097,#5098,#5099,#5100,#5101,#5102,#5103,#5104,
    #5105,#5106,#5107,#5108,#5109,#5110,#5111,#5112,#5113,#5114,#5115,
    #5116,#5117,#5118,#5119,#5120,#5121,#5122,#5123,#5124,#5125,#5126,
    #5127,#5128,#5129,#5130,#5131,#5132,#5133,#5134,#5135,#5136,#5137,
    #5138,#5139,#5140,#5141,#5142,#5143,#5144,#5145,#5146,#5147,#5148,
    #5149,#5150,#5151,#5152,#5153,#5154,#5155,#5156,#5157,#5158,#5159,
    #5160,#5161,#5162,#5163),.UNSPECIFIED.,.F.,.F.,(9,7,7,7,7,7,7,7,7,7,
    7,7,7,7,7,7,7,7,7,7,7,7,7,9),(0.,3.319287995504E-02,0.11524682842,
    0.192078811191,0.215449308694,0.243101855226,0.265219747093,
    0.278464412377,0.308237164875,0.33943822082,0.35528869582,
    0.384979808961,0.444451119565,0.493833049814,0.524129192844,
    0.542440183647,0.55229790136,0.567136374338,0.613236455987,
    0.683143101882,0.780635719012,0.879691986529,0.990603482975,1.),
  .UNSPECIFIED.);
#5001 = CARTESIAN_POINT('',(-31.99064914487,-5.602346030289,
    0.132964902047));
#5002 = CARTESIAN_POINT('',(-31.92747192712,-5.896917016558,
    -0.257193693994));
#5003 = CARTESIAN_POINT('',(-31.86113462749,-6.182593836808,
    -0.653554195358));
#5004 = CARTESIAN_POINT('',(-31.79196915993,-6.459385011168,
    -1.055790645271));
#5005 = CARTESIAN_POINT('',(-31.72029891419,-6.727308301293,
    -1.463594682911));
#5006 = CARTESIAN_POINT('',(-31.64643794653,-6.986390195009,
    -1.87667572076));
#5007 = CARTESIAN_POINT('',(-31.57069017043,-7.236665390951,
    -2.294761121972));
#5008 = CARTESIAN_POINT('',(-31.49334854729,-7.478176283206,
    -2.717596377727));
#5009 = CARTESIAN_POINT('',(-31.22025793532,-8.286452077541,
    -4.201366825445));
#5010 = CARTESIAN_POINT('',(-31.01784488343,-8.808550290891,
    -5.285138998246));
#5011 = CARTESIAN_POINT('',(-30.8116631016,-9.278169424832,
    -6.392915680668));
#5012 = CARTESIAN_POINT('',(-30.60557584606,-9.6961361355,
    -7.521602263715));
#5013 = CARTESIAN_POINT('',(-30.40307907887,-10.06325272216,
    -8.668331116593));
#5014 = CARTESIAN_POINT('',(-30.20730080492,-10.38025799392,
    -9.830472411256));
#5015 = CARTESIAN_POINT('',(-30.02102231646,-10.64769767725,
    -11.00568030662));
#5016 = CARTESIAN_POINT('',(-29.683513259,-11.06983667701,
    -13.30277225004));
#5017 = CARTESIAN_POINT('',(-29.5308751546,-11.23054617188,-14.422830092
    ));
#5018 = CARTESIAN_POINT('',(-29.3908173405,-11.3480099483,
    -15.55059410235));
#5019 = CARTESIAN_POINT('',(-29.26519780035,-11.42199911478,
    -16.68426162647));
#5020 = CARTESIAN_POINT('',(-29.15573221788,-11.45181279993,
    -17.82178197335));
#5021 = CARTESIAN_POINT('',(-29.06398014869,-11.43627904334,
    -18.96085383794));
#5022 = CARTESIAN_POINT('',(-28.99133905326,-11.37352391277,
    -20.09893007659));
#5023 = CARTESIAN_POINT('',(-28.92318130546,-11.22574267164,
    -21.57827122678));
#5024 = CARTESIAN_POINT('',(-28.90917194199,-11.1866005418,
    -21.92291893823));
#5025 = CARTESIAN_POINT('',(-28.89708551219,-11.14269233609,
    -22.26709355967));
#5026 = CARTESIAN_POINT('',(-28.88695663379,-11.09391587589,
    -22.61069413331));
#5027 = CARTESIAN_POINT('',(-28.87881858297,-11.04015699907,
    -22.95360858591));
#5028 = CARTESIAN_POINT('',(-28.8727030318,-10.9812882865,
    -23.29571352767));
#5029 = CARTESIAN_POINT('',(-28.86863978577,-10.91716778848,
    -23.63687405112));
#5030 = CARTESIAN_POINT('',(-28.86430988189,-10.76536808644,
    -24.3793220846));
#5031 = CARTESIAN_POINT('',(-28.86487537078,-10.67552817094,
    -24.78015787477));
#5032 = CARTESIAN_POINT('',(-28.86839850063,-10.577855791,
    -25.17921635527));
#5033 = CARTESIAN_POINT('',(-28.87492117871,-10.47206255268,
    -25.5762168718));
#5034 = CARTESIAN_POINT('',(-28.88447994138,-10.35783394421,
    -25.97083272029));
#5035 = CARTESIAN_POINT('',(-28.89710424156,-10.2348335577,
    -26.36269238554));
#5036 = CARTESIAN_POINT('',(-28.91281478886,-10.10271147004,
    -26.75138195949));
#5037 = CARTESIAN_POINT('',(-28.94666483772,-9.847862327907,
    -27.44444446271));
#5038 = CARTESIAN_POINT('',(-28.96368842007,-9.728550603763,
    -27.75011388719));
#5039 = CARTESIAN_POINT('',(-28.98269747703,-9.603005136465,
    -28.05322062095));
#5040 = CARTESIAN_POINT('',(-29.00369197334,-9.471052083705,
    -28.35350348286));
#5041 = CARTESIAN_POINT('',(-29.02666594334,-9.332526844322,
    -28.65067959883));
#5042 = CARTESIAN_POINT('',(-29.05160638313,-9.187280667414,
    -28.94444749866));
#5043 = CARTESIAN_POINT('',(-29.07849214286,-9.03518726145,-29.234490213
    ));
#5044 = CARTESIAN_POINT('',(-29.12453927356,-8.780914169149,
    -29.69173419211));
#5045 = CARTESIAN_POINT('',(-29.14247238765,-8.683188778492,
    -29.86153619239));
#5046 = CARTESIAN_POINT('',(-29.16108557789,-8.582952647565,
    -30.02981325797));
#5047 = CARTESIAN_POINT('',(-29.1803710857,-8.48018883654,
    -30.19649311299));
#5048 = CARTESIAN_POINT('',(-29.20031990252,-8.374884490114,
    -30.36150260463));
#5049 = CARTESIAN_POINT('',(-29.22092169493,-8.267031278007,
    -30.52476798913));
#5050 = CARTESIAN_POINT('',(-29.2421647299,-8.156625835455,
    -30.68621521766));
#5051 = CARTESIAN_POINT('',(-29.31319994596,-7.789756653906,
    -31.20443475093));
#5052 = CARTESIAN_POINT('',(-29.36554193706,-7.522933440199,
    -31.55357076986));
#5053 = CARTESIAN_POINT('',(-29.42090775434,-7.24324722074,
    -31.89229400779));
#5054 = CARTESIAN_POINT('',(-29.47911018894,-6.950854900312,
    -32.21977710022));
#5055 = CARTESIAN_POINT('',(-29.53992952614,-6.646029135498,
    -32.53525474588));
#5056 = CARTESIAN_POINT('',(-29.60311422943,-6.329163839853,
    -32.83802886301));
#5057 = CARTESIAN_POINT('',(-29.66838162465,-6.000779689084,
    -33.12747374578));
#5058 = CARTESIAN_POINT('',(-29.80567161423,-5.306004650002,
    -33.69182874369));
#5059 = CARTESIAN_POINT('',(-29.87788147888,-4.938480427664,
    -33.96542950334));
#5060 = CARTESIAN_POINT('',(-29.95169148075,-4.559693078425,
    -34.2232112432));
#5061 = CARTESIAN_POINT('',(-30.02672965472,-4.170437594349,
    -34.46471698377));
#5062 = CARTESIAN_POINT('',(-30.10261531656,-3.771551629677,
    -34.68963630953));
#5063 = CARTESIAN_POINT('',(-30.1789651538,-3.363903089869,
    -34.89778304891));
#5064 = CARTESIAN_POINT('',(-30.25539885893,-2.948381520371,
    -35.08907934711));
#5065 = CARTESIAN_POINT('',(-30.37022701757,-2.311264692926,
    -35.35217715363));
#5066 = CARTESIAN_POINT('',(-30.40883681131,-2.094830039389,
    -35.43646817817));
#5067 = CARTESIAN_POINT('',(-30.44732573547,-1.876703201939,
    -35.51642339077));
#5068 = CARTESIAN_POINT('',(-30.48564689879,-1.656996099612,
    -35.59205397805));
#5069 = CARTESIAN_POINT('',(-30.52375458322,-1.435818487313,
    -35.66337742639));
#5070 = CARTESIAN_POINT('',(-30.56160435787,-1.213277740082,
    -35.73041682058));
#5071 = CARTESIAN_POINT('',(-30.59915319307,-0.989478637377,
    -35.79320014249));
#5072 = CARTESIAN_POINT('',(-30.70605451426,-0.343136550227,
    -35.96145342698));
#5073 = CARTESIAN_POINT('',(-30.77454807595,8.230823314907E-02,
    -36.05632522579));
#5074 = CARTESIAN_POINT('',(-30.84156727851,0.511143044567,
    -36.13659028906));
#5075 = CARTESIAN_POINT('',(-30.90685910515,0.942740186562,
    -36.20251379249));
#5076 = CARTESIAN_POINT('',(-30.97019119901,1.376513734417,
    -36.25440080862));
#5077 = CARTESIAN_POINT('',(-31.03135255895,1.811920848154,
    -36.29258635088));
#5078 = CARTESIAN_POINT('',(-31.09015423542,2.248463084522,
    -36.31742541764));
#5079 = CARTESIAN_POINT('',(-31.25915051559,3.561448761141,
    -36.35303476256));
#5080 = CARTESIAN_POINT('',(-31.36173353419,4.439933810996,
    -36.3247055853));
#5081 = CARTESIAN_POINT('',(-31.45284790408,5.317513613437,
    -36.24726265589));
#5082 = CARTESIAN_POINT('',(-31.53148115592,6.191157487094,
    -36.12382905457));
#5083 = CARTESIAN_POINT('',(-31.59701732156,7.058439123943,
    -35.95769662278));
#5084 = CARTESIAN_POINT('',(-31.64912533287,7.917487477773,
    -35.75202754631));
#5085 = CARTESIAN_POINT('',(-31.68796410576,8.767074635043,
    -35.51033947199));
#5086 = CARTESIAN_POINT('',(-31.73636667992,10.303827574816,
    -35.01006566113));
#5087 = CARTESIAN_POINT('',(-31.74977468692,10.994058990576,
    -34.76130713358));
#5088 = CARTESIAN_POINT('',(-31.75514619055,11.677244567193,
    -34.49320945548));
#5089 = CARTESIAN_POINT('',(-31.75325895888,12.353643563415,
    -34.20844975909));
#5090 = CARTESIAN_POINT('',(-31.74534042606,13.024046040825,
    -33.91028867091));
#5091 = CARTESIAN_POINT('',(-31.73255824863,13.689330805453,
    -33.60154772876));
#5092 = CARTESIAN_POINT('',(-31.71586853641,14.350396605915,
    -33.28440902824));
#5093 = CARTESIAN_POINT('',(-31.68392517113,15.411792288264,
    -32.76185896682));
#5094 = CARTESIAN_POINT('',(-31.67061040455,15.814094596552,
    -32.56066353142));
#5095 = CARTESIAN_POINT('',(-31.65631246958,16.215310344828,
    -32.3573675019));
#5096 = CARTESIAN_POINT('',(-31.64119209032,16.615601739752,
    -32.15231500011));
#5097 = CARTESIAN_POINT('',(-31.62538821553,17.015109934271,
    -31.94579781915));
#5098 = CARTESIAN_POINT('',(-31.60902120624,17.41395931601,
    -31.73806352322));
#5099 = CARTESIAN_POINT('',(-31.59219602335,17.812261795683,
    -31.52932354764));
#5100 = CARTESIAN_POINT('',(-31.56461541347,18.450587254255,
    -31.19310180901));
#5101 = CARTESIAN_POINT('',(-31.55409200009,18.690890093671,
    -31.06614258842));
#5102 = CARTESIAN_POINT('',(-31.54345565709,18.931051479281,
    -30.93892437047));
#5103 = CARTESIAN_POINT('',(-31.53272528311,19.171091516304,
    -30.81148439643));
#5104 = CARTESIAN_POINT('',(-31.52191835838,19.411028749757,
    -30.6838567773));
#5105 = CARTESIAN_POINT('',(-31.51105110955,19.650880364586,
    -30.55607285581));
#5106 = CARTESIAN_POINT('',(-31.50013867467,19.8906623858,
    -30.42816156846));
#5107 = CARTESIAN_POINT('',(-31.48330388303,20.259447113944,
    -30.23123469519));
#5108 = CARTESIAN_POINT('',(-31.4774035264,20.388488527256,
    -30.16229048255));
#5109 = CARTESIAN_POINT('',(-31.47149640192,20.517516438211,
    -30.0933213403));
#5110 = CARTESIAN_POINT('',(-31.46558464278,20.646533084181,
    -30.02433128591));
#5111 = CARTESIAN_POINT('',(-31.45967031161,20.775540620235,
    -29.95532418362));
#5112 = CARTESIAN_POINT('',(-31.45375540048,20.904541119134,
    -29.88630374441));
#5113 = CARTESIAN_POINT('',(-31.44784183089,21.033536571333,
    -29.81727352604));
#5114 = CARTESIAN_POINT('',(-31.43303476268,21.356696429797,
    -29.64431857624));
#5115 = CARTESIAN_POINT('',(-31.42414535732,21.55085691507,
    -29.54038589013));
#5116 = CARTESIAN_POINT('',(-31.41526952924,21.745016826186,
    -29.43645044105));
#5117 = CARTESIAN_POINT('',(-31.40641330488,21.93918232172,
    -29.33252322285));
#5118 = CARTESIAN_POINT('',(-31.39758244558,22.133359233434,
    -29.22861465685));
#5119 = CARTESIAN_POINT('',(-31.38878244752,22.327553066278,
    -29.12473459184));
#5120 = CARTESIAN_POINT('',(-31.38001854182,22.521768998391,
    -29.02089230408));
#5121 = CARTESIAN_POINT('',(-31.3441955096,23.31948443461,-28.5946240971
    ));
#5122 = CARTESIAN_POINT('',(-31.31749247259,23.923218016223,
    -28.27260213618));
#5123 = CARTESIAN_POINT('',(-31.29133572487,24.527358321899,
    -27.95129215622));
#5124 = CARTESIAN_POINT('',(-31.26585565995,25.132026621344,
    -27.63091521792));
#5125 = CARTESIAN_POINT('',(-31.24116650173,25.73732272004,
    -27.31165730692));
#5126 = CARTESIAN_POINT('',(-31.21736888286,26.343327921288,
    -26.99367473966));
#5127 = CARTESIAN_POINT('',(-31.19455242311,26.950107988242,
    -26.67709956928));
#5128 = CARTESIAN_POINT('',(-31.13980993821,28.479099186999,
    -25.88429251977));
#5129 = CARTESIAN_POINT('',(-31.10926340036,29.402390504276,
    -25.41003228608));
#5130 = CARTESIAN_POINT('',(-31.08143856101,30.327765966557,
    -24.93965489946));
#5131 = CARTESIAN_POINT('',(-31.05656449224,31.255336689949,
    -24.47343512385));
#5132 = CARTESIAN_POINT('',(-31.03482823746,32.185158898533,
    -24.01155124088));
#5133 = CARTESIAN_POINT('',(-31.01638101535,33.117241697053,
    -23.55410028939));
#5134 = CARTESIAN_POINT('',(-31.00134186176,34.051552715637,
    -23.10110918153));
#5135 = CARTESIAN_POINT('',(-30.97370049079,36.294032018666,
    -22.02696432131));
#5136 = CARTESIAN_POINT('',(-30.96440187676,37.604261856314,
    -21.40998054171));
#5137 = CARTESIAN_POINT('',(-30.96214206883,38.918519174243,
    -20.80149475447));
#5138 = CARTESIAN_POINT('',(-30.9670456951,40.236515847393,
    -20.20115722984));
#5139 = CARTESIAN_POINT('',(-30.97913367308,41.557889890708,
    -19.60841332893));
#5140 = CARTESIAN_POINT('',(-30.99832919037,42.882224367785,
    -19.02254519226));
#5141 = CARTESIAN_POINT('',(-31.02445880348,44.209062908391,
    -18.44270589856));
#5142 = CARTESIAN_POINT('',(-31.09056442874,46.888093877047,
    -17.28396793209));
#5143 = CARTESIAN_POINT('',(-31.13075611059,48.240355418517,
    -16.70523205209));
#5144 = CARTESIAN_POINT('',(-31.17753727302,49.59421903175,
    -16.13073441558));
#5145 = CARTESIAN_POINT('',(-31.23051672706,50.94917255854,
    -15.55936172632));
#5146 = CARTESIAN_POINT('',(-31.28919544303,52.304691834877,
    -14.9899211351));
#5147 = CARTESIAN_POINT('',(-31.35296232832,53.660251053714,
    -14.42116426891));
#5148 = CARTESIAN_POINT('',(-31.42108886167,55.015330765593,
    -13.8518055843));
#5149 = CARTESIAN_POINT('',(-31.57292963344,57.885576524658,
    -12.64089395683));
#5150 = CARTESIAN_POINT('',(-31.65753099682,59.400447487466,
    -11.99887425578));
#5151 = CARTESIAN_POINT('',(-31.74533226611,60.913354247382,
    -11.35262656743));
#5152 = CARTESIAN_POINT('',(-31.83494033164,62.423570475095,
    -10.70028592796));
#5153 = CARTESIAN_POINT('',(-31.92475376502,63.930338623619,
    -10.04000005045));
#5154 = CARTESIAN_POINT('',(-32.01295117659,65.432876649856,
    -9.369943200913));
#5155 = CARTESIAN_POINT('',(-32.0974775473,66.930378504246,
    -8.688315683961));
#5156 = CARTESIAN_POINT('',(-32.18268343516,68.548380545814,
    -7.934449054528));
#5157 = CARTESIAN_POINT('',(-32.18929542801,68.674710276048,
    -7.875473407943));
#5158 = CARTESIAN_POINT('',(-32.19586311036,68.800997035666,
    -7.816400926817));
#5159 = CARTESIAN_POINT('',(-32.20238506545,68.92724027609,
    -7.757230541406));
#5160 = CARTESIAN_POINT('',(-32.20885986323,69.053439443705,
    -7.697961183833));
#5161 = CARTESIAN_POINT('',(-32.21528606037,69.179593979854,
    -7.63859178809));
#5162 = CARTESIAN_POINT('',(-32.22166220023,69.305703320845,
    -7.579121290033));
#5163 = CARTESIAN_POINT('',(-32.22798681288,69.431766897943,
    -7.519548627389));
#5164 = B_SPLINE_SURFACE_WITH_KNOTS('',14,1,(
    (#5165,#5166)
    ,(#5167,#5168)
    ,(#5169,#5170)
    ,(#5171,#5172)
    ,(#5173,#5174)
    ,(#5175,#5176)
    ,(#5177,#5178)
    ,(#5179,#5180)
    ,(#5181,#5182)
    ,(#5183,#5184)
    ,(#5185,#5186)
    ,(#5187,#5188)
    ,(#5189,#5190)
    ,(#5191,#5192)
    ,(#5193,#5194)
    ,(#5195,#5196)
    ,(#5197,#5198)
    ,(#5199,#5200)
    ,(#5201,#5202)
    ,(#5203,#5204)
    ,(#5205,#5206)
    ,(#5207,#5208)
    ,(#5209,#5210)
    ,(#5211,#5212)
    ,(#5213,#5214)
    ,(#5215,#5216)
    ,(#5217,#5218)
    ,(#5219,#5220
    )),.UNSPECIFIED.,.T.,.F.,.F.,(15,13,15),(2,2),(0.,3.14159265359,
    6.28318530718),(0.,1.),.UNSPECIFIED.);
#5165 = CARTESIAN_POINT('',(-79.77190000001,8.894206569963,
    -72.34251041294));
#5166 = CARTESIAN_POINT('',(-55.01209999998,95.334348131838,
    -3.289161358083));
#5167 = CARTESIAN_POINT('',(-68.40003023238,8.894206569963,
    -72.34251041293));
#5168 = CARTESIAN_POINT('',(-47.49200234523,95.334348131844,
    -3.289161358088));
#5169 = CARTESIAN_POINT('',(-57.02816114861,7.689502525745,
    -69.87250108312));
#5170 = CARTESIAN_POINT('',(-39.97190330258,94.537690135445,
    -1.65577040766));
#5171 = CARTESIAN_POINT('',(-46.37574838279,5.280094649824,
    -64.93248285917));
#5172 = CARTESIAN_POINT('',(-32.9275825419,92.944373633452,
    1.611012537231));
#5173 = CARTESIAN_POINT('',(-37.16226865105,1.756057482164,
    -57.70713591646));
#5174 = CARTESIAN_POINT('',(-26.83479290748,90.613965992872,
    6.389056275164));
#5175 = CARTESIAN_POINT('',(-30.04260099281,-2.702456101684,
    -48.56582838776));
#5176 = CARTESIAN_POINT('',(-22.12664095105,87.665596679973,
    12.434109203794));
#5177 = CARTESIAN_POINT('',(-25.54257561725,-7.83510109321,
    -38.04234664416));
#5178 = CARTESIAN_POINT('',(-19.1508216964,84.271433579321,
    19.393174848004));
#5179 = CARTESIAN_POINT('',(-24.00318184185,-13.32108419875,
    -26.79441440803));
#5180 = CARTESIAN_POINT('',(-18.13283095253,80.64361041036,
    26.831314627895));
#5181 = CARTESIAN_POINT('',(-25.54257561725,-18.8070673043,
    -15.5464821719));
#5182 = CARTESIAN_POINT('',(-19.15082032296,77.015787348786,
    34.269454187611));
#5183 = CARTESIAN_POINT('',(-30.04260099281,-23.93971229582,
    -5.023000428306));
#5184 = CARTESIAN_POINT('',(-22.12664065271,73.621623912953,
    41.228520519048));
#5185 = CARTESIAN_POINT('',(-37.16226865104,-28.39822587967,
    4.118307100391));
#5186 = CARTESIAN_POINT('',(-26.83479619123,70.673255242958,
    47.273572129531));
#5187 = CARTESIAN_POINT('',(-46.37574838279,-31.92226304733,
    11.343654043104));
#5188 = CARTESIAN_POINT('',(-32.92757883768,68.342846932143,
    52.051617241642));
#5189 = CARTESIAN_POINT('',(-57.02816114861,-34.33167092325,
    16.283672267047));
#5190 = CARTESIAN_POINT('',(-39.97190478987,66.749530788828,
    55.318399451133));
#5191 = CARTESIAN_POINT('',(-68.40003023239,-35.53637496747,
    18.753681596868));
#5192 = CARTESIAN_POINT('',(-47.49200239493,65.95287271717,
    56.951790555878));
#5193 = CARTESIAN_POINT('',(-91.14376976764,-35.53637496747,
    18.75368159687));
#5194 = CARTESIAN_POINT('',(-62.53219760504,65.95287271717,
    56.951790555878));
#5195 = CARTESIAN_POINT('',(-102.5156388514,-34.33167092325,
    16.283672267041));
#5196 = CARTESIAN_POINT('',(-70.05229521009,66.749530788828,
    55.318399451133));
#5197 = CARTESIAN_POINT('',(-113.1680516172,-31.92226304733,
    11.343654043112));
#5198 = CARTESIAN_POINT('',(-77.09662116228,68.342846932143,
    52.051617241642));
#5199 = CARTESIAN_POINT('',(-122.3815313489,-28.39822587967,
    4.118307100386));
#5200 = CARTESIAN_POINT('',(-83.18940380873,70.673255242958,
    47.273572129531));
#5201 = CARTESIAN_POINT('',(-129.5011990072,-23.93971229582,
    -5.023000428309));
#5202 = CARTESIAN_POINT('',(-87.89755934725,73.621623912953,
    41.228520519048));
#5203 = CARTESIAN_POINT('',(-134.0012243827,-18.80706730429,
    -15.54648217189));
#5204 = CARTESIAN_POINT('',(-90.87337967701,77.015787348786,
    34.269454187611));
#5205 = CARTESIAN_POINT('',(-135.5406181581,-13.32108419875,
    -26.79441440803));
#5206 = CARTESIAN_POINT('',(-91.89136904743,80.64361041036,
    26.831314627895));
#5207 = CARTESIAN_POINT('',(-134.0012243827,-7.835101093211,
    -38.04234664417));
#5208 = CARTESIAN_POINT('',(-90.87337830356,84.271433579322,
    19.393174848004));
#5209 = CARTESIAN_POINT('',(-129.5011990072,-2.702456101683,
    -48.56582838776));
#5210 = CARTESIAN_POINT('',(-87.89755904892,87.665596679973,
    12.434109203794));
#5211 = CARTESIAN_POINT('',(-122.3815313489,1.756057482164,
    -57.70713591645));
#5212 = CARTESIAN_POINT('',(-83.18940709248,90.61396599287,
    6.389056275163));
#5213 = CARTESIAN_POINT('',(-113.1680516172,5.280094649824,
    -64.93248285918));
#5214 = CARTESIAN_POINT('',(-77.09661745805,92.944373633451,
    1.61101253723));
#5215 = CARTESIAN_POINT('',(-102.5156388514,7.689502525746,
    -69.87250108311));
#5216 = CARTESIAN_POINT('',(-70.05229669741,94.537690135451,
    -1.655770407655));
#5217 = CARTESIAN_POINT('',(-91.14376976763,8.894206569963,
    -72.34251041294));
#5218 = CARTESIAN_POINT('',(-62.53219765471,95.334348131838,
    -3.289161358093));
#5219 = CARTESIAN_POINT('',(-79.77190000001,8.894206569963,
    -72.34251041294));
#5220 = CARTESIAN_POINT('',(-55.01209999998,95.334348131838,
    -3.289161358083));
#5221 = ADVANCED_FACE('',(#5222),#5318,.T.);
#5222 = FACE_BOUND('',#5223,.T.);
#5223 = EDGE_LOOP('',(#5224,#5225,#5310,#5317));
#5224 = ORIENTED_EDGE('',*,*,#4771,.F.);
#5225 = ORIENTED_EDGE('',*,*,#5226,.T.);
#5226 = EDGE_CURVE('',#4737,#5227,#5229,.T.);
#5227 = VERTEX_POINT('',#5228);
#5228 = CARTESIAN_POINT('',(27.931554065574,3.773550883873,-9.6));
#5229 = B_SPLINE_CURVE_WITH_KNOTS('',7,(#5230,#5231,#5232,#5233,#5234,
    #5235,#5236,#5237,#5238,#5239,#5240,#5241,#5242,#5243,#5244,#5245,
    #5246,#5247,#5248,#5249,#5250,#5251,#5252,#5253,#5254,#5255,#5256,
    #5257,#5258,#5259,#5260,#5261,#5262,#5263,#5264,#5265,#5266,#5267,
    #5268,#5269,#5270,#5271,#5272,#5273,#5274,#5275,#5276,#5277,#5278,
    #5279,#5280,#5281,#5282,#5283,#5284,#5285,#5286,#5287,#5288,#5289,
    #5290,#5291,#5292,#5293,#5294,#5295,#5296,#5297,#5298,#5299,#5300,
    #5301,#5302,#5303,#5304,#5305,#5306,#5307,#5308,#5309),
  .UNSPECIFIED.,.F.,.F.,(8,6,6,6,6,6,6,6,6,6,6,6,6,8),(0.,
    1.444309155179E-02,6.153302412438E-02,9.478073922844E-02,
    0.151220257293,0.215850931789,0.289555484051,0.447611633772,
    0.633197618345,0.802046233633,0.904169675128,0.953304408111,
    0.975304307183,1.),.UNSPECIFIED.);
#5230 = CARTESIAN_POINT('',(28.833196541449,7.080094677165E-02,
    -7.00000000013));
#5231 = CARTESIAN_POINT('',(28.82188533198,0.136083676147,
    -7.000000324805));
#5232 = CARTESIAN_POINT('',(28.810395766336,0.201337189366,
    -7.001221094959));
#5233 = CARTESIAN_POINT('',(28.798737486549,0.266505584969,
    -7.003681598493));
#5234 = CARTESIAN_POINT('',(28.78692125912,0.331532076248,
    -7.007395448819));
#5235 = CARTESIAN_POINT('',(28.774958975028,0.396358991257,
    -7.01237058486));
#5236 = CARTESIAN_POINT('',(28.762863649723,0.460927772803,
    -7.018609271051));
#5237 = CARTESIAN_POINT('',(28.710826432008,0.734662171913,-7.0505571028
    ));
#5238 = CARTESIAN_POINT('',(28.669712285729,0.940913099521,
    -7.08841724592));
#5239 = CARTESIAN_POINT('',(28.627857590033,1.141532406724,
    -7.139550159402));
#5240 = CARTESIAN_POINT('',(28.585792003376,1.334909919013,
    -7.203081952031));
#5241 = CARTESIAN_POINT('',(28.543984955012,1.520014350523,
    -7.27772873076));
#5242 = CARTESIAN_POINT('',(28.502824475811,1.696242099367,
    -7.362030537758));
#5243 = CARTESIAN_POINT('',(28.434223747993,1.981293635696,
    -7.519777061108));
#5244 = CARTESIAN_POINT('',(28.406285288521,2.094793542955,
    -7.589178976132));
#5245 = CARTESIAN_POINT('',(28.378879880436,2.203830177203,
    -7.662247335948));
#5246 = CARTESIAN_POINT('',(28.352066142432,2.308483855963,
    -7.738554599171));
#5247 = CARTESIAN_POINT('',(28.325882947889,2.408884619409,
    -7.81771633251));
#5248 = CARTESIAN_POINT('',(28.300352119914,2.505195478807,
    -7.899403505089));
#5249 = CARTESIAN_POINT('',(28.233261320107,2.754472186611,
    -8.125849076436));
#5250 = CARTESIAN_POINT('',(28.192965115585,2.900012773018,
    -8.274780512242));
#5251 = CARTESIAN_POINT('',(28.154609504226,3.035220926833,
    -8.428877084993));
#5252 = CARTESIAN_POINT('',(28.118177903849,3.160960815739,
    -8.587125052169));
#5253 = CARTESIAN_POINT('',(28.083623910111,3.278021782396,
    -8.748738029965));
#5254 = CARTESIAN_POINT('',(28.050877995483,3.387141267976,
    -8.913147704933));
#5255 = CARTESIAN_POINT('',(27.984334088136,3.605630210577,
    -9.271089106802));
#5256 = CARTESIAN_POINT('',(27.951092369614,3.712674922383,
    -9.465280010959));
#5257 = CARTESIAN_POINT('',(27.920019168127,3.811107893924,
    -9.661971343468));
#5258 = CARTESIAN_POINT('',(27.891015096267,3.901695168339,
    -9.860683832797));
#5259 = CARTESIAN_POINT('',(27.863986147892,3.985077802487,
    -10.0610476651));
#5260 = CARTESIAN_POINT('',(27.83884114797,4.061816646192,
    -10.26279145326));
#5261 = CARTESIAN_POINT('',(27.788870417212,4.212879775059,
    -10.69718752648));
#5262 = CARTESIAN_POINT('',(27.764590706561,4.285336059955,
    -10.93015325836));
#5263 = CARTESIAN_POINT('',(27.742531545305,4.350471292253,
    -11.16434129701));
#5264 = CARTESIAN_POINT('',(27.722586336561,4.408846879937,
    -11.39951048686));
#5265 = CARTESIAN_POINT('',(27.704659178239,4.460930303706,
    -11.63546960402));
#5266 = CARTESIAN_POINT('',(27.688661750131,4.507124413525,
    -11.87207332867));
#5267 = CARTESIAN_POINT('',(27.644174074209,4.634941333296,
    -12.61777598938));
#5268 = CARTESIAN_POINT('',(27.62234788498,4.696583247323,
    -13.12868880167));
#5269 = CARTESIAN_POINT('',(27.608234155003,4.736116691728,
    -13.64097471355));
#5270 = CARTESIAN_POINT('',(27.601231523259,4.755669664715,
    -14.15387781679));
#5271 = CARTESIAN_POINT('',(27.60080487544,4.756899738221,
    -14.66683976821));
#5272 = CARTESIAN_POINT('',(27.606492355492,4.741013607531,
    -15.17950159593));
#5273 = CARTESIAN_POINT('',(27.631264993887,4.671198006257,
    -16.2931006937));
#5274 = CARTESIAN_POINT('',(27.652507306323,4.611134775823,
    -16.89368112253));
#5275 = CARTESIAN_POINT('',(27.680942962167,4.530180951579,
    -17.49300448666));
#5276 = CARTESIAN_POINT('',(27.715991285286,4.429229290796,
    -18.0906495471));
#5277 = CARTESIAN_POINT('',(27.757108330765,4.308845550855,
    -18.68622448468));
#5278 = CARTESIAN_POINT('',(27.803778288924,4.16929503403,-19.2793690896
    ));
#5279 = CARTESIAN_POINT('',(27.902556350005,3.866089811761,
    -20.40689127556));
#5280 = CARTESIAN_POINT('',(27.953788981141,3.705760091322,
    -20.94168276989));
#5281 = CARTESIAN_POINT('',(28.008817629831,3.529521101645,
    -21.47386962314));
#5282 = CARTESIAN_POINT('',(28.067263662283,3.337154444192,
    -22.00312209056));
#5283 = CARTESIAN_POINT('',(28.128738346323,3.128271485316,
    -22.5290433361));
#5284 = CARTESIAN_POINT('',(28.192831843611,2.902265579077,
    -23.05116054315));
#5285 = CARTESIAN_POINT('',(28.299184526632,2.510569877541,
    -23.88204346152));
#5286 = CARTESIAN_POINT('',(28.340060978982,2.356345689978,
    -24.19356896463));
#5287 = CARTESIAN_POINT('',(28.381634005571,2.195310643254,
    -24.50335220359));
#5288 = CARTESIAN_POINT('',(28.423798857016,2.02721686604,
    -24.81123435029));
#5289 = CARTESIAN_POINT('',(28.466442517339,1.851772537021,
    -25.11702288177));
#5290 = CARTESIAN_POINT('',(28.509441646667,1.66862289381,
    -25.42048639829));
#5291 = CARTESIAN_POINT('',(28.573453476291,1.385273166718,
    -25.86609777577));
#5292 = CARTESIAN_POINT('',(28.594297547845,1.291342776182,
    -26.01024552716));
#5293 = CARTESIAN_POINT('',(28.615176783876,1.195475346482,
    -26.15375675297));
#5294 = CARTESIAN_POINT('',(28.63607496918,1.097616938354,
    -26.29659555039));
#5295 = CARTESIAN_POINT('',(28.656974849107,0.997708452011,
    -26.4387214821));
#5296 = CARTESIAN_POINT('',(28.677858012663,0.895684380232,
    -26.5800891488));
#5297 = CARTESIAN_POINT('',(28.708038838337,0.744810648579,
    -26.78358237249));
#5298 = CARTESIAN_POINT('',(28.717322185787,0.697927972339,
    -26.84606204754));
#5299 = CARTESIAN_POINT('',(28.726553370064,0.650823319741,
    -26.90808626266));
#5300 = CARTESIAN_POINT('',(28.73573094536,0.603496400397,
    -26.96965431286));
#5301 = CARTESIAN_POINT('',(28.744853467943,0.555946846521,
    -27.03076531232));
#5302 = CARTESIAN_POINT('',(28.75391949615,0.508174212936,
    -27.09141819443));
#5303 = CARTESIAN_POINT('',(28.773039506252,0.406300443656,
    -27.21918114049));
#5304 = CARTESIAN_POINT('',(28.783131516387,0.3518581897,-27.28652660913
    ));
#5305 = CARTESIAN_POINT('',(28.793201000335,0.296841017303,
    -27.35364060326));
#5306 = CARTESIAN_POINT('',(28.803245202672,0.241238207467,
    -27.42051501599));
#5307 = CARTESIAN_POINT('',(28.813261233021,0.185038520088,
    -27.48714114796));
#5308 = CARTESIAN_POINT('',(28.823246066044,0.12823019396,
    -27.55350970734));
#5309 = CARTESIAN_POINT('',(28.833196541449,7.080094677165E-02,
    -27.6196108098));
#5310 = ORIENTED_EDGE('',*,*,#5311,.T.);
#5311 = EDGE_CURVE('',#5227,#4940,#5312,.T.);
#5312 = CIRCLE('',#5313,28.336245853288);
#5313 = AXIS2_PLACEMENT_3D('',#5314,#5315,#5316);
#5314 = CARTESIAN_POINT('',(0.912945,-4.7668,-9.6));
#5315 = DIRECTION('',(0.,0.,1.));
#5316 = DIRECTION('',(-1.,0.,0.));
#5317 = ORIENTED_EDGE('',*,*,#4939,.F.);
#5318 = CYLINDRICAL_SURFACE('',#5319,28.336245853288);
#5319 = AXIS2_PLACEMENT_3D('',#5320,#5321,#5322);
#5320 = CARTESIAN_POINT('',(0.912945,-4.7668,-7.));
#5321 = DIRECTION('',(0.,0.,1.));
#5322 = DIRECTION('',(-1.,0.,0.));
#5323 = ADVANCED_FACE('',(#5324),#5394,.F.);
#5324 = FACE_BOUND('',#5325,.F.);
#5325 = EDGE_LOOP('',(#5326,#5327,#5340,#5393));
#5326 = ORIENTED_EDGE('',*,*,#4631,.F.);
#5327 = ORIENTED_EDGE('',*,*,#5328,.T.);
#5328 = EDGE_CURVE('',#4632,#5329,#5331,.T.);
#5329 = VERTEX_POINT('',#5330);
#5330 = CARTESIAN_POINT('',(-27.11802041233,-16.32903551145,-9.6));
#5331 = B_SPLINE_CURVE_WITH_KNOTS('',4,(#5332,#5333,#5334,#5335,#5336,
    #5337,#5338,#5339),.UNSPECIFIED.,.F.,.F.,(5,3,5),(0.,0.50866251195,
    1.),.UNSPECIFIED.);
#5332 = CARTESIAN_POINT('',(-27.33392209594,-16.39086962999,
    -6.999240520041));
#5333 = CARTESIAN_POINT('',(-27.30499400186,-16.38272943082,
    -7.35282042468));
#5334 = CARTESIAN_POINT('',(-27.27592253767,-16.37449728964,
    -7.706393310423));
#5335 = CARTESIAN_POINT('',(-27.24670036716,-16.36616988817,
    -8.059958772647));
#5336 = CARTESIAN_POINT('',(-27.18893779286,-16.34960370474,
    -8.755031710838));
#5337 = CARTESIAN_POINT('',(-27.16040805997,-16.34137156092,
    -9.096539716086));
#5338 = CARTESIAN_POINT('',(-27.13172160227,-16.33304331524,
    -9.438039892016));
#5339 = CARTESIAN_POINT('',(-27.1028690149,-16.32461477153,-9.7795317015
    ));
#5340 = ORIENTED_EDGE('',*,*,#5341,.T.);
#5341 = EDGE_CURVE('',#5329,#4965,#5342,.T.);
#5342 = B_SPLINE_CURVE_WITH_KNOTS('',4,(#5343,#5344,#5345,#5346,#5347,
    #5348,#5349,#5350,#5351,#5352,#5353,#5354,#5355,#5356,#5357,#5358,
    #5359,#5360,#5361,#5362,#5363,#5364,#5365,#5366,#5367,#5368,#5369,
    #5370,#5371,#5372,#5373,#5374,#5375,#5376,#5377,#5378,#5379,#5380,
    #5381,#5382,#5383,#5384,#5385,#5386,#5387,#5388,#5389,#5390,#5391,
    #5392),.UNSPECIFIED.,.F.,.F.,(5,3,3,3,3,3,3,3,3,3,3,3,3,3,3,3,5),(0.
    ,8.633509561257E-02,0.172476629732,0.258627609665,0.34479085286,
    0.394376196539,0.443966732006,0.493562724898,0.542964326097,
    0.600173221634,0.657189484003,0.71441285606,0.771442519364,
    0.828677700926,0.885716819083,0.942958406337,1.),.UNSPECIFIED.);
#5343 = CARTESIAN_POINT('',(-3.141471913465,-30.7866670181,-9.6));
#5344 = CARTESIAN_POINT('',(-4.080922914909,-30.69529401341,-9.6));
#5345 = CARTESIAN_POINT('',(-5.016831182421,-30.56748864815,-9.6));
#5346 = CARTESIAN_POINT('',(-5.947074413337,-30.40345919564,-9.6));
#5347 = CARTESIAN_POINT('',(-7.789997033488,-30.00430983049,-9.6));
#5348 = CARTESIAN_POINT('',(-8.702712559995,-29.76934979981,-9.6));
#5349 = CARTESIAN_POINT('',(-9.605647687997,-29.49923244442,-9.6));
#5350 = CARTESIAN_POINT('',(-11.38805301874,-28.89002916701,-9.6));
#5351 = CARTESIAN_POINT('',(-12.26752201337,-28.55093519185,-9.6));
#5352 = CARTESIAN_POINT('',(-13.13320698769,-28.17805569927,-9.6));
#5353 = CARTESIAN_POINT('',(-14.83331748263,-27.36650365671,-9.6));
#5354 = CARTESIAN_POINT('',(-15.66773983616,-26.92782109644,-9.6));
#5355 = CARTESIAN_POINT('',(-16.48456189929,-26.45717926671,-9.6));
#5356 = CARTESIAN_POINT('',(-17.74090764246,-25.66712550613,-9.6));
#5357 = CARTESIAN_POINT('',(-18.19339730776,-25.36833072504,-9.6));
#5358 = CARTESIAN_POINT('',(-18.63912701627,-25.05954247397,-9.6));
#5359 = CARTESIAN_POINT('',(-19.51646325157,-24.42242139386,-9.6));
#5360 = CARTESIAN_POINT('',(-19.94806836684,-24.09408646653,-9.6));
#5361 = CARTESIAN_POINT('',(-20.3722628211,-23.75623176394,-9.6));
#5362 = CARTESIAN_POINT('',(-21.20526048494,-23.0619625377,-9.6));
#5363 = CARTESIAN_POINT('',(-21.61406206344,-22.70554591583,-9.6));
#5364 = CARTESIAN_POINT('',(-22.0148354981,-22.3401254383,-9.6));
#5365 = CARTESIAN_POINT('',(-22.79820823282,-21.59330098748,-9.6));
#5366 = CARTESIAN_POINT('',(-23.18087267208,-21.21196521227,-9.6));
#5367 = CARTESIAN_POINT('',(-23.55499789176,-20.82224826533,-9.6));
#5368 = CARTESIAN_POINT('',(-24.34336926938,-19.96377182239,-9.6));
#5369 = CARTESIAN_POINT('',(-24.75461205938,-19.49225402827,-9.6));
#5370 = CARTESIAN_POINT('',(-25.15362980241,-19.01034703538,-9.6));
#5371 = CARTESIAN_POINT('',(-25.92515684495,-18.02838388307,-9.6));
#5372 = CARTESIAN_POINT('',(-26.29775098601,-17.52839415479,-9.6));
#5373 = CARTESIAN_POINT('',(-26.65745152838,-17.01904997589,-9.6));
#5374 = CARTESIAN_POINT('',(-27.35165068161,-15.98078756406,-9.6));
#5375 = CARTESIAN_POINT('',(-27.68605309648,-15.45180479744,-9.6));
#5376 = CARTESIAN_POINT('',(-28.00678877114,-14.91442576848,-9.6));
#5377 = CARTESIAN_POINT('',(-28.61928871293,-13.82579752158,-9.6));
#5378 = CARTESIAN_POINT('',(-28.91114745928,-13.27460125697,-9.6));
#5379 = CARTESIAN_POINT('',(-29.18883752048,-12.71613286912,-9.6));
#5380 = CARTESIAN_POINT('',(-29.71631887681,-11.58372219928,-9.6));
#5381 = CARTESIAN_POINT('',(-29.96600609713,-11.0097312436,-9.6));
#5382 = CARTESIAN_POINT('',(-30.20090767141,-10.42953262065,-9.6));
#5383 = CARTESIAN_POINT('',(-30.63995778656,-9.259881381343,-9.6));
#5384 = CARTESIAN_POINT('',(-30.84420897519,-8.670467107983,-9.6));
#5385 = CARTESIAN_POINT('',(-31.03335092137,-8.076032134726,-9.6));
#5386 = CARTESIAN_POINT('',(-31.38169765508,-6.876166001573,-9.6));
#5387 = CARTESIAN_POINT('',(-31.54079383794,-6.270703129264,-9.6));
#5388 = CARTESIAN_POINT('',(-31.68433455716,-5.661365097573,-9.6));
#5389 = CARTESIAN_POINT('',(-31.93961013266,-4.438284454058,-9.6));
#5390 = CARTESIAN_POINT('',(-32.05145439382,-3.824564498918,-9.6));
#5391 = CARTESIAN_POINT('',(-32.14760569653,-3.208191110348,-9.6));
#5392 = CARTESIAN_POINT('',(-32.22798681288,-2.589768047207,-9.6));
#5393 = ORIENTED_EDGE('',*,*,#4999,.F.);
#5394 = ( BOUNDED_SURFACE() B_SPLINE_SURFACE(6,10,(
    (#5395,#5396,#5397,#5398,#5399,#5400,#5401,#5402,#5403,#5404,#5405
      ,#5406,#5407,#5408,#5409,#5410,#5411,#5412,#5413,#5414,#5415,#5416
      ,#5417,#5418,#5419,#5420,#5421,#5422,#5423,#5424,#5425,#5426,#5427
      ,#5428,#5429,#5430,#5431,#5432,#5433,#5434,#5435,#5436,#5437,#5438
      ,#5439,#5440,#5441,#5442,#5443,#5444,#5445,#5446,#5447,#5448,#5449
      ,#5450,#5451,#5452,#5453,#5454,#5455,#5456,#5457,#5458,#5459,#5460
      ,#5461,#5462,#5463,#5464,#5465,#5466,#5467,#5468,#5469,#5470,#5471
      ,#5472,#5473,#5474,#5475,#5476,#5477,#5478,#5479,#5480,#5481,#5482
      ,#5483,#5484,#5485,#5486,#5487,#5488,#5489,#5490,#5491,#5492,#5493
      )
    ,(#5494,#5495,#5496,#5497,#5498,#5499,#5500,#5501,#5502,#5503,#5504
      ,#5505,#5506,#5507,#5508,#5509,#5510,#5511,#5512,#5513,#5514,#5515
      ,#5516,#5517,#5518,#5519,#5520,#5521,#5522,#5523,#5524,#5525,#5526
      ,#5527,#5528,#5529,#5530,#5531,#5532,#5533,#5534,#5535,#5536,#5537
      ,#5538,#5539,#5540,#5541,#5542,#5543,#5544,#5545,#5546,#5547,#5548
      ,#5549,#5550,#5551,#5552,#5553,#5554,#5555,#5556,#5557,#5558,#5559
      ,#5560,#5561,#5562,#5563,#5564,#5565,#5566,#5567,#5568,#5569,#5570
      ,#5571,#5572,#5573,#5574,#5575,#5576,#5577,#5578,#5579,#5580,#5581
      ,#5582,#5583,#5584,#5585,#5586,#5587,#5588,#5589,#5590,#5591,#5592
      )
    ,(#5593,#5594,#5595,#5596,#5597,#5598,#5599,#5600,#5601,#5602,#5603
      ,#5604,#5605,#5606,#5607,#5608,#5609,#5610,#5611,#5612,#5613,#5614
      ,#5615,#5616,#5617,#5618,#5619,#5620,#5621,#5622,#5623,#5624,#5625
      ,#5626,#5627,#5628,#5629,#5630,#5631,#5632,#5633,#5634,#5635,#5636
      ,#5637,#5638,#5639,#5640,#5641,#5642,#5643,#5644,#5645,#5646,#5647
      ,#5648,#5649,#5650,#5651,#5652,#5653,#5654,#5655,#5656,#5657,#5658
      ,#5659,#5660,#5661,#5662,#5663,#5664,#5665,#5666,#5667,#5668,#5669
      ,#5670,#5671,#5672,#5673,#5674,#5675,#5676,#5677,#5678,#5679,#5680
      ,#5681,#5682,#5683,#5684,#5685,#5686,#5687,#5688,#5689,#5690,#5691
      )
    ,(#5692,#5693,#5694,#5695,#5696,#5697,#5698,#5699,#5700,#5701,#5702
      ,#5703,#5704,#5705,#5706,#5707,#5708,#5709,#5710,#5711,#5712,#5713
      ,#5714,#5715,#5716,#5717,#5718,#5719,#5720,#5721,#5722,#5723,#5724
      ,#5725,#5726,#5727,#5728,#5729,#5730,#5731,#5732,#5733,#5734,#5735
      ,#5736,#5737,#5738,#5739,#5740,#5741,#5742,#5743,#5744,#5745,#5746
      ,#5747,#5748,#5749,#5750,#5751,#5752,#5753,#5754,#5755,#5756,#5757
      ,#5758,#5759,#5760,#5761,#5762,#5763,#5764,#5765,#5766,#5767,#5768
      ,#5769,#5770,#5771,#5772,#5773,#5774,#5775,#5776,#5777,#5778,#5779
      ,#5780,#5781,#5782,#5783,#5784,#5785,#5786,#5787,#5788,#5789,#5790
      )
    ,(#5791,#5792,#5793,#5794,#5795,#5796,#5797,#5798,#5799,#5800,#5801
      ,#5802,#5803,#5804,#5805,#5806,#5807,#5808,#5809,#5810,#5811,#5812
      ,#5813,#5814,#5815,#5816,#5817,#5818,#5819,#5820,#5821,#5822,#5823
      ,#5824,#5825,#5826,#5827,#5828,#5829,#5830,#5831,#5832,#5833,#5834
      ,#5835,#5836,#5837,#5838,#5839,#5840,#5841,#5842,#5843,#5844,#5845
      ,#5846,#5847,#5848,#5849,#5850,#5851,#5852,#5853,#5854,#5855,#5856
      ,#5857,#5858,#5859,#5860,#5861,#5862,#5863,#5864,#5865,#5866,#5867
      ,#5868,#5869,#5870,#5871,#5872,#5873,#5874,#5875,#5876,#5877,#5878
      ,#5879,#5880,#5881,#5882,#5883,#5884,#5885,#5886,#5887,#5888,#5889
      )
    ,(#5890,#5891,#5892,#5893,#5894,#5895,#5896,#5897,#5898,#5899,#5900
      ,#5901,#5902,#5903,#5904,#5905,#5906,#5907,#5908,#5909,#5910,#5911
      ,#5912,#5913,#5914,#5915,#5916,#5917,#5918,#5919,#5920,#5921,#5922
      ,#5923,#5924,#5925,#5926,#5927,#5928,#5929,#5930,#5931,#5932,#5933
      ,#5934,#5935,#5936,#5937,#5938,#5939,#5940,#5941,#5942,#5943,#5944
      ,#5945,#5946,#5947,#5948,#5949,#5950,#5951,#5952,#5953,#5954,#5955
      ,#5956,#5957,#5958,#5959,#5960,#5961,#5962,#5963,#5964,#5965,#5966
      ,#5967,#5968,#5969,#5970,#5971,#5972,#5973,#5974,#5975,#5976,#5977
      ,#5978,#5979,#5980,#5981,#5982,#5983,#5984,#5985,#5986,#5987,#5988
      )
    ,(#5989,#5990,#5991,#5992,#5993,#5994,#5995,#5996,#5997,#5998,#5999
      ,#6000,#6001,#6002,#6003,#6004,#6005,#6006,#6007,#6008,#6009,#6010
      ,#6011,#6012,#6013,#6014,#6015,#6016,#6017,#6018,#6019,#6020,#6021
      ,#6022,#6023,#6024,#6025,#6026,#6027,#6028,#6029,#6030,#6031,#6032
      ,#6033,#6034,#6035,#6036,#6037,#6038,#6039,#6040,#6041,#6042,#6043
      ,#6044,#6045,#6046,#6047,#6048,#6049,#6050,#6051,#6052,#6053,#6054
      ,#6055,#6056,#6057,#6058,#6059,#6060,#6061,#6062,#6063,#6064,#6065
      ,#6066,#6067,#6068,#6069,#6070,#6071,#6072,#6073,#6074,#6075,#6076
      ,#6077,#6078,#6079,#6080,#6081,#6082,#6083,#6084,#6085,#6086,#6087
)),.UNSPECIFIED.,.F.,.F.,.F.) B_SPLINE_SURFACE_WITH_KNOTS((7,7),(11,8,8,
    8,8,8,8,8,8,8,8,8,11),(0.129470751837,3.012121901753),(0.,
    0.128490846931,0.192736270397,0.256981693862,0.289104405595,
    0.321227117328,0.353349829061,0.385472540794,0.449717964259,
    0.513963387725,0.635472540794,0.756981693862,1.),.UNSPECIFIED.) 
GEOMETRIC_REPRESENTATION_ITEM() RATIONAL_B_SPLINE_SURFACE((
    (1.110326051105,1.110326051105,1.110326051105,1.110326051105
      ,1.110326051105,1.110326051105,1.110326051105,1.110326051105
      ,1.110326051105,1.110326051105,1.110326051105,1.110326051105
      ,1.110326051105,1.110326051105,1.110326051105,1.110326051105
      ,1.110326051105,1.110326051105,1.110326051105,1.110326051105
      ,1.110326051105,1.110326051105,1.110326051105,1.110326051105
      ,1.110326051105,1.110326051105,1.110326051105,1.110326051105
      ,1.110326051105,1.110326051105,1.110326051105,1.110326051105
      ,1.110326051105,1.110326051105,1.110326051105,1.110326051105
      ,1.110326051105,1.110326051105,1.110326051105,1.110326051105
      ,1.110326051105,1.110326051105,1.110326051105,1.110326051105
      ,1.110326051105,1.110326051105,1.110326051105,1.110326051105
      ,1.110326051105,1.110326051105,1.110326051105,1.110326051105
      ,1.110326051105,1.110326051105,1.110326051105,1.110326051105
      ,1.110326051105,1.110326051105,1.110326051105,1.110326051105
      ,1.110326051105,1.110326051105,1.110326051105,1.110326051105
      ,1.110326051105,1.110326051105,1.110326051105,1.110326051105
      ,1.110326051105,1.110326051105,1.110326051105,1.110326051105
      ,1.110326051105,1.110326051105,1.110326051105,1.110326051105
      ,1.110326051105,1.110326051105,1.110326051105,1.110326051105
      ,1.110326051105,1.110326051105,1.110326051105,1.110326051105
      ,1.110326051105,1.110326051105,1.110326051105,1.110326051105
      ,1.110326051105,1.110326051105,1.110326051105,1.110326051105
      ,1.110326051105,1.110326051105,1.110326051105,1.110326051105
      ,1.110326051105,1.110326051105,1.110326051105)
    ,(1.031342946072,1.031342946072,1.031342946072,1.031342946072
      ,1.031342946072,1.031342946072,1.031342946072,1.031342946072
      ,1.031342946072,1.031342946072,1.031342946072,1.031342946072
      ,1.031342946072,1.031342946072,1.031342946072,1.031342946072
      ,1.031342946072,1.031342946072,1.031342946072,1.031342946072
      ,1.031342946072,1.031342946072,1.031342946072,1.031342946072
      ,1.031342946072,1.031342946072,1.031342946072,1.031342946072
      ,1.031342946072,1.031342946072,1.031342946072,1.031342946072
      ,1.031342946072,1.031342946072,1.031342946072,1.031342946072
      ,1.031342946073,1.031342946072,1.031342946073,1.031342946072
      ,1.031342946072,1.031342946072,1.031342946072,1.031342946072
      ,1.031342946072,1.031342946072,1.031342946072,1.031342946072
      ,1.031342946072,1.031342946072,1.031342946072,1.031342946072
      ,1.031342946072,1.031342946072,1.031342946072,1.031342946072
      ,1.031342946072,1.031342946072,1.031342946072,1.031342946072
      ,1.031342946072,1.031342946072,1.031342946072,1.031342946072
      ,1.031342946072,1.031342946072,1.031342946072,1.031342946072
      ,1.031342946072,1.031342946072,1.031342946072,1.031342946072
      ,1.031342946072,1.031342946072,1.031342946072,1.031342946072
      ,1.031342946072,1.031342946072,1.031342946072,1.031342946072
      ,1.031342946072,1.031342946072,1.031342946072,1.031342946072
      ,1.031342946072,1.031342946072,1.031342946072,1.031342946072
      ,1.031342946072,1.031342946072,1.031342946072,1.031342946072
      ,1.031342946072,1.031342946072,1.031342946072,1.031342946072
      ,1.031342946072,1.031342946072,1.031342946072)
    ,(0.993329366875,0.993329366875,0.993329366875,0.993329366875
      ,0.993329366875,0.993329366876,0.993329366875,0.993329366875
      ,0.993329366875,0.993329366875,0.993329366875,0.993329366875
      ,0.993329366875,0.993329366875,0.993329366875,0.993329366875
      ,0.993329366875,0.993329366875,0.993329366875,0.993329366875
      ,0.993329366875,0.993329366875,0.993329366875,0.993329366875
      ,0.993329366875,0.993329366875,0.993329366875,0.993329366875
      ,0.993329366876,0.993329366875,0.993329366875,0.993329366875
      ,0.993329366875,0.993329366875,0.993329366875,0.993329366875
      ,0.993329366876,0.993329366875,0.993329366875,0.993329366875
      ,0.993329366875,0.993329366875,0.993329366875,0.993329366875
      ,0.993329366875,0.993329366875,0.993329366875,0.993329366875
      ,0.993329366875,0.993329366875,0.993329366875,0.993329366875
      ,0.993329366875,0.993329366875,0.993329366875,0.993329366875
      ,0.993329366875,0.993329366875,0.993329366875,0.993329366875
      ,0.993329366875,0.993329366875,0.993329366875,0.993329366875
      ,0.993329366875,0.993329366875,0.993329366875,0.993329366875
      ,0.993329366875,0.993329366875,0.993329366875,0.993329366875
      ,0.993329366875,0.993329366875,0.993329366875,0.993329366875
      ,0.993329366875,0.993329366875,0.993329366875,0.993329366875
      ,0.993329366875,0.993329366875,0.993329366875,0.993329366875
      ,0.993329366875,0.993329366875,0.993329366875,0.993329366875
      ,0.993329366875,0.993329366875,0.993329366875,0.993329366875
      ,0.993329366875,0.993329366875,0.993329366875,0.993329366875
      ,0.993329366875,0.993329366875,0.993329366875)
    ,(0.980167576933,0.980167576933,0.980167576933,0.980167576934
      ,0.980167576933,0.980167576934,0.980167576933,0.980167576934
      ,0.980167576933,0.980167576933,0.980167576933,0.980167576933
      ,0.980167576933,0.980167576933,0.980167576934,0.980167576933
      ,0.980167576933,0.980167576933,0.980167576933,0.980167576933
      ,0.980167576934,0.980167576933,0.980167576934,0.980167576933
      ,0.980167576933,0.980167576933,0.980167576933,0.980167576933
      ,0.980167576934,0.980167576933,0.980167576934,0.980167576933
      ,0.980167576933,0.980167576933,0.980167576933,0.980167576933
      ,0.980167576934,0.980167576933,0.980167576934,0.980167576933
      ,0.980167576933,0.980167576933,0.980167576933,0.980167576933
      ,0.980167576934,0.980167576933,0.980167576934,0.980167576933
      ,0.980167576933,0.980167576933,0.980167576933,0.980167576933
      ,0.980167576933,0.980167576934,0.980167576933,0.980167576933
      ,0.980167576933,0.980167576933,0.980167576933,0.980167576933
      ,0.980167576934,0.980167576933,0.980167576933,0.980167576933
      ,0.980167576933,0.980167576933,0.980167576933,0.980167576933
      ,0.980167576933,0.980167576933,0.980167576933,0.980167576933
      ,0.980167576933,0.980167576933,0.980167576933,0.980167576933
      ,0.980167576933,0.980167576933,0.980167576933,0.980167576933
      ,0.980167576933,0.980167576933,0.980167576933,0.980167576933
      ,0.980167576933,0.980167576934,0.980167576933,0.980167576933
      ,0.980167576933,0.980167576933,0.980167576933,0.980167576934
      ,0.980167576933,0.980167576934,0.980167576933,0.980167576934
      ,0.980167576933,0.980167576933,0.980167576933)
    ,(0.993329366875,0.993329366875,0.993329366875,0.993329366875
      ,0.993329366875,0.993329366875,0.993329366875,0.993329366875
      ,0.993329366875,0.993329366875,0.993329366875,0.993329366875
      ,0.993329366875,0.993329366875,0.993329366875,0.993329366875
      ,0.993329366875,0.993329366875,0.993329366875,0.993329366875
      ,0.993329366875,0.993329366875,0.993329366875,0.993329366875
      ,0.993329366875,0.993329366875,0.993329366875,0.993329366875
      ,0.993329366876,0.993329366875,0.993329366876,0.993329366875
      ,0.993329366875,0.993329366875,0.993329366875,0.993329366875
      ,0.993329366876,0.993329366875,0.993329366875,0.993329366875
      ,0.993329366875,0.993329366875,0.993329366875,0.993329366875
      ,0.993329366875,0.993329366875,0.993329366875,0.993329366875
      ,0.993329366875,0.993329366875,0.993329366875,0.993329366875
      ,0.993329366875,0.993329366875,0.993329366875,0.993329366875
      ,0.993329366875,0.993329366875,0.993329366875,0.993329366875
      ,0.993329366875,0.993329366875,0.993329366875,0.993329366875
      ,0.993329366875,0.993329366875,0.993329366875,0.993329366875
      ,0.993329366875,0.993329366875,0.993329366875,0.993329366875
      ,0.993329366875,0.993329366875,0.993329366875,0.993329366875
      ,0.993329366875,0.993329366875,0.993329366875,0.993329366875
      ,0.993329366875,0.993329366875,0.993329366875,0.993329366875
      ,0.993329366875,0.993329366875,0.993329366875,0.993329366875
      ,0.993329366875,0.993329366875,0.993329366875,0.993329366875
      ,0.993329366875,0.993329366875,0.993329366875,0.993329366875
      ,0.993329366875,0.993329366875,0.993329366875)
    ,(1.031342946072,1.031342946072,1.031342946072,1.031342946072
      ,1.031342946072,1.031342946072,1.031342946072,1.031342946072
      ,1.031342946072,1.031342946072,1.031342946072,1.031342946072
      ,1.031342946072,1.031342946072,1.031342946072,1.031342946072
      ,1.031342946072,1.031342946072,1.031342946072,1.031342946072
      ,1.031342946072,1.031342946072,1.031342946072,1.031342946072
      ,1.031342946072,1.031342946072,1.031342946072,1.031342946072
      ,1.031342946072,1.031342946072,1.031342946072,1.031342946072
      ,1.031342946072,1.031342946072,1.031342946072,1.031342946072
      ,1.031342946073,1.031342946072,1.031342946073,1.031342946072
      ,1.031342946072,1.031342946072,1.031342946072,1.031342946072
      ,1.031342946072,1.031342946072,1.031342946072,1.031342946072
      ,1.031342946072,1.031342946072,1.031342946072,1.031342946072
      ,1.031342946072,1.031342946072,1.031342946072,1.031342946072
      ,1.031342946072,1.031342946072,1.031342946072,1.031342946072
      ,1.031342946072,1.031342946072,1.031342946072,1.031342946072
      ,1.031342946072,1.031342946072,1.031342946072,1.031342946072
      ,1.031342946072,1.031342946072,1.031342946072,1.031342946072
      ,1.031342946072,1.031342946072,1.031342946072,1.031342946072
      ,1.031342946072,1.031342946072,1.031342946072,1.031342946072
      ,1.031342946072,1.031342946072,1.031342946072,1.031342946072
      ,1.031342946072,1.031342946072,1.031342946072,1.031342946072
      ,1.031342946072,1.031342946072,1.031342946072,1.031342946072
      ,1.031342946072,1.031342946072,1.031342946072,1.031342946072
      ,1.031342946072,1.031342946072,1.031342946072)
    ,(1.110326051105,1.110326051105,1.110326051105,1.110326051105
      ,1.110326051105,1.110326051105,1.110326051105,1.110326051105
      ,1.110326051105,1.110326051105,1.110326051105,1.110326051105
      ,1.110326051105,1.110326051105,1.110326051105,1.110326051105
      ,1.110326051105,1.110326051105,1.110326051105,1.110326051105
      ,1.110326051105,1.110326051105,1.110326051105,1.110326051105
      ,1.110326051105,1.110326051105,1.110326051105,1.110326051105
      ,1.110326051105,1.110326051105,1.110326051105,1.110326051105
      ,1.110326051105,1.110326051105,1.110326051105,1.110326051105
      ,1.110326051105,1.110326051105,1.110326051105,1.110326051105
      ,1.110326051105,1.110326051105,1.110326051105,1.110326051105
      ,1.110326051105,1.110326051105,1.110326051105,1.110326051105
      ,1.110326051105,1.110326051105,1.110326051105,1.110326051105
      ,1.110326051105,1.110326051105,1.110326051105,1.110326051105
      ,1.110326051105,1.110326051105,1.110326051105,1.110326051105
      ,1.110326051105,1.110326051105,1.110326051105,1.110326051105
      ,1.110326051105,1.110326051105,1.110326051105,1.110326051105
      ,1.110326051105,1.110326051105,1.110326051105,1.110326051105
      ,1.110326051105,1.110326051105,1.110326051105,1.110326051105
      ,1.110326051105,1.110326051105,1.110326051105,1.110326051105
      ,1.110326051105,1.110326051105,1.110326051105,1.110326051105
      ,1.110326051105,1.110326051105,1.110326051105,1.110326051105
      ,1.110326051105,1.110326051105,1.110326051105,1.110326051105
      ,1.110326051105,1.110326051105,1.110326051105,1.110326051105
      ,1.110326051105,1.110326051105,1.110326051105
))) REPRESENTATION_ITEM('') SURFACE() );
#5395 = CARTESIAN_POINT('',(-32.22798681288,-4.196053620783,1.));
#5396 = CARTESIAN_POINT('',(-32.22798681288,-3.838166432804,
    -1.405370742484));
#5397 = CARTESIAN_POINT('',(-32.22798681288,-3.499020686806,
    -3.678217601819));
#5398 = CARTESIAN_POINT('',(-32.22798681288,-3.176838464546,
    -5.822188401164));
#5399 = CARTESIAN_POINT('',(-32.22798681288,-2.86985638697,
    -7.841025235048));
#5400 = CARTESIAN_POINT('',(-32.22798681288,-2.576328542899,
    -9.738594527648));
#5401 = CARTESIAN_POINT('',(-32.22798681288,-2.294523720442,
    -11.51893021174));
#5402 = CARTESIAN_POINT('',(-32.22798681288,-2.022731686825,
    -13.18629879388));
#5403 = CARTESIAN_POINT('',(-32.22798681288,-1.759240338113,
    -14.74530313483));
#5404 = CARTESIAN_POINT('',(-32.22798681288,-1.373877004681,
    -16.92893045361));
#5405 = CARTESIAN_POINT('',(-32.22798681288,-0.999048405302,
    -18.89374089903));
#5406 = CARTESIAN_POINT('',(-32.22798681288,-0.875038513886,
    -19.52511482048));
#5407 = CARTESIAN_POINT('',(-32.22798681288,-0.751712654301,
    -20.1337316161));
#5408 = CARTESIAN_POINT('',(-32.22798681288,-0.628804867284,
    -20.72046423568));
#5409 = CARTESIAN_POINT('',(-32.22798681288,-0.506023929232,
    -21.28626868332));
#5410 = CARTESIAN_POINT('',(-32.22798681288,-0.383040118557,
    -21.8322024138));
#5411 = CARTESIAN_POINT('',(-32.22798681288,-0.259464577344,
    -22.35944938002));
#5412 = CARTESIAN_POINT('',(-32.22798681288,-1.016276732229E-02,
    -23.37925467028));
#5413 = CARTESIAN_POINT('',(-32.22798681288,0.24602825592,
    -24.33578878341));
#5414 = CARTESIAN_POINT('',(-32.22798681288,0.376493031823,
    -24.79976438366));
#5415 = CARTESIAN_POINT('',(-32.22798681288,0.51013712547,
    -25.25116031106));
#5416 = CARTESIAN_POINT('',(-32.22798681288,0.648003499471,
    -25.69189111385));
#5417 = CARTESIAN_POINT('',(-32.22798681288,0.791464539731,
    -26.12411312025));
#5418 = CARTESIAN_POINT('',(-32.22798681288,0.94238710082,
    -26.55016536066));
#5419 = CARTESIAN_POINT('',(-32.22798681288,1.103322523279,
    -26.97255903068));
#5420 = CARTESIAN_POINT('',(-32.22798681288,1.365211490388,
    -27.6040410558));
#5421 = CARTESIAN_POINT('',(-32.22798681288,1.668130858806,
    -28.23482550785));
#5422 = CARTESIAN_POINT('',(-32.22798681288,1.774235239656,
    -28.4451464416));
#5423 = CARTESIAN_POINT('',(-32.22798681288,1.886101558252,
    -28.6555917699));
#5424 = CARTESIAN_POINT('',(-32.22798681288,2.004414213973,
    -28.8661260106));
#5425 = CARTESIAN_POINT('',(-32.22798681288,2.129897214996,
    -29.0765805725));
#5426 = CARTESIAN_POINT('',(-32.22798681288,2.263287707114,
    -29.28661280805));
#5427 = CARTESIAN_POINT('',(-32.22798681288,2.405285493215,
    -29.49566801866));
#5428 = CARTESIAN_POINT('',(-32.22798681288,2.707668886931,
    -29.91025943644));
#5429 = CARTESIAN_POINT('',(-32.22798681288,3.048428829477,
    -30.31387917144));
#5430 = CARTESIAN_POINT('',(-32.22798681288,3.228803240462,
    -30.51196276826));
#5431 = CARTESIAN_POINT('',(-32.22798681289,3.419385480089,
    -30.7051348383));
#5432 = CARTESIAN_POINT('',(-32.22798681287,3.620130739921,
    -30.89203723614));
#5433 = CARTESIAN_POINT('',(-32.22798681289,3.830661328029,
    -31.07119686501));
#5434 = CARTESIAN_POINT('',(-32.22798681288,4.050225597821,
    -31.24115166308));
#5435 = CARTESIAN_POINT('',(-32.22798681288,4.277732761919,
    -31.40059878546));
#5436 = CARTESIAN_POINT('',(-32.22798681288,4.746001505474,
    -31.69640013018));
#5437 = CARTESIAN_POINT('',(-32.22798681288,5.235074751876,
    -31.94308342261));
#5438 = CARTESIAN_POINT('',(-32.22798681288,5.483386445728,
    -32.0534126153));
#5439 = CARTESIAN_POINT('',(-32.22798681288,5.733938194449,
    -32.15030230367));
#5440 = CARTESIAN_POINT('',(-32.22798681288,5.985201359089,
    -32.23367615293));
#5441 = CARTESIAN_POINT('',(-32.22798681288,6.235790449496,
    -32.30379217911));
#5442 = CARTESIAN_POINT('',(-32.22798681288,6.484548943051,
    -32.36116096816));
#5443 = CARTESIAN_POINT('',(-32.22798681288,6.730573347127,
    -32.40644709049));
#5444 = CARTESIAN_POINT('',(-32.22798681288,7.215822422414,
    -32.47435046663));
#5445 = CARTESIAN_POINT('',(-32.22798681288,7.68564966213,
    -32.50001602584));
#5446 = CARTESIAN_POINT('',(-32.22798681288,7.916252180445,
    -32.50306438272));
#5447 = CARTESIAN_POINT('',(-32.22798681288,8.142297720724,
    -32.49713068535));
#5448 = CARTESIAN_POINT('',(-32.22798681288,8.363721385062,
    -32.48298936787));
#5449 = CARTESIAN_POINT('',(-32.22798681288,8.580593384189,
    -32.46135333626));
#5450 = CARTESIAN_POINT('',(-32.22798681288,8.793077345676,
    -32.43286177487));
#5451 = CARTESIAN_POINT('',(-32.22798681288,9.001398596024,
    -32.39808034075));
#5452 = CARTESIAN_POINT('',(-32.22798681288,9.614664643872,
    -32.2763537501));
#5453 = CARTESIAN_POINT('',(-32.22798681288,10.195399946775,
    -32.10637686717));
#5454 = CARTESIAN_POINT('',(-32.22798681288,10.570376285981,
    -31.9750779527));
#5455 = CARTESIAN_POINT('',(-32.22798681288,10.935790327383,
    -31.82825440055));
#5456 = CARTESIAN_POINT('',(-32.22798681289,11.294055041907,
    -31.66757207169));
#5457 = CARTESIAN_POINT('',(-32.22798681288,11.647279590315,
    -31.49425367925));
#5458 = CARTESIAN_POINT('',(-32.22798681288,11.997296627994,
    -31.3092099913));
#5459 = CARTESIAN_POINT('',(-32.22798681288,12.345686143422,
    -31.11316325859));
#5460 = CARTESIAN_POINT('',(-32.22798681288,13.041954306701,
    -30.70024602707));
#5461 = CARTESIAN_POINT('',(-32.22798681288,13.741989421917,
    -30.2477033995));
#5462 = CARTESIAN_POINT('',(-32.22798681288,14.094145984829,
    -30.01203116438));
#5463 = CARTESIAN_POINT('',(-32.22798681289,14.449464060737,
    -29.76737755088));
#5464 = CARTESIAN_POINT('',(-32.22798681288,14.808827506746,
    -29.51411799055));
#5465 = CARTESIAN_POINT('',(-32.22798681289,15.173011406494,
    -29.25260455699));
#5466 = CARTESIAN_POINT('',(-32.22798681288,15.54270529251,
    -28.98317617112));
#5467 = CARTESIAN_POINT('',(-32.22798681288,15.918530289116,
    -28.70616475441));
#5468 = CARTESIAN_POINT('',(-32.22798681288,17.024525206623,
    -27.88426174328));
#5469 = CARTESIAN_POINT('',(-32.22798681288,18.190850512654,
    -27.00446986345));
#5470 = CARTESIAN_POINT('',(-32.22798681288,18.983123299074,
    -26.40641864337));
#5471 = CARTESIAN_POINT('',(-32.22798681288,19.807672281102,
    -25.78804014376));
#5472 = CARTESIAN_POINT('',(-32.22798681288,20.66710681069,
    -25.15159950487));
#5473 = CARTESIAN_POINT('',(-32.22798681288,21.563820400912,
    -24.49940340313));
#5474 = CARTESIAN_POINT('',(-32.22798681288,22.500060191868,
    -23.83379524946));
#5475 = CARTESIAN_POINT('',(-32.22798681288,23.477975108915,
    -23.15715538914));
#5476 = CARTESIAN_POINT('',(-32.22798681288,25.521313478889,
    -21.78663564669));
#5477 = CARTESIAN_POINT('',(-32.22798681288,27.747791804855,
    -20.39140910751));
#5478 = CARTESIAN_POINT('',(-32.22798681288,28.908846630433,
    -19.69006238878));
#5479 = CARTESIAN_POINT('',(-32.22798681288,30.119699245757,
    -18.9874567106));
#5480 = CARTESIAN_POINT('',(-32.22798681288,31.382303343195,
    -18.28609636497));
#5481 = CARTESIAN_POINT('',(-32.22798681288,32.698595207148,
    -17.58851523242));
#5482 = CARTESIAN_POINT('',(-32.22798681288,34.070499137287,
    -16.89727717043));
#5483 = CARTESIAN_POINT('',(-32.22798681288,35.499929659735,
    -16.2149764592));
#5484 = CARTESIAN_POINT('',(-32.22798681288,39.96651615847,
    -14.20276059079));
#5485 = CARTESIAN_POINT('',(-32.22798681288,44.985035012835,
    -12.31849335984));
#5486 = CARTESIAN_POINT('',(-32.22798681288,48.591171097153,
    -11.14041676788));
#5487 = CARTESIAN_POINT('',(-32.22798681288,52.472743971102,
    -10.06215214542));
#5488 = CARTESIAN_POINT('',(-32.22798681289,56.644524468118,
    -9.105863394974));
#5489 = CARTESIAN_POINT('',(-32.22798681288,61.120949628054,
    -8.294099086882));
#5490 = CARTESIAN_POINT('',(-32.22798681288,65.916050958947,
    -7.649655469074));
#5491 = CARTESIAN_POINT('',(-32.22798681288,71.043461396315,
    -7.195433584025));
#5492 = CARTESIAN_POINT('',(-32.22798681288,76.516467198088,
    -6.954350063798));
#5493 = CARTESIAN_POINT('',(-32.22798681288,82.348068390036,
    -6.94927275725));
#5494 = CARTESIAN_POINT('',(-30.05800360451,-20.86271151981,1.));
#5495 = CARTESIAN_POINT('',(-30.05800360451,-20.50482433183,
    -1.416956967077));
#5496 = CARTESIAN_POINT('',(-30.05800360451,-20.16566963646,
    -3.71020938489));
#5497 = CARTESIAN_POINT('',(-30.05800360451,-19.84344662378,
    -5.885021280799));
#5498 = CARTESIAN_POINT('',(-30.05800360451,-19.53633922751,
    -7.947118297024));
#5499 = CARTESIAN_POINT('',(-30.05800360451,-19.24250313718,
    -9.902833346804));
#5500 = CARTESIAN_POINT('',(-30.05800360451,-18.96001394728,
    -11.75930960209));
#5501 = CARTESIAN_POINT('',(-30.05800360451,-18.6868387593,
    -13.52481573227));
#5502 = CARTESIAN_POINT('',(-30.05800360451,-18.42063448948,
    -15.20921927736));
#5503 = CARTESIAN_POINT('',(-30.05800360451,-18.02754281474,
    -17.63259396955));
#5504 = CARTESIAN_POINT('',(-30.05800360451,-17.63366826073,
    -19.93791309822));
#5505 = CARTESIAN_POINT('',(-30.05800360451,-17.50172835047,
    -20.69527935935));
#5506 = CARTESIAN_POINT('',(-30.05800360451,-17.368474562,
    -21.44387073738));
#5507 = CARTESIAN_POINT('',(-30.05800360451,-17.23310026155,
    -22.18629024219));
#5508 = CARTESIAN_POINT('',(-30.05800360451,-17.09460420079,
    -22.92551346895));
#5509 = CARTESIAN_POINT('',(-30.05800360451,-16.95171106597,
    -23.66496428365));
#5510 = CARTESIAN_POINT('',(-30.05800360451,-16.80275083464,
    -24.40861552582));
#5511 = CARTESIAN_POINT('',(-30.05800360451,-16.48817022633,
    -25.91360311482));
#5512 = CARTESIAN_POINT('',(-30.05800360451,-16.12744948627,
    -27.47544816173));
#5513 = CARTESIAN_POINT('',(-30.05800360451,-15.93234919016,
    -28.27595594391));
#5514 = CARTESIAN_POINT('',(-30.05800360451,-15.71836188835,
    -29.10215623818));
#5515 = CARTESIAN_POINT('',(-30.05800360451,-15.48005057778,
    -29.96091253418));
#5516 = CARTESIAN_POINT('',(-30.05800360451,-15.21019412091,
    -30.85994376227));
#5517 = CARTESIAN_POINT('',(-30.05800360451,-14.89905479235,
    -31.80739533553));
#5518 = CARTESIAN_POINT('',(-30.05800360451,-14.5334835169,
    -32.8116188055));
#5519 = CARTESIAN_POINT('',(-30.05800360451,-13.8763003596,
    -34.4123270793));
#5520 = CARTESIAN_POINT('',(-30.05800360451,-13.00744111326,
    -36.1541443422));
#5521 = CARTESIAN_POINT('',(-30.05800360451,-12.6916108148,
    -36.75040385438));
#5522 = CARTESIAN_POINT('',(-30.05800360451,-12.34666580255,
    -37.36189716054));
#5523 = CARTESIAN_POINT('',(-30.05800360451,-11.96953624159,
    -37.98767829526));
#5524 = CARTESIAN_POINT('',(-30.05800360451,-11.55708304721,
    -38.62613241304));
#5525 = CARTESIAN_POINT('',(-30.05800360451,-11.10626052596,
    -39.27480465097));
#5526 = CARTESIAN_POINT('',(-30.05800360451,-10.61439062087,
    -39.93026454696));
#5527 = CARTESIAN_POINT('',(-30.05800360451,-9.544685178574,
    -41.24593372644));
#5528 = CARTESIAN_POINT('',(-30.05800360451,-8.299574464729,
    -42.5502928966));
#5529 = CARTESIAN_POINT('',(-30.05800360451,-7.632298864393,
    -43.19444304344));
#5530 = CARTESIAN_POINT('',(-30.05800360451,-6.92050437884,
    -43.82456846606));
#5531 = CARTESIAN_POINT('',(-30.05800360451,-6.165775863846,
    -44.43408245645));
#5532 = CARTESIAN_POINT('',(-30.05800360451,-5.371385171344,
    -45.01614948097));
#5533 = CARTESIAN_POINT('',(-30.05800360451,-4.54237373795,
    -45.56432147714));
#5534 = CARTESIAN_POINT('',(-30.05800360451,-3.685254192098,
    -46.07321179595));
#5535 = CARTESIAN_POINT('',(-30.05800360451,-1.929491435527,
    -47.0045718448));
#5536 = CARTESIAN_POINT('',(-30.05800360451,-0.121072406576,
    -47.75359071092));
#5537 = CARTESIAN_POINT('',(-30.05800360451,0.788703649515,
    -48.08014040634));
#5538 = CARTESIAN_POINT('',(-30.05800360451,1.696204222876,
    -48.35790910176));
#5539 = CARTESIAN_POINT('',(-30.0580036045,2.593931778937,
    -48.58773871032));
#5540 = CARTESIAN_POINT('',(-30.05800360451,3.475369445661,
    -48.77193393663));
#5541 = CARTESIAN_POINT('',(-30.05800360451,4.335316130026,
    -48.91379625074));
#5542 = CARTESIAN_POINT('',(-30.05800360451,5.169912714026,
    -49.01713321471));
#5543 = CARTESIAN_POINT('',(-30.05800360451,6.783099669145,
    -49.15474192406));
#5544 = CARTESIAN_POINT('',(-30.05800360451,8.277758672795,
    -49.16994720392));
#5545 = CARTESIAN_POINT('',(-30.05800360451,8.993827112597,
    -49.15088102829));
#5546 = CARTESIAN_POINT('',(-30.05800360451,9.678028078112,
    -49.10902026916));
#5547 = CARTESIAN_POINT('',(-30.05800360451,10.330591324975,
    -49.04794412556));
#5548 = CARTESIAN_POINT('',(-30.05800360451,10.952334412878,
    -48.97081799319));
#5549 = CARTESIAN_POINT('',(-30.05800360451,11.544453392649,
    -48.88037278665));
#5550 = CARTESIAN_POINT('',(-30.05800360451,12.108372050044,
    -48.7789342742));
#5551 = CARTESIAN_POINT('',(-30.05800360451,13.7201552467,
    -48.44751602635));
#5552 = CARTESIAN_POINT('',(-30.05800360451,15.106307461207,
    -48.04955957339));
#5553 = CARTESIAN_POINT('',(-30.05800360451,15.942827957324,
    -47.76781144691));
#5554 = CARTESIAN_POINT('',(-30.05800360451,16.705185728212,
    -47.47765017076));
#5555 = CARTESIAN_POINT('',(-30.05800360451,17.405114226735,
    -47.18352870025));
#5556 = CARTESIAN_POINT('',(-30.05800360451,18.052504281368,
    -46.88806339544));
#5557 = CARTESIAN_POINT('',(-30.05800360451,18.65565154806,
    -46.59263389427));
#5558 = CARTESIAN_POINT('',(-30.05800360451,19.221480503599,
    -46.29794909247));
#5559 = CARTESIAN_POINT('',(-30.05800360451,20.290137315268,
    -45.71061154383));
#5560 = CARTESIAN_POINT('',(-30.05800360451,21.252426803152,
    -45.12742028462));
#5561 = CARTESIAN_POINT('',(-30.05800360451,21.711888794301,
    -44.83688118059));
#5562 = CARTESIAN_POINT('',(-30.05800360451,22.153668585255,
    -44.5471664084));
#5563 = CARTESIAN_POINT('',(-30.0580036045,22.581067445939,
    -44.25795806249));
#5564 = CARTESIAN_POINT('',(-30.05800360451,22.996848123714,
    -43.96892451926));
#5565 = CARTESIAN_POINT('',(-30.05800360451,23.403354488523,
    -43.67974819846));
#5566 = CARTESIAN_POINT('',(-30.05800360451,23.802598619185,
    -43.39013948773));
#5567 = CARTESIAN_POINT('',(-30.05800360451,24.940990850707,
    -42.55080994963));
#5568 = CARTESIAN_POINT('',(-30.05800360451,26.046042217284,
    -41.70397734409));
#5569 = CARTESIAN_POINT('',(-30.05800360451,26.764978410421,
    -41.14537350936));
#5570 = CARTESIAN_POINT('',(-30.05800360452,27.487582778688,
    -40.58115247768));
#5571 = CARTESIAN_POINT('',(-30.0580036045,28.219905850606,-40.01087455)
  );
#5572 = CARTESIAN_POINT('',(-30.05800360451,28.967008287182,
    -39.4344910104));
#5573 = CARTESIAN_POINT('',(-30.05800360451,29.733287135409,
    -38.85225905472));
#5574 = CARTESIAN_POINT('',(-30.05800360451,30.522705168996,
    -38.2646996049));
#5575 = CARTESIAN_POINT('',(-30.05800360451,32.155137185441,
    -37.08039093844));
#5576 = CARTESIAN_POINT('',(-30.05800360451,33.908587890198,
    -35.88140844824));
#5577 = CARTESIAN_POINT('',(-30.05800360451,34.819024331028,
    -35.27917492373));
#5578 = CARTESIAN_POINT('',(-30.05800360451,35.766425249775,
    -34.67531743499));
#5579 = CARTESIAN_POINT('',(-30.05800360451,36.753935423441,
    -34.07112158175));
#5580 = CARTESIAN_POINT('',(-30.05800360451,37.784643295899,
    -33.468029354));
#5581 = CARTESIAN_POINT('',(-30.05800360451,38.861607132941,
    -32.86763612241));
#5582 = CARTESIAN_POINT('',(-30.05800360451,39.987865942968,
    -32.27169077922));
#5583 = CARTESIAN_POINT('',(-30.05800360451,43.523590906719,
    -30.50290534843));
#5584 = CARTESIAN_POINT('',(-30.05800360451,47.557125787633,
    -28.80975169533));
#5585 = CARTESIAN_POINT('',(-30.05800360451,50.491367160479,
    -27.73102360593));
#5586 = CARTESIAN_POINT('',(-30.05800360451,53.694395049544,
    -26.72117880011));
#5587 = CARTESIAN_POINT('',(-30.05800360451,57.189189014908,
    -25.80140481549));
#5588 = CARTESIAN_POINT('',(-30.05800360451,60.997484812575,
    -24.99501862498));
#5589 = CARTESIAN_POINT('',(-30.05800360451,65.139310319574,
    -24.32687902469));
#5590 = CARTESIAN_POINT('',(-30.05800360451,69.632890667686,
    -23.82270048892));
#5591 = CARTESIAN_POINT('',(-30.05800360451,74.494815281345,
    -23.50858220357));
#5592 = CARTESIAN_POINT('',(-30.05800360451,79.740267848924,
    -23.41064760448));
#5593 = CARTESIAN_POINT('',(-18.13008978365,-34.56438965191,1.));
#5594 = CARTESIAN_POINT('',(-18.13008978365,-34.20650246393,
    -1.426482015296));
#5595 = CARTESIAN_POINT('',(-18.13008978365,-33.86734041126,
    -3.736509865597));
#5596 = CARTESIAN_POINT('',(-18.13008978364,-33.54508386473,
    -5.936676261544));
#5597 = CARTESIAN_POINT('',(-18.13008978365,-33.23787344383,
    -8.034337522142));
#5598 = CARTESIAN_POINT('',(-18.13008978364,-32.9437839439,
    -10.03785426404));
#5599 = CARTESIAN_POINT('',(-18.13008978365,-32.66073213476,
    -11.95692576822));
#5600 = CARTESIAN_POINT('',(-18.13008978364,-32.38641985402,
    -13.8031108866));
#5601 = CARTESIAN_POINT('',(-18.13008978365,-32.11798528873,
    -15.59060525791));
#5602 = CARTESIAN_POINT('',(-18.13008978365,-31.71854013593,
    -18.2110765344));
#5603 = CARTESIAN_POINT('',(-18.13008978365,-31.30900788128,
    -20.79632823306));
#5604 = CARTESIAN_POINT('',(-18.13008978365,-31.17054869365,
    -21.65727293781));
#5605 = CARTESIAN_POINT('',(-18.13008978365,-31.02913314372,
    -22.52093757686));
#5606 = CARTESIAN_POINT('',(-18.13008978364,-30.88351010862,
    -23.39134744446));
#5607 = CARTESIAN_POINT('',(-18.13008978365,-30.73209462785,
    -24.27313844381));
#5608 = CARTESIAN_POINT('',(-18.13008978365,-30.57283401537,
    -25.17167987028));
#5609 = CARTESIAN_POINT('',(-18.13008978365,-30.40300500184,
    -26.09323731016));
#5610 = CARTESIAN_POINT('',(-18.13008978365,-30.03475862033,
    -27.99709381056));
#5611 = CARTESIAN_POINT('',(-18.13008978365,-29.58810388294,
    -30.05656565432));
#5612 = CARTESIAN_POINT('',(-18.13008978365,-29.33986665325,
    -31.13373692032));
#5613 = CARTESIAN_POINT('',(-18.13008978365,-29.05982911001,
    -32.26806430451));
#5614 = CARTESIAN_POINT('',(-18.13008978365,-28.73894190454,
    -33.47047982683));
#5615 = CARTESIAN_POINT('',(-18.13008978364,-28.36517563406,
    -34.7532754391));
#5616 = CARTESIAN_POINT('',(-18.13008978365,-27.92232192145,
    -36.12936998806));
#5617 = CARTESIAN_POINT('',(-18.13008978365,-27.388519282,
    -37.61191638846));
#5618 = CARTESIAN_POINT('',(-18.13008978365,-26.40636432805,
    -40.00942664723));
#5619 = CARTESIAN_POINT('',(-18.13008978365,-25.072245274,
    -42.66462522871));
#5620 = CARTESIAN_POINT('',(-18.13008978365,-24.58399906368,
    -43.57816527864));
#5621 = CARTESIAN_POINT('',(-18.13008978365,-24.04743979624,
    -44.51936057671));
#5622 = CARTESIAN_POINT('',(-18.13008978364,-23.45753656752,
    -45.48651664826));
#5623 = CARTESIAN_POINT('',(-18.13008978365,-22.80916485565,
    -46.47682968044));
#5624 = CARTESIAN_POINT('',(-18.13008978364,-22.0973811076,
    -47.4861083558));
#5625 = CARTESIAN_POINT('',(-18.13008978365,-21.31788094149,
    -48.50855804379));
#5626 = CARTESIAN_POINT('',(-18.13008978365,-19.61735918334,
    -50.56500426073));
#5627 = CARTESIAN_POINT('',(-18.13008978365,-17.62878068718,
    -52.60986232971));
#5628 = CARTESIAN_POINT('',(-18.13008978365,-16.56122307355,
    -53.6207242871));
#5629 = CARTESIAN_POINT('',(-18.13008978365,-15.42093941667,
    -54.61006955044));
#5630 = CARTESIAN_POINT('',(-18.13008978364,-14.21078064691,
    -55.56701300455));
#5631 = CARTESIAN_POINT('',(-18.13008978365,-12.93639790844,
    -56.48031065045));
#5632 = CARTESIAN_POINT('',(-18.13008978364,-11.60635927902,
    -57.33941542894));
#5633 = CARTESIAN_POINT('',(-18.13008978365,-10.23163468871,
    -58.13558339105));
#5634 = CARTESIAN_POINT('',(-18.13008978365,-7.417421661538,
    -59.58943696265));
#5635 = CARTESIAN_POINT('',(-18.13008978365,-4.52436698656,
    -60.75142646671));
#5636 = CARTESIAN_POINT('',(-18.13008978364,-3.070800337168,
    -61.25573127969));
#5637 = CARTESIAN_POINT('',(-18.13008978365,-1.623221399026,
    -61.68220080945));
#5638 = CARTESIAN_POINT('',(-18.13008978364,-0.19403474248,
    -62.03243186184));
#5639 = CARTESIAN_POINT('',(-18.13008978365,1.206024245637,
    -62.31041172636));
#5640 = CARTESIAN_POINT('',(-18.13008978364,2.56842942644,
    -62.52173626211));
#5641 = CARTESIAN_POINT('',(-18.13008978365,3.886891858991,
    -62.67279688801));
#5642 = CARTESIAN_POINT('',(-18.13008978365,6.427357808861,
    -62.86771042991));
#5643 = CARTESIAN_POINT('',(-18.13008978365,8.764532153861,
    -62.8743163024));
#5644 = CARTESIAN_POINT('',(-18.13008978365,9.879702671632,
    -62.8370697448));
#5645 = CARTESIAN_POINT('',(-18.13008978364,10.94055372555,
    -62.76567330797));
#5646 = CARTESIAN_POINT('',(-18.13008978365,11.947557306256,
    -62.6660119912));
#5647 = CARTESIAN_POINT('',(-18.13008978364,12.902145369858,
    -62.54326738485));
#5648 = CARTESIAN_POINT('',(-18.13008978365,13.806362723505,
    -62.4018900172));
#5649 = CARTESIAN_POINT('',(-18.13008978365,14.662618407643,
    -62.24565264598));
#5650 = CARTESIAN_POINT('',(-18.13008978365,17.095283671071,
    -61.7418466518));
#5651 = CARTESIAN_POINT('',(-18.13008978365,19.143570030996,
    -61.15646793891));
#5652 = CARTESIAN_POINT('',(-18.13008978365,20.359526495623,
    -60.75103534665));
#5653 = CARTESIAN_POINT('',(-18.13008978365,21.448212151256,
    -60.34303596702));
#5654 = CARTESIAN_POINT('',(-18.13008978364,22.429022829406,
    -59.93921402863));
#5655 = CARTESIAN_POINT('',(-18.13008978365,23.318246676287,
    -59.54333161032));
#5656 = CARTESIAN_POINT('',(-18.13008978365,24.129492587859,
    -59.15715380843));
#5657 = CARTESIAN_POINT('',(-18.13008978365,24.874078750732,
    -58.78137853952));
#5658 = CARTESIAN_POINT('',(-18.13008978365,26.248876687466,
    -58.05064985274));
#5659 = CARTESIAN_POINT('',(-18.13008978364,27.426765788949,
    -57.36005220708));
#5660 = CARTESIAN_POINT('',(-18.13008978365,27.974443692881,
    -57.02440698866));
#5661 = CARTESIAN_POINT('',(-18.13008978364,28.487303756636,
    -56.69764738742));
#5662 = CARTESIAN_POINT('',(-18.13008978365,28.970634607966,
    -56.37888550462));
#5663 = CARTESIAN_POINT('',(-18.13008978364,29.42883305475,
    -56.06722764838));
#5664 = CARTESIAN_POINT('',(-18.13008978365,29.865602999629,
    -55.76181652817));
#5665 = CARTESIAN_POINT('',(-18.13008978365,30.284100026634,
    -55.46185156791));
#5666 = CARTESIAN_POINT('',(-18.13008978365,31.449126126308,
    -54.60819566245));
#5667 = CARTESIAN_POINT('',(-18.13008978365,32.503804118605,
    -53.78845891322));
#5668 = CARTESIAN_POINT('',(-18.13008978365,33.162450216246,
    -53.2622848182));
#5669 = CARTESIAN_POINT('',(-18.13008978365,33.801245803305,
    -52.74258670157));
#5670 = CARTESIAN_POINT('',(-18.13008978365,34.429070403481,
    -52.22670121293));
#5671 = CARTESIAN_POINT('',(-18.13008978365,35.053177342994,
    -51.71264326558));
#5672 = CARTESIAN_POINT('',(-18.13008978365,35.679731109799,
    -51.19895497569));
#5673 = CARTESIAN_POINT('',(-18.13008978365,36.314185644293,
    -50.68462863115));
#5674 = CARTESIAN_POINT('',(-18.13008978365,37.608811087127,
    -49.65340429889));
#5675 = CARTESIAN_POINT('',(-18.13008978364,38.973385254507,
    -48.61575426124));
#5676 = CARTESIAN_POINT('',(-18.13008978365,39.677788040444,
    -48.09500180474));
#5677 = CARTESIAN_POINT('',(-18.13008978364,40.408605024261,
    -47.57232531318));
#5678 = CARTESIAN_POINT('',(-18.13008978365,41.169960174983,
    -47.048008498));
#5679 = CARTESIAN_POINT('',(-18.13008978364,41.965889128061,
    -46.52259570473));
#5680 = CARTESIAN_POINT('',(-18.13008978365,42.80038238412,
    -45.99688611001));
#5681 = CARTESIAN_POINT('',(-18.13008978365,43.677403389692,
    -45.47193361164));
#5682 = CARTESIAN_POINT('',(-18.13008978365,46.447866042598,
    -43.90327261634));
#5683 = CARTESIAN_POINT('',(-18.13008978365,49.671644495362,
    -42.36723364972));
#5684 = CARTESIAN_POINT('',(-18.13008978365,52.053520473119,
    -41.37018007558));
#5685 = CARTESIAN_POINT('',(-18.13008978365,54.698715769859,
    -40.41658327769));
#5686 = CARTESIAN_POINT('',(-18.13008978364,57.636958349079,
    -39.52682812297));
#5687 = CARTESIAN_POINT('',(-18.13008978365,60.895984249424,
    -38.72486328894));
#5688 = CARTESIAN_POINT('',(-18.13008978364,64.500750969698,
    -38.03724319492));
#5689 = CARTESIAN_POINT('',(-18.13008978365,68.473258891273,
    -37.49199524061));
#5690 = CARTESIAN_POINT('',(-18.13008978365,72.832812975536,
    -37.11783499302));
#5691 = CARTESIAN_POINT('',(-18.13008978365,77.5963921023,
    -36.94356230969));
#5692 = CARTESIAN_POINT('',(-4.681924646799E-13,-39.91501147846,1.));
#5693 = CARTESIAN_POINT('',(-4.732248508155E-13,-39.55712429048,
    -1.430201627625));
#5694 = CARTESIAN_POINT('',(-4.445211517343E-13,-39.21795936473,
    -3.746780426966));
#5695 = CARTESIAN_POINT('',(-5.0020049652E-13,-38.89568972295,
    -5.956847970788));
#5696 = CARTESIAN_POINT('',(-4.670819062985E-13,-38.58843907004,
    -8.068397371243));
#5697 = CARTESIAN_POINT('',(-3.842342602178E-13,-38.29425061153,
    -10.09058108041));
#5698 = CARTESIAN_POINT('',(-6.051562482165E-13,-38.01097909478,
    -12.03409656157));
#5699 = CARTESIAN_POINT('',(-3.500162973954E-13,-37.73622276965,
    -13.91178751092));
#5700 = CARTESIAN_POINT('',(-5.132124623054E-13,-37.46691725501,
    -15.73953972653));
#5701 = CARTESIAN_POINT('',(-4.32952121281E-13,-37.064991015,
    -18.43697889525));
#5702 = CARTESIAN_POINT('',(-4.868021319043E-13,-36.6493442951,
    -21.13154664298));
#5703 = CARTESIAN_POINT('',(-3.60561743103E-13,-36.50833927422,
    -22.03293961077));
#5704 = CARTESIAN_POINT('',(-7.041804714834E-13,-36.36373648703,
    -22.94154133681));
#5705 = CARTESIAN_POINT('',(-1.009977560706E-13,-36.2141112339,
    -23.86193252948));
#5706 = CARTESIAN_POINT('',(-8.513929497284E-13,-36.05765060976,
    -24.7993974564));
#5707 = CARTESIAN_POINT('',(-1.993453018705E-13,-35.89199835805,
    -25.76006511963));
#5708 = CARTESIAN_POINT('',(-5.545039355368E-13,-35.71401990762,
    -26.75109644259));
#5709 = CARTESIAN_POINT('',(-3.828317050529E-13,-35.32481658531,
    -28.81071464478));
#5710 = CARTESIAN_POINT('',(-5.353156942382E-13,-34.84460389121,
    -31.06451398442));
#5711 = CARTESIAN_POINT('',(-2.598405477881E-13,-34.57561623709,
    -32.24972469353));
#5712 = CARTESIAN_POINT('',(-7.828268970325E-13,-34.26978551288,
    -33.50437832658));
#5713 = CARTESIAN_POINT('',(-1.138632086138E-13,-33.91665171825,
    -34.84099569918));
#5714 = CARTESIAN_POINT('',(-7.478477585041E-13,-33.50230778193,
    -36.27365456691));
#5715 = CARTESIAN_POINT('',(-2.955687363188E-13,-33.00801848229,
    -37.81713784297));
#5716 = CARTESIAN_POINT('',(-5.289643016722E-13,-32.40852006458,
    -39.48647341525));
#5717 = CARTESIAN_POINT('',(-4.051725854869E-13,-31.29946086056,
    -42.19514162497));
#5718 = CARTESIAN_POINT('',(-5.12273736352E-13,-29.78365389513,
    -45.20702337855));
#5719 = CARTESIAN_POINT('',(-2.305966864968E-13,-29.22807780505,
    -46.24446417655));
#5720 = CARTESIAN_POINT('',(-9.25015655813E-13,-28.6166915415,
    -47.31441090618));
#5721 = CARTESIAN_POINT('',(1.151791123896E-13,-27.94369838615,
    -48.41487679353));
#5722 = CARTESIAN_POINT('',(-9.327327821175E-13,-27.203198487,
    -49.54259372392));
#5723 = CARTESIAN_POINT('',(-2.30931935666E-13,-26.38950716074,
    -50.6926922796));
#5724 = CARTESIAN_POINT('',(-5.150091709563E-13,-25.49768493175,
    -51.85845460216));
#5725 = CARTESIAN_POINT('',(-4.010319023787E-13,-23.55082403795,
    -54.20418055163));
#5726 = CARTESIAN_POINT('',(-5.295360662415E-13,-21.27191505051,
    -56.53820973765));
#5727 = CARTESIAN_POINT('',(-2.087647339136E-13,-20.04804390678,
    -57.69227577548));
#5728 = CARTESIAN_POINT('',(-9.209463949129E-13,-18.74043158471,
    -58.82189944135));
#5729 = CARTESIAN_POINT('',(7.217741215345E-14,-17.3524234276,
    -59.91451705551));
#5730 = CARTESIAN_POINT('',(-8.647249005354E-13,-15.89059971343,
    -60.95716307576));
#5731 = CARTESIAN_POINT('',(-2.615348206501E-13,-14.36490570334,
    -61.93768974985));
#5732 = CARTESIAN_POINT('',(-5.127735795734E-13,-12.78805194158,
    -62.84604207462));
#5733 = CARTESIAN_POINT('',(-4.077705463927E-13,-9.560505082912,
    -64.50393381001));
#5734 = CARTESIAN_POINT('',(-5.106384940192E-13,-6.243890964665,
    -65.82719186));
#5735 = CARTESIAN_POINT('',(-3.1338823362E-13,-4.577969464316,
    -66.40091155798));
#5736 = CARTESIAN_POINT('',(-6.836988947714E-13,-2.919485332023,
    -66.88545002805));
#5737 = CARTESIAN_POINT('',(-2.306802458193E-13,-1.28275937733,
    -67.28269886815));
#5738 = CARTESIAN_POINT('',(-6.170017179946E-13,0.319825647029,
    -67.59730243139));
#5739 = CARTESIAN_POINT('',(-4.055825162765E-13,1.878445143485,
    -67.8357525554));
#5740 = CARTESIAN_POINT('',(-4.464217343728E-13,3.385861304581,
    -68.00544967711));
#5741 = CARTESIAN_POINT('',(-5.183351238307E-13,6.288437587272,
    -68.22274124342));
#5742 = CARTESIAN_POINT('',(-3.549047260984E-13,8.954621337629,
    -68.2259889742));
#5743 = CARTESIAN_POINT('',(-8.896001569356E-13,10.225644610721,
    -68.18164282285));
#5744 = CARTESIAN_POINT('',(3.298596870231E-13,11.433580727108,
    -68.09871245271));
#5745 = CARTESIAN_POINT('',(-1.377234363246E-12,12.578996272257,
    -67.98398329769));
#5746 = CARTESIAN_POINT('',(2.516684232399E-13,13.663563129311,
    -67.84342428933));
#5747 = CARTESIAN_POINT('',(-7.946213262483E-13,14.689657551969,
    -67.68215747965));
#5748 = CARTESIAN_POINT('',(-4.100630804811E-13,15.660073331018,
    -67.50452068808));
#5749 = CARTESIAN_POINT('',(-4.660930231062E-13,18.413300022116,
    -66.93339581302));
#5750 = CARTESIAN_POINT('',(-5.052536745111E-13,20.720155396466,
    -66.27482711382));
#5751 = CARTESIAN_POINT('',(-2.273092407077E-13,22.084284833436,
    -65.8210946859));
#5752 = CARTESIAN_POINT('',(-9.325748416515E-13,23.300404303075,
    -65.36707852477));
#5753 = CARTESIAN_POINT('',(1.385104581639E-13,24.390901860935,
    -64.92041762084));
#5754 = CARTESIAN_POINT('',(-9.619928257475E-13,25.374563860181,
    -64.48532146577));
#5755 = CARTESIAN_POINT('',(-1.813344587897E-13,26.267074062208,
    -64.06370568074));
#5756 = CARTESIAN_POINT('',(-5.437643560175E-13,27.081466434654,
    -63.65626389485));
#5757 = CARTESIAN_POINT('',(-3.777707019382E-13,28.575815084082,
    -62.86953974927));
#5758 = CARTESIAN_POINT('',(-5.395104123071E-13,29.837897668085,
    -62.13699899634));
#5759 = CARTESIAN_POINT('',(-1.967136741235E-13,30.420024636124,
    -61.78373945667));
#5760 = CARTESIAN_POINT('',(-9.659154622468E-13,30.960642150866,
    -61.44251353467));
#5761 = CARTESIAN_POINT('',(1.940040873277E-13,31.465814920165,
    -61.11221074438));
#5762 = CARTESIAN_POINT('',(-1.045045161726E-12,31.94057786647,
    -60.79171790154));
#5763 = CARTESIAN_POINT('',(-1.231533402057E-13,32.389165996713,
    -60.47996695409));
#5764 = CARTESIAN_POINT('',(-5.584005705906E-13,32.815181443466,
    -60.17595779032));
#5765 = CARTESIAN_POINT('',(-3.098157984249E-13,33.990608295139,
    -59.31670731658));
#5766 = CARTESIAN_POINT('',(-6.154448914048E-13,35.025615056418,
    -58.50755172967));
#5767 = CARTESIAN_POINT('',(-1.154777824334E-14,35.660717359071,
    -57.99404172376));
#5768 = CARTESIAN_POINT('',(-1.206209293665E-12,36.266784904384,
    -57.4917301841));
#5769 = CARTESIAN_POINT('',(4.857101298202E-13,36.853801962704,
    -56.99708540542));
#5770 = CARTESIAN_POINT('',(-1.274719843494E-12,37.429878114698,
    -56.50736613187));
#5771 = CARTESIAN_POINT('',(2.818052583209E-14,38.001868049011,
    -56.02044472633));
#5772 = CARTESIAN_POINT('',(-5.829489587157E-13,38.575808019337,
    -55.53471653217));
#5773 = CARTESIAN_POINT('',(-3.49477926245E-13,39.738517122544,
    -54.56327293421));
#5774 = CARTESIAN_POINT('',(-5.192372862424E-13,40.95123169516,
    -53.58862459121));
#5775 = CARTESIAN_POINT('',(-3.230071633155E-13,41.575176586798,
    -53.09969118467));
#5776 = CARTESIAN_POINT('',(-5.877472903654E-13,42.221415702245,
    -52.60871656285));
#5777 = CARTESIAN_POINT('',(-3.533276805613E-13,42.894455393336,
    -52.1155931913));
#5778 = CARTESIAN_POINT('',(-4.901683101685E-13,43.598701181889,
    -51.62051487777));
#5779 = CARTESIAN_POINT('',(-4.511491193929E-13,44.338507614159,
    -51.12396987834));
#5780 = CARTESIAN_POINT('',(-4.423300124063E-13,45.118199137629,
    -50.62674068958));
#5781 = CARTESIAN_POINT('',(-4.798125473223E-13,47.589820350533,
    -49.13622998815));
#5782 = CARTESIAN_POINT('',(-4.009531440686E-13,50.497382032118,
    -47.66154564267));
#5783 = CARTESIAN_POINT('',(-5.955813419544E-13,52.663554625905,
    -46.69638666128));
#5784 = CARTESIAN_POINT('',(-2.191054339044E-13,55.090911551658,
    -45.76475518881));
#5785 = CARTESIAN_POINT('',(-7.014929618792E-13,57.811816081801,
    -44.88672264243));
#5786 = CARTESIAN_POINT('',(-2.690509628011E-13,60.856347416377,
    -44.08648438571));
#5787 = CARTESIAN_POINT('',(-5.435761036012E-13,64.251388113406,
    -43.39125699322));
#5788 = CARTESIAN_POINT('',(-4.184148413007E-13,68.020412821337,
    -42.82997108173));
#5789 = CARTESIAN_POINT('',(-4.602135341324E-13,72.183786941826,
    -42.4323639373));
#5790 = CARTESIAN_POINT('',(-4.513485271351E-13,76.759190392209,
    -42.22828058293));
#5791 = CARTESIAN_POINT('',(18.13008978365,-34.56438965191,1.));
#5792 = CARTESIAN_POINT('',(18.13008978365,-34.20650246393,
    -1.426482015296));
#5793 = CARTESIAN_POINT('',(18.13008978365,-33.86734041126,
    -3.736509865597));
#5794 = CARTESIAN_POINT('',(18.130089783649,-33.54508386473,
    -5.936676261545));
#5795 = CARTESIAN_POINT('',(18.13008978365,-33.23787344382,
    -8.034337522141));
#5796 = CARTESIAN_POINT('',(18.130089783649,-32.94378394391,
    -10.03785426404));
#5797 = CARTESIAN_POINT('',(18.130089783651,-32.66073213475,
    -11.95692576822));
#5798 = CARTESIAN_POINT('',(18.130089783649,-32.38641985403,
    -13.8031108866));
#5799 = CARTESIAN_POINT('',(18.13008978365,-32.11798528873,
    -15.59060525791));
#5800 = CARTESIAN_POINT('',(18.130089783649,-31.71854013593,
    -18.2110765344));
#5801 = CARTESIAN_POINT('',(18.13008978365,-31.30900788128,
    -20.79632823306));
#5802 = CARTESIAN_POINT('',(18.130089783649,-31.17054869365,
    -21.65727293781));
#5803 = CARTESIAN_POINT('',(18.130089783652,-31.02913314372,
    -22.52093757686));
#5804 = CARTESIAN_POINT('',(18.130089783647,-30.88351010862,
    -23.39134744446));
#5805 = CARTESIAN_POINT('',(18.130089783652,-30.73209462785,
    -24.27313844381));
#5806 = CARTESIAN_POINT('',(18.130089783649,-30.57283401537,
    -25.17167987028));
#5807 = CARTESIAN_POINT('',(18.13008978365,-30.40300500184,
    -26.09323731016));
#5808 = CARTESIAN_POINT('',(18.130089783649,-30.03475862033,
    -27.99709381056));
#5809 = CARTESIAN_POINT('',(18.13008978365,-29.58810388294,
    -30.05656565432));
#5810 = CARTESIAN_POINT('',(18.130089783648,-29.33986665325,
    -31.13373692032));
#5811 = CARTESIAN_POINT('',(18.130089783653,-29.05982911001,
    -32.26806430451));
#5812 = CARTESIAN_POINT('',(18.130089783646,-28.73894190453,
    -33.47047982683));
#5813 = CARTESIAN_POINT('',(18.130089783653,-28.36517563407,
    -34.7532754391));
#5814 = CARTESIAN_POINT('',(18.130089783648,-27.92232192145,
    -36.12936998806));
#5815 = CARTESIAN_POINT('',(18.13008978365,-27.388519282,-37.61191638846
    ));
#5816 = CARTESIAN_POINT('',(18.13008978365,-26.40636432805,
    -40.00942664723));
#5817 = CARTESIAN_POINT('',(18.130089783649,-25.072245274,
    -42.66462522871));
#5818 = CARTESIAN_POINT('',(18.130089783652,-24.58399906369,
    -43.57816527864));
#5819 = CARTESIAN_POINT('',(18.130089783645,-24.04743979623,
    -44.51936057671));
#5820 = CARTESIAN_POINT('',(18.130089783656,-23.45753656752,
    -45.48651664827));
#5821 = CARTESIAN_POINT('',(18.130089783645,-22.80916485565,
    -46.47682968044));
#5822 = CARTESIAN_POINT('',(18.130089783653,-22.0973811076,
    -47.4861083558));
#5823 = CARTESIAN_POINT('',(18.130089783649,-21.31788094149,
    -48.50855804379));
#5824 = CARTESIAN_POINT('',(18.13008978365,-19.61735918334,
    -50.56500426073));
#5825 = CARTESIAN_POINT('',(18.130089783649,-17.62878068718,
    -52.60986232971));
#5826 = CARTESIAN_POINT('',(18.130089783651,-16.56122307355,
    -53.6207242871));
#5827 = CARTESIAN_POINT('',(18.130089783648,-15.42093941666,
    -54.61006955044));
#5828 = CARTESIAN_POINT('',(18.130089783651,-14.21078064691,
    -55.56701300455));
#5829 = CARTESIAN_POINT('',(18.130089783649,-12.93639790844,
    -56.48031065045));
#5830 = CARTESIAN_POINT('',(18.13008978365,-11.60635927902,
    -57.33941542894));
#5831 = CARTESIAN_POINT('',(18.13008978365,-10.23163468871,
    -58.13558339105));
#5832 = CARTESIAN_POINT('',(18.13008978365,-7.417421661538,
    -59.58943696265));
#5833 = CARTESIAN_POINT('',(18.13008978365,-4.52436698656,
    -60.75142646671));
#5834 = CARTESIAN_POINT('',(18.130089783649,-3.070800337169,
    -61.2557312797));
#5835 = CARTESIAN_POINT('',(18.130089783651,-1.623221399025,
    -61.68220080944));
#5836 = CARTESIAN_POINT('',(18.130089783649,-0.194034742481,
    -62.03243186185));
#5837 = CARTESIAN_POINT('',(18.130089783651,1.206024245638,
    -62.31041172635));
#5838 = CARTESIAN_POINT('',(18.130089783649,2.56842942644,
    -62.52173626211));
#5839 = CARTESIAN_POINT('',(18.13008978365,3.886891858991,
    -62.67279688801));
#5840 = CARTESIAN_POINT('',(18.13008978365,6.427357808861,
    -62.86771042991));
#5841 = CARTESIAN_POINT('',(18.13008978365,8.764532153861,-62.8743163024
    ));
#5842 = CARTESIAN_POINT('',(18.130089783651,9.879702671632,
    -62.83706974481));
#5843 = CARTESIAN_POINT('',(18.130089783648,10.94055372555,
    -62.76567330796));
#5844 = CARTESIAN_POINT('',(18.130089783652,11.947557306256,
    -62.6660119912));
#5845 = CARTESIAN_POINT('',(18.130089783648,12.902145369858,
    -62.54326738485));
#5846 = CARTESIAN_POINT('',(18.130089783651,13.806362723505,
    -62.4018900172));
#5847 = CARTESIAN_POINT('',(18.13008978365,14.662618407643,
    -62.24565264598));
#5848 = CARTESIAN_POINT('',(18.13008978365,17.095283671071,
    -61.7418466518));
#5849 = CARTESIAN_POINT('',(18.13008978365,19.143570030996,
    -61.15646793891));
#5850 = CARTESIAN_POINT('',(18.130089783647,20.359526495625,
    -60.75103534665));
#5851 = CARTESIAN_POINT('',(18.130089783654,21.448212151253,
    -60.34303596702));
#5852 = CARTESIAN_POINT('',(18.130089783645,22.42902282941,
    -59.93921402863));
#5853 = CARTESIAN_POINT('',(18.130089783654,23.318246676284,
    -59.54333161033));
#5854 = CARTESIAN_POINT('',(18.130089783648,24.12949258786,
    -59.15715380843));
#5855 = CARTESIAN_POINT('',(18.13008978365,24.874078750732,
    -58.78137853952));
#5856 = CARTESIAN_POINT('',(18.130089783649,26.248876687466,
    -58.05064985274));
#5857 = CARTESIAN_POINT('',(18.13008978365,27.42676578895,
    -57.36005220708));
#5858 = CARTESIAN_POINT('',(18.13008978365,27.974443692878,
    -57.02440698865));
#5859 = CARTESIAN_POINT('',(18.13008978365,28.487303756642,
    -56.69764738743));
#5860 = CARTESIAN_POINT('',(18.13008978365,28.970634607959,
    -56.37888550461));
#5861 = CARTESIAN_POINT('',(18.13008978365,29.428833054756,
    -56.06722764839));
#5862 = CARTESIAN_POINT('',(18.13008978365,29.865602999626,
    -55.76181652816));
#5863 = CARTESIAN_POINT('',(18.13008978365,30.284100026635,
    -55.46185156791));
#5864 = CARTESIAN_POINT('',(18.13008978365,31.449126126308,
    -54.60819566245));
#5865 = CARTESIAN_POINT('',(18.13008978365,32.503804118606,
    -53.78845891323));
#5866 = CARTESIAN_POINT('',(18.130089783649,33.162450216246,
    -53.26228481819));
#5867 = CARTESIAN_POINT('',(18.13008978365,33.801245803306,
    -52.74258670157));
#5868 = CARTESIAN_POINT('',(18.130089783649,34.42907040348,
    -52.22670121293));
#5869 = CARTESIAN_POINT('',(18.13008978365,35.053177342995,
    -51.71264326558));
#5870 = CARTESIAN_POINT('',(18.130089783649,35.679731109798,
    -51.19895497568));
#5871 = CARTESIAN_POINT('',(18.13008978365,36.314185644293,
    -50.68462863115));
#5872 = CARTESIAN_POINT('',(18.13008978365,37.608811087127,
    -49.65340429889));
#5873 = CARTESIAN_POINT('',(18.13008978365,38.973385254507,
    -48.61575426124));
#5874 = CARTESIAN_POINT('',(18.13008978365,39.677788040445,
    -48.09500180474));
#5875 = CARTESIAN_POINT('',(18.13008978365,40.408605024259,
    -47.57232531318));
#5876 = CARTESIAN_POINT('',(18.13008978365,41.169960174987,
    -47.04800849799));
#5877 = CARTESIAN_POINT('',(18.13008978365,41.965889128058,
    -46.52259570473));
#5878 = CARTESIAN_POINT('',(18.13008978365,42.800382384122,
    -45.99688611001));
#5879 = CARTESIAN_POINT('',(18.13008978365,43.677403389691,
    -45.47193361164));
#5880 = CARTESIAN_POINT('',(18.13008978365,46.4478660426,-43.90327261634
    ));
#5881 = CARTESIAN_POINT('',(18.130089783649,49.671644495358,
    -42.36723364972));
#5882 = CARTESIAN_POINT('',(18.130089783652,52.053520473129,
    -41.37018007559));
#5883 = CARTESIAN_POINT('',(18.130089783647,54.698715769842,
    -40.41658327769));
#5884 = CARTESIAN_POINT('',(18.130089783654,57.6369583491,
    -39.52682812297));
#5885 = CARTESIAN_POINT('',(18.130089783647,60.895984249406,
    -38.72486328894));
#5886 = CARTESIAN_POINT('',(18.130089783652,64.500750969709,
    -38.03724319492));
#5887 = CARTESIAN_POINT('',(18.130089783649,68.473258891267,
    -37.49199524061));
#5888 = CARTESIAN_POINT('',(18.13008978365,72.832812975537,
    -37.11783499302));
#5889 = CARTESIAN_POINT('',(18.13008978365,77.5963921023,-36.94356230969
    ));
#5890 = CARTESIAN_POINT('',(30.058003604513,-20.86271151981,1.));
#5891 = CARTESIAN_POINT('',(30.058003604514,-20.50482433183,
    -1.416956967077));
#5892 = CARTESIAN_POINT('',(30.058003604512,-20.16566963646,
    -3.71020938489));
#5893 = CARTESIAN_POINT('',(30.058003604515,-19.84344662378,
    -5.885021280799));
#5894 = CARTESIAN_POINT('',(30.05800360451,-19.53633922751,
    -7.947118297024));
#5895 = CARTESIAN_POINT('',(30.058003604517,-19.24250313718,
    -9.902833346804));
#5896 = CARTESIAN_POINT('',(30.05800360451,-18.96001394728,
    -11.75930960209));
#5897 = CARTESIAN_POINT('',(30.058003604515,-18.6868387593,
    -13.52481573227));
#5898 = CARTESIAN_POINT('',(30.058003604513,-18.42063448948,
    -15.20921927736));
#5899 = CARTESIAN_POINT('',(30.058003604514,-18.02754281474,
    -17.63259396955));
#5900 = CARTESIAN_POINT('',(30.058003604514,-17.63366826073,
    -19.93791309822));
#5901 = CARTESIAN_POINT('',(30.058003604512,-17.50172835047,
    -20.69527935935));
#5902 = CARTESIAN_POINT('',(30.058003604517,-17.368474562,
    -21.44387073738));
#5903 = CARTESIAN_POINT('',(30.058003604509,-17.23310026156,
    -22.1862902422));
#5904 = CARTESIAN_POINT('',(30.058003604518,-17.09460420078,
    -22.92551346895));
#5905 = CARTESIAN_POINT('',(30.058003604511,-16.95171106598,
    -23.66496428365));
#5906 = CARTESIAN_POINT('',(30.058003604514,-16.80275083464,
    -24.40861552582));
#5907 = CARTESIAN_POINT('',(30.058003604513,-16.48817022634,
    -25.91360311482));
#5908 = CARTESIAN_POINT('',(30.058003604513,-16.12744948627,
    -27.47544816173));
#5909 = CARTESIAN_POINT('',(30.058003604516,-15.93234919016,
    -28.27595594391));
#5910 = CARTESIAN_POINT('',(30.058003604509,-15.71836188835,
    -29.10215623818));
#5911 = CARTESIAN_POINT('',(30.058003604518,-15.48005057778,
    -29.96091253418));
#5912 = CARTESIAN_POINT('',(30.058003604511,-15.21019412091,
    -30.85994376227));
#5913 = CARTESIAN_POINT('',(30.058003604515,-14.89905479235,
    -31.80739533553));
#5914 = CARTESIAN_POINT('',(30.058003604513,-14.5334835169,
    -32.8116188055));
#5915 = CARTESIAN_POINT('',(30.058003604513,-13.8763003596,
    -34.4123270793));
#5916 = CARTESIAN_POINT('',(30.058003604513,-13.00744111326,
    -36.1541443422));
#5917 = CARTESIAN_POINT('',(30.058003604513,-12.6916108148,
    -36.75040385439));
#5918 = CARTESIAN_POINT('',(30.058003604515,-12.34666580255,
    -37.36189716054));
#5919 = CARTESIAN_POINT('',(30.058003604511,-11.96953624159,
    -37.98767829526));
#5920 = CARTESIAN_POINT('',(30.058003604515,-11.55708304721,
    -38.62613241304));
#5921 = CARTESIAN_POINT('',(30.058003604513,-11.10626052596,
    -39.27480465097));
#5922 = CARTESIAN_POINT('',(30.058003604513,-10.61439062087,
    -39.93026454696));
#5923 = CARTESIAN_POINT('',(30.058003604514,-9.544685178574,
    -41.24593372644));
#5924 = CARTESIAN_POINT('',(30.058003604512,-8.299574464729,
    -42.5502928966));
#5925 = CARTESIAN_POINT('',(30.058003604517,-7.632298864393,
    -43.19444304344));
#5926 = CARTESIAN_POINT('',(30.058003604506,-6.920504378841,
    -43.82456846606));
#5927 = CARTESIAN_POINT('',(30.058003604522,-6.165775863846,
    -44.43408245645));
#5928 = CARTESIAN_POINT('',(30.058003604506,-5.371385171345,
    -45.01614948096));
#5929 = CARTESIAN_POINT('',(30.058003604517,-4.54237373795,
    -45.56432147714));
#5930 = CARTESIAN_POINT('',(30.058003604512,-3.685254192098,
    -46.07321179595));
#5931 = CARTESIAN_POINT('',(30.058003604514,-1.929491435527,
    -47.0045718448));
#5932 = CARTESIAN_POINT('',(30.058003604513,-0.121072406576,
    -47.75359071092));
#5933 = CARTESIAN_POINT('',(30.058003604514,0.788703649515,
    -48.08014040634));
#5934 = CARTESIAN_POINT('',(30.058003604513,1.696204222876,
    -48.35790910176));
#5935 = CARTESIAN_POINT('',(30.058003604514,2.593931778937,
    -48.58773871032));
#5936 = CARTESIAN_POINT('',(30.058003604513,3.475369445661,
    -48.77193393663));
#5937 = CARTESIAN_POINT('',(30.058003604513,4.335316130026,
    -48.91379625074));
#5938 = CARTESIAN_POINT('',(30.058003604514,5.169912714026,
    -49.01713321471));
#5939 = CARTESIAN_POINT('',(30.058003604513,6.783099669145,
    -49.15474192406));
#5940 = CARTESIAN_POINT('',(30.058003604514,8.277758672795,
    -49.16994720392));
#5941 = CARTESIAN_POINT('',(30.058003604511,8.993827112597,
    -49.15088102829));
#5942 = CARTESIAN_POINT('',(30.058003604517,9.678028078112,
    -49.10902026917));
#5943 = CARTESIAN_POINT('',(30.05800360451,10.330591324974,
    -49.04794412555));
#5944 = CARTESIAN_POINT('',(30.058003604516,10.952334412878,
    -48.9708179932));
#5945 = CARTESIAN_POINT('',(30.058003604512,11.544453392649,
    -48.88037278664));
#5946 = CARTESIAN_POINT('',(30.058003604514,12.108372050044,
    -48.7789342742));
#5947 = CARTESIAN_POINT('',(30.058003604512,13.7201552467,
    -48.44751602635));
#5948 = CARTESIAN_POINT('',(30.058003604515,15.106307461207,
    -48.0495595734));
#5949 = CARTESIAN_POINT('',(30.058003604509,15.942827957324,
    -47.76781144691));
#5950 = CARTESIAN_POINT('',(30.058003604521,16.705185728211,
    -47.47765017076));
#5951 = CARTESIAN_POINT('',(30.058003604504,17.405114226737,
    -47.18352870024));
#5952 = CARTESIAN_POINT('',(30.05800360452,18.052504281367,
    -46.88806339544));
#5953 = CARTESIAN_POINT('',(30.05800360451,18.655651548061,
    -46.59263389427));
#5954 = CARTESIAN_POINT('',(30.058003604514,19.221480503599,
    -46.29794909247));
#5955 = CARTESIAN_POINT('',(30.058003604512,20.290137315268,
    -45.71061154383));
#5956 = CARTESIAN_POINT('',(30.058003604514,21.252426803152,
    -45.12742028462));
#5957 = CARTESIAN_POINT('',(30.05800360451,21.711888794301,
    -44.83688118059));
#5958 = CARTESIAN_POINT('',(30.058003604519,22.153668585255,
    -44.5471664084));
#5959 = CARTESIAN_POINT('',(30.058003604507,22.581067445939,
    -44.25795806249));
#5960 = CARTESIAN_POINT('',(30.058003604518,22.996848123714,
    -43.96892451926));
#5961 = CARTESIAN_POINT('',(30.058003604511,23.403354488523,
    -43.67974819846));
#5962 = CARTESIAN_POINT('',(30.058003604514,23.802598619185,
    -43.39013948773));
#5963 = CARTESIAN_POINT('',(30.058003604513,24.940990850708,
    -42.55080994963));
#5964 = CARTESIAN_POINT('',(30.058003604513,26.046042217284,
    -41.70397734409));
#5965 = CARTESIAN_POINT('',(30.058003604515,26.764978410423,
    -41.14537350936));
#5966 = CARTESIAN_POINT('',(30.05800360451,27.487582778686,
    -40.58115247767));
#5967 = CARTESIAN_POINT('',(30.058003604517,28.21990585061,
    -40.01087455001));
#5968 = CARTESIAN_POINT('',(30.05800360451,28.967008287178,
    -39.43449101039));
#5969 = CARTESIAN_POINT('',(30.058003604515,29.733287135411,
    -38.85225905472));
#5970 = CARTESIAN_POINT('',(30.058003604513,30.522705168995,
    -38.2646996049));
#5971 = CARTESIAN_POINT('',(30.058003604514,32.155137185442,
    -37.08039093844));
#5972 = CARTESIAN_POINT('',(30.058003604513,33.908587890198,
    -35.88140844824));
#5973 = CARTESIAN_POINT('',(30.058003604515,34.819024331028,
    -35.27917492373));
#5974 = CARTESIAN_POINT('',(30.058003604511,35.766425249776,
    -34.67531743499));
#5975 = CARTESIAN_POINT('',(30.058003604516,36.753935423441,
    -34.07112158175));
#5976 = CARTESIAN_POINT('',(30.058003604512,37.784643295899,
    -33.468029354));
#5977 = CARTESIAN_POINT('',(30.058003604514,38.861607132941,
    -32.86763612241));
#5978 = CARTESIAN_POINT('',(30.058003604513,39.987865942968,
    -32.27169077922));
#5979 = CARTESIAN_POINT('',(30.058003604513,43.523590906719,
    -30.50290534843));
#5980 = CARTESIAN_POINT('',(30.058003604513,47.557125787634,
    -28.80975169533));
#5981 = CARTESIAN_POINT('',(30.058003604513,50.49136716048,
    -27.73102360593));
#5982 = CARTESIAN_POINT('',(30.058003604514,53.694395049542,
    -26.72117880011));
#5983 = CARTESIAN_POINT('',(30.058003604512,57.189189014912,
    -25.80140481549));
#5984 = CARTESIAN_POINT('',(30.058003604515,60.99748481257,
    -24.99501862498));
#5985 = CARTESIAN_POINT('',(30.058003604512,65.139310319578,
    -24.32687902469));
#5986 = CARTESIAN_POINT('',(30.058003604514,69.632890667684,
    -23.82270048892));
#5987 = CARTESIAN_POINT('',(30.058003604513,74.494815281345,
    -23.50858220357));
#5988 = CARTESIAN_POINT('',(30.058003604513,79.740267848924,
    -23.41064760448));
#5989 = CARTESIAN_POINT('',(32.227986812885,-4.196053620783,1.));
#5990 = CARTESIAN_POINT('',(32.227986812886,-3.838166432804,
    -1.405370742484));
#5991 = CARTESIAN_POINT('',(32.227986812885,-3.499020686807,
    -3.678217601819));
#5992 = CARTESIAN_POINT('',(32.227986812887,-3.176838464547,
    -5.822188401164));
#5993 = CARTESIAN_POINT('',(32.227986812882,-2.86985638697,
    -7.841025235048));
#5994 = CARTESIAN_POINT('',(32.22798681289,-2.5763285429,-9.738594527647
    ));
#5995 = CARTESIAN_POINT('',(32.227986812881,-2.294523720441,
    -11.51893021174));
#5996 = CARTESIAN_POINT('',(32.227986812888,-2.022731686826,
    -13.18629879388));
#5997 = CARTESIAN_POINT('',(32.227986812884,-1.759240338114,
    -14.74530313483));
#5998 = CARTESIAN_POINT('',(32.227986812886,-1.373877004681,
    -16.92893045361));
#5999 = CARTESIAN_POINT('',(32.227986812885,-0.999048405302,
    -18.89374089903));
#6000 = CARTESIAN_POINT('',(32.227986812886,-0.875038513886,
    -19.52511482048));
#6001 = CARTESIAN_POINT('',(32.227986812885,-0.751712654302,
    -20.1337316161));
#6002 = CARTESIAN_POINT('',(32.227986812886,-0.628804867283,
    -20.72046423568));
#6003 = CARTESIAN_POINT('',(32.227986812885,-0.506023929232,
    -21.28626868332));
#6004 = CARTESIAN_POINT('',(32.227986812886,-0.383040118557,
    -21.8322024138));
#6005 = CARTESIAN_POINT('',(32.227986812885,-0.259464577345,
    -22.35944938002));
#6006 = CARTESIAN_POINT('',(32.227986812886,-1.016276732253E-02,
    -23.37925467028));
#6007 = CARTESIAN_POINT('',(32.227986812885,0.246028255919,
    -24.33578878341));
#6008 = CARTESIAN_POINT('',(32.227986812887,0.376493031823,
    -24.79976438366));
#6009 = CARTESIAN_POINT('',(32.227986812882,0.510137125469,
    -25.25116031106));
#6010 = CARTESIAN_POINT('',(32.227986812889,0.648003499472,
    -25.69189111385));
#6011 = CARTESIAN_POINT('',(32.227986812883,0.79146453973,
    -26.12411312025));
#6012 = CARTESIAN_POINT('',(32.227986812886,0.942387100821,
    -26.55016536066));
#6013 = CARTESIAN_POINT('',(32.227986812885,1.103322523278,
    -26.97255903068));
#6014 = CARTESIAN_POINT('',(32.227986812885,1.365211490387,
    -27.6040410558));
#6015 = CARTESIAN_POINT('',(32.227986812885,1.668130858805,
    -28.23482550785));
#6016 = CARTESIAN_POINT('',(32.227986812885,1.774235239656,
    -28.4451464416));
#6017 = CARTESIAN_POINT('',(32.227986812887,1.886101558252,
    -28.6555917699));
#6018 = CARTESIAN_POINT('',(32.227986812882,2.004414213972,
    -28.8661260106));
#6019 = CARTESIAN_POINT('',(32.227986812889,2.129897214996,
    -29.0765805725));
#6020 = CARTESIAN_POINT('',(32.227986812883,2.263287707114,
    -29.28661280805));
#6021 = CARTESIAN_POINT('',(32.227986812886,2.405285493215,
    -29.49566801866));
#6022 = CARTESIAN_POINT('',(32.227986812885,2.707668886931,
    -29.91025943644));
#6023 = CARTESIAN_POINT('',(32.227986812886,3.048428829477,
    -30.31387917144));
#6024 = CARTESIAN_POINT('',(32.227986812884,3.228803240462,
    -30.51196276826));
#6025 = CARTESIAN_POINT('',(32.227986812888,3.419385480089,
    -30.7051348383));
#6026 = CARTESIAN_POINT('',(32.227986812881,3.620130739921,
    -30.89203723614));
#6027 = CARTESIAN_POINT('',(32.22798681289,3.830661328028,
    -31.07119686501));
#6028 = CARTESIAN_POINT('',(32.227986812882,4.050225597821,
    -31.24115166308));
#6029 = CARTESIAN_POINT('',(32.227986812886,4.277732761919,
    -31.40059878546));
#6030 = CARTESIAN_POINT('',(32.227986812885,4.746001505474,
    -31.69640013018));
#6031 = CARTESIAN_POINT('',(32.227986812886,5.235074751876,
    -31.94308342261));
#6032 = CARTESIAN_POINT('',(32.227986812884,5.483386445728,
    -32.0534126153));
#6033 = CARTESIAN_POINT('',(32.227986812888,5.733938194449,
    -32.15030230367));
#6034 = CARTESIAN_POINT('',(32.227986812882,5.985201359089,
    -32.23367615293));
#6035 = CARTESIAN_POINT('',(32.227986812888,6.235790449496,
    -32.30379217911));
#6036 = CARTESIAN_POINT('',(32.227986812884,6.484548943051,
    -32.36116096816));
#6037 = CARTESIAN_POINT('',(32.227986812886,6.730573347127,
    -32.40644709049));
#6038 = CARTESIAN_POINT('',(32.227986812885,7.215822422414,
    -32.47435046663));
#6039 = CARTESIAN_POINT('',(32.227986812886,7.68564966213,
    -32.50001602584));
#6040 = CARTESIAN_POINT('',(32.227986812884,7.916252180445,
    -32.50306438272));
#6041 = CARTESIAN_POINT('',(32.227986812888,8.142297720724,
    -32.49713068535));
#6042 = CARTESIAN_POINT('',(32.227986812882,8.363721385062,
    -32.48298936787));
#6043 = CARTESIAN_POINT('',(32.227986812888,8.580593384189,
    -32.46135333626));
#6044 = CARTESIAN_POINT('',(32.227986812884,8.793077345676,
    -32.43286177487));
#6045 = CARTESIAN_POINT('',(32.227986812886,9.001398596024,
    -32.39808034075));
#6046 = CARTESIAN_POINT('',(32.227986812885,9.614664643872,
    -32.2763537501));
#6047 = CARTESIAN_POINT('',(32.227986812886,10.195399946775,
    -32.10637686717));
#6048 = CARTESIAN_POINT('',(32.227986812883,10.57037628598,
    -31.97507795271));
#6049 = CARTESIAN_POINT('',(32.227986812889,10.935790327384,
    -31.82825440055));
#6050 = CARTESIAN_POINT('',(32.227986812881,11.294055041906,
    -31.6675720717));
#6051 = CARTESIAN_POINT('',(32.227986812889,11.647279590316,
    -31.49425367925));
#6052 = CARTESIAN_POINT('',(32.227986812884,11.997296627994,
    -31.30920999131));
#6053 = CARTESIAN_POINT('',(32.227986812886,12.345686143422,
    -31.11316325859));
#6054 = CARTESIAN_POINT('',(32.227986812884,13.041954306701,
    -30.70024602707));
#6055 = CARTESIAN_POINT('',(32.227986812886,13.741989421917,
    -30.2477033995));
#6056 = CARTESIAN_POINT('',(32.227986812881,14.094145984829,
    -30.01203116438));
#6057 = CARTESIAN_POINT('',(32.227986812894,14.449464060738,
    -29.76737755088));
#6058 = CARTESIAN_POINT('',(32.227986812875,14.808827506744,
    -29.51411799055));
#6059 = CARTESIAN_POINT('',(32.227986812894,15.173011406496,
    -29.25260455699));
#6060 = CARTESIAN_POINT('',(32.227986812881,15.54270529251,
    -28.98317617112));
#6061 = CARTESIAN_POINT('',(32.227986812886,15.918530289116,
    -28.70616475441));
#6062 = CARTESIAN_POINT('',(32.227986812885,17.024525206624,
    -27.88426174328));
#6063 = CARTESIAN_POINT('',(32.227986812886,18.190850512654,
    -27.00446986345));
#6064 = CARTESIAN_POINT('',(32.227986812884,18.983123299075,
    -26.40641864337));
#6065 = CARTESIAN_POINT('',(32.227986812887,19.8076722811,
    -25.78804014376));
#6066 = CARTESIAN_POINT('',(32.227986812883,20.667106810692,
    -25.15159950487));
#6067 = CARTESIAN_POINT('',(32.227986812888,21.56382040091,
    -24.49940340313));
#6068 = CARTESIAN_POINT('',(32.227986812883,22.500060191869,
    -23.83379524946));
#6069 = CARTESIAN_POINT('',(32.227986812886,23.477975108915,
    -23.15715538914));
#6070 = CARTESIAN_POINT('',(32.227986812885,25.521313478889,
    -21.78663564669));
#6071 = CARTESIAN_POINT('',(32.227986812885,27.747791804854,
    -20.39140910751));
#6072 = CARTESIAN_POINT('',(32.227986812886,28.908846630435,
    -19.69006238878));
#6073 = CARTESIAN_POINT('',(32.227986812884,30.119699245753,
    -18.9874567106));
#6074 = CARTESIAN_POINT('',(32.227986812887,31.3823033432,
    -18.28609636497));
#6075 = CARTESIAN_POINT('',(32.227986812884,32.698595207144,
    -17.58851523242));
#6076 = CARTESIAN_POINT('',(32.227986812886,34.070499137289,
    -16.89727717043));
#6077 = CARTESIAN_POINT('',(32.227986812885,35.499929659735,
    -16.2149764592));
#6078 = CARTESIAN_POINT('',(32.227986812886,39.96651615847,
    -14.20276059079));
#6079 = CARTESIAN_POINT('',(32.227986812885,44.985035012835,
    -12.31849335984));
#6080 = CARTESIAN_POINT('',(32.227986812886,48.591171097155,
    -11.14041676788));
#6081 = CARTESIAN_POINT('',(32.227986812885,52.4727439711,
    -10.06215214542));
#6082 = CARTESIAN_POINT('',(32.227986812886,56.64452446812,
    -9.105863394974));
#6083 = CARTESIAN_POINT('',(32.227986812885,61.120949628054,
    -8.294099086883));
#6084 = CARTESIAN_POINT('',(32.227986812885,65.916050958947,
    -7.649655469074));
#6085 = CARTESIAN_POINT('',(32.227986812885,71.043461396315,
    -7.195433584025));
#6086 = CARTESIAN_POINT('',(32.227986812885,76.516467198088,
    -6.954350063798));
#6087 = CARTESIAN_POINT('',(32.227986812885,82.348068390036,
    -6.94927275725));
#6088 = ADVANCED_FACE('',(#6089),#6294,.T.);
#6089 = FACE_BOUND('',#6090,.T.);
#6090 = EDGE_LOOP('',(#6091,#6092,#6260,#6293));
#6091 = ORIENTED_EDGE('',*,*,#4736,.F.);
#6092 = ORIENTED_EDGE('',*,*,#6093,.F.);
#6093 = EDGE_CURVE('',#6094,#4706,#6096,.T.);
#6094 = VERTEX_POINT('',#6095);
#6095 = CARTESIAN_POINT('',(30.253874035216,-10.27893942958,-9.6));
#6096 = B_SPLINE_CURVE_WITH_KNOTS('',8,(#6097,#6098,#6099,#6100,#6101,
    #6102,#6103,#6104,#6105,#6106,#6107,#6108,#6109,#6110,#6111,#6112,
    #6113,#6114,#6115,#6116,#6117,#6118,#6119,#6120,#6121,#6122,#6123,
    #6124,#6125,#6126,#6127,#6128,#6129,#6130,#6131,#6132,#6133,#6134,
    #6135,#6136,#6137,#6138,#6139,#6140,#6141,#6142,#6143,#6144,#6145,
    #6146,#6147,#6148,#6149,#6150,#6151,#6152,#6153,#6154,#6155,#6156,
    #6157,#6158,#6159,#6160,#6161,#6162,#6163,#6164,#6165,#6166,#6167,
    #6168,#6169,#6170,#6171,#6172,#6173,#6174,#6175,#6176,#6177,#6178,
    #6179,#6180,#6181,#6182,#6183,#6184,#6185,#6186,#6187,#6188,#6189,
    #6190,#6191,#6192,#6193,#6194,#6195,#6196,#6197,#6198,#6199,#6200,
    #6201,#6202,#6203,#6204,#6205,#6206,#6207,#6208,#6209,#6210,#6211,
    #6212,#6213,#6214,#6215,#6216,#6217,#6218,#6219,#6220,#6221,#6222,
    #6223,#6224,#6225,#6226,#6227,#6228,#6229,#6230,#6231,#6232,#6233,
    #6234,#6235,#6236,#6237,#6238,#6239,#6240,#6241,#6242,#6243,#6244,
    #6245,#6246,#6247,#6248,#6249,#6250,#6251,#6252,#6253,#6254,#6255,
    #6256,#6257,#6258,#6259),.UNSPECIFIED.,.F.,.F.,(9,7,7,7,7,7,7,7,7,7,
    7,7,7,7,7,7,7,7,7,7,7,7,7,9),(0.,0.102473504592,0.120367074233,
    0.219329096823,0.316692921025,0.428091227127,0.442592093413,
    0.456240764279,0.473189372462,0.502122616332,0.545783995336,
    0.572531576925,0.607219959887,0.641392602378,0.658867612321,
    0.69196676933,0.721349738324,0.734606212442,0.756833502964,
    0.784489812886,0.807859144693,0.884529353308,0.966822083794,1.),
  .UNSPECIFIED.);
#6097 = CARTESIAN_POINT('',(32.227986812885,69.431766897942,
    -7.51954862739));
#6098 = CARTESIAN_POINT('',(32.159013872128,68.056984246881,
    -8.169216442412));
#6099 = CARTESIAN_POINT('',(32.083914609891,66.67678798207,
    -8.806720739711));
#6100 = CARTESIAN_POINT('',(32.004592933368,65.291872506664,
    -9.433459237999));
#6101 = CARTESIAN_POINT('',(31.922765405081,63.902899243101,
    -10.05083605141));
#6102 = CARTESIAN_POINT('',(31.839973384591,62.510502454932,
    -10.660276176));
#6103 = CARTESIAN_POINT('',(31.757593146255,61.115290538982,
    -11.2632295777));
#6104 = CARTESIAN_POINT('',(31.676843973017,59.717842787815,
    -11.86116488163));
#6105 = CARTESIAN_POINT('',(31.58516545726,58.074388428247,
    -12.55934262135));
#6106 = CARTESIAN_POINT('',(31.571619049464,57.830024384882,
    -12.66302408983));
#6107 = CARTESIAN_POINT('',(31.558160701784,57.585612571261,
    -12.76660483163));
#6108 = CARTESIAN_POINT('',(31.544795978042,57.341156063475,
    -12.87009259655));
#6109 = CARTESIAN_POINT('',(31.531530306949,57.096657934863,
    -12.97349512088));
#6110 = CARTESIAN_POINT('',(31.518368982099,56.852121256018,
    -13.07682012742));
#6111 = CARTESIAN_POINT('',(31.505317161973,56.60754909478,
    -13.18007532544));
#6112 = CARTESIAN_POINT('',(31.42082900804,55.010136533134,
    -13.85398719963));
#6113 = CARTESIAN_POINT('',(31.352781715073,53.656345304968,
    -14.42280245529));
#6114 = CARTESIAN_POINT('',(31.28908764828,52.302076862294,
    -14.99102040855));
#6115 = CARTESIAN_POINT('',(31.230473013582,50.947849175609,
    -15.55992285855));
#6116 = CARTESIAN_POINT('',(31.177547042216,49.594186539655,
    -16.13075454559));
#6117 = CARTESIAN_POINT('',(31.130807330165,48.24161160896,
    -16.70470488037));
#6118 = CARTESIAN_POINT('',(31.090644040399,46.890635084624,
    -17.28288402952));
#6119 = CARTESIAN_POINT('',(31.02457971223,44.214635111274,
    -18.44028086667));
#6120 = CARTESIAN_POINT('',(30.998458518395,42.889541261911,
    -19.01933237307));
#6121 = CARTESIAN_POINT('',(30.979252331728,41.56694324252,
    -19.60439368089));
#6122 = CARTESIAN_POINT('',(30.967134217952,40.247295678495,
    -20.19630873486));
#6123 = CARTESIAN_POINT('',(30.962181116516,38.931014037162,
    -20.79579316647));
#6124 = CARTESIAN_POINT('',(30.964372756652,37.61845922064,
    -21.40340037412));
#6125 = CARTESIAN_POINT('',(30.973585736173,36.309918796768,
    -22.01948013733));
#6126 = CARTESIAN_POINT('',(31.007885670492,33.513238098842,
    -23.35881938032));
#6127 = CARTESIAN_POINT('',(31.035069681598,32.026332547001,-24.08475791
    ));
#6128 = CARTESIAN_POINT('',(31.070780738934,30.545195689837,
    -24.82207674297));
#6129 = CARTESIAN_POINT('',(31.114462407177,29.069886504688,
    -25.57050712423));
#6130 = CARTESIAN_POINT('',(31.165351637911,27.600166786074,
    -26.3293240165));
#6131 = CARTESIAN_POINT('',(31.222403714789,26.135400977964,
    -27.0971547655));
#6132 = CARTESIAN_POINT('',(31.284274562511,24.674538491915,
    -27.87194508722));
#6133 = CARTESIAN_POINT('',(31.357409989197,23.025850071032,
    -28.75157081584));
#6134 = CARTESIAN_POINT('',(31.365881751979,22.835991131976,
    -28.85294465855));
#6135 = CARTESIAN_POINT('',(31.37439732574,22.646162429393,
    -28.95437098816));
#6136 = CARTESIAN_POINT('',(31.382952169906,22.45635956467,
    -29.05584188434));
#6137 = CARTESIAN_POINT('',(31.391541528348,22.266577867956,
    -29.15734896144));
#6138 = CARTESIAN_POINT('',(31.400160429383,22.076812398162,
    -29.25888336853));
#6139 = CARTESIAN_POINT('',(31.408803685773,21.887057942957,
    -29.36043578932));
#6140 = CARTESIAN_POINT('',(31.425619040036,21.518711373411,
    -29.55758852387));
#6141 = CARTESIAN_POINT('',(31.433788920619,21.340118572925,
    -29.65318777784));
#6142 = CARTESIAN_POINT('',(31.441971040659,21.161526052505,
    -29.74878606982));
#6143 = CARTESIAN_POINT('',(31.450160665913,20.982928965126,
    -29.84437474877));
#6144 = CARTESIAN_POINT('',(31.458352823714,20.804322181543,
    -29.93994464701));
#6145 = CARTESIAN_POINT('',(31.46654230297,20.625700290298,
    -30.03548608013));
#6146 = CARTESIAN_POINT('',(31.474723654162,20.447057597712,
    -30.13098884706));
#6147 = CARTESIAN_POINT('',(31.493033492369,20.046520509076,
    -30.34497416073));
#6148 = CARTESIAN_POINT('',(31.503154286839,19.824611411571,
    -30.46342947502));
#6149 = CARTESIAN_POINT('',(31.513242802434,19.602649497274,
    -30.58178793495));
#6150 = CARTESIAN_POINT('',(31.523287400957,19.380622476006,
    -30.70002739216));
#6151 = CARTESIAN_POINT('',(31.533275576342,19.158517105518,
    -30.8181237879));
#6152 = CARTESIAN_POINT('',(31.543193954648,18.936319191486,
    -30.93605115301));
#6153 = CARTESIAN_POINT('',(31.553028294066,18.714013587514,
    -31.05378160793));
#6154 = CARTESIAN_POINT('',(31.579382457427,18.11187118707,
    -31.37187758763));
#6155 = CARTESIAN_POINT('',(31.595711991377,17.731799542326,
    -31.57180719415));
#6156 = CARTESIAN_POINT('',(31.61167559275,17.35128449707,
    -31.77092383122));
#6157 = CARTESIAN_POINT('',(31.62718766602,16.970234667886,
    -31.96905633582));
#6158 = CARTESIAN_POINT('',(31.642150941816,16.588548701484,
    -32.16600646085));
#6159 = CARTESIAN_POINT('',(31.656453904588,16.206111924412,
    -32.36154260303));
#6160 = CARTESIAN_POINT('',(31.669968220279,15.822792992774,
    -32.55539353088));
#6161 = CARTESIAN_POINT('',(31.701526784129,14.858437866471,
    -33.03674895066));
#6162 = CARTESIAN_POINT('',(31.718372345667,14.27616202212,
    -33.32165481945));
#6163 = CARTESIAN_POINT('',(31.732580526636,13.691005630892,
    -33.60091754731));
#6164 = CARTESIAN_POINT('',(31.743540917373,13.102368765192,
    -33.87318387923));
#6165 = CARTESIAN_POINT('',(31.750542955638,12.50965975003,
    -34.13679085273));
#6166 = CARTESIAN_POINT('',(31.752744821262,11.912247253734,
    -34.38966465785));
#6167 = CARTESIAN_POINT('',(31.74942745786,11.309672159894,
    -34.62979450068));
#6168 = CARTESIAN_POINT('',(31.734277167313,10.329222928409,
    -34.99345970712));
#6169 = CARTESIAN_POINT('',(31.72624153326,9.954753037162,
    -35.12611843915));
#6170 = CARTESIAN_POINT('',(31.715797585365,9.578243795874,
    -35.25284291181));
#6171 = CARTESIAN_POINT('',(31.702843410025,9.19969898782,
    -35.37321797691));
#6172 = CARTESIAN_POINT('',(31.687305373545,8.81915877725,
    -35.48685822283));
#6173 = CARTESIAN_POINT('',(31.669137575123,8.436699434585,
    -35.5934067778));
#6174 = CARTESIAN_POINT('',(31.648318697378,8.052431438842,
    -35.69252872131));
#6175 = CARTESIAN_POINT('',(31.594405447792,7.165984298007,
    -35.9023956958));
#6176 = CARTESIAN_POINT('',(31.55950142964,6.662660537999,
    -36.00785746748));
#6177 = CARTESIAN_POINT('',(31.520130359264,6.156822927041,
    -36.09958260862));
#6178 = CARTESIAN_POINT('',(31.476343842405,5.648839914837,
    -36.17690908881));
#6179 = CARTESIAN_POINT('',(31.428240319432,5.139147914765,
    -36.23919387631));
#6180 = CARTESIAN_POINT('',(31.37595979662,4.628250218901,-36.2858024456
    ));
#6181 = CARTESIAN_POINT('',(31.319681920519,4.11671706435,
    -36.31610857324));
#6182 = CARTESIAN_POINT('',(31.200465712856,3.101261975571,
    -36.34270099402));
#6183 = CARTESIAN_POINT('',(31.137639482807,2.597347318525,
    -36.33948589896));
#6184 = CARTESIAN_POINT('',(31.071358944004,2.094049163877,
    -36.31927752428));
#6185 = CARTESIAN_POINT('',(31.001872951731,1.592051523947,
    -36.28150879855));
#6186 = CARTESIAN_POINT('',(30.929469354831,1.092115297069,
    -36.22563556479));
#6187 = CARTESIAN_POINT('',(30.85447451258,0.595076942371,
    -36.15115056795));
#6188 = CARTESIAN_POINT('',(30.777251951431,0.101846671477,
    -36.05760305673));
#6189 = CARTESIAN_POINT('',(30.657775105315,-0.636369759224,
    -35.88684945231));
#6190 = CARTESIAN_POINT('',(30.616871784669,-0.884892630207,
    -35.82399357765));
#6191 = CARTESIAN_POINT('',(30.575543605348,-1.132030324998,
    -35.75600749115));
#6192 = CARTESIAN_POINT('',(30.533846340264,-1.377646187576,
    -35.68284778627));
#6193 = CARTESIAN_POINT('',(30.491837962735,-1.621599353524,
    -35.60447763954));
#6194 = CARTESIAN_POINT('',(30.449578479623,-1.863745066847,
    -35.52086791589));
#6195 = CARTESIAN_POINT('',(30.407129764477,-2.103934996777,
    -35.43199827399));
#6196 = CARTESIAN_POINT('',(30.283915900022,-2.792966196771,
    -35.15954909669));
#6197 = CARTESIAN_POINT('',(30.202818180667,-3.236395753782,
    -34.96231637441));
#6198 = CARTESIAN_POINT('',(30.121702434962,-3.671226591528,
    -34.7461024695));
#6199 = CARTESIAN_POINT('',(30.04102100761,-4.096396092566,
    -34.51097158563));
#6200 = CARTESIAN_POINT('',(29.961231587884,-4.510864711915,
    -34.25712201511));
#6201 = CARTESIAN_POINT('',(29.882789718598,-4.913627404758,
    -33.98490754924));
#6202 = CARTESIAN_POINT('',(29.806140611833,-5.303730426027,
    -33.69486804945));
#6203 = CARTESIAN_POINT('',(29.665636613766,-6.014578279885,
    -33.11514975294));
#6204 = CARTESIAN_POINT('',(29.601299001871,-6.33825411174,
    -32.82903609348));
#6205 = CARTESIAN_POINT('',(29.538997419911,-6.650697734693,
    -32.52995765414));
#6206 = CARTESIAN_POINT('',(29.47900295938,-6.951411128957,
    -32.21851736195));
#6207 = CARTESIAN_POINT('',(29.421557172352,-7.240016394391,
    -31.89538680778));
#6208 = CARTESIAN_POINT('',(29.36687142476,-7.516250627188,
    -31.56130143667));
#6209 = CARTESIAN_POINT('',(29.315126249674,-7.779960796559,
    -31.21705573811));
#6210 = CARTESIAN_POINT('',(29.244519196256,-8.144402425212,
    -30.70398687531));
#6211 = CARTESIAN_POINT('',(29.22319573611,-8.255151685585,
    -30.54257359403));
#6212 = CARTESIAN_POINT('',(29.202513660881,-8.363344002546,
    -30.37933283007));
#6213 = CARTESIAN_POINT('',(29.182484829821,-8.46898241389,
    -30.21433882766));
#6214 = CARTESIAN_POINT('',(29.163119695346,-8.57207495507,
    -30.04766555125));
#6215 = CARTESIAN_POINT('',(29.144427377695,-8.672634219079,
    -29.87938639898));
#6216 = CARTESIAN_POINT('',(29.126415739581,-8.770676916327,
    -29.70957391621));
#6217 = CARTESIAN_POINT('',(29.080043625948,-9.026427480215,
    -29.2511216629));
#6218 = CARTESIAN_POINT('',(29.052928204961,-9.179613856061,
    -28.95983341107));
#6219 = CARTESIAN_POINT('',(29.027776442004,-9.325879966611,
    -28.66476962099));
#6220 = CARTESIAN_POINT('',(29.004610093737,-9.465353143877,
    -28.36625258964));
#6221 = CARTESIAN_POINT('',(28.983442569602,-9.598183853718,
    -28.06458884166));
#6222 = CARTESIAN_POINT('',(28.964280072076,-9.724538902227,
    -27.76006592767));
#6223 = CARTESIAN_POINT('',(28.947122736906,-9.844594642113,
    -27.45294922253));
#6224 = CARTESIAN_POINT('',(28.91310670775,-10.10029458084,
    -26.75842003799));
#6225 = CARTESIAN_POINT('',(28.897345180512,-10.23257920462,
    -26.36973120684));
#6226 = CARTESIAN_POINT('',(28.884670961001,-10.35573501483,
    -25.97786570005));
#6227 = CARTESIAN_POINT('',(28.875063436928,-10.47011216738,
    -25.58323815692));
#6228 = CARTESIAN_POINT('',(28.868493227672,-10.57604740962,
    -25.18622076669));
#6229 = CARTESIAN_POINT('',(28.864923849572,-10.67385565046,
    -24.78714083317));
#6230 = CARTESIAN_POINT('',(28.864313433205,-10.76382570102,
    -24.38627952343));
#6231 = CARTESIAN_POINT('',(28.868562563884,-10.91584276558,
    -23.64384091058));
#6232 = CARTESIAN_POINT('',(28.872588806441,-10.98005401585,
    -23.30271679063));
#6233 = CARTESIAN_POINT('',(28.878667575953,-11.03901185182,
    -22.96064624195));
#6234 = CARTESIAN_POINT('',(28.886769095967,-11.09285838309,
    -22.61776432751));
#6235 = CARTESIAN_POINT('',(28.896861721023,-11.14172118426,
    -22.27419457308));
#6236 = CARTESIAN_POINT('',(28.908912199751,-11.18571456592,
    -21.93004916826));
#6237 = CARTESIAN_POINT('',(28.922885937972,-11.22494084555,
    -21.58542916753));
#6238 = CARTESIAN_POINT('',(28.990785235736,-11.37284552341,
    -20.10853241887));
#6239 = CARTESIAN_POINT('',(29.063123297856,-11.43583882072,
    -18.97287318328));
#6240 = CARTESIAN_POINT('',(29.154501058232,-11.45179266609,
    -17.83620409545));
#6241 = CARTESIAN_POINT('',(29.263530593698,-11.42257542501,
    -16.70105934697));
#6242 = CARTESIAN_POINT('',(29.388663306376,-11.34935736166,
    -15.56972799978));
#6243 = CARTESIAN_POINT('',(29.528195948338,-11.23284006333,
    -14.44424935365));
#6244 = CARTESIAN_POINT('',(29.680284422214,-11.0732560862,
    -13.32641549511));
#6245 = CARTESIAN_POINT('',(30.017511241297,-10.65273826041,
    -11.02782467422));
#6246 = CARTESIAN_POINT('',(30.204178177046,-10.38532487271,
    -9.848993296283));
#6247 = CARTESIAN_POINT('',(30.400434896479,-10.06806206517,
    -8.683272540393));
#6248 = CARTESIAN_POINT('',(30.603485047229,-9.700406812593,
    -7.533025741812));
#6249 = CARTESIAN_POINT('',(30.810173333328,-9.281612192221,
    -6.400904958597));
#6250 = CARTESIAN_POINT('',(31.016972321188,-8.810866691252,
    -5.289802182835));
#6251 = CARTESIAN_POINT('',(31.219991528956,-8.287341480319,
    -4.202836460182));
#6252 = CARTESIAN_POINT('',(31.493595938661,-7.477403706252,
    -2.716243845158));
#6253 = CARTESIAN_POINT('',(31.570897850228,-7.235979157288,
    -2.293614828575));
#6254 = CARTESIAN_POINT('',(31.646606701814,-6.985798217903,
    -1.875731910665));
#6255 = CARTESIAN_POINT('',(31.720429914246,-6.726818563744,
    -1.462849280865));
#6256 = CARTESIAN_POINT('',(31.792063976786,-6.459005553947,
    -1.055239225222));
#6257 = CARTESIAN_POINT('',(31.861195254785,-6.182332745223,
    -0.653191949489));
#6258 = CARTESIAN_POINT('',(31.927500797328,-5.896782405957,
    -0.257015402238));
#6259 = CARTESIAN_POINT('',(31.990649144875,-5.602346030289,
    0.132964902047));
#6260 = ORIENTED_EDGE('',*,*,#6261,.T.);
#6261 = EDGE_CURVE('',#6094,#5227,#6262,.T.);
#6262 = B_SPLINE_CURVE_WITH_KNOTS('',8,(#6263,#6264,#6265,#6266,#6267,
    #6268,#6269,#6270,#6271,#6272,#6273,#6274,#6275,#6276,#6277,#6278,
    #6279,#6280,#6281,#6282,#6283,#6284,#6285,#6286,#6287,#6288,#6289,
    #6290,#6291,#6292),.UNSPECIFIED.,.F.,.F.,(9,7,7,7,9),(0.,
    0.454102284723,0.662780092402,0.841183592607,1.),.UNSPECIFIED.);
#6263 = CARTESIAN_POINT('',(32.158094040796,-18.93426134776,-9.6));
#6264 = CARTESIAN_POINT('',(31.00093663284,-14.12962066658,-9.6));
#6265 = CARTESIAN_POINT('',(29.964534379018,-9.296607127623,-9.6));
#6266 = CARTESIAN_POINT('',(29.050316318969,-4.437727501036,-9.6));
#6267 = CARTESIAN_POINT('',(28.261355592159,0.444115187197,-9.6));
#6268 = CARTESIAN_POINT('',(27.602248983791,5.345597495016,-9.6));
#6269 = CARTESIAN_POINT('',(27.079398360189,10.263000547202,-9.6));
#6270 = CARTESIAN_POINT('',(26.701295701169,15.192243122478,-9.6));
#6271 = CARTESIAN_POINT('',(26.378596237991,22.397764625888,-9.6));
#6272 = CARTESIAN_POINT('',(26.310158368176,24.667860137323,-9.6));
#6273 = CARTESIAN_POINT('',(26.276064647679,26.938938142828,-9.6));
#6274 = CARTESIAN_POINT('',(26.277671080295,29.210436735174,-9.6));
#6275 = CARTESIAN_POINT('',(26.316520455316,31.481670466872,-9.6));
#6276 = CARTESIAN_POINT('',(26.394377440898,33.751829738842,-9.6));
#6277 = CARTESIAN_POINT('',(26.513288624103,36.019979523296,-9.6));
#6278 = CARTESIAN_POINT('',(26.814488964652,40.221525077149,-9.6));
#6279 = CARTESIAN_POINT('',(26.985071392163,42.155612953971,-9.6));
#6280 = CARTESIAN_POINT('',(27.188922198329,44.086723537384,-9.6));
#6281 = CARTESIAN_POINT('',(27.427741833434,46.014043679629,-9.6));
#6282 = CARTESIAN_POINT('',(27.703455395819,47.936539567259,-9.6));
#6283 = CARTESIAN_POINT('',(28.018247918419,49.852951509025,-9.6));
#6284 = CARTESIAN_POINT('',(28.374636330866,51.76178343463,-9.6));
#6285 = CARTESIAN_POINT('',(29.132562465565,55.352232772437,-9.6));
#6286 = CARTESIAN_POINT('',(29.524788325406,57.035508455823,-9.6));
#6287 = CARTESIAN_POINT('',(29.954414255634,58.710039882344,-9.6));
#6288 = CARTESIAN_POINT('',(30.423811035531,60.37428296915,-9.6));
#6289 = CARTESIAN_POINT('',(30.93563486621,62.026204712267,-9.6));
#6290 = CARTESIAN_POINT('',(31.492865201727,63.663271054233,-9.6));
#6291 = CARTESIAN_POINT('',(32.098904781529,65.282415257907,-9.6));
#6292 = CARTESIAN_POINT('',(32.757806450942,66.87996542342,-9.6));
#6293 = ORIENTED_EDGE('',*,*,#5226,.F.);
#6294 = B_SPLINE_SURFACE_WITH_KNOTS('',14,1,(
    (#6295,#6296)
    ,(#6297,#6298)
    ,(#6299,#6300)
    ,(#6301,#6302)
    ,(#6303,#6304)
    ,(#6305,#6306)
    ,(#6307,#6308)
    ,(#6309,#6310)
    ,(#6311,#6312)
    ,(#6313,#6314)
    ,(#6315,#6316)
    ,(#6317,#6318)
    ,(#6319,#6320)
    ,(#6321,#6322)
    ,(#6323,#6324)
    ,(#6325,#6326)
    ,(#6327,#6328)
    ,(#6329,#6330)
    ,(#6331,#6332)
    ,(#6333,#6334)
    ,(#6335,#6336)
    ,(#6337,#6338)
    ,(#6339,#6340)
    ,(#6341,#6342)
    ,(#6343,#6344)
    ,(#6345,#6346)
    ,(#6347,#6348)
    ,(#6349,#6350
    )),.UNSPECIFIED.,.T.,.F.,.F.,(15,13,15),(2,2),(0.,3.14159265359,
    6.28318530718),(0.,1.),.UNSPECIFIED.);
#6295 = CARTESIAN_POINT('',(79.771900000014,8.894206569963,
    -72.34251041294));
#6296 = CARTESIAN_POINT('',(55.012099999986,95.334348131838,
    -3.289161358083));
#6297 = CARTESIAN_POINT('',(91.143769767634,8.894206569963,
    -72.34251041293));
#6298 = CARTESIAN_POINT('',(62.532197654732,95.334348131844,
    -3.289161358088));
#6299 = CARTESIAN_POINT('',(102.51563885142,7.689502525745,
    -69.87250108312));
#6300 = CARTESIAN_POINT('',(70.052296697386,94.537690135445,
    -1.65577040766));
#6301 = CARTESIAN_POINT('',(113.16805161722,5.280094649824,
    -64.93248285917));
#6302 = CARTESIAN_POINT('',(77.096617458066,92.944373633452,
    1.611012537231));
#6303 = CARTESIAN_POINT('',(122.38153134898,1.756057482164,
    -57.70713591646));
#6304 = CARTESIAN_POINT('',(83.189407092485,90.613965992872,
    6.389056275164));
#6305 = CARTESIAN_POINT('',(129.50119900721,-2.702456101684,
    -48.56582838776));
#6306 = CARTESIAN_POINT('',(87.897559048919,87.665596679973,
    12.434109203794));
#6307 = CARTESIAN_POINT('',(134.00122438277,-7.83510109321,
    -38.04234664416));
#6308 = CARTESIAN_POINT('',(90.873378303566,84.271433579321,
    19.393174848004));
#6309 = CARTESIAN_POINT('',(135.54061815816,-13.32108419875,
    -26.79441440803));
#6310 = CARTESIAN_POINT('',(91.891369047433,80.64361041036,
    26.831314627895));
#6311 = CARTESIAN_POINT('',(134.00122438277,-18.8070673043,
    -15.5464821719));
#6312 = CARTESIAN_POINT('',(90.87337967701,77.015787348786,
    34.269454187611));
#6313 = CARTESIAN_POINT('',(129.50119900721,-23.93971229582,
    -5.023000428306));
#6314 = CARTESIAN_POINT('',(87.897559347252,73.621623912953,
    41.228520519048));
#6315 = CARTESIAN_POINT('',(122.38153134897,-28.39822587967,
    4.118307100391));
#6316 = CARTESIAN_POINT('',(83.189403808732,70.673255242958,
    47.273572129531));
#6317 = CARTESIAN_POINT('',(113.16805161723,-31.92226304733,
    11.343654043104));
#6318 = CARTESIAN_POINT('',(77.096621162284,68.342846932143,
    52.051617241642));
#6319 = CARTESIAN_POINT('',(102.51563885141,-34.33167092325,
    16.283672267047));
#6320 = CARTESIAN_POINT('',(70.052295210097,66.749530788828,
    55.318399451133));
#6321 = CARTESIAN_POINT('',(91.143769767638,-35.53637496747,
    18.753681596868));
#6322 = CARTESIAN_POINT('',(62.532197605041,65.95287271717,
    56.951790555878));
#6323 = CARTESIAN_POINT('',(68.400030232392,-35.53637496747,
    18.75368159687));
#6324 = CARTESIAN_POINT('',(47.49200239493,65.95287271717,
    56.951790555878));
#6325 = CARTESIAN_POINT('',(57.028161148609,-34.33167092325,
    16.283672267041));
#6326 = CARTESIAN_POINT('',(39.971904789874,66.749530788828,
    55.318399451133));
#6327 = CARTESIAN_POINT('',(46.375748382799,-31.92226304733,
    11.343654043112));
#6328 = CARTESIAN_POINT('',(32.927578837688,68.342846932143,
    52.051617241642));
#6329 = CARTESIAN_POINT('',(37.162268651048,-28.39822587967,
    4.118307100386));
#6330 = CARTESIAN_POINT('',(26.834796191239,70.673255242958,
    47.273572129531));
#6331 = CARTESIAN_POINT('',(30.042600992815,-23.93971229582,
    -5.023000428309));
#6332 = CARTESIAN_POINT('',(22.126640652719,73.621623912953,
    41.228520519048));
#6333 = CARTESIAN_POINT('',(25.542575617256,-18.80706730429,
    -15.54648217189));
#6334 = CARTESIAN_POINT('',(19.150820322961,77.015787348786,
    34.269454187611));
#6335 = CARTESIAN_POINT('',(24.00318184186,-13.32108419875,
    -26.79441440803));
#6336 = CARTESIAN_POINT('',(18.132830952538,80.64361041036,
    26.831314627896));
#6337 = CARTESIAN_POINT('',(25.542575617254,-7.835101093211,
    -38.04234664417));
#6338 = CARTESIAN_POINT('',(19.150821696405,84.271433579322,
    19.393174848004));
#6339 = CARTESIAN_POINT('',(30.042600992816,-2.702456101683,
    -48.56582838776));
#6340 = CARTESIAN_POINT('',(22.126640951052,87.665596679973,
    12.434109203794));
#6341 = CARTESIAN_POINT('',(37.16226865105,1.756057482164,
    -57.70713591645));
#6342 = CARTESIAN_POINT('',(26.834792907488,90.61396599287,
    6.389056275163));
#6343 = CARTESIAN_POINT('',(46.375748382795,5.280094649824,
    -64.93248285918));
#6344 = CARTESIAN_POINT('',(32.927582541906,92.944373633451,
    1.61101253723));
#6345 = CARTESIAN_POINT('',(57.028161148612,7.689502525746,
    -69.87250108311));
#6346 = CARTESIAN_POINT('',(39.971903302579,94.537690135451,
    -1.655770407655));
#6347 = CARTESIAN_POINT('',(68.400030232391,8.894206569963,
    -72.34251041294));
#6348 = CARTESIAN_POINT('',(47.492002345245,95.334348131838,
    -3.289161358093));
#6349 = CARTESIAN_POINT('',(79.771900000014,8.894206569963,
    -72.34251041294));
#6350 = CARTESIAN_POINT('',(55.012099999986,95.334348131838,
    -3.289161358083));
#6351 = ADVANCED_FACE('',(#6352),#6371,.T.);
#6352 = FACE_BOUND('',#6353,.T.);
#6353 = EDGE_LOOP('',(#6354,#6355,#6356,#6365));
#6354 = ORIENTED_EDGE('',*,*,#4662,.F.);
#6355 = ORIENTED_EDGE('',*,*,#5328,.T.);
#6356 = ORIENTED_EDGE('',*,*,#6357,.T.);
#6357 = EDGE_CURVE('',#5329,#6358,#6360,.T.);
#6358 = VERTEX_POINT('',#6359);
#6359 = CARTESIAN_POINT('',(-11.51021851222,-2.34896672399,-9.6));
#6360 = CIRCLE('',#6361,24.243242601828);
#6361 = AXIS2_PLACEMENT_3D('',#6362,#6363,#6364);
#6362 = CARTESIAN_POINT('',(-33.90079220282,6.946033096164,-9.6));
#6363 = DIRECTION('',(0.,0.,1.));
#6364 = DIRECTION('',(-1.,0.,0.));
#6365 = ORIENTED_EDGE('',*,*,#6366,.F.);
#6366 = EDGE_CURVE('',#4663,#6358,#6367,.T.);
#6367 = LINE('',#6368,#6369);
#6368 = CARTESIAN_POINT('',(-11.51021851222,-2.34896672399,-7.));
#6369 = VECTOR('',#6370,1.);
#6370 = DIRECTION('',(0.,0.,-1.));
#6371 = CYLINDRICAL_SURFACE('',#6372,24.243242601828);
#6372 = AXIS2_PLACEMENT_3D('',#6373,#6374,#6375);
#6373 = CARTESIAN_POINT('',(-33.90079220282,6.946033096164,-7.));
#6374 = DIRECTION('',(0.,0.,1.));
#6375 = DIRECTION('',(-1.,0.,0.));
#6376 = ADVANCED_FACE('',(#6377),#6447,.F.);
#6377 = FACE_BOUND('',#6378,.F.);
#6378 = EDGE_LOOP('',(#6379,#6380,#6435,#6446));
#6379 = ORIENTED_EDGE('',*,*,#6093,.F.);
#6380 = ORIENTED_EDGE('',*,*,#6381,.T.);
#6381 = EDGE_CURVE('',#6094,#6382,#6384,.T.);
#6382 = VERTEX_POINT('',#6383);
#6383 = CARTESIAN_POINT('',(27.11802041234,-16.32903551145,-9.6));
#6384 = B_SPLINE_CURVE_WITH_KNOTS('',4,(#6385,#6386,#6387,#6388,#6389,
    #6390,#6391,#6392,#6393,#6394,#6395,#6396,#6397,#6398,#6399,#6400,
    #6401,#6402,#6403,#6404,#6405,#6406,#6407,#6408,#6409,#6410,#6411,
    #6412,#6413,#6414,#6415,#6416,#6417,#6418,#6419,#6420,#6421,#6422,
    #6423,#6424,#6425,#6426,#6427,#6428,#6429,#6430,#6431,#6432,#6433,
    #6434),.UNSPECIFIED.,.F.,.F.,(5,3,3,3,3,3,3,3,3,3,3,3,3,3,3,3,5),(0.
    ,5.724174049722E-02,0.114283180626,0.17152242973,0.228557480265,
    0.285787236894,0.342810515627,0.400026822205,0.457035673609,
    0.506637269911,0.556233240449,0.605823754452,0.655209147088,
    0.741372390392,0.827523370409,0.913664904568,1.),.UNSPECIFIED.);
#6385 = CARTESIAN_POINT('',(32.227986812885,-2.589768047208,-9.6));
#6386 = CARTESIAN_POINT('',(32.14732381079,-3.210359836723,-9.6));
#6387 = CARTESIAN_POINT('',(32.050779820426,-3.828887551506,-9.6));
#6388 = CARTESIAN_POINT('',(31.938432885381,-4.444741055858,-9.6));
#6389 = CARTESIAN_POINT('',(31.682829619785,-5.667750811318,-9.6));
#6390 = CARTESIAN_POINT('',(31.539682790919,-6.274930125535,-9.6));
#6391 = CARTESIAN_POINT('',(31.381089736618,-6.8782592941,-9.6));
#6392 = CARTESIAN_POINT('',(31.032744072386,-8.078123061454,-9.6));
#6393 = CARTESIAN_POINT('',(30.842885269077,-8.674627012149,-9.6));
#6394 = CARTESIAN_POINT('',(30.63781166113,-9.26607292381,-9.6));
#6395 = CARTESIAN_POINT('',(30.198448764263,-10.43560414932,-9.6));
#6396 = CARTESIAN_POINT('',(29.964266253549,-11.01372976495,-9.6));
#6397 = CARTESIAN_POINT('',(29.715402265262,-11.58568913603,-9.6));
#6398 = CARTESIAN_POINT('',(29.187922759526,-12.71809757334,-9.6));
#6399 = CARTESIAN_POINT('',(28.909208506136,-13.27850084302,-9.6));
#6400 = CARTESIAN_POINT('',(28.616226920968,-13.8315789503,-9.6));
#6401 = CARTESIAN_POINT('',(28.00343645252,-14.92004093942,-9.6));
#6402 = CARTESIAN_POINT('',(27.683728090038,-15.45548161753,-9.6));
#6403 = CARTESIAN_POINT('',(27.350449625251,-15.98258290535,-9.6));
#6404 = CARTESIAN_POINT('',(26.656253016677,-17.02084349469,-9.6));
#6405 = CARTESIAN_POINT('',(26.295245034157,-17.53194294379,-9.6));
#6406 = CARTESIAN_POINT('',(25.921254049853,-18.03362043622,-9.6));
#6407 = CARTESIAN_POINT('',(25.149465540991,-19.01537505609,-9.6));
#6408 = CARTESIAN_POINT('',(24.751759144347,-19.49552405128,-9.6));
#6409 = CARTESIAN_POINT('',(24.341914524562,-19.96535484391,-9.6));
#6410 = CARTESIAN_POINT('',(23.553546030384,-20.82383017578,-9.6));
#6411 = CARTESIAN_POINT('',(23.177871620624,-21.21509167036,-9.6));
#6412 = CARTESIAN_POINT('',(22.793589825918,-21.59790283906,-9.6));
#6413 = CARTESIAN_POINT('',(22.008435943466,-22.3460243092,-9.6));
#6414 = CARTESIAN_POINT('',(21.607565678955,-22.71133665459,-9.6));
#6415 = CARTESIAN_POINT('',(21.198669708499,-23.06764302783,-9.6));
#6416 = CARTESIAN_POINT('',(20.365488275327,-23.76168771009,-9.6));
#6417 = CARTESIAN_POINT('',(19.941204442835,-24.09942811743,-9.6));
#6418 = CARTESIAN_POINT('',(19.509512522491,-24.42764680079,-9.6));
#6419 = CARTESIAN_POINT('',(18.633776927208,-25.06324778175,-9.6));
#6420 = CARTESIAN_POINT('',(18.189791657592,-25.37071070394,-9.6));
#6421 = CARTESIAN_POINT('',(17.739102210185,-25.66825977575,-9.6));
#6422 = CARTESIAN_POINT('',(16.484610737714,-26.45715043446,-9.6));
#6423 = CARTESIAN_POINT('',(15.667791070543,-26.92779280236,-9.6));
#6424 = CARTESIAN_POINT('',(14.833371123036,-27.36647605529,-9.6));
#6425 = CARTESIAN_POINT('',(13.133265434676,-28.17802979509,-9.6));
#6426 = CARTESIAN_POINT('',(12.267582860932,-28.55091029224,-9.6));
#6427 = CARTESIAN_POINT('',(11.388116251468,-28.89000542967,-9.6));
#6428 = CARTESIAN_POINT('',(9.605715634389,-29.49921134603,-9.6));
#6429 = CARTESIAN_POINT('',(8.702782834921,-29.76933017812,-9.6));
#6430 = CARTESIAN_POINT('',(7.790069595541,-30.00429184252,-9.6));
#6431 = CARTESIAN_POINT('',(5.947151448231,-30.40344478807,-9.6));
#6432 = CARTESIAN_POINT('',(5.01691040284,-30.56747618813,-9.6));
#6433 = CARTESIAN_POINT('',(4.081004253173,-30.69528365422,-9.6));
#6434 = CARTESIAN_POINT('',(3.141555289123,-30.7866589087,-9.6));
#6435 = ORIENTED_EDGE('',*,*,#6436,.F.);
#6436 = EDGE_CURVE('',#4697,#6382,#6437,.T.);
#6437 = B_SPLINE_CURVE_WITH_KNOTS('',4,(#6438,#6439,#6440,#6441,#6442,
    #6443,#6444,#6445),.UNSPECIFIED.,.F.,.F.,(5,3,5),(0.,0.508662511159,
    1.),.UNSPECIFIED.);
#6438 = CARTESIAN_POINT('',(27.333922095942,-16.39086962999,
    -6.999240520041));
#6439 = CARTESIAN_POINT('',(27.304994001503,-16.38272943072,
    -7.35282042907));
#6440 = CARTESIAN_POINT('',(27.275922536955,-16.37449728944,
    -7.706393319202));
#6441 = CARTESIAN_POINT('',(27.246700366077,-16.36616988786,
    -8.059958785817));
#6442 = CARTESIAN_POINT('',(27.188937790952,-16.34960370419,
    -8.755031733717));
#6443 = CARTESIAN_POINT('',(27.160408057615,-16.34137156024,
    -9.096539744286));
#6444 = CARTESIAN_POINT('',(27.131721599458,-16.33304331442,
    -9.438039925536));
#6445 = CARTESIAN_POINT('',(27.102869011626,-16.32461477057,
    -9.77953174034));
#6446 = ORIENTED_EDGE('',*,*,#4705,.F.);
#6447 = ( BOUNDED_SURFACE() B_SPLINE_SURFACE(6,10,(
    (#6448,#6449,#6450,#6451,#6452,#6453,#6454,#6455,#6456,#6457,#6458
      ,#6459,#6460,#6461,#6462,#6463,#6464,#6465,#6466,#6467,#6468,#6469
      ,#6470,#6471,#6472,#6473,#6474,#6475,#6476,#6477,#6478,#6479,#6480
      ,#6481,#6482,#6483,#6484,#6485,#6486,#6487,#6488,#6489,#6490,#6491
      ,#6492,#6493,#6494,#6495,#6496,#6497,#6498,#6499,#6500,#6501,#6502
      ,#6503,#6504,#6505,#6506,#6507,#6508,#6509,#6510,#6511,#6512,#6513
      ,#6514,#6515,#6516,#6517,#6518,#6519,#6520,#6521,#6522,#6523,#6524
      ,#6525,#6526,#6527,#6528,#6529,#6530,#6531,#6532,#6533,#6534,#6535
      ,#6536,#6537,#6538,#6539,#6540,#6541,#6542,#6543,#6544,#6545,#6546
      )
    ,(#6547,#6548,#6549,#6550,#6551,#6552,#6553,#6554,#6555,#6556,#6557
      ,#6558,#6559,#6560,#6561,#6562,#6563,#6564,#6565,#6566,#6567,#6568
      ,#6569,#6570,#6571,#6572,#6573,#6574,#6575,#6576,#6577,#6578,#6579
      ,#6580,#6581,#6582,#6583,#6584,#6585,#6586,#6587,#6588,#6589,#6590
      ,#6591,#6592,#6593,#6594,#6595,#6596,#6597,#6598,#6599,#6600,#6601
      ,#6602,#6603,#6604,#6605,#6606,#6607,#6608,#6609,#6610,#6611,#6612
      ,#6613,#6614,#6615,#6616,#6617,#6618,#6619,#6620,#6621,#6622,#6623
      ,#6624,#6625,#6626,#6627,#6628,#6629,#6630,#6631,#6632,#6633,#6634
      ,#6635,#6636,#6637,#6638,#6639,#6640,#6641,#6642,#6643,#6644,#6645
      )
    ,(#6646,#6647,#6648,#6649,#6650,#6651,#6652,#6653,#6654,#6655,#6656
      ,#6657,#6658,#6659,#6660,#6661,#6662,#6663,#6664,#6665,#6666,#6667
      ,#6668,#6669,#6670,#6671,#6672,#6673,#6674,#6675,#6676,#6677,#6678
      ,#6679,#6680,#6681,#6682,#6683,#6684,#6685,#6686,#6687,#6688,#6689
      ,#6690,#6691,#6692,#6693,#6694,#6695,#6696,#6697,#6698,#6699,#6700
      ,#6701,#6702,#6703,#6704,#6705,#6706,#6707,#6708,#6709,#6710,#6711
      ,#6712,#6713,#6714,#6715,#6716,#6717,#6718,#6719,#6720,#6721,#6722
      ,#6723,#6724,#6725,#6726,#6727,#6728,#6729,#6730,#6731,#6732,#6733
      ,#6734,#6735,#6736,#6737,#6738,#6739,#6740,#6741,#6742,#6743,#6744
      )
    ,(#6745,#6746,#6747,#6748,#6749,#6750,#6751,#6752,#6753,#6754,#6755
      ,#6756,#6757,#6758,#6759,#6760,#6761,#6762,#6763,#6764,#6765,#6766
      ,#6767,#6768,#6769,#6770,#6771,#6772,#6773,#6774,#6775,#6776,#6777
      ,#6778,#6779,#6780,#6781,#6782,#6783,#6784,#6785,#6786,#6787,#6788
      ,#6789,#6790,#6791,#6792,#6793,#6794,#6795,#6796,#6797,#6798,#6799
      ,#6800,#6801,#6802,#6803,#6804,#6805,#6806,#6807,#6808,#6809,#6810
      ,#6811,#6812,#6813,#6814,#6815,#6816,#6817,#6818,#6819,#6820,#6821
      ,#6822,#6823,#6824,#6825,#6826,#6827,#6828,#6829,#6830,#6831,#6832
      ,#6833,#6834,#6835,#6836,#6837,#6838,#6839,#6840,#6841,#6842,#6843
      )
    ,(#6844,#6845,#6846,#6847,#6848,#6849,#6850,#6851,#6852,#6853,#6854
      ,#6855,#6856,#6857,#6858,#6859,#6860,#6861,#6862,#6863,#6864,#6865
      ,#6866,#6867,#6868,#6869,#6870,#6871,#6872,#6873,#6874,#6875,#6876
      ,#6877,#6878,#6879,#6880,#6881,#6882,#6883,#6884,#6885,#6886,#6887
      ,#6888,#6889,#6890,#6891,#6892,#6893,#6894,#6895,#6896,#6897,#6898
      ,#6899,#6900,#6901,#6902,#6903,#6904,#6905,#6906,#6907,#6908,#6909
      ,#6910,#6911,#6912,#6913,#6914,#6915,#6916,#6917,#6918,#6919,#6920
      ,#6921,#6922,#6923,#6924,#6925,#6926,#6927,#6928,#6929,#6930,#6931
      ,#6932,#6933,#6934,#6935,#6936,#6937,#6938,#6939,#6940,#6941,#6942
      )
    ,(#6943,#6944,#6945,#6946,#6947,#6948,#6949,#6950,#6951,#6952,#6953
      ,#6954,#6955,#6956,#6957,#6958,#6959,#6960,#6961,#6962,#6963,#6964
      ,#6965,#6966,#6967,#6968,#6969,#6970,#6971,#6972,#6973,#6974,#6975
      ,#6976,#6977,#6978,#6979,#6980,#6981,#6982,#6983,#6984,#6985,#6986
      ,#6987,#6988,#6989,#6990,#6991,#6992,#6993,#6994,#6995,#6996,#6997
      ,#6998,#6999,#7000,#7001,#7002,#7003,#7004,#7005,#7006,#7007,#7008
      ,#7009,#7010,#7011,#7012,#7013,#7014,#7015,#7016,#7017,#7018,#7019
      ,#7020,#7021,#7022,#7023,#7024,#7025,#7026,#7027,#7028,#7029,#7030
      ,#7031,#7032,#7033,#7034,#7035,#7036,#7037,#7038,#7039,#7040,#7041
      )
    ,(#7042,#7043,#7044,#7045,#7046,#7047,#7048,#7049,#7050,#7051,#7052
      ,#7053,#7054,#7055,#7056,#7057,#7058,#7059,#7060,#7061,#7062,#7063
      ,#7064,#7065,#7066,#7067,#7068,#7069,#7070,#7071,#7072,#7073,#7074
      ,#7075,#7076,#7077,#7078,#7079,#7080,#7081,#7082,#7083,#7084,#7085
      ,#7086,#7087,#7088,#7089,#7090,#7091,#7092,#7093,#7094,#7095,#7096
      ,#7097,#7098,#7099,#7100,#7101,#7102,#7103,#7104,#7105,#7106,#7107
      ,#7108,#7109,#7110,#7111,#7112,#7113,#7114,#7115,#7116,#7117,#7118
      ,#7119,#7120,#7121,#7122,#7123,#7124,#7125,#7126,#7127,#7128,#7129
      ,#7130,#7131,#7132,#7133,#7134,#7135,#7136,#7137,#7138,#7139,#7140
)),.UNSPECIFIED.,.F.,.F.,.F.) B_SPLINE_SURFACE_WITH_KNOTS((7,7),(11,8,8,
    8,8,8,8,8,8,8,8,8,11),(0.129470751837,3.012121901753),(0.,
    0.128490846931,0.192736270397,0.256981693862,0.289104405595,
    0.321227117328,0.353349829061,0.385472540794,0.449717964259,
    0.513963387725,0.635472540794,0.756981693862,1.),.UNSPECIFIED.) 
GEOMETRIC_REPRESENTATION_ITEM() RATIONAL_B_SPLINE_SURFACE((
    (1.110326051105,1.110326051105,1.110326051105,1.110326051105
      ,1.110326051105,1.110326051105,1.110326051105,1.110326051105
      ,1.110326051105,1.110326051105,1.110326051105,1.110326051105
      ,1.110326051105,1.110326051105,1.110326051105,1.110326051105
      ,1.110326051105,1.110326051105,1.110326051105,1.110326051105
      ,1.110326051105,1.110326051105,1.110326051105,1.110326051105
      ,1.110326051105,1.110326051105,1.110326051105,1.110326051105
      ,1.110326051105,1.110326051105,1.110326051105,1.110326051105
      ,1.110326051105,1.110326051105,1.110326051105,1.110326051105
      ,1.110326051105,1.110326051105,1.110326051105,1.110326051105
      ,1.110326051105,1.110326051105,1.110326051105,1.110326051105
      ,1.110326051105,1.110326051105,1.110326051105,1.110326051105
      ,1.110326051105,1.110326051105,1.110326051105,1.110326051105
      ,1.110326051105,1.110326051105,1.110326051105,1.110326051105
      ,1.110326051105,1.110326051105,1.110326051105,1.110326051105
      ,1.110326051105,1.110326051105,1.110326051105,1.110326051105
      ,1.110326051105,1.110326051105,1.110326051105,1.110326051105
      ,1.110326051105,1.110326051105,1.110326051105,1.110326051105
      ,1.110326051105,1.110326051105,1.110326051105,1.110326051105
      ,1.110326051105,1.110326051105,1.110326051105,1.110326051105
      ,1.110326051105,1.110326051105,1.110326051105,1.110326051105
      ,1.110326051105,1.110326051105,1.110326051105,1.110326051105
      ,1.110326051105,1.110326051105,1.110326051105,1.110326051105
      ,1.110326051105,1.110326051105,1.110326051105,1.110326051105
      ,1.110326051105,1.110326051105,1.110326051105)
    ,(1.031342946072,1.031342946072,1.031342946072,1.031342946072
      ,1.031342946072,1.031342946072,1.031342946072,1.031342946072
      ,1.031342946072,1.031342946072,1.031342946072,1.031342946072
      ,1.031342946072,1.031342946072,1.031342946072,1.031342946072
      ,1.031342946072,1.031342946072,1.031342946072,1.031342946072
      ,1.031342946072,1.031342946072,1.031342946072,1.031342946072
      ,1.031342946072,1.031342946072,1.031342946072,1.031342946072
      ,1.031342946072,1.031342946072,1.031342946072,1.031342946072
      ,1.031342946072,1.031342946072,1.031342946072,1.031342946072
      ,1.031342946073,1.031342946072,1.031342946073,1.031342946072
      ,1.031342946072,1.031342946072,1.031342946072,1.031342946072
      ,1.031342946072,1.031342946072,1.031342946072,1.031342946072
      ,1.031342946072,1.031342946072,1.031342946072,1.031342946072
      ,1.031342946072,1.031342946072,1.031342946072,1.031342946072
      ,1.031342946072,1.031342946072,1.031342946072,1.031342946072
      ,1.031342946072,1.031342946072,1.031342946072,1.031342946072
      ,1.031342946072,1.031342946072,1.031342946072,1.031342946072
      ,1.031342946072,1.031342946072,1.031342946072,1.031342946072
      ,1.031342946072,1.031342946072,1.031342946072,1.031342946072
      ,1.031342946072,1.031342946072,1.031342946072,1.031342946072
      ,1.031342946072,1.031342946072,1.031342946072,1.031342946072
      ,1.031342946072,1.031342946072,1.031342946072,1.031342946072
      ,1.031342946072,1.031342946072,1.031342946072,1.031342946072
      ,1.031342946072,1.031342946072,1.031342946072,1.031342946072
      ,1.031342946072,1.031342946072,1.031342946072)
    ,(0.993329366875,0.993329366875,0.993329366875,0.993329366875
      ,0.993329366875,0.993329366876,0.993329366875,0.993329366875
      ,0.993329366875,0.993329366875,0.993329366875,0.993329366875
      ,0.993329366875,0.993329366875,0.993329366875,0.993329366875
      ,0.993329366875,0.993329366875,0.993329366875,0.993329366875
      ,0.993329366875,0.993329366875,0.993329366875,0.993329366875
      ,0.993329366875,0.993329366875,0.993329366875,0.993329366875
      ,0.993329366876,0.993329366875,0.993329366875,0.993329366875
      ,0.993329366875,0.993329366875,0.993329366875,0.993329366875
      ,0.993329366876,0.993329366875,0.993329366875,0.993329366875
      ,0.993329366875,0.993329366875,0.993329366875,0.993329366875
      ,0.993329366875,0.993329366875,0.993329366875,0.993329366875
      ,0.993329366875,0.993329366875,0.993329366875,0.993329366875
      ,0.993329366875,0.993329366875,0.993329366875,0.993329366875
      ,0.993329366875,0.993329366875,0.993329366875,0.993329366875
      ,0.993329366875,0.993329366875,0.993329366875,0.993329366875
      ,0.993329366875,0.993329366875,0.993329366875,0.993329366875
      ,0.993329366875,0.993329366875,0.993329366875,0.993329366875
      ,0.993329366875,0.993329366875,0.993329366875,0.993329366875
      ,0.993329366875,0.993329366875,0.993329366875,0.993329366875
      ,0.993329366875,0.993329366875,0.993329366875,0.993329366875
      ,0.993329366875,0.993329366875,0.993329366875,0.993329366875
      ,0.993329366875,0.993329366875,0.993329366875,0.993329366875
      ,0.993329366875,0.993329366875,0.993329366875,0.993329366875
      ,0.993329366875,0.993329366875,0.993329366875)
    ,(0.980167576933,0.980167576933,0.980167576933,0.980167576934
      ,0.980167576933,0.980167576934,0.980167576933,0.980167576934
      ,0.980167576933,0.980167576933,0.980167576933,0.980167576933
      ,0.980167576933,0.980167576933,0.980167576934,0.980167576933
      ,0.980167576933,0.980167576933,0.980167576933,0.980167576933
      ,0.980167576934,0.980167576933,0.980167576934,0.980167576933
      ,0.980167576933,0.980167576933,0.980167576933,0.980167576933
      ,0.980167576934,0.980167576933,0.980167576934,0.980167576933
      ,0.980167576933,0.980167576933,0.980167576933,0.980167576933
      ,0.980167576934,0.980167576933,0.980167576934,0.980167576933
      ,0.980167576933,0.980167576933,0.980167576933,0.980167576933
      ,0.980167576934,0.980167576933,0.980167576934,0.980167576933
      ,0.980167576933,0.980167576933,0.980167576933,0.980167576933
      ,0.980167576933,0.980167576934,0.980167576933,0.980167576933
      ,0.980167576933,0.980167576933,0.980167576933,0.980167576933
      ,0.980167576934,0.980167576933,0.980167576933,0.980167576933
      ,0.980167576933,0.980167576933,0.980167576933,0.980167576933
      ,0.980167576933,0.980167576933,0.980167576933,0.980167576933
      ,0.980167576933,0.980167576933,0.980167576933,0.980167576933
      ,0.980167576933,0.980167576933,0.980167576933,0.980167576933
      ,0.980167576933,0.980167576933,0.980167576933,0.980167576933
      ,0.980167576933,0.980167576934,0.980167576933,0.980167576933
      ,0.980167576933,0.980167576933,0.980167576933,0.980167576934
      ,0.980167576933,0.980167576934,0.980167576933,0.980167576934
      ,0.980167576933,0.980167576933,0.980167576933)
    ,(0.993329366875,0.993329366875,0.993329366875,0.993329366875
      ,0.993329366875,0.993329366875,0.993329366875,0.993329366875
      ,0.993329366875,0.993329366875,0.993329366875,0.993329366875
      ,0.993329366875,0.993329366875,0.993329366875,0.993329366875
      ,0.993329366875,0.993329366875,0.993329366875,0.993329366875
      ,0.993329366875,0.993329366875,0.993329366875,0.993329366875
      ,0.993329366875,0.993329366875,0.993329366875,0.993329366875
      ,0.993329366876,0.993329366875,0.993329366876,0.993329366875
      ,0.993329366875,0.993329366875,0.993329366875,0.993329366875
      ,0.993329366876,0.993329366875,0.993329366875,0.993329366875
      ,0.993329366875,0.993329366875,0.993329366875,0.993329366875
      ,0.993329366875,0.993329366875,0.993329366875,0.993329366875
      ,0.993329366875,0.993329366875,0.993329366875,0.993329366875
      ,0.993329366875,0.993329366875,0.993329366875,0.993329366875
      ,0.993329366875,0.993329366875,0.993329366875,0.993329366875
      ,0.993329366875,0.993329366875,0.993329366875,0.993329366875
      ,0.993329366875,0.993329366875,0.993329366875,0.993329366875
      ,0.993329366875,0.993329366875,0.993329366875,0.993329366875
      ,0.993329366875,0.993329366875,0.993329366875,0.993329366875
      ,0.993329366875,0.993329366875,0.993329366875,0.993329366875
      ,0.993329366875,0.993329366875,0.993329366875,0.993329366875
      ,0.993329366875,0.993329366875,0.993329366875,0.993329366875
      ,0.993329366875,0.993329366875,0.993329366875,0.993329366875
      ,0.993329366875,0.993329366875,0.993329366875,0.993329366875
      ,0.993329366875,0.993329366875,0.993329366875)
    ,(1.031342946072,1.031342946072,1.031342946072,1.031342946072
      ,1.031342946072,1.031342946072,1.031342946072,1.031342946072
      ,1.031342946072,1.031342946072,1.031342946072,1.031342946072
      ,1.031342946072,1.031342946072,1.031342946072,1.031342946072
      ,1.031342946072,1.031342946072,1.031342946072,1.031342946072
      ,1.031342946072,1.031342946072,1.031342946072,1.031342946072
      ,1.031342946072,1.031342946072,1.031342946072,1.031342946072
      ,1.031342946072,1.031342946072,1.031342946072,1.031342946072
      ,1.031342946072,1.031342946072,1.031342946072,1.031342946072
      ,1.031342946073,1.031342946072,1.031342946073,1.031342946072
      ,1.031342946072,1.031342946072,1.031342946072,1.031342946072
      ,1.031342946072,1.031342946072,1.031342946072,1.031342946072
      ,1.031342946072,1.031342946072,1.031342946072,1.031342946072
      ,1.031342946072,1.031342946072,1.031342946072,1.031342946072
      ,1.031342946072,1.031342946072,1.031342946072,1.031342946072
      ,1.031342946072,1.031342946072,1.031342946072,1.031342946072
      ,1.031342946072,1.031342946072,1.031342946072,1.031342946072
      ,1.031342946072,1.031342946072,1.031342946072,1.031342946072
      ,1.031342946072,1.031342946072,1.031342946072,1.031342946072
      ,1.031342946072,1.031342946072,1.031342946072,1.031342946072
      ,1.031342946072,1.031342946072,1.031342946072,1.031342946072
      ,1.031342946072,1.031342946072,1.031342946072,1.031342946072
      ,1.031342946072,1.031342946072,1.031342946072,1.031342946072
      ,1.031342946072,1.031342946072,1.031342946072,1.031342946072
      ,1.031342946072,1.031342946072,1.031342946072)
    ,(1.110326051105,1.110326051105,1.110326051105,1.110326051105
      ,1.110326051105,1.110326051105,1.110326051105,1.110326051105
      ,1.110326051105,1.110326051105,1.110326051105,1.110326051105
      ,1.110326051105,1.110326051105,1.110326051105,1.110326051105
      ,1.110326051105,1.110326051105,1.110326051105,1.110326051105
      ,1.110326051105,1.110326051105,1.110326051105,1.110326051105
      ,1.110326051105,1.110326051105,1.110326051105,1.110326051105
      ,1.110326051105,1.110326051105,1.110326051105,1.110326051105
      ,1.110326051105,1.110326051105,1.110326051105,1.110326051105
      ,1.110326051105,1.110326051105,1.110326051105,1.110326051105
      ,1.110326051105,1.110326051105,1.110326051105,1.110326051105
      ,1.110326051105,1.110326051105,1.110326051105,1.110326051105
      ,1.110326051105,1.110326051105,1.110326051105,1.110326051105
      ,1.110326051105,1.110326051105,1.110326051105,1.110326051105
      ,1.110326051105,1.110326051105,1.110326051105,1.110326051105
      ,1.110326051105,1.110326051105,1.110326051105,1.110326051105
      ,1.110326051105,1.110326051105,1.110326051105,1.110326051105
      ,1.110326051105,1.110326051105,1.110326051105,1.110326051105
      ,1.110326051105,1.110326051105,1.110326051105,1.110326051105
      ,1.110326051105,1.110326051105,1.110326051105,1.110326051105
      ,1.110326051105,1.110326051105,1.110326051105,1.110326051105
      ,1.110326051105,1.110326051105,1.110326051105,1.110326051105
      ,1.110326051105,1.110326051105,1.110326051105,1.110326051105
      ,1.110326051105,1.110326051105,1.110326051105,1.110326051105
      ,1.110326051105,1.110326051105,1.110326051105
))) REPRESENTATION_ITEM('') SURFACE() );
#6448 = CARTESIAN_POINT('',(-32.22798681288,-4.196053620783,1.));
#6449 = CARTESIAN_POINT('',(-32.22798681288,-3.838166432804,
    -1.405370742484));
#6450 = CARTESIAN_POINT('',(-32.22798681288,-3.499020686806,
    -3.678217601819));
#6451 = CARTESIAN_POINT('',(-32.22798681288,-3.176838464546,
    -5.822188401164));
#6452 = CARTESIAN_POINT('',(-32.22798681288,-2.86985638697,
    -7.841025235048));
#6453 = CARTESIAN_POINT('',(-32.22798681288,-2.576328542899,
    -9.738594527648));
#6454 = CARTESIAN_POINT('',(-32.22798681288,-2.294523720442,
    -11.51893021174));
#6455 = CARTESIAN_POINT('',(-32.22798681288,-2.022731686825,
    -13.18629879388));
#6456 = CARTESIAN_POINT('',(-32.22798681288,-1.759240338113,
    -14.74530313483));
#6457 = CARTESIAN_POINT('',(-32.22798681288,-1.373877004681,
    -16.92893045361));
#6458 = CARTESIAN_POINT('',(-32.22798681288,-0.999048405302,
    -18.89374089903));
#6459 = CARTESIAN_POINT('',(-32.22798681288,-0.875038513886,
    -19.52511482048));
#6460 = CARTESIAN_POINT('',(-32.22798681288,-0.751712654301,
    -20.1337316161));
#6461 = CARTESIAN_POINT('',(-32.22798681288,-0.628804867284,
    -20.72046423568));
#6462 = CARTESIAN_POINT('',(-32.22798681288,-0.506023929232,
    -21.28626868332));
#6463 = CARTESIAN_POINT('',(-32.22798681288,-0.383040118557,
    -21.8322024138));
#6464 = CARTESIAN_POINT('',(-32.22798681288,-0.259464577344,
    -22.35944938002));
#6465 = CARTESIAN_POINT('',(-32.22798681288,-1.016276732229E-02,
    -23.37925467028));
#6466 = CARTESIAN_POINT('',(-32.22798681288,0.24602825592,
    -24.33578878341));
#6467 = CARTESIAN_POINT('',(-32.22798681288,0.376493031823,
    -24.79976438366));
#6468 = CARTESIAN_POINT('',(-32.22798681288,0.51013712547,
    -25.25116031106));
#6469 = CARTESIAN_POINT('',(-32.22798681288,0.648003499471,
    -25.69189111385));
#6470 = CARTESIAN_POINT('',(-32.22798681288,0.791464539731,
    -26.12411312025));
#6471 = CARTESIAN_POINT('',(-32.22798681288,0.94238710082,
    -26.55016536066));
#6472 = CARTESIAN_POINT('',(-32.22798681288,1.103322523279,
    -26.97255903068));
#6473 = CARTESIAN_POINT('',(-32.22798681288,1.365211490388,
    -27.6040410558));
#6474 = CARTESIAN_POINT('',(-32.22798681288,1.668130858806,
    -28.23482550785));
#6475 = CARTESIAN_POINT('',(-32.22798681288,1.774235239656,
    -28.4451464416));
#6476 = CARTESIAN_POINT('',(-32.22798681288,1.886101558252,
    -28.6555917699));
#6477 = CARTESIAN_POINT('',(-32.22798681288,2.004414213973,
    -28.8661260106));
#6478 = CARTESIAN_POINT('',(-32.22798681288,2.129897214996,
    -29.0765805725));
#6479 = CARTESIAN_POINT('',(-32.22798681288,2.263287707114,
    -29.28661280805));
#6480 = CARTESIAN_POINT('',(-32.22798681288,2.405285493215,
    -29.49566801866));
#6481 = CARTESIAN_POINT('',(-32.22798681288,2.707668886931,
    -29.91025943644));
#6482 = CARTESIAN_POINT('',(-32.22798681288,3.048428829477,
    -30.31387917144));
#6483 = CARTESIAN_POINT('',(-32.22798681288,3.228803240462,
    -30.51196276826));
#6484 = CARTESIAN_POINT('',(-32.22798681289,3.419385480089,
    -30.7051348383));
#6485 = CARTESIAN_POINT('',(-32.22798681287,3.620130739921,
    -30.89203723614));
#6486 = CARTESIAN_POINT('',(-32.22798681289,3.830661328029,
    -31.07119686501));
#6487 = CARTESIAN_POINT('',(-32.22798681288,4.050225597821,
    -31.24115166308));
#6488 = CARTESIAN_POINT('',(-32.22798681288,4.277732761919,
    -31.40059878546));
#6489 = CARTESIAN_POINT('',(-32.22798681288,4.746001505474,
    -31.69640013018));
#6490 = CARTESIAN_POINT('',(-32.22798681288,5.235074751876,
    -31.94308342261));
#6491 = CARTESIAN_POINT('',(-32.22798681288,5.483386445728,
    -32.0534126153));
#6492 = CARTESIAN_POINT('',(-32.22798681288,5.733938194449,
    -32.15030230367));
#6493 = CARTESIAN_POINT('',(-32.22798681288,5.985201359089,
    -32.23367615293));
#6494 = CARTESIAN_POINT('',(-32.22798681288,6.235790449496,
    -32.30379217911));
#6495 = CARTESIAN_POINT('',(-32.22798681288,6.484548943051,
    -32.36116096816));
#6496 = CARTESIAN_POINT('',(-32.22798681288,6.730573347127,
    -32.40644709049));
#6497 = CARTESIAN_POINT('',(-32.22798681288,7.215822422414,
    -32.47435046663));
#6498 = CARTESIAN_POINT('',(-32.22798681288,7.68564966213,
    -32.50001602584));
#6499 = CARTESIAN_POINT('',(-32.22798681288,7.916252180445,
    -32.50306438272));
#6500 = CARTESIAN_POINT('',(-32.22798681288,8.142297720724,
    -32.49713068535));
#6501 = CARTESIAN_POINT('',(-32.22798681288,8.363721385062,
    -32.48298936787));
#6502 = CARTESIAN_POINT('',(-32.22798681288,8.580593384189,
    -32.46135333626));
#6503 = CARTESIAN_POINT('',(-32.22798681288,8.793077345676,
    -32.43286177487));
#6504 = CARTESIAN_POINT('',(-32.22798681288,9.001398596024,
    -32.39808034075));
#6505 = CARTESIAN_POINT('',(-32.22798681288,9.614664643872,
    -32.2763537501));
#6506 = CARTESIAN_POINT('',(-32.22798681288,10.195399946775,
    -32.10637686717));
#6507 = CARTESIAN_POINT('',(-32.22798681288,10.570376285981,
    -31.9750779527));
#6508 = CARTESIAN_POINT('',(-32.22798681288,10.935790327383,
    -31.82825440055));
#6509 = CARTESIAN_POINT('',(-32.22798681289,11.294055041907,
    -31.66757207169));
#6510 = CARTESIAN_POINT('',(-32.22798681288,11.647279590315,
    -31.49425367925));
#6511 = CARTESIAN_POINT('',(-32.22798681288,11.997296627994,
    -31.3092099913));
#6512 = CARTESIAN_POINT('',(-32.22798681288,12.345686143422,
    -31.11316325859));
#6513 = CARTESIAN_POINT('',(-32.22798681288,13.041954306701,
    -30.70024602707));
#6514 = CARTESIAN_POINT('',(-32.22798681288,13.741989421917,
    -30.2477033995));
#6515 = CARTESIAN_POINT('',(-32.22798681288,14.094145984829,
    -30.01203116438));
#6516 = CARTESIAN_POINT('',(-32.22798681289,14.449464060737,
    -29.76737755088));
#6517 = CARTESIAN_POINT('',(-32.22798681288,14.808827506746,
    -29.51411799055));
#6518 = CARTESIAN_POINT('',(-32.22798681289,15.173011406494,
    -29.25260455699));
#6519 = CARTESIAN_POINT('',(-32.22798681288,15.54270529251,
    -28.98317617112));
#6520 = CARTESIAN_POINT('',(-32.22798681288,15.918530289116,
    -28.70616475441));
#6521 = CARTESIAN_POINT('',(-32.22798681288,17.024525206623,
    -27.88426174328));
#6522 = CARTESIAN_POINT('',(-32.22798681288,18.190850512654,
    -27.00446986345));
#6523 = CARTESIAN_POINT('',(-32.22798681288,18.983123299074,
    -26.40641864337));
#6524 = CARTESIAN_POINT('',(-32.22798681288,19.807672281102,
    -25.78804014376));
#6525 = CARTESIAN_POINT('',(-32.22798681288,20.66710681069,
    -25.15159950487));
#6526 = CARTESIAN_POINT('',(-32.22798681288,21.563820400912,
    -24.49940340313));
#6527 = CARTESIAN_POINT('',(-32.22798681288,22.500060191868,
    -23.83379524946));
#6528 = CARTESIAN_POINT('',(-32.22798681288,23.477975108915,
    -23.15715538914));
#6529 = CARTESIAN_POINT('',(-32.22798681288,25.521313478889,
    -21.78663564669));
#6530 = CARTESIAN_POINT('',(-32.22798681288,27.747791804855,
    -20.39140910751));
#6531 = CARTESIAN_POINT('',(-32.22798681288,28.908846630433,
    -19.69006238878));
#6532 = CARTESIAN_POINT('',(-32.22798681288,30.119699245757,
    -18.9874567106));
#6533 = CARTESIAN_POINT('',(-32.22798681288,31.382303343195,
    -18.28609636497));
#6534 = CARTESIAN_POINT('',(-32.22798681288,32.698595207148,
    -17.58851523242));
#6535 = CARTESIAN_POINT('',(-32.22798681288,34.070499137287,
    -16.89727717043));
#6536 = CARTESIAN_POINT('',(-32.22798681288,35.499929659735,
    -16.2149764592));
#6537 = CARTESIAN_POINT('',(-32.22798681288,39.96651615847,
    -14.20276059079));
#6538 = CARTESIAN_POINT('',(-32.22798681288,44.985035012835,
    -12.31849335984));
#6539 = CARTESIAN_POINT('',(-32.22798681288,48.591171097153,
    -11.14041676788));
#6540 = CARTESIAN_POINT('',(-32.22798681288,52.472743971102,
    -10.06215214542));
#6541 = CARTESIAN_POINT('',(-32.22798681289,56.644524468118,
    -9.105863394974));
#6542 = CARTESIAN_POINT('',(-32.22798681288,61.120949628054,
    -8.294099086882));
#6543 = CARTESIAN_POINT('',(-32.22798681288,65.916050958947,
    -7.649655469074));
#6544 = CARTESIAN_POINT('',(-32.22798681288,71.043461396315,
    -7.195433584025));
#6545 = CARTESIAN_POINT('',(-32.22798681288,76.516467198088,
    -6.954350063798));
#6546 = CARTESIAN_POINT('',(-32.22798681288,82.348068390036,
    -6.94927275725));
#6547 = CARTESIAN_POINT('',(-30.05800360451,-20.86271151981,1.));
#6548 = CARTESIAN_POINT('',(-30.05800360451,-20.50482433183,
    -1.416956967077));
#6549 = CARTESIAN_POINT('',(-30.05800360451,-20.16566963646,
    -3.71020938489));
#6550 = CARTESIAN_POINT('',(-30.05800360451,-19.84344662378,
    -5.885021280799));
#6551 = CARTESIAN_POINT('',(-30.05800360451,-19.53633922751,
    -7.947118297024));
#6552 = CARTESIAN_POINT('',(-30.05800360451,-19.24250313718,
    -9.902833346804));
#6553 = CARTESIAN_POINT('',(-30.05800360451,-18.96001394728,
    -11.75930960209));
#6554 = CARTESIAN_POINT('',(-30.05800360451,-18.6868387593,
    -13.52481573227));
#6555 = CARTESIAN_POINT('',(-30.05800360451,-18.42063448948,
    -15.20921927736));
#6556 = CARTESIAN_POINT('',(-30.05800360451,-18.02754281474,
    -17.63259396955));
#6557 = CARTESIAN_POINT('',(-30.05800360451,-17.63366826073,
    -19.93791309822));
#6558 = CARTESIAN_POINT('',(-30.05800360451,-17.50172835047,
    -20.69527935935));
#6559 = CARTESIAN_POINT('',(-30.05800360451,-17.368474562,
    -21.44387073738));
#6560 = CARTESIAN_POINT('',(-30.05800360451,-17.23310026155,
    -22.18629024219));
#6561 = CARTESIAN_POINT('',(-30.05800360451,-17.09460420079,
    -22.92551346895));
#6562 = CARTESIAN_POINT('',(-30.05800360451,-16.95171106597,
    -23.66496428365));
#6563 = CARTESIAN_POINT('',(-30.05800360451,-16.80275083464,
    -24.40861552582));
#6564 = CARTESIAN_POINT('',(-30.05800360451,-16.48817022633,
    -25.91360311482));
#6565 = CARTESIAN_POINT('',(-30.05800360451,-16.12744948627,
    -27.47544816173));
#6566 = CARTESIAN_POINT('',(-30.05800360451,-15.93234919016,
    -28.27595594391));
#6567 = CARTESIAN_POINT('',(-30.05800360451,-15.71836188835,
    -29.10215623818));
#6568 = CARTESIAN_POINT('',(-30.05800360451,-15.48005057778,
    -29.96091253418));
#6569 = CARTESIAN_POINT('',(-30.05800360451,-15.21019412091,
    -30.85994376227));
#6570 = CARTESIAN_POINT('',(-30.05800360451,-14.89905479235,
    -31.80739533553));
#6571 = CARTESIAN_POINT('',(-30.05800360451,-14.5334835169,
    -32.8116188055));
#6572 = CARTESIAN_POINT('',(-30.05800360451,-13.8763003596,
    -34.4123270793));
#6573 = CARTESIAN_POINT('',(-30.05800360451,-13.00744111326,
    -36.1541443422));
#6574 = CARTESIAN_POINT('',(-30.05800360451,-12.6916108148,
    -36.75040385438));
#6575 = CARTESIAN_POINT('',(-30.05800360451,-12.34666580255,
    -37.36189716054));
#6576 = CARTESIAN_POINT('',(-30.05800360451,-11.96953624159,
    -37.98767829526));
#6577 = CARTESIAN_POINT('',(-30.05800360451,-11.55708304721,
    -38.62613241304));
#6578 = CARTESIAN_POINT('',(-30.05800360451,-11.10626052596,
    -39.27480465097));
#6579 = CARTESIAN_POINT('',(-30.05800360451,-10.61439062087,
    -39.93026454696));
#6580 = CARTESIAN_POINT('',(-30.05800360451,-9.544685178574,
    -41.24593372644));
#6581 = CARTESIAN_POINT('',(-30.05800360451,-8.299574464729,
    -42.5502928966));
#6582 = CARTESIAN_POINT('',(-30.05800360451,-7.632298864393,
    -43.19444304344));
#6583 = CARTESIAN_POINT('',(-30.05800360451,-6.92050437884,
    -43.82456846606));
#6584 = CARTESIAN_POINT('',(-30.05800360451,-6.165775863846,
    -44.43408245645));
#6585 = CARTESIAN_POINT('',(-30.05800360451,-5.371385171344,
    -45.01614948097));
#6586 = CARTESIAN_POINT('',(-30.05800360451,-4.54237373795,
    -45.56432147714));
#6587 = CARTESIAN_POINT('',(-30.05800360451,-3.685254192098,
    -46.07321179595));
#6588 = CARTESIAN_POINT('',(-30.05800360451,-1.929491435527,
    -47.0045718448));
#6589 = CARTESIAN_POINT('',(-30.05800360451,-0.121072406576,
    -47.75359071092));
#6590 = CARTESIAN_POINT('',(-30.05800360451,0.788703649515,
    -48.08014040634));
#6591 = CARTESIAN_POINT('',(-30.05800360451,1.696204222876,
    -48.35790910176));
#6592 = CARTESIAN_POINT('',(-30.0580036045,2.593931778937,
    -48.58773871032));
#6593 = CARTESIAN_POINT('',(-30.05800360451,3.475369445661,
    -48.77193393663));
#6594 = CARTESIAN_POINT('',(-30.05800360451,4.335316130026,
    -48.91379625074));
#6595 = CARTESIAN_POINT('',(-30.05800360451,5.169912714026,
    -49.01713321471));
#6596 = CARTESIAN_POINT('',(-30.05800360451,6.783099669145,
    -49.15474192406));
#6597 = CARTESIAN_POINT('',(-30.05800360451,8.277758672795,
    -49.16994720392));
#6598 = CARTESIAN_POINT('',(-30.05800360451,8.993827112597,
    -49.15088102829));
#6599 = CARTESIAN_POINT('',(-30.05800360451,9.678028078112,
    -49.10902026916));
#6600 = CARTESIAN_POINT('',(-30.05800360451,10.330591324975,
    -49.04794412556));
#6601 = CARTESIAN_POINT('',(-30.05800360451,10.952334412878,
    -48.97081799319));
#6602 = CARTESIAN_POINT('',(-30.05800360451,11.544453392649,
    -48.88037278665));
#6603 = CARTESIAN_POINT('',(-30.05800360451,12.108372050044,
    -48.7789342742));
#6604 = CARTESIAN_POINT('',(-30.05800360451,13.7201552467,
    -48.44751602635));
#6605 = CARTESIAN_POINT('',(-30.05800360451,15.106307461207,
    -48.04955957339));
#6606 = CARTESIAN_POINT('',(-30.05800360451,15.942827957324,
    -47.76781144691));
#6607 = CARTESIAN_POINT('',(-30.05800360451,16.705185728212,
    -47.47765017076));
#6608 = CARTESIAN_POINT('',(-30.05800360451,17.405114226735,
    -47.18352870025));
#6609 = CARTESIAN_POINT('',(-30.05800360451,18.052504281368,
    -46.88806339544));
#6610 = CARTESIAN_POINT('',(-30.05800360451,18.65565154806,
    -46.59263389427));
#6611 = CARTESIAN_POINT('',(-30.05800360451,19.221480503599,
    -46.29794909247));
#6612 = CARTESIAN_POINT('',(-30.05800360451,20.290137315268,
    -45.71061154383));
#6613 = CARTESIAN_POINT('',(-30.05800360451,21.252426803152,
    -45.12742028462));
#6614 = CARTESIAN_POINT('',(-30.05800360451,21.711888794301,
    -44.83688118059));
#6615 = CARTESIAN_POINT('',(-30.05800360451,22.153668585255,
    -44.5471664084));
#6616 = CARTESIAN_POINT('',(-30.0580036045,22.581067445939,
    -44.25795806249));
#6617 = CARTESIAN_POINT('',(-30.05800360451,22.996848123714,
    -43.96892451926));
#6618 = CARTESIAN_POINT('',(-30.05800360451,23.403354488523,
    -43.67974819846));
#6619 = CARTESIAN_POINT('',(-30.05800360451,23.802598619185,
    -43.39013948773));
#6620 = CARTESIAN_POINT('',(-30.05800360451,24.940990850707,
    -42.55080994963));
#6621 = CARTESIAN_POINT('',(-30.05800360451,26.046042217284,
    -41.70397734409));
#6622 = CARTESIAN_POINT('',(-30.05800360451,26.764978410421,
    -41.14537350936));
#6623 = CARTESIAN_POINT('',(-30.05800360452,27.487582778688,
    -40.58115247768));
#6624 = CARTESIAN_POINT('',(-30.0580036045,28.219905850606,-40.01087455)
  );
#6625 = CARTESIAN_POINT('',(-30.05800360451,28.967008287182,
    -39.4344910104));
#6626 = CARTESIAN_POINT('',(-30.05800360451,29.733287135409,
    -38.85225905472));
#6627 = CARTESIAN_POINT('',(-30.05800360451,30.522705168996,
    -38.2646996049));
#6628 = CARTESIAN_POINT('',(-30.05800360451,32.155137185441,
    -37.08039093844));
#6629 = CARTESIAN_POINT('',(-30.05800360451,33.908587890198,
    -35.88140844824));
#6630 = CARTESIAN_POINT('',(-30.05800360451,34.819024331028,
    -35.27917492373));
#6631 = CARTESIAN_POINT('',(-30.05800360451,35.766425249775,
    -34.67531743499));
#6632 = CARTESIAN_POINT('',(-30.05800360451,36.753935423441,
    -34.07112158175));
#6633 = CARTESIAN_POINT('',(-30.05800360451,37.784643295899,
    -33.468029354));
#6634 = CARTESIAN_POINT('',(-30.05800360451,38.861607132941,
    -32.86763612241));
#6635 = CARTESIAN_POINT('',(-30.05800360451,39.987865942968,
    -32.27169077922));
#6636 = CARTESIAN_POINT('',(-30.05800360451,43.523590906719,
    -30.50290534843));
#6637 = CARTESIAN_POINT('',(-30.05800360451,47.557125787633,
    -28.80975169533));
#6638 = CARTESIAN_POINT('',(-30.05800360451,50.491367160479,
    -27.73102360593));
#6639 = CARTESIAN_POINT('',(-30.05800360451,53.694395049544,
    -26.72117880011));
#6640 = CARTESIAN_POINT('',(-30.05800360451,57.189189014908,
    -25.80140481549));
#6641 = CARTESIAN_POINT('',(-30.05800360451,60.997484812575,
    -24.99501862498));
#6642 = CARTESIAN_POINT('',(-30.05800360451,65.139310319574,
    -24.32687902469));
#6643 = CARTESIAN_POINT('',(-30.05800360451,69.632890667686,
    -23.82270048892));
#6644 = CARTESIAN_POINT('',(-30.05800360451,74.494815281345,
    -23.50858220357));
#6645 = CARTESIAN_POINT('',(-30.05800360451,79.740267848924,
    -23.41064760448));
#6646 = CARTESIAN_POINT('',(-18.13008978365,-34.56438965191,1.));
#6647 = CARTESIAN_POINT('',(-18.13008978365,-34.20650246393,
    -1.426482015296));
#6648 = CARTESIAN_POINT('',(-18.13008978365,-33.86734041126,
    -3.736509865597));
#6649 = CARTESIAN_POINT('',(-18.13008978364,-33.54508386473,
    -5.936676261544));
#6650 = CARTESIAN_POINT('',(-18.13008978365,-33.23787344383,
    -8.034337522142));
#6651 = CARTESIAN_POINT('',(-18.13008978364,-32.9437839439,
    -10.03785426404));
#6652 = CARTESIAN_POINT('',(-18.13008978365,-32.66073213476,
    -11.95692576822));
#6653 = CARTESIAN_POINT('',(-18.13008978364,-32.38641985402,
    -13.8031108866));
#6654 = CARTESIAN_POINT('',(-18.13008978365,-32.11798528873,
    -15.59060525791));
#6655 = CARTESIAN_POINT('',(-18.13008978365,-31.71854013593,
    -18.2110765344));
#6656 = CARTESIAN_POINT('',(-18.13008978365,-31.30900788128,
    -20.79632823306));
#6657 = CARTESIAN_POINT('',(-18.13008978365,-31.17054869365,
    -21.65727293781));
#6658 = CARTESIAN_POINT('',(-18.13008978365,-31.02913314372,
    -22.52093757686));
#6659 = CARTESIAN_POINT('',(-18.13008978364,-30.88351010862,
    -23.39134744446));
#6660 = CARTESIAN_POINT('',(-18.13008978365,-30.73209462785,
    -24.27313844381));
#6661 = CARTESIAN_POINT('',(-18.13008978365,-30.57283401537,
    -25.17167987028));
#6662 = CARTESIAN_POINT('',(-18.13008978365,-30.40300500184,
    -26.09323731016));
#6663 = CARTESIAN_POINT('',(-18.13008978365,-30.03475862033,
    -27.99709381056));
#6664 = CARTESIAN_POINT('',(-18.13008978365,-29.58810388294,
    -30.05656565432));
#6665 = CARTESIAN_POINT('',(-18.13008978365,-29.33986665325,
    -31.13373692032));
#6666 = CARTESIAN_POINT('',(-18.13008978365,-29.05982911001,
    -32.26806430451));
#6667 = CARTESIAN_POINT('',(-18.13008978365,-28.73894190454,
    -33.47047982683));
#6668 = CARTESIAN_POINT('',(-18.13008978364,-28.36517563406,
    -34.7532754391));
#6669 = CARTESIAN_POINT('',(-18.13008978365,-27.92232192145,
    -36.12936998806));
#6670 = CARTESIAN_POINT('',(-18.13008978365,-27.388519282,
    -37.61191638846));
#6671 = CARTESIAN_POINT('',(-18.13008978365,-26.40636432805,
    -40.00942664723));
#6672 = CARTESIAN_POINT('',(-18.13008978365,-25.072245274,
    -42.66462522871));
#6673 = CARTESIAN_POINT('',(-18.13008978365,-24.58399906368,
    -43.57816527864));
#6674 = CARTESIAN_POINT('',(-18.13008978365,-24.04743979624,
    -44.51936057671));
#6675 = CARTESIAN_POINT('',(-18.13008978364,-23.45753656752,
    -45.48651664826));
#6676 = CARTESIAN_POINT('',(-18.13008978365,-22.80916485565,
    -46.47682968044));
#6677 = CARTESIAN_POINT('',(-18.13008978364,-22.0973811076,
    -47.4861083558));
#6678 = CARTESIAN_POINT('',(-18.13008978365,-21.31788094149,
    -48.50855804379));
#6679 = CARTESIAN_POINT('',(-18.13008978365,-19.61735918334,
    -50.56500426073));
#6680 = CARTESIAN_POINT('',(-18.13008978365,-17.62878068718,
    -52.60986232971));
#6681 = CARTESIAN_POINT('',(-18.13008978365,-16.56122307355,
    -53.6207242871));
#6682 = CARTESIAN_POINT('',(-18.13008978365,-15.42093941667,
    -54.61006955044));
#6683 = CARTESIAN_POINT('',(-18.13008978364,-14.21078064691,
    -55.56701300455));
#6684 = CARTESIAN_POINT('',(-18.13008978365,-12.93639790844,
    -56.48031065045));
#6685 = CARTESIAN_POINT('',(-18.13008978364,-11.60635927902,
    -57.33941542894));
#6686 = CARTESIAN_POINT('',(-18.13008978365,-10.23163468871,
    -58.13558339105));
#6687 = CARTESIAN_POINT('',(-18.13008978365,-7.417421661538,
    -59.58943696265));
#6688 = CARTESIAN_POINT('',(-18.13008978365,-4.52436698656,
    -60.75142646671));
#6689 = CARTESIAN_POINT('',(-18.13008978364,-3.070800337168,
    -61.25573127969));
#6690 = CARTESIAN_POINT('',(-18.13008978365,-1.623221399026,
    -61.68220080945));
#6691 = CARTESIAN_POINT('',(-18.13008978364,-0.19403474248,
    -62.03243186184));
#6692 = CARTESIAN_POINT('',(-18.13008978365,1.206024245637,
    -62.31041172636));
#6693 = CARTESIAN_POINT('',(-18.13008978364,2.56842942644,
    -62.52173626211));
#6694 = CARTESIAN_POINT('',(-18.13008978365,3.886891858991,
    -62.67279688801));
#6695 = CARTESIAN_POINT('',(-18.13008978365,6.427357808861,
    -62.86771042991));
#6696 = CARTESIAN_POINT('',(-18.13008978365,8.764532153861,
    -62.8743163024));
#6697 = CARTESIAN_POINT('',(-18.13008978365,9.879702671632,
    -62.8370697448));
#6698 = CARTESIAN_POINT('',(-18.13008978364,10.94055372555,
    -62.76567330797));
#6699 = CARTESIAN_POINT('',(-18.13008978365,11.947557306256,
    -62.6660119912));
#6700 = CARTESIAN_POINT('',(-18.13008978364,12.902145369858,
    -62.54326738485));
#6701 = CARTESIAN_POINT('',(-18.13008978365,13.806362723505,
    -62.4018900172));
#6702 = CARTESIAN_POINT('',(-18.13008978365,14.662618407643,
    -62.24565264598));
#6703 = CARTESIAN_POINT('',(-18.13008978365,17.095283671071,
    -61.7418466518));
#6704 = CARTESIAN_POINT('',(-18.13008978365,19.143570030996,
    -61.15646793891));
#6705 = CARTESIAN_POINT('',(-18.13008978365,20.359526495623,
    -60.75103534665));
#6706 = CARTESIAN_POINT('',(-18.13008978365,21.448212151256,
    -60.34303596702));
#6707 = CARTESIAN_POINT('',(-18.13008978364,22.429022829406,
    -59.93921402863));
#6708 = CARTESIAN_POINT('',(-18.13008978365,23.318246676287,
    -59.54333161032));
#6709 = CARTESIAN_POINT('',(-18.13008978365,24.129492587859,
    -59.15715380843));
#6710 = CARTESIAN_POINT('',(-18.13008978365,24.874078750732,
    -58.78137853952));
#6711 = CARTESIAN_POINT('',(-18.13008978365,26.248876687466,
    -58.05064985274));
#6712 = CARTESIAN_POINT('',(-18.13008978364,27.426765788949,
    -57.36005220708));
#6713 = CARTESIAN_POINT('',(-18.13008978365,27.974443692881,
    -57.02440698866));
#6714 = CARTESIAN_POINT('',(-18.13008978364,28.487303756636,
    -56.69764738742));
#6715 = CARTESIAN_POINT('',(-18.13008978365,28.970634607966,
    -56.37888550462));
#6716 = CARTESIAN_POINT('',(-18.13008978364,29.42883305475,
    -56.06722764838));
#6717 = CARTESIAN_POINT('',(-18.13008978365,29.865602999629,
    -55.76181652817));
#6718 = CARTESIAN_POINT('',(-18.13008978365,30.284100026634,
    -55.46185156791));
#6719 = CARTESIAN_POINT('',(-18.13008978365,31.449126126308,
    -54.60819566245));
#6720 = CARTESIAN_POINT('',(-18.13008978365,32.503804118605,
    -53.78845891322));
#6721 = CARTESIAN_POINT('',(-18.13008978365,33.162450216246,
    -53.2622848182));
#6722 = CARTESIAN_POINT('',(-18.13008978365,33.801245803305,
    -52.74258670157));
#6723 = CARTESIAN_POINT('',(-18.13008978365,34.429070403481,
    -52.22670121293));
#6724 = CARTESIAN_POINT('',(-18.13008978365,35.053177342994,
    -51.71264326558));
#6725 = CARTESIAN_POINT('',(-18.13008978365,35.679731109799,
    -51.19895497569));
#6726 = CARTESIAN_POINT('',(-18.13008978365,36.314185644293,
    -50.68462863115));
#6727 = CARTESIAN_POINT('',(-18.13008978365,37.608811087127,
    -49.65340429889));
#6728 = CARTESIAN_POINT('',(-18.13008978364,38.973385254507,
    -48.61575426124));
#6729 = CARTESIAN_POINT('',(-18.13008978365,39.677788040444,
    -48.09500180474));
#6730 = CARTESIAN_POINT('',(-18.13008978364,40.408605024261,
    -47.57232531318));
#6731 = CARTESIAN_POINT('',(-18.13008978365,41.169960174983,
    -47.048008498));
#6732 = CARTESIAN_POINT('',(-18.13008978364,41.965889128061,
    -46.52259570473));
#6733 = CARTESIAN_POINT('',(-18.13008978365,42.80038238412,
    -45.99688611001));
#6734 = CARTESIAN_POINT('',(-18.13008978365,43.677403389692,
    -45.47193361164));
#6735 = CARTESIAN_POINT('',(-18.13008978365,46.447866042598,
    -43.90327261634));
#6736 = CARTESIAN_POINT('',(-18.13008978365,49.671644495362,
    -42.36723364972));
#6737 = CARTESIAN_POINT('',(-18.13008978365,52.053520473119,
    -41.37018007558));
#6738 = CARTESIAN_POINT('',(-18.13008978365,54.698715769859,
    -40.41658327769));
#6739 = CARTESIAN_POINT('',(-18.13008978364,57.636958349079,
    -39.52682812297));
#6740 = CARTESIAN_POINT('',(-18.13008978365,60.895984249424,
    -38.72486328894));
#6741 = CARTESIAN_POINT('',(-18.13008978364,64.500750969698,
    -38.03724319492));
#6742 = CARTESIAN_POINT('',(-18.13008978365,68.473258891273,
    -37.49199524061));
#6743 = CARTESIAN_POINT('',(-18.13008978365,72.832812975536,
    -37.11783499302));
#6744 = CARTESIAN_POINT('',(-18.13008978365,77.5963921023,
    -36.94356230969));
#6745 = CARTESIAN_POINT('',(-4.681924646799E-13,-39.91501147846,1.));
#6746 = CARTESIAN_POINT('',(-4.732248508155E-13,-39.55712429048,
    -1.430201627625));
#6747 = CARTESIAN_POINT('',(-4.445211517343E-13,-39.21795936473,
    -3.746780426966));
#6748 = CARTESIAN_POINT('',(-5.0020049652E-13,-38.89568972295,
    -5.956847970788));
#6749 = CARTESIAN_POINT('',(-4.670819062985E-13,-38.58843907004,
    -8.068397371243));
#6750 = CARTESIAN_POINT('',(-3.842342602178E-13,-38.29425061153,
    -10.09058108041));
#6751 = CARTESIAN_POINT('',(-6.051562482165E-13,-38.01097909478,
    -12.03409656157));
#6752 = CARTESIAN_POINT('',(-3.500162973954E-13,-37.73622276965,
    -13.91178751092));
#6753 = CARTESIAN_POINT('',(-5.132124623054E-13,-37.46691725501,
    -15.73953972653));
#6754 = CARTESIAN_POINT('',(-4.32952121281E-13,-37.064991015,
    -18.43697889525));
#6755 = CARTESIAN_POINT('',(-4.868021319043E-13,-36.6493442951,
    -21.13154664298));
#6756 = CARTESIAN_POINT('',(-3.60561743103E-13,-36.50833927422,
    -22.03293961077));
#6757 = CARTESIAN_POINT('',(-7.041804714834E-13,-36.36373648703,
    -22.94154133681));
#6758 = CARTESIAN_POINT('',(-1.009977560706E-13,-36.2141112339,
    -23.86193252948));
#6759 = CARTESIAN_POINT('',(-8.513929497284E-13,-36.05765060976,
    -24.7993974564));
#6760 = CARTESIAN_POINT('',(-1.993453018705E-13,-35.89199835805,
    -25.76006511963));
#6761 = CARTESIAN_POINT('',(-5.545039355368E-13,-35.71401990762,
    -26.75109644259));
#6762 = CARTESIAN_POINT('',(-3.828317050529E-13,-35.32481658531,
    -28.81071464478));
#6763 = CARTESIAN_POINT('',(-5.353156942382E-13,-34.84460389121,
    -31.06451398442));
#6764 = CARTESIAN_POINT('',(-2.598405477881E-13,-34.57561623709,
    -32.24972469353));
#6765 = CARTESIAN_POINT('',(-7.828268970325E-13,-34.26978551288,
    -33.50437832658));
#6766 = CARTESIAN_POINT('',(-1.138632086138E-13,-33.91665171825,
    -34.84099569918));
#6767 = CARTESIAN_POINT('',(-7.478477585041E-13,-33.50230778193,
    -36.27365456691));
#6768 = CARTESIAN_POINT('',(-2.955687363188E-13,-33.00801848229,
    -37.81713784297));
#6769 = CARTESIAN_POINT('',(-5.289643016722E-13,-32.40852006458,
    -39.48647341525));
#6770 = CARTESIAN_POINT('',(-4.051725854869E-13,-31.29946086056,
    -42.19514162497));
#6771 = CARTESIAN_POINT('',(-5.12273736352E-13,-29.78365389513,
    -45.20702337855));
#6772 = CARTESIAN_POINT('',(-2.305966864968E-13,-29.22807780505,
    -46.24446417655));
#6773 = CARTESIAN_POINT('',(-9.25015655813E-13,-28.6166915415,
    -47.31441090618));
#6774 = CARTESIAN_POINT('',(1.151791123896E-13,-27.94369838615,
    -48.41487679353));
#6775 = CARTESIAN_POINT('',(-9.327327821175E-13,-27.203198487,
    -49.54259372392));
#6776 = CARTESIAN_POINT('',(-2.30931935666E-13,-26.38950716074,
    -50.6926922796));
#6777 = CARTESIAN_POINT('',(-5.150091709563E-13,-25.49768493175,
    -51.85845460216));
#6778 = CARTESIAN_POINT('',(-4.010319023787E-13,-23.55082403795,
    -54.20418055163));
#6779 = CARTESIAN_POINT('',(-5.295360662415E-13,-21.27191505051,
    -56.53820973765));
#6780 = CARTESIAN_POINT('',(-2.087647339136E-13,-20.04804390678,
    -57.69227577548));
#6781 = CARTESIAN_POINT('',(-9.209463949129E-13,-18.74043158471,
    -58.82189944135));
#6782 = CARTESIAN_POINT('',(7.217741215345E-14,-17.3524234276,
    -59.91451705551));
#6783 = CARTESIAN_POINT('',(-8.647249005354E-13,-15.89059971343,
    -60.95716307576));
#6784 = CARTESIAN_POINT('',(-2.615348206501E-13,-14.36490570334,
    -61.93768974985));
#6785 = CARTESIAN_POINT('',(-5.127735795734E-13,-12.78805194158,
    -62.84604207462));
#6786 = CARTESIAN_POINT('',(-4.077705463927E-13,-9.560505082912,
    -64.50393381001));
#6787 = CARTESIAN_POINT('',(-5.106384940192E-13,-6.243890964665,
    -65.82719186));
#6788 = CARTESIAN_POINT('',(-3.1338823362E-13,-4.577969464316,
    -66.40091155798));
#6789 = CARTESIAN_POINT('',(-6.836988947714E-13,-2.919485332023,
    -66.88545002805));
#6790 = CARTESIAN_POINT('',(-2.306802458193E-13,-1.28275937733,
    -67.28269886815));
#6791 = CARTESIAN_POINT('',(-6.170017179946E-13,0.319825647029,
    -67.59730243139));
#6792 = CARTESIAN_POINT('',(-4.055825162765E-13,1.878445143485,
    -67.8357525554));
#6793 = CARTESIAN_POINT('',(-4.464217343728E-13,3.385861304581,
    -68.00544967711));
#6794 = CARTESIAN_POINT('',(-5.183351238307E-13,6.288437587272,
    -68.22274124342));
#6795 = CARTESIAN_POINT('',(-3.549047260984E-13,8.954621337629,
    -68.2259889742));
#6796 = CARTESIAN_POINT('',(-8.896001569356E-13,10.225644610721,
    -68.18164282285));
#6797 = CARTESIAN_POINT('',(3.298596870231E-13,11.433580727108,
    -68.09871245271));
#6798 = CARTESIAN_POINT('',(-1.377234363246E-12,12.578996272257,
    -67.98398329769));
#6799 = CARTESIAN_POINT('',(2.516684232399E-13,13.663563129311,
    -67.84342428933));
#6800 = CARTESIAN_POINT('',(-7.946213262483E-13,14.689657551969,
    -67.68215747965));
#6801 = CARTESIAN_POINT('',(-4.100630804811E-13,15.660073331018,
    -67.50452068808));
#6802 = CARTESIAN_POINT('',(-4.660930231062E-13,18.413300022116,
    -66.93339581302));
#6803 = CARTESIAN_POINT('',(-5.052536745111E-13,20.720155396466,
    -66.27482711382));
#6804 = CARTESIAN_POINT('',(-2.273092407077E-13,22.084284833436,
    -65.8210946859));
#6805 = CARTESIAN_POINT('',(-9.325748416515E-13,23.300404303075,
    -65.36707852477));
#6806 = CARTESIAN_POINT('',(1.385104581639E-13,24.390901860935,
    -64.92041762084));
#6807 = CARTESIAN_POINT('',(-9.619928257475E-13,25.374563860181,
    -64.48532146577));
#6808 = CARTESIAN_POINT('',(-1.813344587897E-13,26.267074062208,
    -64.06370568074));
#6809 = CARTESIAN_POINT('',(-5.437643560175E-13,27.081466434654,
    -63.65626389485));
#6810 = CARTESIAN_POINT('',(-3.777707019382E-13,28.575815084082,
    -62.86953974927));
#6811 = CARTESIAN_POINT('',(-5.395104123071E-13,29.837897668085,
    -62.13699899634));
#6812 = CARTESIAN_POINT('',(-1.967136741235E-13,30.420024636124,
    -61.78373945667));
#6813 = CARTESIAN_POINT('',(-9.659154622468E-13,30.960642150866,
    -61.44251353467));
#6814 = CARTESIAN_POINT('',(1.940040873277E-13,31.465814920165,
    -61.11221074438));
#6815 = CARTESIAN_POINT('',(-1.045045161726E-12,31.94057786647,
    -60.79171790154));
#6816 = CARTESIAN_POINT('',(-1.231533402057E-13,32.389165996713,
    -60.47996695409));
#6817 = CARTESIAN_POINT('',(-5.584005705906E-13,32.815181443466,
    -60.17595779032));
#6818 = CARTESIAN_POINT('',(-3.098157984249E-13,33.990608295139,
    -59.31670731658));
#6819 = CARTESIAN_POINT('',(-6.154448914048E-13,35.025615056418,
    -58.50755172967));
#6820 = CARTESIAN_POINT('',(-1.154777824334E-14,35.660717359071,
    -57.99404172376));
#6821 = CARTESIAN_POINT('',(-1.206209293665E-12,36.266784904384,
    -57.4917301841));
#6822 = CARTESIAN_POINT('',(4.857101298202E-13,36.853801962704,
    -56.99708540542));
#6823 = CARTESIAN_POINT('',(-1.274719843494E-12,37.429878114698,
    -56.50736613187));
#6824 = CARTESIAN_POINT('',(2.818052583209E-14,38.001868049011,
    -56.02044472633));
#6825 = CARTESIAN_POINT('',(-5.829489587157E-13,38.575808019337,
    -55.53471653217));
#6826 = CARTESIAN_POINT('',(-3.49477926245E-13,39.738517122544,
    -54.56327293421));
#6827 = CARTESIAN_POINT('',(-5.192372862424E-13,40.95123169516,
    -53.58862459121));
#6828 = CARTESIAN_POINT('',(-3.230071633155E-13,41.575176586798,
    -53.09969118467));
#6829 = CARTESIAN_POINT('',(-5.877472903654E-13,42.221415702245,
    -52.60871656285));
#6830 = CARTESIAN_POINT('',(-3.533276805613E-13,42.894455393336,
    -52.1155931913));
#6831 = CARTESIAN_POINT('',(-4.901683101685E-13,43.598701181889,
    -51.62051487777));
#6832 = CARTESIAN_POINT('',(-4.511491193929E-13,44.338507614159,
    -51.12396987834));
#6833 = CARTESIAN_POINT('',(-4.423300124063E-13,45.118199137629,
    -50.62674068958));
#6834 = CARTESIAN_POINT('',(-4.798125473223E-13,47.589820350533,
    -49.13622998815));
#6835 = CARTESIAN_POINT('',(-4.009531440686E-13,50.497382032118,
    -47.66154564267));
#6836 = CARTESIAN_POINT('',(-5.955813419544E-13,52.663554625905,
    -46.69638666128));
#6837 = CARTESIAN_POINT('',(-2.191054339044E-13,55.090911551658,
    -45.76475518881));
#6838 = CARTESIAN_POINT('',(-7.014929618792E-13,57.811816081801,
    -44.88672264243));
#6839 = CARTESIAN_POINT('',(-2.690509628011E-13,60.856347416377,
    -44.08648438571));
#6840 = CARTESIAN_POINT('',(-5.435761036012E-13,64.251388113406,
    -43.39125699322));
#6841 = CARTESIAN_POINT('',(-4.184148413007E-13,68.020412821337,
    -42.82997108173));
#6842 = CARTESIAN_POINT('',(-4.602135341324E-13,72.183786941826,
    -42.4323639373));
#6843 = CARTESIAN_POINT('',(-4.513485271351E-13,76.759190392209,
    -42.22828058293));
#6844 = CARTESIAN_POINT('',(18.13008978365,-34.56438965191,1.));
#6845 = CARTESIAN_POINT('',(18.13008978365,-34.20650246393,
    -1.426482015296));
#6846 = CARTESIAN_POINT('',(18.13008978365,-33.86734041126,
    -3.736509865597));
#6847 = CARTESIAN_POINT('',(18.130089783649,-33.54508386473,
    -5.936676261545));
#6848 = CARTESIAN_POINT('',(18.13008978365,-33.23787344382,
    -8.034337522141));
#6849 = CARTESIAN_POINT('',(18.130089783649,-32.94378394391,
    -10.03785426404));
#6850 = CARTESIAN_POINT('',(18.130089783651,-32.66073213475,
    -11.95692576822));
#6851 = CARTESIAN_POINT('',(18.130089783649,-32.38641985403,
    -13.8031108866));
#6852 = CARTESIAN_POINT('',(18.13008978365,-32.11798528873,
    -15.59060525791));
#6853 = CARTESIAN_POINT('',(18.130089783649,-31.71854013593,
    -18.2110765344));
#6854 = CARTESIAN_POINT('',(18.13008978365,-31.30900788128,
    -20.79632823306));
#6855 = CARTESIAN_POINT('',(18.130089783649,-31.17054869365,
    -21.65727293781));
#6856 = CARTESIAN_POINT('',(18.130089783652,-31.02913314372,
    -22.52093757686));
#6857 = CARTESIAN_POINT('',(18.130089783647,-30.88351010862,
    -23.39134744446));
#6858 = CARTESIAN_POINT('',(18.130089783652,-30.73209462785,
    -24.27313844381));
#6859 = CARTESIAN_POINT('',(18.130089783649,-30.57283401537,
    -25.17167987028));
#6860 = CARTESIAN_POINT('',(18.13008978365,-30.40300500184,
    -26.09323731016));
#6861 = CARTESIAN_POINT('',(18.130089783649,-30.03475862033,
    -27.99709381056));
#6862 = CARTESIAN_POINT('',(18.13008978365,-29.58810388294,
    -30.05656565432));
#6863 = CARTESIAN_POINT('',(18.130089783648,-29.33986665325,
    -31.13373692032));
#6864 = CARTESIAN_POINT('',(18.130089783653,-29.05982911001,
    -32.26806430451));
#6865 = CARTESIAN_POINT('',(18.130089783646,-28.73894190453,
    -33.47047982683));
#6866 = CARTESIAN_POINT('',(18.130089783653,-28.36517563407,
    -34.7532754391));
#6867 = CARTESIAN_POINT('',(18.130089783648,-27.92232192145,
    -36.12936998806));
#6868 = CARTESIAN_POINT('',(18.13008978365,-27.388519282,-37.61191638846
    ));
#6869 = CARTESIAN_POINT('',(18.13008978365,-26.40636432805,
    -40.00942664723));
#6870 = CARTESIAN_POINT('',(18.130089783649,-25.072245274,
    -42.66462522871));
#6871 = CARTESIAN_POINT('',(18.130089783652,-24.58399906369,
    -43.57816527864));
#6872 = CARTESIAN_POINT('',(18.130089783645,-24.04743979623,
    -44.51936057671));
#6873 = CARTESIAN_POINT('',(18.130089783656,-23.45753656752,
    -45.48651664827));
#6874 = CARTESIAN_POINT('',(18.130089783645,-22.80916485565,
    -46.47682968044));
#6875 = CARTESIAN_POINT('',(18.130089783653,-22.0973811076,
    -47.4861083558));
#6876 = CARTESIAN_POINT('',(18.130089783649,-21.31788094149,
    -48.50855804379));
#6877 = CARTESIAN_POINT('',(18.13008978365,-19.61735918334,
    -50.56500426073));
#6878 = CARTESIAN_POINT('',(18.130089783649,-17.62878068718,
    -52.60986232971));
#6879 = CARTESIAN_POINT('',(18.130089783651,-16.56122307355,
    -53.6207242871));
#6880 = CARTESIAN_POINT('',(18.130089783648,-15.42093941666,
    -54.61006955044));
#6881 = CARTESIAN_POINT('',(18.130089783651,-14.21078064691,
    -55.56701300455));
#6882 = CARTESIAN_POINT('',(18.130089783649,-12.93639790844,
    -56.48031065045));
#6883 = CARTESIAN_POINT('',(18.13008978365,-11.60635927902,
    -57.33941542894));
#6884 = CARTESIAN_POINT('',(18.13008978365,-10.23163468871,
    -58.13558339105));
#6885 = CARTESIAN_POINT('',(18.13008978365,-7.417421661538,
    -59.58943696265));
#6886 = CARTESIAN_POINT('',(18.13008978365,-4.52436698656,
    -60.75142646671));
#6887 = CARTESIAN_POINT('',(18.130089783649,-3.070800337169,
    -61.2557312797));
#6888 = CARTESIAN_POINT('',(18.130089783651,-1.623221399025,
    -61.68220080944));
#6889 = CARTESIAN_POINT('',(18.130089783649,-0.194034742481,
    -62.03243186185));
#6890 = CARTESIAN_POINT('',(18.130089783651,1.206024245638,
    -62.31041172635));
#6891 = CARTESIAN_POINT('',(18.130089783649,2.56842942644,
    -62.52173626211));
#6892 = CARTESIAN_POINT('',(18.13008978365,3.886891858991,
    -62.67279688801));
#6893 = CARTESIAN_POINT('',(18.13008978365,6.427357808861,
    -62.86771042991));
#6894 = CARTESIAN_POINT('',(18.13008978365,8.764532153861,-62.8743163024
    ));
#6895 = CARTESIAN_POINT('',(18.130089783651,9.879702671632,
    -62.83706974481));
#6896 = CARTESIAN_POINT('',(18.130089783648,10.94055372555,
    -62.76567330796));
#6897 = CARTESIAN_POINT('',(18.130089783652,11.947557306256,
    -62.6660119912));
#6898 = CARTESIAN_POINT('',(18.130089783648,12.902145369858,
    -62.54326738485));
#6899 = CARTESIAN_POINT('',(18.130089783651,13.806362723505,
    -62.4018900172));
#6900 = CARTESIAN_POINT('',(18.13008978365,14.662618407643,
    -62.24565264598));
#6901 = CARTESIAN_POINT('',(18.13008978365,17.095283671071,
    -61.7418466518));
#6902 = CARTESIAN_POINT('',(18.13008978365,19.143570030996,
    -61.15646793891));
#6903 = CARTESIAN_POINT('',(18.130089783647,20.359526495625,
    -60.75103534665));
#6904 = CARTESIAN_POINT('',(18.130089783654,21.448212151253,
    -60.34303596702));
#6905 = CARTESIAN_POINT('',(18.130089783645,22.42902282941,
    -59.93921402863));
#6906 = CARTESIAN_POINT('',(18.130089783654,23.318246676284,
    -59.54333161033));
#6907 = CARTESIAN_POINT('',(18.130089783648,24.12949258786,
    -59.15715380843));
#6908 = CARTESIAN_POINT('',(18.13008978365,24.874078750732,
    -58.78137853952));
#6909 = CARTESIAN_POINT('',(18.130089783649,26.248876687466,
    -58.05064985274));
#6910 = CARTESIAN_POINT('',(18.13008978365,27.42676578895,
    -57.36005220708));
#6911 = CARTESIAN_POINT('',(18.13008978365,27.974443692878,
    -57.02440698865));
#6912 = CARTESIAN_POINT('',(18.13008978365,28.487303756642,
    -56.69764738743));
#6913 = CARTESIAN_POINT('',(18.13008978365,28.970634607959,
    -56.37888550461));
#6914 = CARTESIAN_POINT('',(18.13008978365,29.428833054756,
    -56.06722764839));
#6915 = CARTESIAN_POINT('',(18.13008978365,29.865602999626,
    -55.76181652816));
#6916 = CARTESIAN_POINT('',(18.13008978365,30.284100026635,
    -55.46185156791));
#6917 = CARTESIAN_POINT('',(18.13008978365,31.449126126308,
    -54.60819566245));
#6918 = CARTESIAN_POINT('',(18.13008978365,32.503804118606,
    -53.78845891323));
#6919 = CARTESIAN_POINT('',(18.130089783649,33.162450216246,
    -53.26228481819));
#6920 = CARTESIAN_POINT('',(18.13008978365,33.801245803306,
    -52.74258670157));
#6921 = CARTESIAN_POINT('',(18.130089783649,34.42907040348,
    -52.22670121293));
#6922 = CARTESIAN_POINT('',(18.13008978365,35.053177342995,
    -51.71264326558));
#6923 = CARTESIAN_POINT('',(18.130089783649,35.679731109798,
    -51.19895497568));
#6924 = CARTESIAN_POINT('',(18.13008978365,36.314185644293,
    -50.68462863115));
#6925 = CARTESIAN_POINT('',(18.13008978365,37.608811087127,
    -49.65340429889));
#6926 = CARTESIAN_POINT('',(18.13008978365,38.973385254507,
    -48.61575426124));
#6927 = CARTESIAN_POINT('',(18.13008978365,39.677788040445,
    -48.09500180474));
#6928 = CARTESIAN_POINT('',(18.13008978365,40.408605024259,
    -47.57232531318));
#6929 = CARTESIAN_POINT('',(18.13008978365,41.169960174987,
    -47.04800849799));
#6930 = CARTESIAN_POINT('',(18.13008978365,41.965889128058,
    -46.52259570473));
#6931 = CARTESIAN_POINT('',(18.13008978365,42.800382384122,
    -45.99688611001));
#6932 = CARTESIAN_POINT('',(18.13008978365,43.677403389691,
    -45.47193361164));
#6933 = CARTESIAN_POINT('',(18.13008978365,46.4478660426,-43.90327261634
    ));
#6934 = CARTESIAN_POINT('',(18.130089783649,49.671644495358,
    -42.36723364972));
#6935 = CARTESIAN_POINT('',(18.130089783652,52.053520473129,
    -41.37018007559));
#6936 = CARTESIAN_POINT('',(18.130089783647,54.698715769842,
    -40.41658327769));
#6937 = CARTESIAN_POINT('',(18.130089783654,57.6369583491,
    -39.52682812297));
#6938 = CARTESIAN_POINT('',(18.130089783647,60.895984249406,
    -38.72486328894));
#6939 = CARTESIAN_POINT('',(18.130089783652,64.500750969709,
    -38.03724319492));
#6940 = CARTESIAN_POINT('',(18.130089783649,68.473258891267,
    -37.49199524061));
#6941 = CARTESIAN_POINT('',(18.13008978365,72.832812975537,
    -37.11783499302));
#6942 = CARTESIAN_POINT('',(18.13008978365,77.5963921023,-36.94356230969
    ));
#6943 = CARTESIAN_POINT('',(30.058003604513,-20.86271151981,1.));
#6944 = CARTESIAN_POINT('',(30.058003604514,-20.50482433183,
    -1.416956967077));
#6945 = CARTESIAN_POINT('',(30.058003604512,-20.16566963646,
    -3.71020938489));
#6946 = CARTESIAN_POINT('',(30.058003604515,-19.84344662378,
    -5.885021280799));
#6947 = CARTESIAN_POINT('',(30.05800360451,-19.53633922751,
    -7.947118297024));
#6948 = CARTESIAN_POINT('',(30.058003604517,-19.24250313718,
    -9.902833346804));
#6949 = CARTESIAN_POINT('',(30.05800360451,-18.96001394728,
    -11.75930960209));
#6950 = CARTESIAN_POINT('',(30.058003604515,-18.6868387593,
    -13.52481573227));
#6951 = CARTESIAN_POINT('',(30.058003604513,-18.42063448948,
    -15.20921927736));
#6952 = CARTESIAN_POINT('',(30.058003604514,-18.02754281474,
    -17.63259396955));
#6953 = CARTESIAN_POINT('',(30.058003604514,-17.63366826073,
    -19.93791309822));
#6954 = CARTESIAN_POINT('',(30.058003604512,-17.50172835047,
    -20.69527935935));
#6955 = CARTESIAN_POINT('',(30.058003604517,-17.368474562,
    -21.44387073738));
#6956 = CARTESIAN_POINT('',(30.058003604509,-17.23310026156,
    -22.1862902422));
#6957 = CARTESIAN_POINT('',(30.058003604518,-17.09460420078,
    -22.92551346895));
#6958 = CARTESIAN_POINT('',(30.058003604511,-16.95171106598,
    -23.66496428365));
#6959 = CARTESIAN_POINT('',(30.058003604514,-16.80275083464,
    -24.40861552582));
#6960 = CARTESIAN_POINT('',(30.058003604513,-16.48817022634,
    -25.91360311482));
#6961 = CARTESIAN_POINT('',(30.058003604513,-16.12744948627,
    -27.47544816173));
#6962 = CARTESIAN_POINT('',(30.058003604516,-15.93234919016,
    -28.27595594391));
#6963 = CARTESIAN_POINT('',(30.058003604509,-15.71836188835,
    -29.10215623818));
#6964 = CARTESIAN_POINT('',(30.058003604518,-15.48005057778,
    -29.96091253418));
#6965 = CARTESIAN_POINT('',(30.058003604511,-15.21019412091,
    -30.85994376227));
#6966 = CARTESIAN_POINT('',(30.058003604515,-14.89905479235,
    -31.80739533553));
#6967 = CARTESIAN_POINT('',(30.058003604513,-14.5334835169,
    -32.8116188055));
#6968 = CARTESIAN_POINT('',(30.058003604513,-13.8763003596,
    -34.4123270793));
#6969 = CARTESIAN_POINT('',(30.058003604513,-13.00744111326,
    -36.1541443422));
#6970 = CARTESIAN_POINT('',(30.058003604513,-12.6916108148,
    -36.75040385439));
#6971 = CARTESIAN_POINT('',(30.058003604515,-12.34666580255,
    -37.36189716054));
#6972 = CARTESIAN_POINT('',(30.058003604511,-11.96953624159,
    -37.98767829526));
#6973 = CARTESIAN_POINT('',(30.058003604515,-11.55708304721,
    -38.62613241304));
#6974 = CARTESIAN_POINT('',(30.058003604513,-11.10626052596,
    -39.27480465097));
#6975 = CARTESIAN_POINT('',(30.058003604513,-10.61439062087,
    -39.93026454696));
#6976 = CARTESIAN_POINT('',(30.058003604514,-9.544685178574,
    -41.24593372644));
#6977 = CARTESIAN_POINT('',(30.058003604512,-8.299574464729,
    -42.5502928966));
#6978 = CARTESIAN_POINT('',(30.058003604517,-7.632298864393,
    -43.19444304344));
#6979 = CARTESIAN_POINT('',(30.058003604506,-6.920504378841,
    -43.82456846606));
#6980 = CARTESIAN_POINT('',(30.058003604522,-6.165775863846,
    -44.43408245645));
#6981 = CARTESIAN_POINT('',(30.058003604506,-5.371385171345,
    -45.01614948096));
#6982 = CARTESIAN_POINT('',(30.058003604517,-4.54237373795,
    -45.56432147714));
#6983 = CARTESIAN_POINT('',(30.058003604512,-3.685254192098,
    -46.07321179595));
#6984 = CARTESIAN_POINT('',(30.058003604514,-1.929491435527,
    -47.0045718448));
#6985 = CARTESIAN_POINT('',(30.058003604513,-0.121072406576,
    -47.75359071092));
#6986 = CARTESIAN_POINT('',(30.058003604514,0.788703649515,
    -48.08014040634));
#6987 = CARTESIAN_POINT('',(30.058003604513,1.696204222876,
    -48.35790910176));
#6988 = CARTESIAN_POINT('',(30.058003604514,2.593931778937,
    -48.58773871032));
#6989 = CARTESIAN_POINT('',(30.058003604513,3.475369445661,
    -48.77193393663));
#6990 = CARTESIAN_POINT('',(30.058003604513,4.335316130026,
    -48.91379625074));
#6991 = CARTESIAN_POINT('',(30.058003604514,5.169912714026,
    -49.01713321471));
#6992 = CARTESIAN_POINT('',(30.058003604513,6.783099669145,
    -49.15474192406));
#6993 = CARTESIAN_POINT('',(30.058003604514,8.277758672795,
    -49.16994720392));
#6994 = CARTESIAN_POINT('',(30.058003604511,8.993827112597,
    -49.15088102829));
#6995 = CARTESIAN_POINT('',(30.058003604517,9.678028078112,
    -49.10902026917));
#6996 = CARTESIAN_POINT('',(30.05800360451,10.330591324974,
    -49.04794412555));
#6997 = CARTESIAN_POINT('',(30.058003604516,10.952334412878,
    -48.9708179932));
#6998 = CARTESIAN_POINT('',(30.058003604512,11.544453392649,
    -48.88037278664));
#6999 = CARTESIAN_POINT('',(30.058003604514,12.108372050044,
    -48.7789342742));
#7000 = CARTESIAN_POINT('',(30.058003604512,13.7201552467,
    -48.44751602635));
#7001 = CARTESIAN_POINT('',(30.058003604515,15.106307461207,
    -48.0495595734));
#7002 = CARTESIAN_POINT('',(30.058003604509,15.942827957324,
    -47.76781144691));
#7003 = CARTESIAN_POINT('',(30.058003604521,16.705185728211,
    -47.47765017076));
#7004 = CARTESIAN_POINT('',(30.058003604504,17.405114226737,
    -47.18352870024));
#7005 = CARTESIAN_POINT('',(30.05800360452,18.052504281367,
    -46.88806339544));
#7006 = CARTESIAN_POINT('',(30.05800360451,18.655651548061,
    -46.59263389427));
#7007 = CARTESIAN_POINT('',(30.058003604514,19.221480503599,
    -46.29794909247));
#7008 = CARTESIAN_POINT('',(30.058003604512,20.290137315268,
    -45.71061154383));
#7009 = CARTESIAN_POINT('',(30.058003604514,21.252426803152,
    -45.12742028462));
#7010 = CARTESIAN_POINT('',(30.05800360451,21.711888794301,
    -44.83688118059));
#7011 = CARTESIAN_POINT('',(30.058003604519,22.153668585255,
    -44.5471664084));
#7012 = CARTESIAN_POINT('',(30.058003604507,22.581067445939,
    -44.25795806249));
#7013 = CARTESIAN_POINT('',(30.058003604518,22.996848123714,
    -43.96892451926));
#7014 = CARTESIAN_POINT('',(30.058003604511,23.403354488523,
    -43.67974819846));
#7015 = CARTESIAN_POINT('',(30.058003604514,23.802598619185,
    -43.39013948773));
#7016 = CARTESIAN_POINT('',(30.058003604513,24.940990850708,
    -42.55080994963));
#7017 = CARTESIAN_POINT('',(30.058003604513,26.046042217284,
    -41.70397734409));
#7018 = CARTESIAN_POINT('',(30.058003604515,26.764978410423,
    -41.14537350936));
#7019 = CARTESIAN_POINT('',(30.05800360451,27.487582778686,
    -40.58115247767));
#7020 = CARTESIAN_POINT('',(30.058003604517,28.21990585061,
    -40.01087455001));
#7021 = CARTESIAN_POINT('',(30.05800360451,28.967008287178,
    -39.43449101039));
#7022 = CARTESIAN_POINT('',(30.058003604515,29.733287135411,
    -38.85225905472));
#7023 = CARTESIAN_POINT('',(30.058003604513,30.522705168995,
    -38.2646996049));
#7024 = CARTESIAN_POINT('',(30.058003604514,32.155137185442,
    -37.08039093844));
#7025 = CARTESIAN_POINT('',(30.058003604513,33.908587890198,
    -35.88140844824));
#7026 = CARTESIAN_POINT('',(30.058003604515,34.819024331028,
    -35.27917492373));
#7027 = CARTESIAN_POINT('',(30.058003604511,35.766425249776,
    -34.67531743499));
#7028 = CARTESIAN_POINT('',(30.058003604516,36.753935423441,
    -34.07112158175));
#7029 = CARTESIAN_POINT('',(30.058003604512,37.784643295899,
    -33.468029354));
#7030 = CARTESIAN_POINT('',(30.058003604514,38.861607132941,
    -32.86763612241));
#7031 = CARTESIAN_POINT('',(30.058003604513,39.987865942968,
    -32.27169077922));
#7032 = CARTESIAN_POINT('',(30.058003604513,43.523590906719,
    -30.50290534843));
#7033 = CARTESIAN_POINT('',(30.058003604513,47.557125787634,
    -28.80975169533));
#7034 = CARTESIAN_POINT('',(30.058003604513,50.49136716048,
    -27.73102360593));
#7035 = CARTESIAN_POINT('',(30.058003604514,53.694395049542,
    -26.72117880011));
#7036 = CARTESIAN_POINT('',(30.058003604512,57.189189014912,
    -25.80140481549));
#7037 = CARTESIAN_POINT('',(30.058003604515,60.99748481257,
    -24.99501862498));
#7038 = CARTESIAN_POINT('',(30.058003604512,65.139310319578,
    -24.32687902469));
#7039 = CARTESIAN_POINT('',(30.058003604514,69.632890667684,
    -23.82270048892));
#7040 = CARTESIAN_POINT('',(30.058003604513,74.494815281345,
    -23.50858220357));
#7041 = CARTESIAN_POINT('',(30.058003604513,79.740267848924,
    -23.41064760448));
#7042 = CARTESIAN_POINT('',(32.227986812885,-4.196053620783,1.));
#7043 = CARTESIAN_POINT('',(32.227986812886,-3.838166432804,
    -1.405370742484));
#7044 = CARTESIAN_POINT('',(32.227986812885,-3.499020686807,
    -3.678217601819));
#7045 = CARTESIAN_POINT('',(32.227986812887,-3.176838464547,
    -5.822188401164));
#7046 = CARTESIAN_POINT('',(32.227986812882,-2.86985638697,
    -7.841025235048));
#7047 = CARTESIAN_POINT('',(32.22798681289,-2.5763285429,-9.738594527647
    ));
#7048 = CARTESIAN_POINT('',(32.227986812881,-2.294523720441,
    -11.51893021174));
#7049 = CARTESIAN_POINT('',(32.227986812888,-2.022731686826,
    -13.18629879388));
#7050 = CARTESIAN_POINT('',(32.227986812884,-1.759240338114,
    -14.74530313483));
#7051 = CARTESIAN_POINT('',(32.227986812886,-1.373877004681,
    -16.92893045361));
#7052 = CARTESIAN_POINT('',(32.227986812885,-0.999048405302,
    -18.89374089903));
#7053 = CARTESIAN_POINT('',(32.227986812886,-0.875038513886,
    -19.52511482048));
#7054 = CARTESIAN_POINT('',(32.227986812885,-0.751712654302,
    -20.1337316161));
#7055 = CARTESIAN_POINT('',(32.227986812886,-0.628804867283,
    -20.72046423568));
#7056 = CARTESIAN_POINT('',(32.227986812885,-0.506023929232,
    -21.28626868332));
#7057 = CARTESIAN_POINT('',(32.227986812886,-0.383040118557,
    -21.8322024138));
#7058 = CARTESIAN_POINT('',(32.227986812885,-0.259464577345,
    -22.35944938002));
#7059 = CARTESIAN_POINT('',(32.227986812886,-1.016276732253E-02,
    -23.37925467028));
#7060 = CARTESIAN_POINT('',(32.227986812885,0.246028255919,
    -24.33578878341));
#7061 = CARTESIAN_POINT('',(32.227986812887,0.376493031823,
    -24.79976438366));
#7062 = CARTESIAN_POINT('',(32.227986812882,0.510137125469,
    -25.25116031106));
#7063 = CARTESIAN_POINT('',(32.227986812889,0.648003499472,
    -25.69189111385));
#7064 = CARTESIAN_POINT('',(32.227986812883,0.79146453973,
    -26.12411312025));
#7065 = CARTESIAN_POINT('',(32.227986812886,0.942387100821,
    -26.55016536066));
#7066 = CARTESIAN_POINT('',(32.227986812885,1.103322523278,
    -26.97255903068));
#7067 = CARTESIAN_POINT('',(32.227986812885,1.365211490387,
    -27.6040410558));
#7068 = CARTESIAN_POINT('',(32.227986812885,1.668130858805,
    -28.23482550785));
#7069 = CARTESIAN_POINT('',(32.227986812885,1.774235239656,
    -28.4451464416));
#7070 = CARTESIAN_POINT('',(32.227986812887,1.886101558252,
    -28.6555917699));
#7071 = CARTESIAN_POINT('',(32.227986812882,2.004414213972,
    -28.8661260106));
#7072 = CARTESIAN_POINT('',(32.227986812889,2.129897214996,
    -29.0765805725));
#7073 = CARTESIAN_POINT('',(32.227986812883,2.263287707114,
    -29.28661280805));
#7074 = CARTESIAN_POINT('',(32.227986812886,2.405285493215,
    -29.49566801866));
#7075 = CARTESIAN_POINT('',(32.227986812885,2.707668886931,
    -29.91025943644));
#7076 = CARTESIAN_POINT('',(32.227986812886,3.048428829477,
    -30.31387917144));
#7077 = CARTESIAN_POINT('',(32.227986812884,3.228803240462,
    -30.51196276826));
#7078 = CARTESIAN_POINT('',(32.227986812888,3.419385480089,
    -30.7051348383));
#7079 = CARTESIAN_POINT('',(32.227986812881,3.620130739921,
    -30.89203723614));
#7080 = CARTESIAN_POINT('',(32.22798681289,3.830661328028,
    -31.07119686501));
#7081 = CARTESIAN_POINT('',(32.227986812882,4.050225597821,
    -31.24115166308));
#7082 = CARTESIAN_POINT('',(32.227986812886,4.277732761919,
    -31.40059878546));
#7083 = CARTESIAN_POINT('',(32.227986812885,4.746001505474,
    -31.69640013018));
#7084 = CARTESIAN_POINT('',(32.227986812886,5.235074751876,
    -31.94308342261));
#7085 = CARTESIAN_POINT('',(32.227986812884,5.483386445728,
    -32.0534126153));
#7086 = CARTESIAN_POINT('',(32.227986812888,5.733938194449,
    -32.15030230367));
#7087 = CARTESIAN_POINT('',(32.227986812882,5.985201359089,
    -32.23367615293));
#7088 = CARTESIAN_POINT('',(32.227986812888,6.235790449496,
    -32.30379217911));
#7089 = CARTESIAN_POINT('',(32.227986812884,6.484548943051,
    -32.36116096816));
#7090 = CARTESIAN_POINT('',(32.227986812886,6.730573347127,
    -32.40644709049));
#7091 = CARTESIAN_POINT('',(32.227986812885,7.215822422414,
    -32.47435046663));
#7092 = CARTESIAN_POINT('',(32.227986812886,7.68564966213,
    -32.50001602584));
#7093 = CARTESIAN_POINT('',(32.227986812884,7.916252180445,
    -32.50306438272));
#7094 = CARTESIAN_POINT('',(32.227986812888,8.142297720724,
    -32.49713068535));
#7095 = CARTESIAN_POINT('',(32.227986812882,8.363721385062,
    -32.48298936787));
#7096 = CARTESIAN_POINT('',(32.227986812888,8.580593384189,
    -32.46135333626));
#7097 = CARTESIAN_POINT('',(32.227986812884,8.793077345676,
    -32.43286177487));
#7098 = CARTESIAN_POINT('',(32.227986812886,9.001398596024,
    -32.39808034075));
#7099 = CARTESIAN_POINT('',(32.227986812885,9.614664643872,
    -32.2763537501));
#7100 = CARTESIAN_POINT('',(32.227986812886,10.195399946775,
    -32.10637686717));
#7101 = CARTESIAN_POINT('',(32.227986812883,10.57037628598,
    -31.97507795271));
#7102 = CARTESIAN_POINT('',(32.227986812889,10.935790327384,
    -31.82825440055));
#7103 = CARTESIAN_POINT('',(32.227986812881,11.294055041906,
    -31.6675720717));
#7104 = CARTESIAN_POINT('',(32.227986812889,11.647279590316,
    -31.49425367925));
#7105 = CARTESIAN_POINT('',(32.227986812884,11.997296627994,
    -31.30920999131));
#7106 = CARTESIAN_POINT('',(32.227986812886,12.345686143422,
    -31.11316325859));
#7107 = CARTESIAN_POINT('',(32.227986812884,13.041954306701,
    -30.70024602707));
#7108 = CARTESIAN_POINT('',(32.227986812886,13.741989421917,
    -30.2477033995));
#7109 = CARTESIAN_POINT('',(32.227986812881,14.094145984829,
    -30.01203116438));
#7110 = CARTESIAN_POINT('',(32.227986812894,14.449464060738,
    -29.76737755088));
#7111 = CARTESIAN_POINT('',(32.227986812875,14.808827506744,
    -29.51411799055));
#7112 = CARTESIAN_POINT('',(32.227986812894,15.173011406496,
    -29.25260455699));
#7113 = CARTESIAN_POINT('',(32.227986812881,15.54270529251,
    -28.98317617112));
#7114 = CARTESIAN_POINT('',(32.227986812886,15.918530289116,
    -28.70616475441));
#7115 = CARTESIAN_POINT('',(32.227986812885,17.024525206624,
    -27.88426174328));
#7116 = CARTESIAN_POINT('',(32.227986812886,18.190850512654,
    -27.00446986345));
#7117 = CARTESIAN_POINT('',(32.227986812884,18.983123299075,
    -26.40641864337));
#7118 = CARTESIAN_POINT('',(32.227986812887,19.8076722811,
    -25.78804014376));
#7119 = CARTESIAN_POINT('',(32.227986812883,20.667106810692,
    -25.15159950487));
#7120 = CARTESIAN_POINT('',(32.227986812888,21.56382040091,
    -24.49940340313));
#7121 = CARTESIAN_POINT('',(32.227986812883,22.500060191869,
    -23.83379524946));
#7122 = CARTESIAN_POINT('',(32.227986812886,23.477975108915,
    -23.15715538914));
#7123 = CARTESIAN_POINT('',(32.227986812885,25.521313478889,
    -21.78663564669));
#7124 = CARTESIAN_POINT('',(32.227986812885,27.747791804854,
    -20.39140910751));
#7125 = CARTESIAN_POINT('',(32.227986812886,28.908846630435,
    -19.69006238878));
#7126 = CARTESIAN_POINT('',(32.227986812884,30.119699245753,
    -18.9874567106));
#7127 = CARTESIAN_POINT('',(32.227986812887,31.3823033432,
    -18.28609636497));
#7128 = CARTESIAN_POINT('',(32.227986812884,32.698595207144,
    -17.58851523242));
#7129 = CARTESIAN_POINT('',(32.227986812886,34.070499137289,
    -16.89727717043));
#7130 = CARTESIAN_POINT('',(32.227986812885,35.499929659735,
    -16.2149764592));
#7131 = CARTESIAN_POINT('',(32.227986812886,39.96651615847,
    -14.20276059079));
#7132 = CARTESIAN_POINT('',(32.227986812885,44.985035012835,
    -12.31849335984));
#7133 = CARTESIAN_POINT('',(32.227986812886,48.591171097155,
    -11.14041676788));
#7134 = CARTESIAN_POINT('',(32.227986812885,52.4727439711,
    -10.06215214542));
#7135 = CARTESIAN_POINT('',(32.227986812886,56.64452446812,
    -9.105863394974));
#7136 = CARTESIAN_POINT('',(32.227986812885,61.120949628054,
    -8.294099086883));
#7137 = CARTESIAN_POINT('',(32.227986812885,65.916050958947,
    -7.649655469074));
#7138 = CARTESIAN_POINT('',(32.227986812885,71.043461396315,
    -7.195433584025));
#7139 = CARTESIAN_POINT('',(32.227986812885,76.516467198088,
    -6.954350063798));
#7140 = CARTESIAN_POINT('',(32.227986812885,82.348068390036,
    -6.94927275725));
#7141 = ADVANCED_FACE('',(#7142),#7160,.F.);
#7142 = FACE_BOUND('',#7143,.F.);
#7143 = EDGE_LOOP('',(#7144,#7145,#7153,#7159));
#7144 = ORIENTED_EDGE('',*,*,#4671,.F.);
#7145 = ORIENTED_EDGE('',*,*,#7146,.T.);
#7146 = EDGE_CURVE('',#4672,#7147,#7149,.T.);
#7147 = VERTEX_POINT('',#7148);
#7148 = CARTESIAN_POINT('',(-8.986433274943,3.730538432317,-9.6));
#7149 = LINE('',#7150,#7151);
#7150 = CARTESIAN_POINT('',(-8.986433274943,3.730538432317,-7.));
#7151 = VECTOR('',#7152,1.);
#7152 = DIRECTION('',(0.,0.,-1.));
#7153 = ORIENTED_EDGE('',*,*,#7154,.T.);
#7154 = EDGE_CURVE('',#7147,#6358,#7155,.T.);
#7155 = LINE('',#7156,#7157);
#7156 = CARTESIAN_POINT('',(-8.986433274943,3.730538432317,-9.6));
#7157 = VECTOR('',#7158,1.);
#7158 = DIRECTION('',(-0.383405799827,-0.923579987147,0.));
#7159 = ORIENTED_EDGE('',*,*,#6366,.F.);
#7160 = PLANE('',#7161);
#7161 = AXIS2_PLACEMENT_3D('',#7162,#7163,#7164);
#7162 = CARTESIAN_POINT('',(-8.986433274943,3.730538432317,-7.));
#7163 = DIRECTION('',(-0.923579987147,0.383405799827,0.));
#7164 = DIRECTION('',(-0.383405799827,-0.923579987147,0.));
#7165 = ADVANCED_FACE('',(#7166),#7185,.T.);
#7166 = FACE_BOUND('',#7167,.T.);
#7167 = EDGE_LOOP('',(#7168,#7169,#7177,#7184));
#7168 = ORIENTED_EDGE('',*,*,#4696,.F.);
#7169 = ORIENTED_EDGE('',*,*,#7170,.T.);
#7170 = EDGE_CURVE('',#4689,#7171,#7173,.T.);
#7171 = VERTEX_POINT('',#7172);
#7172 = CARTESIAN_POINT('',(11.51021851222,-2.34896672399,-9.6));
#7173 = LINE('',#7174,#7175);
#7174 = CARTESIAN_POINT('',(11.51021851222,-2.34896672399,-7.));
#7175 = VECTOR('',#7176,1.);
#7176 = DIRECTION('',(0.,0.,-1.));
#7177 = ORIENTED_EDGE('',*,*,#7178,.T.);
#7178 = EDGE_CURVE('',#7171,#6382,#7179,.T.);
#7179 = CIRCLE('',#7180,24.243242601828);
#7180 = AXIS2_PLACEMENT_3D('',#7181,#7182,#7183);
#7181 = CARTESIAN_POINT('',(33.900792202825,6.946033096164,-9.6));
#7182 = DIRECTION('',(0.,0.,1.));
#7183 = DIRECTION('',(-1.,0.,0.));
#7184 = ORIENTED_EDGE('',*,*,#6436,.F.);
#7185 = CYLINDRICAL_SURFACE('',#7186,24.243242601828);
#7186 = AXIS2_PLACEMENT_3D('',#7187,#7188,#7189);
#7187 = CARTESIAN_POINT('',(33.900792202825,6.946033096164,-7.));
#7188 = DIRECTION('',(0.,0.,1.));
#7189 = DIRECTION('',(-1.,0.,0.));
#7190 = ADVANCED_FACE('',(#7191),#7210,.F.);
#7191 = FACE_BOUND('',#7192,.F.);
#7192 = EDGE_LOOP('',(#7193,#7194,#7202,#7209));
#7193 = ORIENTED_EDGE('',*,*,#4679,.F.);
#7194 = ORIENTED_EDGE('',*,*,#7195,.T.);
#7195 = EDGE_CURVE('',#4680,#7196,#7198,.T.);
#7196 = VERTEX_POINT('',#7197);
#7197 = CARTESIAN_POINT('',(8.986433274943,3.730538432317,-9.6));
#7198 = LINE('',#7199,#7200);
#7199 = CARTESIAN_POINT('',(8.986433274943,3.730538432317,-7.));
#7200 = VECTOR('',#7201,1.);
#7201 = DIRECTION('',(0.,0.,-1.));
#7202 = ORIENTED_EDGE('',*,*,#7203,.T.);
#7203 = EDGE_CURVE('',#7196,#7147,#7204,.T.);
#7204 = CIRCLE('',#7205,9.73);
#7205 = AXIS2_PLACEMENT_3D('',#7206,#7207,#7208);
#7206 = CARTESIAN_POINT('',(-7.639244598043E-24,0.,-9.6));
#7207 = DIRECTION('',(0.,0.,1.));
#7208 = DIRECTION('',(-1.,0.,0.));
#7209 = ORIENTED_EDGE('',*,*,#7146,.F.);
#7210 = CYLINDRICAL_SURFACE('',#7211,9.73);
#7211 = AXIS2_PLACEMENT_3D('',#7212,#7213,#7214);
#7212 = CARTESIAN_POINT('',(-7.639244598043E-24,0.,-7.));
#7213 = DIRECTION('',(0.,0.,1.));
#7214 = DIRECTION('',(-1.,0.,0.));
#7215 = ADVANCED_FACE('',(#7216),#7227,.T.);
#7216 = FACE_BOUND('',#7217,.T.);
#7217 = EDGE_LOOP('',(#7218,#7219,#7220,#7226));
#7218 = ORIENTED_EDGE('',*,*,#4688,.F.);
#7219 = ORIENTED_EDGE('',*,*,#7195,.T.);
#7220 = ORIENTED_EDGE('',*,*,#7221,.T.);
#7221 = EDGE_CURVE('',#7196,#7171,#7222,.T.);
#7222 = LINE('',#7223,#7224);
#7223 = CARTESIAN_POINT('',(8.986433274943,3.730538432317,-9.6));
#7224 = VECTOR('',#7225,1.);
#7225 = DIRECTION('',(0.383405799827,-0.923579987147,0.));
#7226 = ORIENTED_EDGE('',*,*,#7170,.F.);
#7227 = PLANE('',#7228);
#7228 = AXIS2_PLACEMENT_3D('',#7229,#7230,#7231);
#7229 = CARTESIAN_POINT('',(8.986433274943,3.730538432317,-7.));
#7230 = DIRECTION('',(-0.923579987147,-0.383405799827,0.));
#7231 = DIRECTION('',(0.383405799827,-0.923579987147,6.162975822039E-33)
  );
#7232 = ADVANCED_FACE('',(#7233),#7252,.F.);
#7233 = FACE_BOUND('',#7234,.T.);
#7234 = EDGE_LOOP('',(#7235,#7243,#7244,#7245));
#7235 = ORIENTED_EDGE('',*,*,#7236,.F.);
#7236 = EDGE_CURVE('',#4789,#7237,#7239,.T.);
#7237 = VERTEX_POINT('',#7238);
#7238 = CARTESIAN_POINT('',(25.182337121007,-10.20201699501,-8.4));
#7239 = LINE('',#7240,#7241);
#7240 = CARTESIAN_POINT('',(25.182337121007,-10.20201699501,-8.4));
#7241 = VECTOR('',#7242,1.);
#7242 = DIRECTION('',(0.707106781187,0.,-0.707106781187));
#7243 = ORIENTED_EDGE('',*,*,#4788,.T.);
#7244 = ORIENTED_EDGE('',*,*,#7236,.T.);
#7245 = ORIENTED_EDGE('',*,*,#7246,.F.);
#7246 = EDGE_CURVE('',#7237,#7237,#7247,.T.);
#7247 = CIRCLE('',#7248,1.55);
#7248 = AXIS2_PLACEMENT_3D('',#7249,#7250,#7251);
#7249 = CARTESIAN_POINT('',(26.732337121007,-10.20201699501,-8.4));
#7250 = DIRECTION('',(0.,0.,1.));
#7251 = DIRECTION('',(-1.,0.,0.));
#7252 = CONICAL_SURFACE('',#7253,1.55,0.785398163397);
#7253 = AXIS2_PLACEMENT_3D('',#7254,#7255,#7256);
#7254 = CARTESIAN_POINT('',(26.732337121007,-10.20201699501,-8.4));
#7255 = DIRECTION('',(0.,0.,1.));
#7256 = DIRECTION('',(-1.,0.,0.));
#7257 = ADVANCED_FACE('',(#7258),#7277,.F.);
#7258 = FACE_BOUND('',#7259,.F.);
#7259 = EDGE_LOOP('',(#7260,#7268,#7269,#7270));
#7260 = ORIENTED_EDGE('',*,*,#7261,.F.);
#7261 = EDGE_CURVE('',#4806,#7262,#7264,.T.);
#7262 = VERTEX_POINT('',#7263);
#7263 = CARTESIAN_POINT('',(-28.282337121,-10.20201699501,-9.6));
#7264 = LINE('',#7265,#7266);
#7265 = CARTESIAN_POINT('',(-28.282337121,-10.20201699501,-1.479188));
#7266 = VECTOR('',#7267,1.);
#7267 = DIRECTION('',(0.,0.,-1.));
#7268 = ORIENTED_EDGE('',*,*,#4815,.F.);
#7269 = ORIENTED_EDGE('',*,*,#7261,.T.);
#7270 = ORIENTED_EDGE('',*,*,#7271,.T.);
#7271 = EDGE_CURVE('',#7262,#7262,#7272,.T.);
#7272 = CIRCLE('',#7273,1.55);
#7273 = AXIS2_PLACEMENT_3D('',#7274,#7275,#7276);
#7274 = CARTESIAN_POINT('',(-26.732337121,-10.20201699501,-9.6));
#7275 = DIRECTION('',(0.,0.,1.));
#7276 = DIRECTION('',(-1.,0.,0.));
#7277 = CYLINDRICAL_SURFACE('',#7278,1.55);
#7278 = AXIS2_PLACEMENT_3D('',#7279,#7280,#7281);
#7279 = CARTESIAN_POINT('',(-26.732337121,-10.20201699501,-1.479188));
#7280 = DIRECTION('',(0.,0.,1.));
#7281 = DIRECTION('',(-1.,0.,0.));
#7282 = ADVANCED_FACE('',(#7283,#7297,#7300),#7311,.F.);
#7283 = FACE_BOUND('',#7284,.F.);
#7284 = EDGE_LOOP('',(#7285,#7286,#7287,#7288,#7289,#7290,#7291,#7292,
    #7293,#7294,#7295,#7296));
#7285 = ORIENTED_EDGE('',*,*,#6381,.F.);
#7286 = ORIENTED_EDGE('',*,*,#6261,.T.);
#7287 = ORIENTED_EDGE('',*,*,#5311,.T.);
#7288 = ORIENTED_EDGE('',*,*,#4947,.T.);
#7289 = ORIENTED_EDGE('',*,*,#4839,.T.);
#7290 = ORIENTED_EDGE('',*,*,#4964,.F.);
#7291 = ORIENTED_EDGE('',*,*,#5341,.F.);
#7292 = ORIENTED_EDGE('',*,*,#6357,.T.);
#7293 = ORIENTED_EDGE('',*,*,#7154,.F.);
#7294 = ORIENTED_EDGE('',*,*,#7203,.F.);
#7295 = ORIENTED_EDGE('',*,*,#7221,.T.);
#7296 = ORIENTED_EDGE('',*,*,#7178,.T.);
#7297 = FACE_BOUND('',#7298,.F.);
#7298 = EDGE_LOOP('',(#7299));
#7299 = ORIENTED_EDGE('',*,*,#7271,.F.);
#7300 = FACE_BOUND('',#7301,.F.);
#7301 = EDGE_LOOP('',(#7302));
#7302 = ORIENTED_EDGE('',*,*,#7303,.F.);
#7303 = EDGE_CURVE('',#7304,#7304,#7306,.T.);
#7304 = VERTEX_POINT('',#7305);
#7305 = CARTESIAN_POINT('',(25.182337121007,-10.20201699501,-9.6));
#7306 = CIRCLE('',#7307,1.55);
#7307 = AXIS2_PLACEMENT_3D('',#7308,#7309,#7310);
#7308 = CARTESIAN_POINT('',(26.732337121007,-10.20201699501,-9.6));
#7309 = DIRECTION('',(0.,0.,1.));
#7310 = DIRECTION('',(-1.,0.,0.));
#7311 = PLANE('',#7312);
#7312 = AXIS2_PLACEMENT_3D('',#7313,#7314,#7315);
#7313 = CARTESIAN_POINT('',(0.,0.,-9.6));
#7314 = DIRECTION('',(0.,0.,1.));
#7315 = DIRECTION('',(1.,0.,0.));
#7316 = ADVANCED_FACE('',(#7317),#7328,.F.);
#7317 = FACE_BOUND('',#7318,.F.);
#7318 = EDGE_LOOP('',(#7319,#7325,#7326,#7327));
#7319 = ORIENTED_EDGE('',*,*,#7320,.F.);
#7320 = EDGE_CURVE('',#7237,#7304,#7321,.T.);
#7321 = LINE('',#7322,#7323);
#7322 = CARTESIAN_POINT('',(25.182337121007,-10.20201699501,-1.479188));
#7323 = VECTOR('',#7324,1.);
#7324 = DIRECTION('',(0.,0.,-1.));
#7325 = ORIENTED_EDGE('',*,*,#7246,.F.);
#7326 = ORIENTED_EDGE('',*,*,#7320,.T.);
#7327 = ORIENTED_EDGE('',*,*,#7303,.T.);
#7328 = CYLINDRICAL_SURFACE('',#7329,1.55);
#7329 = AXIS2_PLACEMENT_3D('',#7330,#7331,#7332);
#7330 = CARTESIAN_POINT('',(26.732337121007,-10.20201699501,-1.479188));
#7331 = DIRECTION('',(0.,0.,1.));
#7332 = DIRECTION('',(-1.,0.,0.));
#7333 = ( GEOMETRIC_REPRESENTATION_CONTEXT(3) 
GLOBAL_UNCERTAINTY_ASSIGNED_CONTEXT((#7337)) 
GLOBAL_UNIT_ASSIGNED_CONTEXT((#7334,#7335,#7336)) REPRESENTATION_CONTEXT
('Context #1','3D Context with UNIT and UNCERTAINTY') );
#7334 = ( LENGTH_UNIT() NAMED_UNIT(*) SI_UNIT(.MILLI.,.METRE.) );
#7335 = ( NAMED_UNIT(*) PLANE_ANGLE_UNIT() SI_UNIT($,.RADIAN.) );
#7336 = ( NAMED_UNIT(*) SI_UNIT($,.STERADIAN.) SOLID_ANGLE_UNIT() );
#7337 = UNCERTAINTY_MEASURE_WITH_UNIT(LENGTH_MEASURE(5.E-05),#7334,
  'distance_accuracy_value','confusion accuracy');
#7338 = PRODUCT_RELATED_PRODUCT_CATEGORY('part',$,(#7));
#7339 = MECHANICAL_DESIGN_GEOMETRIC_PRESENTATION_REPRESENTATION('',(
    #7340,#7353),#7333);
#7340 = STYLED_ITEM('color',(#7341),#15);
#7341 = PRESENTATION_STYLE_ASSIGNMENT((#7342,#7350));
#7342 = SURFACE_STYLE_USAGE(.BOTH.,#7343);
#7343 = SURFACE_SIDE_STYLE('',(#7344,#7348));
#7344 = SURFACE_STYLE_FILL_AREA(#7345);
#7345 = FILL_AREA_STYLE('',(#7346));
#7346 = FILL_AREA_STYLE_COLOUR('',#7347);
#7347 = COLOUR_RGB('',0.211764712168,0.521568656154,0.450980401079);
#7348 = SURFACE_STYLE_RENDERING_WITH_PROPERTIES(.NORMAL_SHADING.,#7347,(
    #7349));
#7349 = SURFACE_STYLE_TRANSPARENT(0.699999988079);
#7350 = CURVE_STYLE('',#7351,POSITIVE_LENGTH_MEASURE(0.1),#7352);
#7351 = DRAUGHTING_PRE_DEFINED_CURVE_FONT('continuous');
#7352 = COLOUR_RGB('',9.803921802644E-02,9.803921802644E-02,
  9.803921802644E-02);
#7353 = STYLED_ITEM('color',(#7354),#4568);
#7354 = PRESENTATION_STYLE_ASSIGNMENT((#7355,#7362));
#7355 = SURFACE_STYLE_USAGE(.BOTH.,#7356);
#7356 = SURFACE_SIDE_STYLE('',(#7357,#7360));
#7357 = SURFACE_STYLE_FILL_AREA(#7358);
#7358 = FILL_AREA_STYLE('',(#7359));
#7359 = FILL_AREA_STYLE_COLOUR('',#7347);
#7360 = SURFACE_STYLE_RENDERING_WITH_PROPERTIES(.NORMAL_SHADING.,#7347,(
    #7361));
#7361 = SURFACE_STYLE_TRANSPARENT(0.699999988079);
#7362 = CURVE_STYLE('',#7363,POSITIVE_LENGTH_MEASURE(0.1),#7352);
#7363 = DRAUGHTING_PRE_DEFINED_CURVE_FONT('continuous');
ENDSEC;
END-ISO-10303-21;
