solid OpenSCAD_Model
  facet normal 0 0 -1
    outer loop
      vertex 140.298 -164.428 0
      vertex 140.461 -163.608 0
      vertex 140.426 -164.064 0
    endloop
  endfacet
  facet normal 0 0 -1
    outer loop
      vertex 101.75 -159.4 0
      vertex 140.461 -163.608 0
      vertex 140.298 -164.428 0
    endloop
  endfacet
  facet normal 0 0 -1
    outer loop
      vertex 133.654 -175.82 0
      vertex 140.298 -164.428 0
      vertex 135.088 -174.931 0
    endloop
  endfacet
  facet normal 0 0 -1
    outer loop
      vertex 140.683 -103.522 0
      vertex 140.59 -102.762 0
      vertex 140.683 -103.137 0
    endloop
  endfacet
  facet normal 0 0 -1
    outer loop
      vertex 140.683 -103.522 0
      vertex 140.411 -102.421 0
      vertex 140.59 -102.762 0
    endloop
  endfacet
  facet normal 0 0 -1
    outer loop
      vertex 140.683 -103.522 0
      vertex 140.236 -102.21 0
      vertex 140.411 -102.421 0
    endloop
  endfacet
  facet normal 0 0 -1
    outer loop
      vertex 105.363 -99.5125 0
      vertex 140.683 -103.522 0
      vertex 137.931 -126.37 0
    endloop
  endfacet
  facet normal 0 0 -1
    outer loop
      vertex 133.654 -175.82 0
      vertex 135.088 -174.931 0
      vertex 134.971 -175.129 0
    endloop
  endfacet
  facet normal 0 0 -1
    outer loop
      vertex 133.654 -175.82 0
      vertex 134.971 -175.129 0
      vertex 134.715 -175.417 0
    endloop
  endfacet
  facet normal 0 0 -1
    outer loop
      vertex 133.654 -175.82 0
      vertex 134.715 -175.417 0
      vertex 134.398 -175.636 0
    endloop
  endfacet
  facet normal 0 0 -1
    outer loop
      vertex 133.654 -175.82 0
      vertex 134.398 -175.636 0
      vertex 134.037 -175.773 0
    endloop
  endfacet
  facet normal -0 0 -1
    outer loop
      vertex 140.298 -164.428 0
      vertex 133.654 -175.82 0
      vertex 101.75 -159.4 0
    endloop
  endfacet
  facet normal 0 -0 -1
    outer loop
      vertex 105.428 -99.415 0
      vertex 140.683 -103.522 0
      vertex 105.363 -99.5125 0
    endloop
  endfacet
  facet normal 0 0 -1
    outer loop
      vertex 140.461 -163.608 0
      vertex 101.75 -149.5 0
      vertex 137.931 -126.37 0
    endloop
  endfacet
  facet normal 0 0 -1
    outer loop
      vertex 140.236 -102.21 0
      vertex 105.45 -99.3049 0
      vertex 105.45 -98.6453 0
    endloop
  endfacet
  facet normal 0 0 -1
    outer loop
      vertex 140.236 -102.21 0
      vertex 105.45 -98.6453 0
      vertex 105.45 -96.3547 0
    endloop
  endfacet
  facet normal 0 0 -1
    outer loop
      vertex 140.236 -102.21 0
      vertex 105.45 -96.3547 0
      vertex 105.45 -95.6951 0
    endloop
  endfacet
  facet normal 0 0 -1
    outer loop
      vertex 105.428 -95.585 0
      vertex 140.236 -102.21 0
      vertex 105.45 -95.6951 0
    endloop
  endfacet
  facet normal 0 0 -1
    outer loop
      vertex 140.236 -102.21 0
      vertex 105.428 -95.585 0
      vertex 112.119 -73.5753 0
    endloop
  endfacet
  facet normal 0 0 -1
    outer loop
      vertex 140.236 -102.21 0
      vertex 105.428 -99.415 0
      vertex 105.45 -99.3049 0
    endloop
  endfacet
  facet normal 0 0 -1
    outer loop
      vertex 99.8633 -141.787 0
      vertex 137.931 -126.37 0
      vertex 99.9279 -141.885 0
    endloop
  endfacet
  facet normal 0 0 -1
    outer loop
      vertex 140.683 -103.522 0
      vertex 105.428 -99.415 0
      vertex 140.236 -102.21 0
    endloop
  endfacet
  facet normal 0 0 -1
    outer loop
      vertex 96.8782 -138.085 0
      vertex 137.931 -126.37 0
      vertex 99.8633 -141.787 0
    endloop
  endfacet
  facet normal 0 0 -1
    outer loop
      vertex 137.931 -126.37 0
      vertex 105.266 -99.5784 0
      vertex 105.363 -99.5125 0
    endloop
  endfacet
  facet normal 0 0 -1
    outer loop
      vertex 96.8124 -137.987 0
      vertex 137.931 -126.37 0
      vertex 96.8782 -138.085 0
    endloop
  endfacet
  facet normal 0 0 -1
    outer loop
      vertex 92.0693 -126.37 0
      vertex 137.931 -126.37 0
      vertex 96.8124 -137.987 0
    endloop
  endfacet
  facet normal 0 0 -1
    outer loop
      vertex 137.931 -126.37 0
      vertex 92.0693 -126.37 0
      vertex 105.266 -99.5784 0
    endloop
  endfacet
  facet normal 0 0 -1
    outer loop
      vertex 100.304 -90.32 0
      vertex 103.55 -98.6453 0
      vertex 103.55 -99.3049 0
    endloop
  endfacet
  facet normal 0 0 -1
    outer loop
      vertex 103.55 -98.6453 0
      vertex 100.465 -90.4738 0
      vertex 103.55 -96.3547 0
    endloop
  endfacet
  facet normal -0 -0 -1
    outer loop
      vertex 100.64 -90.6065 0
      vertex 103.55 -96.3547 0
      vertex 100.465 -90.4738 0
    endloop
  endfacet
  facet normal 0 0 -1
    outer loop
      vertex 103.55 -95.6951 0
      vertex 103.289 -90.32 0
      vertex 103.433 -90.1498 0
    endloop
  endfacet
  facet normal 0 0 -1
    outer loop
      vertex 103.55 -95.6951 0
      vertex 103.128 -90.473 0
      vertex 103.289 -90.32 0
    endloop
  endfacet
  facet normal 0 0 -1
    outer loop
      vertex 103.55 -95.6951 0
      vertex 102.952 -90.6065 0
      vertex 103.128 -90.473 0
    endloop
  endfacet
  facet normal 0 0 -1
    outer loop
      vertex 103.55 -95.6951 0
      vertex 102.759 -90.7224 0
      vertex 102.952 -90.6065 0
    endloop
  endfacet
  facet normal 0 0 -1
    outer loop
      vertex 103.55 -95.6951 0
      vertex 102.557 -90.8163 0
      vertex 102.759 -90.7224 0
    endloop
  endfacet
  facet normal 0 0 -1
    outer loop
      vertex 103.55 -95.6951 0
      vertex 102.348 -90.8863 0
      vertex 102.557 -90.8163 0
    endloop
  endfacet
  facet normal 0 0 -1
    outer loop
      vertex 103.55 -95.6951 0
      vertex 102.129 -90.9344 0
      vertex 102.348 -90.8863 0
    endloop
  endfacet
  facet normal 0 0 -1
    outer loop
      vertex 103.55 -95.6951 0
      vertex 101.907 -90.9586 0
      vertex 102.129 -90.9344 0
    endloop
  endfacet
  facet normal 0 0 -1
    outer loop
      vertex 140.461 -163.608 0
      vertex 101.75 -152.5 0
      vertex 101.75 -149.5 0
    endloop
  endfacet
  facet normal 0 0 -1
    outer loop
      vertex 140.461 -163.608 0
      vertex 101.75 -159.4 0
      vertex 101.75 -152.5 0
    endloop
  endfacet
  facet normal 0 0 -1
    outer loop
      vertex 101.75 -159.4 0
      vertex 133.654 -175.82 0
      vertex 101.75 -162.4 0
    endloop
  endfacet
  facet normal 0 0 -1
    outer loop
      vertex 96.3457 -175.82 0
      vertex 101.75 -162.4 0
      vertex 133.654 -175.82 0
    endloop
  endfacet
  facet normal 0 0 -1
    outer loop
      vertex 94.9124 -174.931 0
      vertex 101.75 -162.4 0
      vertex 96.3457 -175.82 0
    endloop
  endfacet
  facet normal 0 0 -1
    outer loop
      vertex 89.5394 -163.608 0
      vertex 96.2498 -159.4 0
      vertex 96.2498 -162.4 0
    endloop
  endfacet
  facet normal -0 0 -1
    outer loop
      vertex 96.2498 -159.4 0
      vertex 89.5394 -163.608 0
      vertex 96.2498 -152.5 0
    endloop
  endfacet
  facet normal -0 0 -1
    outer loop
      vertex 101.75 -162.4 0
      vertex 94.9124 -174.931 0
      vertex 96.2498 -162.4 0
    endloop
  endfacet
  facet normal 0 0 -1
    outer loop
      vertex 94.9124 -174.931 0
      vertex 96.3457 -175.82 0
      vertex 96.1166 -175.803 0
    endloop
  endfacet
  facet normal 0 0 -1
    outer loop
      vertex 96.8124 -140.938 0
      vertex 98.3448 -141.7 0
      vertex 96.8782 -141.035 0
    endloop
  endfacet
  facet normal 0 0 -1
    outer loop
      vertex 98.3448 -141.7 0
      vertex 96.8782 -138.965 0
      vertex 96.8996 -138.854 0
    endloop
  endfacet
  facet normal 0 0 -1
    outer loop
      vertex 96.8124 -139.062 0
      vertex 98.3448 -141.7 0
      vertex 96.8124 -140.938 0
    endloop
  endfacet
  facet normal 0 0 -1
    outer loop
      vertex 98.3448 -141.7 0
      vertex 96.8124 -139.062 0
      vertex 96.8782 -138.965 0
    endloop
  endfacet
  facet normal 0 0 -1
    outer loop
      vertex 96.7148 -140.872 0
      vertex 96.8124 -139.062 0
      vertex 96.8124 -140.938 0
    endloop
  endfacet
  facet normal 0 0 -1
    outer loop
      vertex 96.7148 -140.872 0
      vertex 96.7148 -139.128 0
      vertex 96.8124 -139.062 0
    endloop
  endfacet
  facet normal 0 0 -1
    outer loop
      vertex 96.6044 -140.85 0
      vertex 96.7148 -139.128 0
      vertex 96.7148 -140.872 0
    endloop
  endfacet
  facet normal 0 0 -1
    outer loop
      vertex 96.6044 -140.85 0
      vertex 96.6044 -139.15 0
      vertex 96.7148 -139.128 0
    endloop
  endfacet
  facet normal 0 0 -1
    outer loop
      vertex 94.3956 -140.85 0
      vertex 96.6044 -139.15 0
      vertex 96.6044 -140.85 0
    endloop
  endfacet
  facet normal 0 0 -1
    outer loop
      vertex 94.3956 -140.85 0
      vertex 94.3956 -139.15 0
      vertex 96.6044 -139.15 0
    endloop
  endfacet
  facet normal 0 0 -1
    outer loop
      vertex 94.2852 -140.872 0
      vertex 94.3956 -139.15 0
      vertex 94.3956 -140.85 0
    endloop
  endfacet
  facet normal 0 0 -1
    outer loop
      vertex 94.2852 -140.872 0
      vertex 94.2852 -139.128 0
      vertex 94.3956 -139.15 0
    endloop
  endfacet
  facet normal 0 0 -1
    outer loop
      vertex 94.1876 -140.938 0
      vertex 94.2852 -139.128 0
      vertex 94.2852 -140.872 0
    endloop
  endfacet
  facet normal 0 0 -1
    outer loop
      vertex 94.1876 -140.938 0
      vertex 94.1876 -139.062 0
      vertex 94.2852 -139.128 0
    endloop
  endfacet
  facet normal 0 0 -1
    outer loop
      vertex 94.1218 -141.035 0
      vertex 94.1876 -139.062 0
      vertex 94.1876 -140.938 0
    endloop
  endfacet
  facet normal 0 0 -1
    outer loop
      vertex 94.1218 -141.035 0
      vertex 94.1218 -138.965 0
      vertex 94.1876 -139.062 0
    endloop
  endfacet
  facet normal 0 0 -1
    outer loop
      vertex 94.1004 -141.146 0
      vertex 94.1218 -138.965 0
      vertex 94.1218 -141.035 0
    endloop
  endfacet
  facet normal -0 0 -1
    outer loop
      vertex 94.1218 -138.965 0
      vertex 94.1004 -141.146 0
      vertex 94.1004 -138.854 0
    endloop
  endfacet
  facet normal 0 0 -1
    outer loop
      vertex 99.9279 -145.885 0
      vertex 99.9504 -144.005 0
      vertex 99.9504 -145.995 0
    endloop
  endfacet
  facet normal 0 0 -1
    outer loop
      vertex 99.9279 -145.885 0
      vertex 99.9279 -144.115 0
      vertex 99.9504 -144.005 0
    endloop
  endfacet
  facet normal 0 0 -1
    outer loop
      vertex 99.8633 -145.787 0
      vertex 99.9279 -144.115 0
      vertex 99.9279 -145.885 0
    endloop
  endfacet
  facet normal 0 0 -1
    outer loop
      vertex 99.8633 -145.787 0
      vertex 99.8633 -144.213 0
      vertex 99.9279 -144.115 0
    endloop
  endfacet
  facet normal 0 0 -1
    outer loop
      vertex 99.7656 -145.721 0
      vertex 99.8633 -144.213 0
      vertex 99.8633 -145.787 0
    endloop
  endfacet
  facet normal 0 0 -1
    outer loop
      vertex 99.7656 -145.721 0
      vertex 99.7656 -144.279 0
      vertex 99.8633 -144.213 0
    endloop
  endfacet
  facet normal 0 0 -1
    outer loop
      vertex 99.6552 -145.7 0
      vertex 99.7656 -144.279 0
      vertex 99.7656 -145.721 0
    endloop
  endfacet
  facet normal 0 0 -1
    outer loop
      vertex 99.6552 -145.7 0
      vertex 99.6552 -144.3 0
      vertex 99.7656 -144.279 0
    endloop
  endfacet
  facet normal 0 0 -1
    outer loop
      vertex 98.3448 -145.7 0
      vertex 99.6552 -144.3 0
      vertex 99.6552 -145.7 0
    endloop
  endfacet
  facet normal 0 0 -1
    outer loop
      vertex 98.3448 -145.7 0
      vertex 98.3448 -144.3 0
      vertex 99.6552 -144.3 0
    endloop
  endfacet
  facet normal 0 0 -1
    outer loop
      vertex 98.2344 -145.721 0
      vertex 98.3448 -144.3 0
      vertex 98.3448 -145.7 0
    endloop
  endfacet
  facet normal 0 0 -1
    outer loop
      vertex 98.2344 -145.721 0
      vertex 98.2344 -144.279 0
      vertex 98.3448 -144.3 0
    endloop
  endfacet
  facet normal 0 0 -1
    outer loop
      vertex 98.1367 -145.787 0
      vertex 98.2344 -144.279 0
      vertex 98.2344 -145.721 0
    endloop
  endfacet
  facet normal 0 0 -1
    outer loop
      vertex 98.1367 -145.787 0
      vertex 98.1367 -144.213 0
      vertex 98.2344 -144.279 0
    endloop
  endfacet
  facet normal 0 0 -1
    outer loop
      vertex 98.0721 -145.885 0
      vertex 98.1367 -144.213 0
      vertex 98.1367 -145.787 0
    endloop
  endfacet
  facet normal 0 0 -1
    outer loop
      vertex 98.0721 -145.885 0
      vertex 98.0721 -144.115 0
      vertex 98.1367 -144.213 0
    endloop
  endfacet
  facet normal 0 0 -1
    outer loop
      vertex 94.3956 -142.1 0
      vertex 98.0721 -145.885 0
      vertex 98.0496 -145.995 0
    endloop
  endfacet
  facet normal 0 0 -1
    outer loop
      vertex 98.0721 -145.885 0
      vertex 94.3956 -142.1 0
      vertex 98.0721 -144.115 0
    endloop
  endfacet
  facet normal 0 0 -1
    outer loop
      vertex 96.2498 -159.4 0
      vertex 101.75 -152.5 0
      vertex 101.75 -159.4 0
    endloop
  endfacet
  facet normal -0 0 -1
    outer loop
      vertex 101.75 -152.5 0
      vertex 96.2498 -159.4 0
      vertex 96.2498 -152.5 0
    endloop
  endfacet
  facet normal 0 0 -1
    outer loop
      vertex 105.428 -98.5352 0
      vertex 105.45 -96.3547 0
      vertex 105.45 -98.6453 0
    endloop
  endfacet
  facet normal 0 0 -1
    outer loop
      vertex 105.428 -98.5352 0
      vertex 105.428 -96.4648 0
      vertex 105.45 -96.3547 0
    endloop
  endfacet
  facet normal 0 0 -1
    outer loop
      vertex 105.363 -98.4377 0
      vertex 105.428 -96.4648 0
      vertex 105.428 -98.5352 0
    endloop
  endfacet
  facet normal 0 0 -1
    outer loop
      vertex 105.363 -98.4377 0
      vertex 105.363 -96.5623 0
      vertex 105.428 -96.4648 0
    endloop
  endfacet
  facet normal 0 0 -1
    outer loop
      vertex 105.266 -98.3718 0
      vertex 105.363 -96.5623 0
      vertex 105.363 -98.4377 0
    endloop
  endfacet
  facet normal 0 0 -1
    outer loop
      vertex 105.266 -98.3718 0
      vertex 105.266 -96.6282 0
      vertex 105.363 -96.5623 0
    endloop
  endfacet
  facet normal 0 0 -1
    outer loop
      vertex 105.155 -98.3504 0
      vertex 105.266 -96.6282 0
      vertex 105.266 -98.3718 0
    endloop
  endfacet
  facet normal 0 0 -1
    outer loop
      vertex 105.155 -98.3504 0
      vertex 105.155 -96.6496 0
      vertex 105.266 -96.6282 0
    endloop
  endfacet
  facet normal 0 0 -1
    outer loop
      vertex 103.845 -98.3504 0
      vertex 105.155 -96.6496 0
      vertex 105.155 -98.3504 0
    endloop
  endfacet
  facet normal 0 0 -1
    outer loop
      vertex 103.845 -98.3504 0
      vertex 103.845 -96.6496 0
      vertex 105.155 -96.6496 0
    endloop
  endfacet
  facet normal 0 0 -1
    outer loop
      vertex 103.734 -98.3718 0
      vertex 103.845 -96.6496 0
      vertex 103.845 -98.3504 0
    endloop
  endfacet
  facet normal 0 0 -1
    outer loop
      vertex 103.734 -98.3718 0
      vertex 103.734 -96.6282 0
      vertex 103.845 -96.6496 0
    endloop
  endfacet
  facet normal 0 0 -1
    outer loop
      vertex 103.637 -98.4377 0
      vertex 103.734 -96.6282 0
      vertex 103.734 -98.3718 0
    endloop
  endfacet
  facet normal 0 0 -1
    outer loop
      vertex 103.637 -98.4377 0
      vertex 103.637 -96.5623 0
      vertex 103.734 -96.6282 0
    endloop
  endfacet
  facet normal 0 0 -1
    outer loop
      vertex 103.572 -98.5352 0
      vertex 103.637 -96.5623 0
      vertex 103.637 -98.4377 0
    endloop
  endfacet
  facet normal 0 0 -1
    outer loop
      vertex 103.572 -98.5352 0
      vertex 103.572 -96.4648 0
      vertex 103.637 -96.5623 0
    endloop
  endfacet
  facet normal 0 0 -1
    outer loop
      vertex 103.55 -98.6453 0
      vertex 103.572 -96.4648 0
      vertex 103.572 -98.5352 0
    endloop
  endfacet
  facet normal -0 0 -1
    outer loop
      vertex 103.572 -96.4648 0
      vertex 103.55 -98.6453 0
      vertex 103.55 -96.3547 0
    endloop
  endfacet
  facet normal 0 0 -1
    outer loop
      vertex 103.855 -88.8611 0
      vertex 112.119 -73.5753 0
      vertex 105.428 -95.585 0
    endloop
  endfacet
  facet normal 0 0 -1
    outer loop
      vertex 103.855 -74.6963 0
      vertex 112.119 -73.5753 0
      vertex 103.855 -88.8611 0
    endloop
  endfacet
  facet normal 0 -0 -1
    outer loop
      vertex 110.978 -73.0963 0
      vertex 112.119 -73.5753 0
      vertex 103.855 -74.6963 0
    endloop
  endfacet
  facet normal 0 0 -1
    outer loop
      vertex 111.818 -73.3346 0
      vertex 110.978 -73.0963 0
      vertex 111.467 -73.1731 0
    endloop
  endfacet
  facet normal 0 0 -1
    outer loop
      vertex 103.841 -89.1287 0
      vertex 105.428 -95.585 0
      vertex 105.363 -95.4875 0
    endloop
  endfacet
  facet normal 0 0 -1
    outer loop
      vertex 103.663 -89.7687 0
      vertex 105.363 -95.4875 0
      vertex 105.266 -95.4216 0
    endloop
  endfacet
  facet normal 0 0 -1
    outer loop
      vertex 103.433 -90.1498 0
      vertex 105.266 -95.4216 0
      vertex 105.155 -95.4002 0
    endloop
  endfacet
  facet normal 0 0 -1
    outer loop
      vertex 112.119 -73.5753 0
      vertex 110.978 -73.0963 0
      vertex 111.818 -73.3346 0
    endloop
  endfacet
  facet normal -0 0 -1
    outer loop
      vertex 110.978 -73.0963 0
      vertex 103.855 -74.6963 0
      vertex 105.455 -73.0963 0
    endloop
  endfacet
  facet normal 0 0 -1
    outer loop
      vertex 105.455 -73.0963 0
      vertex 103.855 -74.6963 0
      vertex 105.072 -73.1428 0
    endloop
  endfacet
  facet normal 0 0 -1
    outer loop
      vertex 105.072 -73.1428 0
      vertex 103.855 -74.6963 0
      vertex 104.712 -73.2796 0
    endloop
  endfacet
  facet normal 0 0 -1
    outer loop
      vertex 104.712 -73.2796 0
      vertex 103.855 -74.6963 0
      vertex 104.394 -73.4987 0
    endloop
  endfacet
  facet normal 0 0 -1
    outer loop
      vertex 104.394 -73.4987 0
      vertex 103.855 -74.6963 0
      vertex 104.138 -73.7874 0
    endloop
  endfacet
  facet normal 0 0 -1
    outer loop
      vertex 103.433 -90.1498 0
      vertex 105.155 -95.4002 0
      vertex 103.845 -95.4002 0
    endloop
  endfacet
  facet normal 0 0 -1
    outer loop
      vertex 105.428 -95.585 0
      vertex 103.841 -89.1287 0
      vertex 103.855 -88.8611 0
    endloop
  endfacet
  facet normal 0 0 -1
    outer loop
      vertex 105.363 -95.4875 0
      vertex 103.805 -89.3472 0
      vertex 103.841 -89.1287 0
    endloop
  endfacet
  facet normal 0 0 -1
    outer loop
      vertex 105.363 -95.4875 0
      vertex 103.745 -89.5612 0
      vertex 103.805 -89.3472 0
    endloop
  endfacet
  facet normal 0 0 -1
    outer loop
      vertex 103.433 -90.1498 0
      vertex 103.845 -95.4002 0
      vertex 103.734 -95.4216 0
    endloop
  endfacet
  facet normal 0 0 -1
    outer loop
      vertex 105.363 -95.4875 0
      vertex 103.663 -89.7687 0
      vertex 103.745 -89.5612 0
    endloop
  endfacet
  facet normal 0 0 -1
    outer loop
      vertex 103.433 -90.1498 0
      vertex 103.734 -95.4216 0
      vertex 103.637 -95.4875 0
    endloop
  endfacet
  facet normal 0 0 -1
    outer loop
      vertex 103.433 -90.1498 0
      vertex 103.637 -95.4875 0
      vertex 103.572 -95.585 0
    endloop
  endfacet
  facet normal 0 0 -1
    outer loop
      vertex 105.266 -95.4216 0
      vertex 103.559 -89.9643 0
      vertex 103.663 -89.7687 0
    endloop
  endfacet
  facet normal 0 0 -1
    outer loop
      vertex 103.433 -90.1498 0
      vertex 103.572 -95.585 0
      vertex 103.55 -95.6951 0
    endloop
  endfacet
  facet normal 0 0 -1
    outer loop
      vertex 105.266 -95.4216 0
      vertex 103.433 -90.1498 0
      vertex 103.559 -89.9643 0
    endloop
  endfacet
  facet normal 0 0 -1
    outer loop
      vertex 104.138 -73.7874 0
      vertex 103.855 -74.6963 0
      vertex 103.959 -74.1289 0
    endloop
  endfacet
  facet normal 0 0 -1
    outer loop
      vertex 137.931 -126.37 0
      vertex 101.75 -149.5 0
      vertex 99.9504 -141.995 0
    endloop
  endfacet
  facet normal 0 0 -1
    outer loop
      vertex 137.931 -126.37 0
      vertex 99.9504 -141.995 0
      vertex 99.9279 -141.885 0
    endloop
  endfacet
  facet normal 0 0 -1
    outer loop
      vertex 105.266 -99.5784 0
      vertex 92.0693 -126.37 0
      vertex 105.155 -99.5998 0
    endloop
  endfacet
  facet normal -0 0 -1
    outer loop
      vertex 105.155 -99.5998 0
      vertex 92.0693 -126.37 0
      vertex 103.845 -99.5998 0
    endloop
  endfacet
  facet normal -0 0 -1
    outer loop
      vertex 103.845 -99.5998 0
      vertex 92.0693 -126.37 0
      vertex 103.734 -99.5784 0
    endloop
  endfacet
  facet normal -0 0 -1
    outer loop
      vertex 103.734 -99.5784 0
      vertex 92.0693 -126.37 0
      vertex 103.637 -99.5125 0
    endloop
  endfacet
  facet normal 0 0 -1
    outer loop
      vertex 103.572 -99.415 0
      vertex 86.5453 -80.5254 0
      vertex 103.55 -99.3049 0
    endloop
  endfacet
  facet normal 0 0 -1
    outer loop
      vertex 103.55 -95.6951 0
      vertex 101.685 -90.9586 0
      vertex 101.907 -90.9586 0
    endloop
  endfacet
  facet normal 0 0 -1
    outer loop
      vertex 103.55 -95.6951 0
      vertex 101.463 -90.9344 0
      vertex 101.685 -90.9586 0
    endloop
  endfacet
  facet normal 0 0 -1
    outer loop
      vertex 103.55 -95.6951 0
      vertex 101.244 -90.8863 0
      vertex 101.463 -90.9344 0
    endloop
  endfacet
  facet normal 0 0 -1
    outer loop
      vertex 103.55 -95.6951 0
      vertex 101.035 -90.816 0
      vertex 101.244 -90.8863 0
    endloop
  endfacet
  facet normal 0 0 -1
    outer loop
      vertex 103.55 -95.6951 0
      vertex 100.833 -90.7224 0
      vertex 101.035 -90.816 0
    endloop
  endfacet
  facet normal 0 0 -1
    outer loop
      vertex 103.55 -95.6951 0
      vertex 100.64 -90.6065 0
      vertex 100.833 -90.7224 0
    endloop
  endfacet
  facet normal 0 0 -1
    outer loop
      vertex 99.9504 -145.995 0
      vertex 101.75 -149.5 0
      vertex 99.9504 -148.005 0
    endloop
  endfacet
  facet normal 0 0 -1
    outer loop
      vertex 101.75 -149.5 0
      vertex 99.9279 -148.115 0
      vertex 99.9504 -148.005 0
    endloop
  endfacet
  facet normal 0 0 -1
    outer loop
      vertex 101.75 -149.5 0
      vertex 99.8633 -148.213 0
      vertex 99.9279 -148.115 0
    endloop
  endfacet
  facet normal 0 0 -1
    outer loop
      vertex 101.75 -149.5 0
      vertex 99.7656 -148.279 0
      vertex 99.8633 -148.213 0
    endloop
  endfacet
  facet normal 0 0 -1
    outer loop
      vertex 101.75 -149.5 0
      vertex 99.6552 -148.3 0
      vertex 99.7656 -148.279 0
    endloop
  endfacet
  facet normal 0 0 -1
    outer loop
      vertex 101.75 -149.5 0
      vertex 98.3448 -148.3 0
      vertex 99.6552 -148.3 0
    endloop
  endfacet
  facet normal 0 0 -1
    outer loop
      vertex 96.2498 -149.5 0
      vertex 98.3448 -148.3 0
      vertex 101.75 -149.5 0
    endloop
  endfacet
  facet normal 0 0 -1
    outer loop
      vertex 96.2498 -149.5 0
      vertex 98.0496 -145.995 0
      vertex 98.0496 -148.005 0
    endloop
  endfacet
  facet normal 0 0 -1
    outer loop
      vertex 94.3956 -142.1 0
      vertex 98.0496 -145.995 0
      vertex 96.2498 -149.5 0
    endloop
  endfacet
  facet normal 0 -0 -1
    outer loop
      vertex 96.8124 -142.013 0
      vertex 98.0496 -144.005 0
      vertex 96.7148 -142.078 0
    endloop
  endfacet
  facet normal 0 0 -1
    outer loop
      vertex 98.0496 -141.995 0
      vertex 96.8782 -141.915 0
      vertex 96.8996 -141.805 0
    endloop
  endfacet
  facet normal -0 0 -1
    outer loop
      vertex 98.0496 -141.995 0
      vertex 96.8124 -142.013 0
      vertex 96.8782 -141.915 0
    endloop
  endfacet
  facet normal 0 0 -1
    outer loop
      vertex 96.2498 -149.5 0
      vertex 98.0496 -148.005 0
      vertex 98.0721 -148.115 0
    endloop
  endfacet
  facet normal 0 0 -1
    outer loop
      vertex 98.0496 -144.005 0
      vertex 96.8124 -142.013 0
      vertex 98.0496 -141.995 0
    endloop
  endfacet
  facet normal 0 0 -1
    outer loop
      vertex 98.0496 -144.005 0
      vertex 96.6044 -142.1 0
      vertex 96.7148 -142.078 0
    endloop
  endfacet
  facet normal -0 0 -1
    outer loop
      vertex 98.3448 -148.3 0
      vertex 96.2498 -149.5 0
      vertex 98.2344 -148.279 0
    endloop
  endfacet
  facet normal 0 0 -1
    outer loop
      vertex 96.2498 -149.5 0
      vertex 98.1367 -148.213 0
      vertex 98.2344 -148.279 0
    endloop
  endfacet
  facet normal 0 0 -1
    outer loop
      vertex 96.2498 -149.5 0
      vertex 98.0721 -148.115 0
      vertex 98.1367 -148.213 0
    endloop
  endfacet
  facet normal 0 0 -1
    outer loop
      vertex 98.0721 -144.115 0
      vertex 94.3956 -142.1 0
      vertex 98.0496 -144.005 0
    endloop
  endfacet
  facet normal 0 0 -1
    outer loop
      vertex 94.9124 -174.931 0
      vertex 96.1166 -175.803 0
      vertex 95.7443 -175.702 0
    endloop
  endfacet
  facet normal 0 0 -1
    outer loop
      vertex 94.9124 -174.931 0
      vertex 95.7443 -175.702 0
      vertex 95.407 -175.515 0
    endloop
  endfacet
  facet normal 0 0 -1
    outer loop
      vertex 94.9124 -174.931 0
      vertex 95.407 -175.515 0
      vertex 95.1242 -175.253 0
    endloop
  endfacet
  facet normal 0 0 -1
    outer loop
      vertex 96.2498 -162.4 0
      vertex 94.9124 -174.931 0
      vertex 89.7024 -164.428 0
    endloop
  endfacet
  facet normal 0 0 -1
    outer loop
      vertex 89.5394 -163.608 0
      vertex 96.2498 -162.4 0
      vertex 89.7024 -164.428 0
    endloop
  endfacet
  facet normal 0 -0 -1
    outer loop
      vertex 94.1218 -141.915 0
      vertex 96.2498 -149.5 0
      vertex 89.5394 -163.608 0
    endloop
  endfacet
  facet normal 0 0 -1
    outer loop
      vertex 98.0496 -144.005 0
      vertex 94.3956 -142.1 0
      vertex 96.6044 -142.1 0
    endloop
  endfacet
  facet normal 0 0 -1
    outer loop
      vertex 96.2498 -149.5 0
      vertex 94.2852 -142.078 0
      vertex 94.3956 -142.1 0
    endloop
  endfacet
  facet normal 0 0 -1
    outer loop
      vertex 96.2498 -149.5 0
      vertex 94.1876 -142.013 0
      vertex 94.2852 -142.078 0
    endloop
  endfacet
  facet normal 0 0 -1
    outer loop
      vertex 96.2498 -149.5 0
      vertex 94.1218 -141.915 0
      vertex 94.1876 -142.013 0
    endloop
  endfacet
  facet normal 0 0 -1
    outer loop
      vertex 92.0693 -126.37 0
      vertex 94.1004 -141.146 0
      vertex 94.1004 -141.805 0
    endloop
  endfacet
  facet normal 0 0 -1
    outer loop
      vertex 94.1004 -141.146 0
      vertex 92.0693 -126.37 0
      vertex 94.1004 -138.854 0
    endloop
  endfacet
  facet normal 0 0 -1
    outer loop
      vertex 94.1004 -138.854 0
      vertex 92.0693 -126.37 0
      vertex 94.1004 -138.195 0
    endloop
  endfacet
  facet normal -0 0 -1
    outer loop
      vertex 94.1218 -141.915 0
      vertex 89.5394 -163.608 0
      vertex 94.1004 -141.805 0
    endloop
  endfacet
  facet normal -0 0 -1
    outer loop
      vertex 96.2498 -152.5 0
      vertex 89.5394 -163.608 0
      vertex 96.2498 -149.5 0
    endloop
  endfacet
  facet normal 0 0 -1
    outer loop
      vertex 89.5394 -163.608 0
      vertex 89.7024 -164.428 0
      vertex 89.5599 -163.994 0
    endloop
  endfacet
  facet normal -0 0 -1
    outer loop
      vertex 94.1004 -141.805 0
      vertex 89.5394 -163.608 0
      vertex 92.0693 -126.37 0
    endloop
  endfacet
  facet normal 0 0 -1
    outer loop
      vertex 99.9504 -144.005 0
      vertex 101.75 -149.5 0
      vertex 99.9504 -145.995 0
    endloop
  endfacet
  facet normal 0 0 -1
    outer loop
      vertex 99.9504 -141.995 0
      vertex 101.75 -149.5 0
      vertex 99.9504 -144.005 0
    endloop
  endfacet
  facet normal 0 0 -1
    outer loop
      vertex 103.55 -96.3547 0
      vertex 100.64 -90.6065 0
      vertex 103.55 -95.6951 0
    endloop
  endfacet
  facet normal 0 0 -1
    outer loop
      vertex 103.55 -98.6453 0
      vertex 100.304 -90.32 0
      vertex 100.465 -90.4738 0
    endloop
  endfacet
  facet normal 0 0 -1
    outer loop
      vertex 103.55 -99.3049 0
      vertex 100.158 -90.1486 0
      vertex 100.304 -90.32 0
    endloop
  endfacet
  facet normal -0 -0 -1
    outer loop
      vertex 100.033 -89.9643 0
      vertex 103.55 -99.3049 0
      vertex 86.5453 -80.5254 0
    endloop
  endfacet
  facet normal 0 0 -1
    outer loop
      vertex 103.55 -99.3049 0
      vertex 100.033 -89.9643 0
      vertex 100.158 -90.1486 0
    endloop
  endfacet
  facet normal 0 0 -1
    outer loop
      vertex 100.033 -89.9643 0
      vertex 86.5453 -80.5254 0
      vertex 99.9289 -89.7687 0
    endloop
  endfacet
  facet normal 0 0 -1
    outer loop
      vertex 96.8782 -138.085 0
      vertex 99.8633 -141.787 0
      vertex 99.7656 -141.721 0
    endloop
  endfacet
  facet normal 0 0 -1
    outer loop
      vertex 99.9289 -89.7687 0
      vertex 86.5453 -80.5254 0
      vertex 99.8464 -89.5612 0
    endloop
  endfacet
  facet normal 0 0 -1
    outer loop
      vertex 99.8464 -89.5612 0
      vertex 86.5453 -80.5254 0
      vertex 99.7867 -89.3472 0
    endloop
  endfacet
  facet normal 0 0 -1
    outer loop
      vertex 95.4769 -73.3755 0
      vertex 99.7367 -74.6963 0
      vertex 99.7367 -88.8611 0
    endloop
  endfacet
  facet normal 0 0 -1
    outer loop
      vertex 99.7867 -89.3472 0
      vertex 86.5453 -80.5254 0
      vertex 99.7512 -89.1287 0
    endloop
  endfacet
  facet normal 0 0 -1
    outer loop
      vertex 96.8996 -138.195 0
      vertex 99.7656 -141.721 0
      vertex 99.6552 -141.7 0
    endloop
  endfacet
  facet normal 0 0 -1
    outer loop
      vertex 99.7512 -89.1287 0
      vertex 86.5453 -80.5254 0
      vertex 99.7367 -88.8611 0
    endloop
  endfacet
  facet normal 0 -0 -1
    outer loop
      vertex 87.2308 -79.0132 0
      vertex 99.7367 -88.8611 0
      vertex 86.5453 -80.5254 0
    endloop
  endfacet
  facet normal 0 -0 -1
    outer loop
      vertex 95.4769 -73.3755 0
      vertex 99.7367 -88.8611 0
      vertex 87.2308 -79.0132 0
    endloop
  endfacet
  facet normal 0 -0 -1
    outer loop
      vertex 96.3799 -73.0963 0
      vertex 99.7367 -74.6963 0
      vertex 95.4769 -73.3755 0
    endloop
  endfacet
  facet normal 0 0 -1
    outer loop
      vertex 96.8996 -138.854 0
      vertex 99.6552 -141.7 0
      vertex 98.3448 -141.7 0
    endloop
  endfacet
  facet normal 0 0 -1
    outer loop
      vertex 96.8782 -141.035 0
      vertex 98.2344 -141.721 0
      vertex 96.8996 -141.146 0
    endloop
  endfacet
  facet normal -0 0 -1
    outer loop
      vertex 103.637 -99.5125 0
      vertex 92.0693 -126.37 0
      vertex 103.572 -99.415 0
    endloop
  endfacet
  facet normal 0 0 -1
    outer loop
      vertex 96.8996 -141.146 0
      vertex 98.2344 -141.721 0
      vertex 98.1367 -141.787 0
    endloop
  endfacet
  facet normal 0 0 -1
    outer loop
      vertex 96.8996 -141.146 0
      vertex 98.1367 -141.787 0
      vertex 98.0721 -141.885 0
    endloop
  endfacet
  facet normal 0 0 -1
    outer loop
      vertex 96.8996 -141.805 0
      vertex 98.0721 -141.885 0
      vertex 98.0496 -141.995 0
    endloop
  endfacet
  facet normal 0 0 -1
    outer loop
      vertex 98.0721 -141.885 0
      vertex 96.8996 -141.805 0
      vertex 96.8996 -141.146 0
    endloop
  endfacet
  facet normal 0 0 -1
    outer loop
      vertex 98.2344 -141.721 0
      vertex 96.8782 -141.035 0
      vertex 98.3448 -141.7 0
    endloop
  endfacet
  facet normal 0 0 -1
    outer loop
      vertex 99.6552 -141.7 0
      vertex 96.8996 -138.854 0
      vertex 96.8996 -138.195 0
    endloop
  endfacet
  facet normal 0 0 -1
    outer loop
      vertex 99.7656 -141.721 0
      vertex 96.8996 -138.195 0
      vertex 96.8782 -138.085 0
    endloop
  endfacet
  facet normal -0 -0 -1
    outer loop
      vertex 98.1367 -73.0963 0
      vertex 99.7367 -74.6963 0
      vertex 96.3799 -73.0963 0
    endloop
  endfacet
  facet normal 0 0 -1
    outer loop
      vertex 86.5453 -80.5254 0
      vertex 103.572 -99.415 0
      vertex 92.0693 -126.37 0
    endloop
  endfacet
  facet normal 0 0 -1
    outer loop
      vertex 92.0693 -126.37 0
      vertex 96.8124 -137.987 0
      vertex 96.7148 -137.922 0
    endloop
  endfacet
  facet normal 0 0 -1
    outer loop
      vertex 92.0693 -126.37 0
      vertex 96.7148 -137.922 0
      vertex 96.6044 -137.9 0
    endloop
  endfacet
  facet normal 0 0 -1
    outer loop
      vertex 99.6902 -74.3134 0
      vertex 98.1367 -73.0963 0
      vertex 99.5535 -73.9527 0
    endloop
  endfacet
  facet normal 0 0 -1
    outer loop
      vertex 99.3343 -73.6353 0
      vertex 98.1367 -73.0963 0
      vertex 99.0456 -73.3795 0
    endloop
  endfacet
  facet normal 0 0 -1
    outer loop
      vertex 99.0456 -73.3795 0
      vertex 98.1367 -73.0963 0
      vertex 98.7041 -73.2003 0
    endloop
  endfacet
  facet normal 0 0 -1
    outer loop
      vertex 92.0693 -126.37 0
      vertex 96.6044 -137.9 0
      vertex 94.3956 -137.9 0
    endloop
  endfacet
  facet normal 0 0 -1
    outer loop
      vertex 92.0693 -126.37 0
      vertex 94.3956 -137.9 0
      vertex 94.2852 -137.922 0
    endloop
  endfacet
  facet normal 0 0 -1
    outer loop
      vertex 92.0693 -126.37 0
      vertex 94.2852 -137.922 0
      vertex 94.1876 -137.987 0
    endloop
  endfacet
  facet normal 0 0 -1
    outer loop
      vertex 92.0693 -126.37 0
      vertex 94.1876 -137.987 0
      vertex 94.1218 -138.085 0
    endloop
  endfacet
  facet normal 0 0 -1
    outer loop
      vertex 92.0693 -126.37 0
      vertex 94.1218 -138.085 0
      vertex 94.1004 -138.195 0
    endloop
  endfacet
  facet normal 0 0 -1
    outer loop
      vertex 99.5535 -73.9527 0
      vertex 98.1367 -73.0963 0
      vertex 99.3343 -73.6353 0
    endloop
  endfacet
  facet normal 0 0 -1
    outer loop
      vertex 96.3799 -73.0963 0
      vertex 95.4769 -73.3755 0
      vertex 95.997 -73.1428 0
    endloop
  endfacet
  facet normal 0 0 -1
    outer loop
      vertex 99.7367 -74.6963 0
      vertex 98.1367 -73.0963 0
      vertex 99.6902 -74.3134 0
    endloop
  endfacet
  facet normal 0 0 -1
    outer loop
      vertex 87.2308 -79.0132 0
      vertex 86.5453 -80.5254 0
      vertex 86.9409 -79.2677 0
    endloop
  endfacet
  facet normal 0 0 -1
    outer loop
      vertex 86.9409 -79.2677 0
      vertex 86.5453 -80.5254 0
      vertex 86.7204 -79.5841 0
    endloop
  endfacet
  facet normal 0 0 -1
    outer loop
      vertex 86.7204 -79.5841 0
      vertex 86.5453 -80.5254 0
      vertex 86.582 -79.9442 0
    endloop
  endfacet
  facet normal 0 0 -1
    outer loop
      vertex 86.582 -79.9442 0
      vertex 86.5453 -80.5254 0
      vertex 86.5338 -80.3268 0
    endloop
  endfacet
  facet normal 0 0 1
    outer loop
      vertex 98.2367 -74.6963 1.5
      vertex 99.7367 -74.6963 1.5
      vertex 99.6902 -74.3134 1.5
    endloop
  endfacet
  facet normal 0 0 1
    outer loop
      vertex 140.59 -102.762 1.5
      vertex 139.166 -103.261 1.5
      vertex 139.194 -103.343 1.5
    endloop
  endfacet
  facet normal 0 0 1
    outer loop
      vertex 112.119 -73.5753 1.5
      vertex 139.166 -103.261 1.5
      vertex 140.236 -102.21 1.5
    endloop
  endfacet
  facet normal 0 0 1
    outer loop
      vertex 111.049 -74.6262 1.5
      vertex 112.119 -73.5753 1.5
      vertex 111.818 -73.3346 1.5
    endloop
  endfacet
  facet normal 0 0 1
    outer loop
      vertex 111.049 -74.6262 1.5
      vertex 111.818 -73.3346 1.5
      vertex 111.467 -73.1731 1.5
    endloop
  endfacet
  facet normal 0 0 1
    outer loop
      vertex 112.119 -73.5753 1.5
      vertex 111.049 -74.6262 1.5
      vertex 139.166 -103.261 1.5
    endloop
  endfacet
  facet normal 0 0 1
    outer loop
      vertex 110.978 -74.5963 1.5
      vertex 111.467 -73.1731 1.5
      vertex 110.978 -73.0963 1.5
    endloop
  endfacet
  facet normal 0 0 1
    outer loop
      vertex 111.467 -73.1731 1.5
      vertex 110.978 -74.5963 1.5
      vertex 111.049 -74.6262 1.5
    endloop
  endfacet
  facet normal -0 0 1
    outer loop
      vertex 105.455 -73.0963 1.5
      vertex 110.978 -74.5963 1.5
      vertex 110.978 -73.0963 1.5
    endloop
  endfacet
  facet normal 0 0 1
    outer loop
      vertex 105.455 -73.0963 1.5
      vertex 105.455 -74.5963 1.5
      vertex 110.978 -74.5963 1.5
    endloop
  endfacet
  facet normal -0 0 1
    outer loop
      vertex 105.072 -73.1428 1.5
      vertex 105.455 -74.5963 1.5
      vertex 105.455 -73.0963 1.5
    endloop
  endfacet
  facet normal -0 0 1
    outer loop
      vertex 103.855 -88.8611 1.5
      vertex 105.355 -88.9017 1.5
      vertex 105.355 -74.6963 1.5
    endloop
  endfacet
  facet normal 0 0 1
    outer loop
      vertex 103.841 -89.1287 1.5
      vertex 105.355 -88.9017 1.5
      vertex 103.855 -88.8611 1.5
    endloop
  endfacet
  facet normal 0 0 1
    outer loop
      vertex 105.355 -88.9017 1.5
      vertex 103.841 -89.1287 1.5
      vertex 105.334 -89.29 1.5
    endloop
  endfacet
  facet normal -0 0 1
    outer loop
      vertex 104.712 -73.2796 1.5
      vertex 105.455 -74.5963 1.5
      vertex 105.072 -73.1428 1.5
    endloop
  endfacet
  facet normal -0 0 1
    outer loop
      vertex 104.394 -73.4987 1.5
      vertex 105.455 -74.5963 1.5
      vertex 104.712 -73.2796 1.5
    endloop
  endfacet
  facet normal 0 0 1
    outer loop
      vertex 103.855 -88.8611 1.5
      vertex 105.355 -74.6963 1.5
      vertex 103.855 -74.6963 1.5
    endloop
  endfacet
  facet normal -0 0 1
    outer loop
      vertex 103.805 -89.3472 1.5
      vertex 105.272 -89.6699 1.5
      vertex 103.841 -89.1287 1.5
    endloop
  endfacet
  facet normal 0 0 1
    outer loop
      vertex 105.455 -74.5963 1.5
      vertex 104.394 -73.4987 1.5
      vertex 105.355 -74.6963 1.5
    endloop
  endfacet
  facet normal 0 0 1
    outer loop
      vertex 105.272 -89.6699 1.5
      vertex 103.805 -89.3472 1.5
      vertex 105.169 -90.0413 1.5
    endloop
  endfacet
  facet normal -0 0 1
    outer loop
      vertex 104.138 -73.7874 1.5
      vertex 105.355 -74.6963 1.5
      vertex 104.394 -73.4987 1.5
    endloop
  endfacet
  facet normal -0 0 1
    outer loop
      vertex 103.745 -89.5612 1.5
      vertex 105.169 -90.0413 1.5
      vertex 103.805 -89.3472 1.5
    endloop
  endfacet
  facet normal -0 0 1
    outer loop
      vertex 103.959 -74.1289 1.5
      vertex 105.355 -74.6963 1.5
      vertex 104.138 -73.7874 1.5
    endloop
  endfacet
  facet normal 0 0 1
    outer loop
      vertex 105.169 -90.0413 1.5
      vertex 103.745 -89.5612 1.5
      vertex 105.026 -90.3993 1.5
    endloop
  endfacet
  facet normal 0 0 1
    outer loop
      vertex 105.355 -74.6963 1.5
      vertex 103.959 -74.1289 1.5
      vertex 103.855 -74.6963 1.5
    endloop
  endfacet
  facet normal 0 0 1
    outer loop
      vertex 105.334 -89.29 1.5
      vertex 103.841 -89.1287 1.5
      vertex 105.272 -89.6699 1.5
    endloop
  endfacet
  facet normal -0 0 1
    outer loop
      vertex 103.663 -89.7687 1.5
      vertex 105.026 -90.3993 1.5
      vertex 103.745 -89.5612 1.5
    endloop
  endfacet
  facet normal 0 0 1
    outer loop
      vertex 105.026 -90.3993 1.5
      vertex 103.663 -89.7687 1.5
      vertex 104.846 -90.7393 1.5
    endloop
  endfacet
  facet normal -0 0 1
    outer loop
      vertex 103.559 -89.9643 1.5
      vertex 104.846 -90.7393 1.5
      vertex 103.663 -89.7687 1.5
    endloop
  endfacet
  facet normal 0 0 1
    outer loop
      vertex 104.846 -90.7393 1.5
      vertex 103.559 -89.9643 1.5
      vertex 104.629 -91.0586 1.5
    endloop
  endfacet
  facet normal -0 0 1
    outer loop
      vertex 103.433 -90.1498 1.5
      vertex 104.629 -91.0586 1.5
      vertex 103.559 -89.9643 1.5
    endloop
  endfacet
  facet normal 0 0 1
    outer loop
      vertex 104.629 -91.0586 1.5
      vertex 103.433 -90.1498 1.5
      vertex 104.38 -91.3521 1.5
    endloop
  endfacet
  facet normal -0 0 1
    outer loop
      vertex 103.289 -90.32 1.5
      vertex 104.38 -91.3521 1.5
      vertex 103.433 -90.1498 1.5
    endloop
  endfacet
  facet normal 0 0 1
    outer loop
      vertex 104.38 -91.3521 1.5
      vertex 103.289 -90.32 1.5
      vertex 104.1 -91.618 1.5
    endloop
  endfacet
  facet normal -0 0 1
    outer loop
      vertex 103.128 -90.473 1.5
      vertex 104.1 -91.618 1.5
      vertex 103.289 -90.32 1.5
    endloop
  endfacet
  facet normal 0 0 1
    outer loop
      vertex 104.1 -91.618 1.5
      vertex 103.128 -90.473 1.5
      vertex 103.793 -91.8507 1.5
    endloop
  endfacet
  facet normal -0 0 1
    outer loop
      vertex 102.952 -90.6065 1.5
      vertex 103.793 -91.8507 1.5
      vertex 103.128 -90.473 1.5
    endloop
  endfacet
  facet normal 0 0 1
    outer loop
      vertex 103.793 -91.8507 1.5
      vertex 102.952 -90.6065 1.5
      vertex 103.463 -92.0492 1.5
    endloop
  endfacet
  facet normal -0 0 1
    outer loop
      vertex 102.759 -90.7224 1.5
      vertex 103.463 -92.0492 1.5
      vertex 102.952 -90.6065 1.5
    endloop
  endfacet
  facet normal 0 0 1
    outer loop
      vertex 103.463 -92.0492 1.5
      vertex 102.759 -90.7224 1.5
      vertex 103.113 -92.2117 1.5
    endloop
  endfacet
  facet normal -0 0 1
    outer loop
      vertex 102.557 -90.8163 1.5
      vertex 103.113 -92.2117 1.5
      vertex 102.759 -90.7224 1.5
    endloop
  endfacet
  facet normal 0 0 1
    outer loop
      vertex 103.113 -92.2117 1.5
      vertex 102.557 -90.8163 1.5
      vertex 102.749 -92.3341 1.5
    endloop
  endfacet
  facet normal -0 0 1
    outer loop
      vertex 102.348 -90.8863 1.5
      vertex 102.749 -92.3341 1.5
      vertex 102.557 -90.8163 1.5
    endloop
  endfacet
  facet normal 0 0 1
    outer loop
      vertex 102.749 -92.3341 1.5
      vertex 102.348 -90.8863 1.5
      vertex 102.371 -92.4168 1.5
    endloop
  endfacet
  facet normal -0 0 1
    outer loop
      vertex 102.129 -90.9344 1.5
      vertex 102.371 -92.4168 1.5
      vertex 102.348 -90.8863 1.5
    endloop
  endfacet
  facet normal 0 0 1
    outer loop
      vertex 102.129 -90.9344 1.5
      vertex 101.989 -92.4586 1.5
      vertex 102.371 -92.4168 1.5
    endloop
  endfacet
  facet normal -0 0 1
    outer loop
      vertex 101.907 -90.9586 1.5
      vertex 101.989 -92.4586 1.5
      vertex 102.129 -90.9344 1.5
    endloop
  endfacet
  facet normal -0 0 1
    outer loop
      vertex 101.685 -90.9586 1.5
      vertex 101.989 -92.4586 1.5
      vertex 101.907 -90.9586 1.5
    endloop
  endfacet
  facet normal 0 0 1
    outer loop
      vertex 101.685 -90.9586 1.5
      vertex 101.603 -92.4586 1.5
      vertex 101.989 -92.4586 1.5
    endloop
  endfacet
  facet normal 0 0 1
    outer loop
      vertex 101.463 -90.9344 1.5
      vertex 101.603 -92.4586 1.5
      vertex 101.685 -90.9586 1.5
    endloop
  endfacet
  facet normal 0 0 1
    outer loop
      vertex 101.22 -92.4168 1.5
      vertex 101.463 -90.9344 1.5
      vertex 101.244 -90.8863 1.5
    endloop
  endfacet
  facet normal 0 0 1
    outer loop
      vertex 101.463 -90.9344 1.5
      vertex 101.22 -92.4168 1.5
      vertex 101.603 -92.4586 1.5
    endloop
  endfacet
  facet normal 0 0 1
    outer loop
      vertex 100.844 -92.3341 1.5
      vertex 101.244 -90.8863 1.5
      vertex 101.035 -90.816 1.5
    endloop
  endfacet
  facet normal 0 0 1
    outer loop
      vertex 101.244 -90.8863 1.5
      vertex 100.844 -92.3341 1.5
      vertex 101.22 -92.4168 1.5
    endloop
  endfacet
  facet normal 0 0 1
    outer loop
      vertex 100.478 -92.2116 1.5
      vertex 101.035 -90.816 1.5
      vertex 100.833 -90.7224 1.5
    endloop
  endfacet
  facet normal 0 0 1
    outer loop
      vertex 100.129 -92.0492 1.5
      vertex 100.833 -90.7224 1.5
      vertex 100.64 -90.6065 1.5
    endloop
  endfacet
  facet normal 0 0 1
    outer loop
      vertex 101.035 -90.816 1.5
      vertex 100.478 -92.2116 1.5
      vertex 100.844 -92.3341 1.5
    endloop
  endfacet
  facet normal 0 0 1
    outer loop
      vertex 99.7983 -91.8507 1.5
      vertex 100.64 -90.6065 1.5
      vertex 100.465 -90.4738 1.5
    endloop
  endfacet
  facet normal 0 0 1
    outer loop
      vertex 99.4917 -91.6181 1.5
      vertex 100.465 -90.4738 1.5
      vertex 100.304 -90.32 1.5
    endloop
  endfacet
  facet normal 0 0 1
    outer loop
      vertex 99.2124 -91.3521 1.5
      vertex 100.304 -90.32 1.5
      vertex 100.158 -90.1486 1.5
    endloop
  endfacet
  facet normal 0 0 1
    outer loop
      vertex 100.833 -90.7224 1.5
      vertex 100.129 -92.0492 1.5
      vertex 100.478 -92.2116 1.5
    endloop
  endfacet
  facet normal 0 0 1
    outer loop
      vertex 98.9625 -91.0584 1.5
      vertex 100.158 -90.1486 1.5
      vertex 100.033 -89.9643 1.5
    endloop
  endfacet
  facet normal 0 0 1
    outer loop
      vertex 98.7459 -90.7393 1.5
      vertex 100.033 -89.9643 1.5
      vertex 99.9289 -89.7687 1.5
    endloop
  endfacet
  facet normal 0 0 1
    outer loop
      vertex 98.5655 -90.3993 1.5
      vertex 99.9289 -89.7687 1.5
      vertex 99.8464 -89.5612 1.5
    endloop
  endfacet
  facet normal 0 0 1
    outer loop
      vertex 100.64 -90.6065 1.5
      vertex 99.7983 -91.8507 1.5
      vertex 100.129 -92.0492 1.5
    endloop
  endfacet
  facet normal 0 0 1
    outer loop
      vertex 98.423 -90.0413 1.5
      vertex 99.8464 -89.5612 1.5
      vertex 99.7867 -89.3472 1.5
    endloop
  endfacet
  facet normal 0 0 1
    outer loop
      vertex 98.3195 -89.6699 1.5
      vertex 99.7867 -89.3472 1.5
      vertex 99.7512 -89.1287 1.5
    endloop
  endfacet
  facet normal -0 0 1
    outer loop
      vertex 98.2367 -88.9017 1.5
      vertex 99.7512 -89.1287 1.5
      vertex 99.7367 -88.8611 1.5
    endloop
  endfacet
  facet normal 0 0 1
    outer loop
      vertex 98.2367 -74.6963 1.5
      vertex 99.6902 -74.3134 1.5
      vertex 99.5535 -73.9527 1.5
    endloop
  endfacet
  facet normal 0 0 1
    outer loop
      vertex 100.465 -90.4738 1.5
      vertex 99.4917 -91.6181 1.5
      vertex 99.7983 -91.8507 1.5
    endloop
  endfacet
  facet normal 0 0 1
    outer loop
      vertex 99.7367 -74.6963 1.5
      vertex 98.2367 -74.6963 1.5
      vertex 99.7367 -88.8611 1.5
    endloop
  endfacet
  facet normal 0 0 1
    outer loop
      vertex 98.2367 -74.6963 1.5
      vertex 99.5535 -73.9527 1.5
      vertex 99.3343 -73.6353 1.5
    endloop
  endfacet
  facet normal 0 0 1
    outer loop
      vertex 99.7512 -89.1287 1.5
      vertex 98.2367 -88.9017 1.5
      vertex 98.2578 -89.29 1.5
    endloop
  endfacet
  facet normal 0 0 1
    outer loop
      vertex 98.1367 -74.5963 1.5
      vertex 99.3343 -73.6353 1.5
      vertex 99.0456 -73.3795 1.5
    endloop
  endfacet
  facet normal 0 0 1
    outer loop
      vertex 100.304 -90.32 1.5
      vertex 99.2124 -91.3521 1.5
      vertex 99.4917 -91.6181 1.5
    endloop
  endfacet
  facet normal 0 0 1
    outer loop
      vertex 100.158 -90.1486 1.5
      vertex 98.9625 -91.0584 1.5
      vertex 99.2124 -91.3521 1.5
    endloop
  endfacet
  facet normal 0 0 1
    outer loop
      vertex 98.1367 -74.5963 1.5
      vertex 99.0456 -73.3795 1.5
      vertex 98.7041 -73.2003 1.5
    endloop
  endfacet
  facet normal 0 0 1
    outer loop
      vertex 100.033 -89.9643 1.5
      vertex 98.7459 -90.7393 1.5
      vertex 98.9625 -91.0584 1.5
    endloop
  endfacet
  facet normal 0 0 1
    outer loop
      vertex 99.9289 -89.7687 1.5
      vertex 98.5655 -90.3993 1.5
      vertex 98.7459 -90.7393 1.5
    endloop
  endfacet
  facet normal 0 0 1
    outer loop
      vertex 99.8464 -89.5612 1.5
      vertex 98.423 -90.0413 1.5
      vertex 98.5655 -90.3993 1.5
    endloop
  endfacet
  facet normal 0 0 1
    outer loop
      vertex 99.7867 -89.3472 1.5
      vertex 98.3195 -89.6699 1.5
      vertex 98.423 -90.0413 1.5
    endloop
  endfacet
  facet normal 0 0 1
    outer loop
      vertex 99.7367 -88.8611 1.5
      vertex 98.2367 -74.6963 1.5
      vertex 98.2367 -88.9017 1.5
    endloop
  endfacet
  facet normal 0 0 1
    outer loop
      vertex 98.1367 -74.5963 1.5
      vertex 98.7041 -73.2003 1.5
      vertex 98.1367 -73.0963 1.5
    endloop
  endfacet
  facet normal 0 0 1
    outer loop
      vertex 99.3343 -73.6353 1.5
      vertex 98.1367 -74.5963 1.5
      vertex 98.2367 -74.6963 1.5
    endloop
  endfacet
  facet normal -0 0 1
    outer loop
      vertex 96.3799 -73.0963 1.5
      vertex 98.1367 -74.5963 1.5
      vertex 98.1367 -73.0963 1.5
    endloop
  endfacet
  facet normal 0 0 1
    outer loop
      vertex 96.3799 -73.0963 1.5
      vertex 96.3799 -74.5963 1.5
      vertex 98.1367 -74.5963 1.5
    endloop
  endfacet
  facet normal -0 0 1
    outer loop
      vertex 95.997 -73.1428 1.5
      vertex 96.3799 -74.5963 1.5
      vertex 96.3799 -73.0963 1.5
    endloop
  endfacet
  facet normal 0 0 1
    outer loop
      vertex 96.3799 -74.5963 1.5
      vertex 95.997 -73.1428 1.5
      vertex 96.3234 -74.6137 1.5
    endloop
  endfacet
  facet normal -0 0 1
    outer loop
      vertex 95.4769 -73.3755 1.5
      vertex 96.3234 -74.6137 1.5
      vertex 95.997 -73.1428 1.5
    endloop
  endfacet
  facet normal 0 0 1
    outer loop
      vertex 95.4769 -73.3755 1.5
      vertex 88.0773 -80.2514 1.5
      vertex 96.3234 -74.6137 1.5
    endloop
  endfacet
  facet normal -0 0 1
    outer loop
      vertex 86.9409 -79.2677 1.5
      vertex 88.0773 -80.2514 1.5
      vertex 87.2308 -79.0132 1.5
    endloop
  endfacet
  facet normal -0 0 1
    outer loop
      vertex 87.2308 -79.0132 1.5
      vertex 88.0773 -80.2514 1.5
      vertex 95.4769 -73.3755 1.5
    endloop
  endfacet
  facet normal 0 0 1
    outer loop
      vertex 139.194 -103.343 1.5
      vertex 140.683 -103.137 1.5
      vertex 140.59 -102.762 1.5
    endloop
  endfacet
  facet normal 0 0 1
    outer loop
      vertex 139.166 -103.261 1.5
      vertex 140.59 -102.762 1.5
      vertex 140.411 -102.421 1.5
    endloop
  endfacet
  facet normal 0 0 1
    outer loop
      vertex 139.166 -103.261 1.5
      vertex 140.411 -102.421 1.5
      vertex 140.236 -102.21 1.5
    endloop
  endfacet
  facet normal 0 0 1
    outer loop
      vertex 140.683 -103.137 1.5
      vertex 139.194 -103.343 1.5
      vertex 140.683 -103.522 1.5
    endloop
  endfacet
  facet normal 0 0 1
    outer loop
      vertex 139.194 -103.343 1.5
      vertex 137.931 -126.37 1.5
      vertex 140.683 -103.522 1.5
    endloop
  endfacet
  facet normal 0 -0 1
    outer loop
      vertex 137.931 -126.37 1.5
      vertex 139.194 -103.343 1.5
      vertex 136.425 -126.331 1.5
    endloop
  endfacet
  facet normal -0 0 1
    outer loop
      vertex 138.964 -163.71 1.5
      vertex 140.426 -164.064 1.5
      vertex 140.461 -163.608 1.5
    endloop
  endfacet
  facet normal -0 0 1
    outer loop
      vertex 138.954 -163.761 1.5
      vertex 140.426 -164.064 1.5
      vertex 138.964 -163.71 1.5
    endloop
  endfacet
  facet normal 0 0 1
    outer loop
      vertex 137.931 -126.37 1.5
      vertex 138.964 -163.71 1.5
      vertex 140.461 -163.608 1.5
    endloop
  endfacet
  facet normal 0 0 1
    outer loop
      vertex 138.964 -163.71 1.5
      vertex 137.931 -126.37 1.5
      vertex 136.425 -126.331 1.5
    endloop
  endfacet
  facet normal 0 0 1
    outer loop
      vertex 140.426 -164.064 1.5
      vertex 138.954 -163.761 1.5
      vertex 140.298 -164.428 1.5
    endloop
  endfacet
  facet normal 0 0 1
    outer loop
      vertex 138.954 -163.761 1.5
      vertex 135.088 -174.931 1.5
      vertex 140.298 -164.428 1.5
    endloop
  endfacet
  facet normal -0 0 1
    outer loop
      vertex 133.744 -174.264 1.5
      vertex 135.088 -174.931 1.5
      vertex 138.954 -163.761 1.5
    endloop
  endfacet
  facet normal 0 0 1
    outer loop
      vertex 135.088 -174.931 1.5
      vertex 133.744 -174.264 1.5
      vertex 134.971 -175.129 1.5
    endloop
  endfacet
  facet normal 0 0 1
    outer loop
      vertex 134.971 -175.129 1.5
      vertex 133.744 -174.264 1.5
      vertex 134.715 -175.417 1.5
    endloop
  endfacet
  facet normal 0 0 1
    outer loop
      vertex 134.715 -175.417 1.5
      vertex 133.744 -174.264 1.5
      vertex 134.398 -175.636 1.5
    endloop
  endfacet
  facet normal -0 0 1
    outer loop
      vertex 133.654 -174.32 1.5
      vertex 134.398 -175.636 1.5
      vertex 133.744 -174.264 1.5
    endloop
  endfacet
  facet normal 0 0 1
    outer loop
      vertex 134.398 -175.636 1.5
      vertex 133.654 -174.32 1.5
      vertex 134.037 -175.773 1.5
    endloop
  endfacet
  facet normal 0 0 1
    outer loop
      vertex 133.654 -174.32 1.5
      vertex 133.654 -175.82 1.5
      vertex 134.037 -175.773 1.5
    endloop
  endfacet
  facet normal -0 0 1
    outer loop
      vertex 96.3457 -174.32 1.5
      vertex 133.654 -175.82 1.5
      vertex 133.654 -174.32 1.5
    endloop
  endfacet
  facet normal 0 0 1
    outer loop
      vertex 96.3457 -174.32 1.5
      vertex 96.3457 -175.82 1.5
      vertex 133.654 -175.82 1.5
    endloop
  endfacet
  facet normal 0 0 1
    outer loop
      vertex 95.407 -175.515 1.5
      vertex 96.3457 -174.32 1.5
      vertex 96.2561 -174.264 1.5
    endloop
  endfacet
  facet normal 0 0 1
    outer loop
      vertex 96.3457 -174.32 1.5
      vertex 96.1166 -175.803 1.5
      vertex 96.3457 -175.82 1.5
    endloop
  endfacet
  facet normal 0 0 1
    outer loop
      vertex 96.3457 -174.32 1.5
      vertex 95.7443 -175.702 1.5
      vertex 96.1166 -175.803 1.5
    endloop
  endfacet
  facet normal 0 0 1
    outer loop
      vertex 96.3457 -174.32 1.5
      vertex 95.407 -175.515 1.5
      vertex 95.7443 -175.702 1.5
    endloop
  endfacet
  facet normal 0 0 1
    outer loop
      vertex 96.2561 -174.264 1.5
      vertex 95.1242 -175.253 1.5
      vertex 95.407 -175.515 1.5
    endloop
  endfacet
  facet normal 0 0 1
    outer loop
      vertex 96.2561 -174.264 1.5
      vertex 94.9124 -174.931 1.5
      vertex 95.1242 -175.253 1.5
    endloop
  endfacet
  facet normal 0 0 1
    outer loop
      vertex 91.0462 -163.761 1.5
      vertex 94.9124 -174.931 1.5
      vertex 96.2561 -174.264 1.5
    endloop
  endfacet
  facet normal 0 0 1
    outer loop
      vertex 91.0462 -163.761 1.5
      vertex 89.7024 -164.428 1.5
      vertex 94.9124 -174.931 1.5
    endloop
  endfacet
  facet normal 0 0 1
    outer loop
      vertex 89.5599 -163.994 1.5
      vertex 91.0462 -163.761 1.5
      vertex 91.036 -163.71 1.5
    endloop
  endfacet
  facet normal 0 0 1
    outer loop
      vertex 88.0345 -80.3459 1.5
      vertex 92.0693 -126.37 1.5
      vertex 93.5754 -126.331 1.5
    endloop
  endfacet
  facet normal -0 0 1
    outer loop
      vertex 86.7204 -79.5841 1.5
      vertex 88.0773 -80.2514 1.5
      vertex 86.9409 -79.2677 1.5
    endloop
  endfacet
  facet normal 0 0 1
    outer loop
      vertex 88.0773 -80.2514 1.5
      vertex 86.7204 -79.5841 1.5
      vertex 88.0345 -80.3459 1.5
    endloop
  endfacet
  facet normal -0 0 1
    outer loop
      vertex 86.582 -79.9442 1.5
      vertex 88.0345 -80.3459 1.5
      vertex 86.7204 -79.5841 1.5
    endloop
  endfacet
  facet normal -0 0 1
    outer loop
      vertex 86.5338 -80.3268 1.5
      vertex 88.0345 -80.3459 1.5
      vertex 86.582 -79.9442 1.5
    endloop
  endfacet
  facet normal 0 0 1
    outer loop
      vertex 88.0345 -80.3459 1.5
      vertex 86.5453 -80.5254 1.5
      vertex 92.0693 -126.37 1.5
    endloop
  endfacet
  facet normal 0 0 1
    outer loop
      vertex 88.0345 -80.3459 1.5
      vertex 86.5338 -80.3268 1.5
      vertex 86.5453 -80.5254 1.5
    endloop
  endfacet
  facet normal -0 0 1
    outer loop
      vertex 92.0693 -126.37 1.5
      vertex 91.036 -163.71 1.5
      vertex 93.5754 -126.331 1.5
    endloop
  endfacet
  facet normal -0 0 1
    outer loop
      vertex 89.5394 -163.608 1.5
      vertex 91.036 -163.71 1.5
      vertex 92.0693 -126.37 1.5
    endloop
  endfacet
  facet normal 0 -0 1
    outer loop
      vertex 89.5599 -163.994 1.5
      vertex 91.036 -163.71 1.5
      vertex 89.5394 -163.608 1.5
    endloop
  endfacet
  facet normal 0 0 1
    outer loop
      vertex 91.0462 -163.761 1.5
      vertex 89.5599 -163.994 1.5
      vertex 89.7024 -164.428 1.5
    endloop
  endfacet
  facet normal 0 0 1
    outer loop
      vertex 99.7512 -89.1287 1.5
      vertex 98.2578 -89.29 1.5
      vertex 98.3195 -89.6699 1.5
    endloop
  endfacet
  facet normal 0.35481 -0.934938 0
    outer loop
      vertex 134.037 -175.773 0
      vertex 134.398 -175.636 1.5
      vertex 134.037 -175.773 1.5
    endloop
  endfacet
  facet normal 0.35481 -0.934938 0
    outer loop
      vertex 134.398 -175.636 1.5
      vertex 134.037 -175.773 0
      vertex 134.398 -175.636 0
    endloop
  endfacet
  facet normal 0.5684 -0.822752 0
    outer loop
      vertex 134.398 -175.636 0
      vertex 134.715 -175.417 1.5
      vertex 134.398 -175.636 1.5
    endloop
  endfacet
  facet normal 0.5684 -0.822752 0
    outer loop
      vertex 134.715 -175.417 1.5
      vertex 134.398 -175.636 0
      vertex 134.715 -175.417 0
    endloop
  endfacet
  facet normal 0.747409 -0.664364 0
    outer loop
      vertex 134.715 -175.417 1.5
      vertex 134.971 -175.129 0
      vertex 134.971 -175.129 1.5
    endloop
  endfacet
  facet normal 0.747409 -0.664364 0
    outer loop
      vertex 134.971 -175.129 0
      vertex 134.715 -175.417 1.5
      vertex 134.715 -175.417 0
    endloop
  endfacet
  facet normal 0.860927 -0.508729 0
    outer loop
      vertex 134.971 -175.129 1.5
      vertex 135.088 -174.931 0
      vertex 135.088 -174.931 1.5
    endloop
  endfacet
  facet normal 0.860927 -0.508729 0
    outer loop
      vertex 135.088 -174.931 0
      vertex 134.971 -175.129 1.5
      vertex 134.971 -175.129 0
    endloop
  endfacet
  facet normal 0.895839 -0.44438 0
    outer loop
      vertex 135.088 -174.931 1.5
      vertex 140.298 -164.428 0
      vertex 140.298 -164.428 1.5
    endloop
  endfacet
  facet normal 0.895839 -0.44438 0
    outer loop
      vertex 140.298 -164.428 0
      vertex 135.088 -174.931 1.5
      vertex 135.088 -174.931 0
    endloop
  endfacet
  facet normal 0.943372 -0.331735 0
    outer loop
      vertex 140.298 -164.428 1.5
      vertex 140.426 -164.064 0
      vertex 140.426 -164.064 1.5
    endloop
  endfacet
  facet normal 0.943372 -0.331735 0
    outer loop
      vertex 140.426 -164.064 0
      vertex 140.298 -164.428 1.5
      vertex 140.298 -164.428 0
    endloop
  endfacet
  facet normal 0.997067 -0.0765293 0
    outer loop
      vertex 140.426 -164.064 1.5
      vertex 140.461 -163.608 0
      vertex 140.461 -163.608 1.5
    endloop
  endfacet
  facet normal 0.997067 -0.0765293 0
    outer loop
      vertex 140.461 -163.608 0
      vertex 140.426 -164.064 1.5
      vertex 140.426 -164.064 0
    endloop
  endfacet
  facet normal 0.9977 0.0677851 0
    outer loop
      vertex 140.461 -163.608 1.5
      vertex 137.931 -126.37 0
      vertex 137.931 -126.37 1.5
    endloop
  endfacet
  facet normal 0.9977 0.0677851 0
    outer loop
      vertex 137.931 -126.37 0
      vertex 140.461 -163.608 1.5
      vertex 140.461 -163.608 0
    endloop
  endfacet
  facet normal 0.992824 -0.119584 0
    outer loop
      vertex 137.931 -126.37 1.5
      vertex 140.683 -103.522 0
      vertex 140.683 -103.522 1.5
    endloop
  endfacet
  facet normal 0.992824 -0.119584 0
    outer loop
      vertex 140.683 -103.522 0
      vertex 137.931 -126.37 1.5
      vertex 137.931 -126.37 0
    endloop
  endfacet
  facet normal 1 -0 0
    outer loop
      vertex 140.683 -103.522 1.5
      vertex 140.683 -103.137 0
      vertex 140.683 -103.137 1.5
    endloop
  endfacet
  facet normal 1 0 0
    outer loop
      vertex 140.683 -103.137 0
      vertex 140.683 -103.522 1.5
      vertex 140.683 -103.522 0
    endloop
  endfacet
  facet normal 0.970598 0.240708 0
    outer loop
      vertex 140.683 -103.137 1.5
      vertex 140.59 -102.762 0
      vertex 140.59 -102.762 1.5
    endloop
  endfacet
  facet normal 0.970598 0.240708 0
    outer loop
      vertex 140.59 -102.762 0
      vertex 140.683 -103.137 1.5
      vertex 140.683 -103.137 0
    endloop
  endfacet
  facet normal 0.885425 0.464783 0
    outer loop
      vertex 140.59 -102.762 1.5
      vertex 140.411 -102.421 0
      vertex 140.411 -102.421 1.5
    endloop
  endfacet
  facet normal 0.885425 0.464783 0
    outer loop
      vertex 140.411 -102.421 0
      vertex 140.59 -102.762 1.5
      vertex 140.59 -102.762 0
    endloop
  endfacet
  facet normal 0.769714 0.638389 0
    outer loop
      vertex 140.411 -102.421 1.5
      vertex 140.236 -102.21 0
      vertex 140.236 -102.21 1.5
    endloop
  endfacet
  facet normal 0.769714 0.638389 0
    outer loop
      vertex 140.236 -102.21 0
      vertex 140.411 -102.421 1.5
      vertex 140.411 -102.421 0
    endloop
  endfacet
  facet normal 0.713527 0.700627 0
    outer loop
      vertex 140.236 -102.21 1.5
      vertex 112.119 -73.5753 0
      vertex 112.119 -73.5753 1.5
    endloop
  endfacet
  facet normal 0.713527 0.700627 0
    outer loop
      vertex 112.119 -73.5753 0
      vertex 140.236 -102.21 1.5
      vertex 140.236 -102.21 0
    endloop
  endfacet
  facet normal 0.624537 0.780995 -0
    outer loop
      vertex 112.119 -73.5753 0
      vertex 111.818 -73.3346 1.5
      vertex 112.119 -73.5753 1.5
    endloop
  endfacet
  facet normal 0.624537 0.780995 0
    outer loop
      vertex 111.818 -73.3346 1.5
      vertex 112.119 -73.5753 0
      vertex 111.818 -73.3346 0
    endloop
  endfacet
  facet normal 0.417991 0.908451 -0
    outer loop
      vertex 111.818 -73.3346 0
      vertex 111.467 -73.1731 1.5
      vertex 111.818 -73.3346 1.5
    endloop
  endfacet
  facet normal 0.417991 0.908451 0
    outer loop
      vertex 111.467 -73.1731 1.5
      vertex 111.818 -73.3346 0
      vertex 111.467 -73.1731 0
    endloop
  endfacet
  facet normal 0.155153 0.98789 -0
    outer loop
      vertex 111.467 -73.1731 0
      vertex 110.978 -73.0963 1.5
      vertex 111.467 -73.1731 1.5
    endloop
  endfacet
  facet normal 0.155153 0.98789 0
    outer loop
      vertex 110.978 -73.0963 1.5
      vertex 111.467 -73.1731 0
      vertex 110.978 -73.0963 0
    endloop
  endfacet
  facet normal 0 1 -0
    outer loop
      vertex 110.978 -73.0963 0
      vertex 105.455 -73.0963 1.5
      vertex 110.978 -73.0963 1.5
    endloop
  endfacet
  facet normal 0 1 0
    outer loop
      vertex 105.455 -73.0963 1.5
      vertex 110.978 -73.0963 0
      vertex 105.455 -73.0963 0
    endloop
  endfacet
  facet normal -0.120525 0.99271 0
    outer loop
      vertex 105.455 -73.0963 0
      vertex 105.072 -73.1428 1.5
      vertex 105.455 -73.0963 1.5
    endloop
  endfacet
  facet normal -0.120525 0.99271 0
    outer loop
      vertex 105.072 -73.1428 1.5
      vertex 105.455 -73.0963 0
      vertex 105.072 -73.1428 0
    endloop
  endfacet
  facet normal -0.355218 0.934784 0
    outer loop
      vertex 105.072 -73.1428 0
      vertex 104.712 -73.2796 1.5
      vertex 105.072 -73.1428 1.5
    endloop
  endfacet
  facet normal -0.355218 0.934784 0
    outer loop
      vertex 104.712 -73.2796 1.5
      vertex 105.072 -73.1428 0
      vertex 104.712 -73.2796 0
    endloop
  endfacet
  facet normal -0.567364 0.823467 0
    outer loop
      vertex 104.712 -73.2796 0
      vertex 104.394 -73.4987 1.5
      vertex 104.712 -73.2796 1.5
    endloop
  endfacet
  facet normal -0.567364 0.823467 0
    outer loop
      vertex 104.394 -73.4987 1.5
      vertex 104.712 -73.2796 0
      vertex 104.394 -73.4987 0
    endloop
  endfacet
  facet normal -0.74821 0.663463 0
    outer loop
      vertex 104.138 -73.7874 0
      vertex 104.394 -73.4987 1.5
      vertex 104.394 -73.4987 0
    endloop
  endfacet
  facet normal -0.74821 0.663463 0
    outer loop
      vertex 104.394 -73.4987 1.5
      vertex 104.138 -73.7874 0
      vertex 104.138 -73.7874 1.5
    endloop
  endfacet
  facet normal -0.885705 0.464249 0
    outer loop
      vertex 103.959 -74.1289 0
      vertex 104.138 -73.7874 1.5
      vertex 104.138 -73.7874 0
    endloop
  endfacet
  facet normal -0.885705 0.464249 0
    outer loop
      vertex 104.138 -73.7874 1.5
      vertex 103.959 -74.1289 0
      vertex 103.959 -74.1289 1.5
    endloop
  endfacet
  facet normal -0.983614 0.180289 0
    outer loop
      vertex 103.855 -74.6963 0
      vertex 103.959 -74.1289 1.5
      vertex 103.959 -74.1289 0
    endloop
  endfacet
  facet normal -0.983614 0.180289 0
    outer loop
      vertex 103.959 -74.1289 1.5
      vertex 103.855 -74.6963 0
      vertex 103.855 -74.6963 1.5
    endloop
  endfacet
  facet normal -1 0 0
    outer loop
      vertex 103.855 -88.8611 0
      vertex 103.855 -74.6963 1.5
      vertex 103.855 -74.6963 0
    endloop
  endfacet
  facet normal -1 -0 0
    outer loop
      vertex 103.855 -74.6963 1.5
      vertex 103.855 -88.8611 0
      vertex 103.855 -88.8611 1.5
    endloop
  endfacet
  facet normal -0.998634 0.0522454 0
    outer loop
      vertex 103.841 -89.1287 0
      vertex 103.855 -88.8611 1.5
      vertex 103.855 -88.8611 0
    endloop
  endfacet
  facet normal -0.998634 0.0522454 0
    outer loop
      vertex 103.855 -88.8611 1.5
      vertex 103.841 -89.1287 0
      vertex 103.841 -89.1287 1.5
    endloop
  endfacet
  facet normal -0.986697 0.162568 0
    outer loop
      vertex 103.805 -89.3472 0
      vertex 103.841 -89.1287 1.5
      vertex 103.841 -89.1287 0
    endloop
  endfacet
  facet normal -0.986697 0.162568 0
    outer loop
      vertex 103.841 -89.1287 1.5
      vertex 103.805 -89.3472 0
      vertex 103.805 -89.3472 1.5
    endloop
  endfacet
  facet normal -0.962871 0.269964 0
    outer loop
      vertex 103.745 -89.5612 0
      vertex 103.805 -89.3472 1.5
      vertex 103.805 -89.3472 0
    endloop
  endfacet
  facet normal -0.962871 0.269964 0
    outer loop
      vertex 103.805 -89.3472 1.5
      vertex 103.745 -89.5612 0
      vertex 103.745 -89.5612 1.5
    endloop
  endfacet
  facet normal -0.930014 0.367524 0
    outer loop
      vertex 103.663 -89.7687 0
      vertex 103.745 -89.5612 1.5
      vertex 103.745 -89.5612 0
    endloop
  endfacet
  facet normal -0.930014 0.367524 0
    outer loop
      vertex 103.745 -89.5612 1.5
      vertex 103.663 -89.7687 0
      vertex 103.663 -89.7687 1.5
    endloop
  endfacet
  facet normal -0.882952 0.469463 0
    outer loop
      vertex 103.559 -89.9643 0
      vertex 103.663 -89.7687 1.5
      vertex 103.663 -89.7687 0
    endloop
  endfacet
  facet normal -0.882952 0.469463 0
    outer loop
      vertex 103.663 -89.7687 1.5
      vertex 103.559 -89.9643 0
      vertex 103.559 -89.9643 1.5
    endloop
  endfacet
  facet normal -0.827217 0.561883 0
    outer loop
      vertex 103.433 -90.1498 0
      vertex 103.559 -89.9643 1.5
      vertex 103.559 -89.9643 0
    endloop
  endfacet
  facet normal -0.827217 0.561883 0
    outer loop
      vertex 103.559 -89.9643 1.5
      vertex 103.433 -90.1498 0
      vertex 103.433 -90.1498 1.5
    endloop
  endfacet
  facet normal -0.76342 0.645902 0
    outer loop
      vertex 103.289 -90.32 0
      vertex 103.433 -90.1498 1.5
      vertex 103.433 -90.1498 0
    endloop
  endfacet
  facet normal -0.76342 0.645902 0
    outer loop
      vertex 103.433 -90.1498 1.5
      vertex 103.289 -90.32 0
      vertex 103.289 -90.32 1.5
    endloop
  endfacet
  facet normal -0.688868 0.724887 0
    outer loop
      vertex 103.289 -90.32 0
      vertex 103.128 -90.473 1.5
      vertex 103.289 -90.32 1.5
    endloop
  endfacet
  facet normal -0.688868 0.724887 0
    outer loop
      vertex 103.128 -90.473 1.5
      vertex 103.289 -90.32 0
      vertex 103.128 -90.473 0
    endloop
  endfacet
  facet normal -0.604337 0.796729 0
    outer loop
      vertex 103.128 -90.473 0
      vertex 102.952 -90.6065 1.5
      vertex 103.128 -90.473 1.5
    endloop
  endfacet
  facet normal -0.604337 0.796729 0
    outer loop
      vertex 102.952 -90.6065 1.5
      vertex 103.128 -90.473 0
      vertex 102.952 -90.6065 0
    endloop
  endfacet
  facet normal -0.514822 0.857297 0
    outer loop
      vertex 102.952 -90.6065 0
      vertex 102.759 -90.7224 1.5
      vertex 102.952 -90.6065 1.5
    endloop
  endfacet
  facet normal -0.514822 0.857297 0
    outer loop
      vertex 102.759 -90.7224 1.5
      vertex 102.952 -90.6065 0
      vertex 102.759 -90.7224 0
    endloop
  endfacet
  facet normal -0.421533 0.906813 0
    outer loop
      vertex 102.759 -90.7224 0
      vertex 102.557 -90.8163 1.5
      vertex 102.759 -90.7224 1.5
    endloop
  endfacet
  facet normal -0.421533 0.906813 0
    outer loop
      vertex 102.557 -90.8163 1.5
      vertex 102.759 -90.7224 0
      vertex 102.557 -90.8163 0
    endloop
  endfacet
  facet normal -0.317589 0.948229 0
    outer loop
      vertex 102.557 -90.8163 0
      vertex 102.348 -90.8863 1.5
      vertex 102.557 -90.8163 1.5
    endloop
  endfacet
  facet normal -0.317589 0.948229 0
    outer loop
      vertex 102.348 -90.8863 1.5
      vertex 102.557 -90.8163 0
      vertex 102.348 -90.8863 0
    endloop
  endfacet
  facet normal -0.214521 0.976719 0
    outer loop
      vertex 102.348 -90.8863 0
      vertex 102.129 -90.9344 1.5
      vertex 102.348 -90.8863 1.5
    endloop
  endfacet
  facet normal -0.214521 0.976719 0
    outer loop
      vertex 102.129 -90.9344 1.5
      vertex 102.348 -90.8863 0
      vertex 102.129 -90.9344 0
    endloop
  endfacet
  facet normal -0.108367 0.994111 0
    outer loop
      vertex 102.129 -90.9344 0
      vertex 101.907 -90.9586 1.5
      vertex 102.129 -90.9344 1.5
    endloop
  endfacet
  facet normal -0.108367 0.994111 0
    outer loop
      vertex 101.907 -90.9586 1.5
      vertex 102.129 -90.9344 0
      vertex 101.907 -90.9586 0
    endloop
  endfacet
  facet normal 0 1 -0
    outer loop
      vertex 101.907 -90.9586 0
      vertex 101.685 -90.9586 1.5
      vertex 101.907 -90.9586 1.5
    endloop
  endfacet
  facet normal 0 1 0
    outer loop
      vertex 101.685 -90.9586 1.5
      vertex 101.907 -90.9586 0
      vertex 101.685 -90.9586 0
    endloop
  endfacet
  facet normal 0.108367 0.994111 -0
    outer loop
      vertex 101.685 -90.9586 0
      vertex 101.463 -90.9344 1.5
      vertex 101.685 -90.9586 1.5
    endloop
  endfacet
  facet normal 0.108367 0.994111 0
    outer loop
      vertex 101.463 -90.9344 1.5
      vertex 101.685 -90.9586 0
      vertex 101.463 -90.9344 0
    endloop
  endfacet
  facet normal 0.214521 0.976719 -0
    outer loop
      vertex 101.463 -90.9344 0
      vertex 101.244 -90.8863 1.5
      vertex 101.463 -90.9344 1.5
    endloop
  endfacet
  facet normal 0.214521 0.976719 0
    outer loop
      vertex 101.244 -90.8863 1.5
      vertex 101.463 -90.9344 0
      vertex 101.244 -90.8863 0
    endloop
  endfacet
  facet normal 0.318812 0.947818 -0
    outer loop
      vertex 101.244 -90.8863 0
      vertex 101.035 -90.816 1.5
      vertex 101.244 -90.8863 1.5
    endloop
  endfacet
  facet normal 0.318812 0.947818 0
    outer loop
      vertex 101.035 -90.816 1.5
      vertex 101.244 -90.8863 0
      vertex 101.035 -90.816 0
    endloop
  endfacet
  facet normal 0.420425 0.907327 -0
    outer loop
      vertex 101.035 -90.816 0
      vertex 100.833 -90.7224 1.5
      vertex 101.035 -90.816 1.5
    endloop
  endfacet
  facet normal 0.420425 0.907327 0
    outer loop
      vertex 100.833 -90.7224 1.5
      vertex 101.035 -90.816 0
      vertex 100.833 -90.7224 0
    endloop
  endfacet
  facet normal 0.514822 0.857297 -0
    outer loop
      vertex 100.833 -90.7224 0
      vertex 100.64 -90.6065 1.5
      vertex 100.833 -90.7224 1.5
    endloop
  endfacet
  facet normal 0.514822 0.857297 0
    outer loop
      vertex 100.64 -90.6065 1.5
      vertex 100.833 -90.7224 0
      vertex 100.64 -90.6065 0
    endloop
  endfacet
  facet normal 0.604217 0.79682 -0
    outer loop
      vertex 100.64 -90.6065 0
      vertex 100.465 -90.4738 1.5
      vertex 100.64 -90.6065 1.5
    endloop
  endfacet
  facet normal 0.604217 0.79682 0
    outer loop
      vertex 100.465 -90.4738 1.5
      vertex 100.64 -90.6065 0
      vertex 100.465 -90.4738 0
    endloop
  endfacet
  facet normal 0.690753 0.72309 -0
    outer loop
      vertex 100.465 -90.4738 0
      vertex 100.304 -90.32 1.5
      vertex 100.465 -90.4738 1.5
    endloop
  endfacet
  facet normal 0.690753 0.72309 0
    outer loop
      vertex 100.304 -90.32 1.5
      vertex 100.465 -90.4738 0
      vertex 100.304 -90.32 0
    endloop
  endfacet
  facet normal 0.761259 0.648447 0
    outer loop
      vertex 100.304 -90.32 1.5
      vertex 100.158 -90.1486 0
      vertex 100.158 -90.1486 1.5
    endloop
  endfacet
  facet normal 0.761259 0.648447 0
    outer loop
      vertex 100.158 -90.1486 0
      vertex 100.304 -90.32 1.5
      vertex 100.304 -90.32 0
    endloop
  endfacet
  facet normal 0.827602 0.561315 0
    outer loop
      vertex 100.158 -90.1486 1.5
      vertex 100.033 -89.9643 0
      vertex 100.033 -89.9643 1.5
    endloop
  endfacet
  facet normal 0.827602 0.561315 0
    outer loop
      vertex 100.033 -89.9643 0
      vertex 100.158 -90.1486 1.5
      vertex 100.158 -90.1486 0
    endloop
  endfacet
  facet normal 0.882765 0.469815 0
    outer loop
      vertex 100.033 -89.9643 1.5
      vertex 99.9289 -89.7687 0
      vertex 99.9289 -89.7687 1.5
    endloop
  endfacet
  facet normal 0.882765 0.469815 0
    outer loop
      vertex 99.9289 -89.7687 0
      vertex 100.033 -89.9643 1.5
      vertex 100.033 -89.9643 0
    endloop
  endfacet
  facet normal 0.929247 0.36946 0
    outer loop
      vertex 99.9289 -89.7687 1.5
      vertex 99.8464 -89.5612 0
      vertex 99.8464 -89.5612 1.5
    endloop
  endfacet
  facet normal 0.929247 0.36946 0
    outer loop
      vertex 99.8464 -89.5612 0
      vertex 99.9289 -89.7687 1.5
      vertex 99.9289 -89.7687 0
    endloop
  endfacet
  facet normal 0.963221 0.268712 0
    outer loop
      vertex 99.8464 -89.5612 1.5
      vertex 99.7867 -89.3472 0
      vertex 99.7867 -89.3472 1.5
    endloop
  endfacet
  facet normal 0.963221 0.268712 0
    outer loop
      vertex 99.7867 -89.3472 0
      vertex 99.8464 -89.5612 1.5
      vertex 99.8464 -89.5612 0
    endloop
  endfacet
  facet normal 0.987057 0.160369 0
    outer loop
      vertex 99.7867 -89.3472 1.5
      vertex 99.7512 -89.1287 0
      vertex 99.7512 -89.1287 1.5
    endloop
  endfacet
  facet normal 0.987057 0.160369 0
    outer loop
      vertex 99.7512 -89.1287 0
      vertex 99.7867 -89.3472 1.5
      vertex 99.7867 -89.3472 0
    endloop
  endfacet
  facet normal 0.998535 0.054106 0
    outer loop
      vertex 99.7512 -89.1287 1.5
      vertex 99.7367 -88.8611 0
      vertex 99.7367 -88.8611 1.5
    endloop
  endfacet
  facet normal 0.998535 0.054106 0
    outer loop
      vertex 99.7367 -88.8611 0
      vertex 99.7512 -89.1287 1.5
      vertex 99.7512 -89.1287 0
    endloop
  endfacet
  facet normal 1 -0 0
    outer loop
      vertex 99.7367 -88.8611 1.5
      vertex 99.7367 -74.6963 0
      vertex 99.7367 -74.6963 1.5
    endloop
  endfacet
  facet normal 1 0 0
    outer loop
      vertex 99.7367 -74.6963 0
      vertex 99.7367 -88.8611 1.5
      vertex 99.7367 -88.8611 0
    endloop
  endfacet
  facet normal 0.992707 0.120556 0
    outer loop
      vertex 99.7367 -74.6963 1.5
      vertex 99.6902 -74.3134 0
      vertex 99.6902 -74.3134 1.5
    endloop
  endfacet
  facet normal 0.992707 0.120556 0
    outer loop
      vertex 99.6902 -74.3134 0
      vertex 99.7367 -74.6963 1.5
      vertex 99.7367 -74.6963 0
    endloop
  endfacet
  facet normal 0.935098 0.354389 0
    outer loop
      vertex 99.6902 -74.3134 1.5
      vertex 99.5535 -73.9527 0
      vertex 99.5535 -73.9527 1.5
    endloop
  endfacet
  facet normal 0.935098 0.354389 0
    outer loop
      vertex 99.5535 -73.9527 0
      vertex 99.6902 -74.3134 1.5
      vertex 99.6902 -74.3134 0
    endloop
  endfacet
  facet normal 0.822845 0.568266 0
    outer loop
      vertex 99.5535 -73.9527 1.5
      vertex 99.3343 -73.6353 0
      vertex 99.3343 -73.6353 1.5
    endloop
  endfacet
  facet normal 0.822845 0.568266 0
    outer loop
      vertex 99.3343 -73.6353 0
      vertex 99.5535 -73.9527 1.5
      vertex 99.5535 -73.9527 0
    endloop
  endfacet
  facet normal 0.663172 0.748467 -0
    outer loop
      vertex 99.3343 -73.6353 0
      vertex 99.0456 -73.3795 1.5
      vertex 99.3343 -73.6353 1.5
    endloop
  endfacet
  facet normal 0.663172 0.748467 0
    outer loop
      vertex 99.0456 -73.3795 1.5
      vertex 99.3343 -73.6353 0
      vertex 99.0456 -73.3795 0
    endloop
  endfacet
  facet normal 0.464656 0.885491 -0
    outer loop
      vertex 99.0456 -73.3795 0
      vertex 98.7041 -73.2003 1.5
      vertex 99.0456 -73.3795 1.5
    endloop
  endfacet
  facet normal 0.464656 0.885491 0
    outer loop
      vertex 98.7041 -73.2003 1.5
      vertex 99.0456 -73.3795 0
      vertex 98.7041 -73.2003 0
    endloop
  endfacet
  facet normal 0.180289 0.983614 -0
    outer loop
      vertex 98.7041 -73.2003 0
      vertex 98.1367 -73.0963 1.5
      vertex 98.7041 -73.2003 1.5
    endloop
  endfacet
  facet normal 0.180289 0.983614 0
    outer loop
      vertex 98.1367 -73.0963 1.5
      vertex 98.7041 -73.2003 0
      vertex 98.1367 -73.0963 0
    endloop
  endfacet
  facet normal 0 1 -0
    outer loop
      vertex 98.1367 -73.0963 0
      vertex 96.3799 -73.0963 1.5
      vertex 98.1367 -73.0963 1.5
    endloop
  endfacet
  facet normal 0 1 0
    outer loop
      vertex 96.3799 -73.0963 1.5
      vertex 98.1367 -73.0963 0
      vertex 96.3799 -73.0963 0
    endloop
  endfacet
  facet normal -0.120556 0.992707 0
    outer loop
      vertex 96.3799 -73.0963 0
      vertex 95.997 -73.1428 1.5
      vertex 96.3799 -73.0963 1.5
    endloop
  endfacet
  facet normal -0.120556 0.992707 0
    outer loop
      vertex 95.997 -73.1428 1.5
      vertex 96.3799 -73.0963 0
      vertex 95.997 -73.1428 0
    endloop
  endfacet
  facet normal -0.408401 0.912803 0
    outer loop
      vertex 95.997 -73.1428 0
      vertex 95.4769 -73.3755 1.5
      vertex 95.997 -73.1428 1.5
    endloop
  endfacet
  facet normal -0.408401 0.912803 0
    outer loop
      vertex 95.4769 -73.3755 1.5
      vertex 95.997 -73.1428 0
      vertex 95.4769 -73.3755 0
    endloop
  endfacet
  facet normal -0.564386 0.825511 0
    outer loop
      vertex 95.4769 -73.3755 0
      vertex 87.2308 -79.0132 1.5
      vertex 95.4769 -73.3755 1.5
    endloop
  endfacet
  facet normal -0.564386 0.825511 0
    outer loop
      vertex 87.2308 -79.0132 1.5
      vertex 95.4769 -73.3755 0
      vertex 87.2308 -79.0132 0
    endloop
  endfacet
  facet normal -0.659733 0.7515 0
    outer loop
      vertex 87.2308 -79.0132 0
      vertex 86.9409 -79.2677 1.5
      vertex 87.2308 -79.0132 1.5
    endloop
  endfacet
  facet normal -0.659733 0.7515 0
    outer loop
      vertex 86.9409 -79.2677 1.5
      vertex 87.2308 -79.0132 0
      vertex 86.9409 -79.2677 0
    endloop
  endfacet
  facet normal -0.820424 0.571756 0
    outer loop
      vertex 86.7204 -79.5841 0
      vertex 86.9409 -79.2677 1.5
      vertex 86.9409 -79.2677 0
    endloop
  endfacet
  facet normal -0.820424 0.571756 0
    outer loop
      vertex 86.9409 -79.2677 1.5
      vertex 86.7204 -79.5841 0
      vertex 86.7204 -79.5841 1.5
    endloop
  endfacet
  facet normal -0.933432 0.358753 0
    outer loop
      vertex 86.582 -79.9442 0
      vertex 86.7204 -79.5841 1.5
      vertex 86.7204 -79.5841 0
    endloop
  endfacet
  facet normal -0.933432 0.358753 0
    outer loop
      vertex 86.7204 -79.5841 1.5
      vertex 86.582 -79.9442 0
      vertex 86.582 -79.9442 1.5
    endloop
  endfacet
  facet normal -0.992158 0.124992 0
    outer loop
      vertex 86.5338 -80.3268 0
      vertex 86.582 -79.9442 1.5
      vertex 86.582 -79.9442 0
    endloop
  endfacet
  facet normal -0.992158 0.124992 0
    outer loop
      vertex 86.582 -79.9442 1.5
      vertex 86.5338 -80.3268 0
      vertex 86.5338 -80.3268 1.5
    endloop
  endfacet
  facet normal -0.998328 -0.0578085 0
    outer loop
      vertex 86.5453 -80.5254 0
      vertex 86.5338 -80.3268 1.5
      vertex 86.5338 -80.3268 0
    endloop
  endfacet
  facet normal -0.998328 -0.0578085 0
    outer loop
      vertex 86.5338 -80.3268 1.5
      vertex 86.5453 -80.5254 0
      vertex 86.5453 -80.5254 1.5
    endloop
  endfacet
  facet normal -0.992819 -0.119629 0
    outer loop
      vertex 92.0693 -126.37 0
      vertex 86.5453 -80.5254 1.5
      vertex 86.5453 -80.5254 0
    endloop
  endfacet
  facet normal -0.992819 -0.119629 0
    outer loop
      vertex 86.5453 -80.5254 1.5
      vertex 92.0693 -126.37 0
      vertex 92.0693 -126.37 1.5
    endloop
  endfacet
  facet normal -0.9977 0.0677824 0
    outer loop
      vertex 89.5394 -163.608 0
      vertex 92.0693 -126.37 1.5
      vertex 92.0693 -126.37 0
    endloop
  endfacet
  facet normal -0.9977 0.0677824 0
    outer loop
      vertex 92.0693 -126.37 1.5
      vertex 89.5394 -163.608 0
      vertex 89.5394 -163.608 1.5
    endloop
  endfacet
  facet normal -0.998593 -0.0530341 0
    outer loop
      vertex 89.5599 -163.994 0
      vertex 89.5394 -163.608 1.5
      vertex 89.5394 -163.608 0
    endloop
  endfacet
  facet normal -0.998593 -0.0530341 0
    outer loop
      vertex 89.5394 -163.608 1.5
      vertex 89.5599 -163.994 0
      vertex 89.5599 -163.994 1.5
    endloop
  endfacet
  facet normal -0.950097 -0.311956 0
    outer loop
      vertex 89.7024 -164.428 0
      vertex 89.5599 -163.994 1.5
      vertex 89.5599 -163.994 0
    endloop
  endfacet
  facet normal -0.950097 -0.311956 0
    outer loop
      vertex 89.5599 -163.994 1.5
      vertex 89.7024 -164.428 0
      vertex 89.7024 -164.428 1.5
    endloop
  endfacet
  facet normal -0.895839 -0.44438 0
    outer loop
      vertex 94.9124 -174.931 0
      vertex 89.7024 -164.428 1.5
      vertex 89.7024 -164.428 0
    endloop
  endfacet
  facet normal -0.895839 -0.44438 0
    outer loop
      vertex 89.7024 -164.428 1.5
      vertex 94.9124 -174.931 0
      vertex 94.9124 -174.931 1.5
    endloop
  endfacet
  facet normal -0.835467 -0.54954 0
    outer loop
      vertex 95.1242 -175.253 0
      vertex 94.9124 -174.931 1.5
      vertex 94.9124 -174.931 0
    endloop
  endfacet
  facet normal -0.835467 -0.54954 0
    outer loop
      vertex 94.9124 -174.931 1.5
      vertex 95.1242 -175.253 0
      vertex 95.1242 -175.253 1.5
    endloop
  endfacet
  facet normal -0.679615 -0.733569 0
    outer loop
      vertex 95.1242 -175.253 0
      vertex 95.407 -175.515 1.5
      vertex 95.1242 -175.253 1.5
    endloop
  endfacet
  facet normal -0.679615 -0.733569 -0
    outer loop
      vertex 95.407 -175.515 1.5
      vertex 95.1242 -175.253 0
      vertex 95.407 -175.515 0
    endloop
  endfacet
  facet normal -0.484872 -0.874585 0
    outer loop
      vertex 95.407 -175.515 0
      vertex 95.7443 -175.702 1.5
      vertex 95.407 -175.515 1.5
    endloop
  endfacet
  facet normal -0.484872 -0.874585 -0
    outer loop
      vertex 95.7443 -175.702 1.5
      vertex 95.407 -175.515 0
      vertex 95.7443 -175.702 0
    endloop
  endfacet
  facet normal -0.261823 -0.965116 0
    outer loop
      vertex 95.7443 -175.702 0
      vertex 96.1166 -175.803 1.5
      vertex 95.7443 -175.702 1.5
    endloop
  endfacet
  facet normal -0.261823 -0.965116 -0
    outer loop
      vertex 96.1166 -175.803 1.5
      vertex 95.7443 -175.702 0
      vertex 96.1166 -175.803 0
    endloop
  endfacet
  facet normal -0.074 -0.997258 0
    outer loop
      vertex 96.1166 -175.803 0
      vertex 96.3457 -175.82 1.5
      vertex 96.1166 -175.803 1.5
    endloop
  endfacet
  facet normal -0.074 -0.997258 -0
    outer loop
      vertex 96.3457 -175.82 1.5
      vertex 96.1166 -175.803 0
      vertex 96.3457 -175.82 0
    endloop
  endfacet
  facet normal 0 -1 0
    outer loop
      vertex 96.3457 -175.82 0
      vertex 133.654 -175.82 1.5
      vertex 96.3457 -175.82 1.5
    endloop
  endfacet
  facet normal 0 -1 -0
    outer loop
      vertex 133.654 -175.82 1.5
      vertex 96.3457 -175.82 0
      vertex 133.654 -175.82 0
    endloop
  endfacet
  facet normal 0.121802 -0.992554 0
    outer loop
      vertex 133.654 -175.82 0
      vertex 134.037 -175.773 1.5
      vertex 133.654 -175.82 1.5
    endloop
  endfacet
  facet normal 0.121802 -0.992554 0
    outer loop
      vertex 134.037 -175.773 1.5
      vertex 133.654 -175.82 0
      vertex 134.037 -175.773 0
    endloop
  endfacet
  facet normal -0 0 1
    outer loop
      vertex 96.8124 -139.062 0.2
      vertex 98.2344 -141.721 0.2
      vertex 96.8782 -138.965 0.2
    endloop
  endfacet
  facet normal 0 0 1
    outer loop
      vertex 98.2344 -141.721 0.2
      vertex 96.8782 -141.035 0.2
      vertex 96.8996 -141.146 0.2
    endloop
  endfacet
  facet normal -0 0 1
    outer loop
      vertex 96.8124 -140.938 0.2
      vertex 98.2344 -141.721 0.2
      vertex 96.8124 -139.062 0.2
    endloop
  endfacet
  facet normal 0 0 1
    outer loop
      vertex 98.2344 -141.721 0.2
      vertex 96.8124 -140.938 0.2
      vertex 96.8782 -141.035 0.2
    endloop
  endfacet
  facet normal -0 0 1
    outer loop
      vertex 96.7148 -139.128 0.2
      vertex 96.8124 -140.938 0.2
      vertex 96.8124 -139.062 0.2
    endloop
  endfacet
  facet normal 0 0 1
    outer loop
      vertex 96.7148 -139.128 0.2
      vertex 96.7148 -140.872 0.2
      vertex 96.8124 -140.938 0.2
    endloop
  endfacet
  facet normal -0 0 1
    outer loop
      vertex 96.6044 -139.15 0.2
      vertex 96.7148 -140.872 0.2
      vertex 96.7148 -139.128 0.2
    endloop
  endfacet
  facet normal 0 0 1
    outer loop
      vertex 96.6044 -139.15 0.2
      vertex 96.6044 -140.85 0.2
      vertex 96.7148 -140.872 0.2
    endloop
  endfacet
  facet normal -0 0 1
    outer loop
      vertex 94.3956 -139.15 0.2
      vertex 96.6044 -140.85 0.2
      vertex 96.6044 -139.15 0.2
    endloop
  endfacet
  facet normal 0 0 1
    outer loop
      vertex 94.3956 -139.15 0.2
      vertex 94.3956 -140.85 0.2
      vertex 96.6044 -140.85 0.2
    endloop
  endfacet
  facet normal 0 0 1
    outer loop
      vertex 94.2852 -139.128 0.2
      vertex 94.3956 -140.85 0.2
      vertex 94.3956 -139.15 0.2
    endloop
  endfacet
  facet normal 0 0 1
    outer loop
      vertex 94.2852 -139.128 0.2
      vertex 94.2852 -140.872 0.2
      vertex 94.3956 -140.85 0.2
    endloop
  endfacet
  facet normal 0 0 1
    outer loop
      vertex 94.1876 -139.062 0.2
      vertex 94.2852 -140.872 0.2
      vertex 94.2852 -139.128 0.2
    endloop
  endfacet
  facet normal 0 0 1
    outer loop
      vertex 94.1876 -139.062 0.2
      vertex 94.1876 -140.938 0.2
      vertex 94.2852 -140.872 0.2
    endloop
  endfacet
  facet normal 0 0 1
    outer loop
      vertex 94.1218 -138.965 0.2
      vertex 94.1876 -140.938 0.2
      vertex 94.1876 -139.062 0.2
    endloop
  endfacet
  facet normal 0 0 1
    outer loop
      vertex 94.1218 -138.965 0.2
      vertex 94.1218 -141.035 0.2
      vertex 94.1876 -140.938 0.2
    endloop
  endfacet
  facet normal 0 0 1
    outer loop
      vertex 94.1004 -138.854 0.2
      vertex 94.1218 -141.035 0.2
      vertex 94.1218 -138.965 0.2
    endloop
  endfacet
  facet normal 0 0 1
    outer loop
      vertex 94.1218 -141.035 0.2
      vertex 94.1004 -138.854 0.2
      vertex 94.1004 -141.146 0.2
    endloop
  endfacet
  facet normal 0 0 1
    outer loop
      vertex 96.3234 -74.6137 0.2
      vertex 98.2367 -88.9017 0.2
      vertex 98.2367 -74.6963 0.2
    endloop
  endfacet
  facet normal -0 0 1
    outer loop
      vertex 96.3799 -74.5963 0.2
      vertex 98.2367 -74.6963 0.2
      vertex 98.1367 -74.5963 0.2
    endloop
  endfacet
  facet normal 0 0 1
    outer loop
      vertex 98.2367 -88.9017 0.2
      vertex 96.8782 -138.085 0.2
      vertex 98.2344 -141.721 0.2
    endloop
  endfacet
  facet normal -0 -0 1
    outer loop
      vertex 96.8996 -138.195 0.2
      vertex 98.2344 -141.721 0.2
      vertex 96.8782 -138.085 0.2
    endloop
  endfacet
  facet normal -0 0 1
    outer loop
      vertex 96.8996 -138.854 0.2
      vertex 98.2344 -141.721 0.2
      vertex 96.8996 -138.195 0.2
    endloop
  endfacet
  facet normal -0 0 1
    outer loop
      vertex 96.8124 -142.013 0.2
      vertex 98.0496 -144.005 0.2
      vertex 98.0496 -141.995 0.2
    endloop
  endfacet
  facet normal -0 0 1
    outer loop
      vertex 96.6044 -142.1 0.2
      vertex 98.0496 -144.005 0.2
      vertex 96.7148 -142.078 0.2
    endloop
  endfacet
  facet normal 0 0 1
    outer loop
      vertex 98.1367 -141.787 0.2
      vertex 96.8996 -141.146 0.2
      vertex 98.0721 -141.885 0.2
    endloop
  endfacet
  facet normal -0 0 1
    outer loop
      vertex 96.8782 -138.965 0.2
      vertex 98.2344 -141.721 0.2
      vertex 96.8996 -138.854 0.2
    endloop
  endfacet
  facet normal 0 0 1
    outer loop
      vertex 98.2344 -141.721 0.2
      vertex 96.8996 -141.146 0.2
      vertex 98.1367 -141.787 0.2
    endloop
  endfacet
  facet normal 0 0 1
    outer loop
      vertex 98.2367 -88.9017 0.2
      vertex 93.5754 -126.331 0.2
      vertex 96.8782 -138.085 0.2
    endloop
  endfacet
  facet normal 0 0 1
    outer loop
      vertex 96.8782 -138.085 0.2
      vertex 93.5754 -126.331 0.2
      vertex 96.8124 -137.987 0.2
    endloop
  endfacet
  facet normal 0 0 1
    outer loop
      vertex 96.8124 -137.987 0.2
      vertex 93.5754 -126.331 0.2
      vertex 96.7148 -137.922 0.2
    endloop
  endfacet
  facet normal 0 0 1
    outer loop
      vertex 98.2367 -74.6963 0.2
      vertex 96.3799 -74.5963 0.2
      vertex 96.3234 -74.6137 0.2
    endloop
  endfacet
  facet normal -0 0 1
    outer loop
      vertex 88.0773 -80.2514 0.2
      vertex 98.2367 -88.9017 0.2
      vertex 96.3234 -74.6137 0.2
    endloop
  endfacet
  facet normal 0 0 1
    outer loop
      vertex 96.7148 -137.922 0.2
      vertex 93.5754 -126.331 0.2
      vertex 96.6044 -137.9 0.2
    endloop
  endfacet
  facet normal 0 0 1
    outer loop
      vertex 96.6044 -137.9 0.2
      vertex 93.5754 -126.331 0.2
      vertex 94.3956 -137.9 0.2
    endloop
  endfacet
  facet normal 0 0 1
    outer loop
      vertex 94.3956 -137.9 0.2
      vertex 93.5754 -126.331 0.2
      vertex 94.2852 -137.922 0.2
    endloop
  endfacet
  facet normal 0 0 1
    outer loop
      vertex 94.2852 -137.922 0.2
      vertex 93.5754 -126.331 0.2
      vertex 94.1876 -137.987 0.2
    endloop
  endfacet
  facet normal 0 0 1
    outer loop
      vertex 94.1876 -137.987 0.2
      vertex 93.5754 -126.331 0.2
      vertex 94.1218 -138.085 0.2
    endloop
  endfacet
  facet normal 0 0 1
    outer loop
      vertex 91.036 -163.71 0.2
      vertex 94.1004 -138.854 0.2
      vertex 94.1004 -138.195 0.2
    endloop
  endfacet
  facet normal 0 0 1
    outer loop
      vertex 94.1004 -138.854 0.2
      vertex 91.036 -163.71 0.2
      vertex 94.1004 -141.146 0.2
    endloop
  endfacet
  facet normal 0 0 1
    outer loop
      vertex 91.036 -163.71 0.2
      vertex 94.1004 -138.195 0.2
      vertex 93.5754 -126.331 0.2
    endloop
  endfacet
  facet normal 0 0 1
    outer loop
      vertex 94.1218 -138.085 0.2
      vertex 93.5754 -126.331 0.2
      vertex 94.1004 -138.195 0.2
    endloop
  endfacet
  facet normal 0 0 1
    outer loop
      vertex 98.2367 -88.9017 0.2
      vertex 88.0773 -80.2514 0.2
      vertex 88.0345 -80.3459 0.2
    endloop
  endfacet
  facet normal 0 0 1
    outer loop
      vertex 98.2367 -88.9017 0.2
      vertex 88.0345 -80.3459 0.2
      vertex 93.5754 -126.331 0.2
    endloop
  endfacet
  facet normal -0 0 1
    outer loop
      vertex 99.9279 -144.115 0.2
      vertex 99.9504 -145.995 0.2
      vertex 99.9504 -144.005 0.2
    endloop
  endfacet
  facet normal 0 0 1
    outer loop
      vertex 99.9279 -144.115 0.2
      vertex 99.9279 -145.885 0.2
      vertex 99.9504 -145.995 0.2
    endloop
  endfacet
  facet normal -0 0 1
    outer loop
      vertex 99.8633 -144.213 0.2
      vertex 99.9279 -145.885 0.2
      vertex 99.9279 -144.115 0.2
    endloop
  endfacet
  facet normal 0 0 1
    outer loop
      vertex 99.8633 -144.213 0.2
      vertex 99.8633 -145.787 0.2
      vertex 99.9279 -145.885 0.2
    endloop
  endfacet
  facet normal -0 0 1
    outer loop
      vertex 99.7656 -144.279 0.2
      vertex 99.8633 -145.787 0.2
      vertex 99.8633 -144.213 0.2
    endloop
  endfacet
  facet normal 0 0 1
    outer loop
      vertex 99.7656 -144.279 0.2
      vertex 99.7656 -145.721 0.2
      vertex 99.8633 -145.787 0.2
    endloop
  endfacet
  facet normal -0 0 1
    outer loop
      vertex 99.6552 -144.3 0.2
      vertex 99.7656 -145.721 0.2
      vertex 99.7656 -144.279 0.2
    endloop
  endfacet
  facet normal 0 0 1
    outer loop
      vertex 99.6552 -144.3 0.2
      vertex 99.6552 -145.7 0.2
      vertex 99.7656 -145.721 0.2
    endloop
  endfacet
  facet normal -0 0 1
    outer loop
      vertex 98.3448 -144.3 0.2
      vertex 99.6552 -145.7 0.2
      vertex 99.6552 -144.3 0.2
    endloop
  endfacet
  facet normal 0 0 1
    outer loop
      vertex 98.3448 -144.3 0.2
      vertex 98.3448 -145.7 0.2
      vertex 99.6552 -145.7 0.2
    endloop
  endfacet
  facet normal 0 0 1
    outer loop
      vertex 98.2344 -144.279 0.2
      vertex 98.3448 -145.7 0.2
      vertex 98.3448 -144.3 0.2
    endloop
  endfacet
  facet normal 0 0 1
    outer loop
      vertex 98.2344 -144.279 0.2
      vertex 98.2344 -145.721 0.2
      vertex 98.3448 -145.7 0.2
    endloop
  endfacet
  facet normal 0 0 1
    outer loop
      vertex 98.1367 -144.213 0.2
      vertex 98.2344 -145.721 0.2
      vertex 98.2344 -144.279 0.2
    endloop
  endfacet
  facet normal 0 0 1
    outer loop
      vertex 98.1367 -144.213 0.2
      vertex 98.1367 -145.787 0.2
      vertex 98.2344 -145.721 0.2
    endloop
  endfacet
  facet normal 0 0 1
    outer loop
      vertex 98.0721 -144.115 0.2
      vertex 98.1367 -145.787 0.2
      vertex 98.1367 -144.213 0.2
    endloop
  endfacet
  facet normal 0 0 1
    outer loop
      vertex 98.0721 -144.115 0.2
      vertex 98.0721 -145.885 0.2
      vertex 98.1367 -145.787 0.2
    endloop
  endfacet
  facet normal 0 0 1
    outer loop
      vertex 98.0496 -144.005 0.2
      vertex 98.0721 -145.885 0.2
      vertex 98.0721 -144.115 0.2
    endloop
  endfacet
  facet normal 0 0 1
    outer loop
      vertex 98.0721 -145.885 0.2
      vertex 98.0496 -144.005 0.2
      vertex 98.0496 -145.995 0.2
    endloop
  endfacet
  facet normal 0 0 1
    outer loop
      vertex 103.572 -99.415 0.2
      vertex 99.9279 -141.885 0.2
      vertex 99.9504 -141.995 0.2
    endloop
  endfacet
  facet normal 0 0 1
    outer loop
      vertex 103.572 -99.415 0.2
      vertex 99.8633 -141.787 0.2
      vertex 99.9279 -141.885 0.2
    endloop
  endfacet
  facet normal 0 0 1
    outer loop
      vertex 99.2124 -91.3521 0.2
      vertex 103.55 -99.3049 0.2
      vertex 99.4917 -91.6181 0.2
    endloop
  endfacet
  facet normal 0 0 1
    outer loop
      vertex 103.572 -99.415 0.2
      vertex 99.7656 -141.721 0.2
      vertex 99.8633 -141.787 0.2
    endloop
  endfacet
  facet normal 0 0 1
    outer loop
      vertex 103.572 -99.415 0.2
      vertex 99.6552 -141.7 0.2
      vertex 99.7656 -141.721 0.2
    endloop
  endfacet
  facet normal 0 0 1
    outer loop
      vertex 103.55 -99.3049 0.2
      vertex 99.2124 -91.3521 0.2
      vertex 103.572 -99.415 0.2
    endloop
  endfacet
  facet normal 0 0 1
    outer loop
      vertex 98.9625 -91.0584 0.2
      vertex 103.572 -99.415 0.2
      vertex 99.2124 -91.3521 0.2
    endloop
  endfacet
  facet normal 0 0 1
    outer loop
      vertex 103.572 -99.415 0.2
      vertex 98.9625 -91.0584 0.2
      vertex 98.2344 -141.721 0.2
    endloop
  endfacet
  facet normal 0 0 1
    outer loop
      vertex 98.2344 -141.721 0.2
      vertex 98.9625 -91.0584 0.2
      vertex 98.7459 -90.7393 0.2
    endloop
  endfacet
  facet normal 0 0 1
    outer loop
      vertex 98.2344 -141.721 0.2
      vertex 98.7459 -90.7393 0.2
      vertex 98.5655 -90.3993 0.2
    endloop
  endfacet
  facet normal 0 0 1
    outer loop
      vertex 98.2344 -141.721 0.2
      vertex 98.5655 -90.3993 0.2
      vertex 98.423 -90.0413 0.2
    endloop
  endfacet
  facet normal 0 0 1
    outer loop
      vertex 103.572 -99.415 0.2
      vertex 98.3448 -141.7 0.2
      vertex 99.6552 -141.7 0.2
    endloop
  endfacet
  facet normal 0 0 1
    outer loop
      vertex 98.2344 -141.721 0.2
      vertex 98.423 -90.0413 0.2
      vertex 98.3195 -89.6699 0.2
    endloop
  endfacet
  facet normal 0 0 1
    outer loop
      vertex 98.2344 -141.721 0.2
      vertex 98.3195 -89.6699 0.2
      vertex 98.2578 -89.29 0.2
    endloop
  endfacet
  facet normal 0 0 1
    outer loop
      vertex 98.2344 -141.721 0.2
      vertex 98.2578 -89.29 0.2
      vertex 98.2367 -88.9017 0.2
    endloop
  endfacet
  facet normal 0 0 1
    outer loop
      vertex 103.572 -99.415 0.2
      vertex 98.2344 -141.721 0.2
      vertex 98.3448 -141.7 0.2
    endloop
  endfacet
  facet normal -0 0 1
    outer loop
      vertex 96.2498 -152.5 0.2
      vertex 101.75 -159.4 0.2
      vertex 101.75 -152.5 0.2
    endloop
  endfacet
  facet normal 0 0 1
    outer loop
      vertex 101.75 -159.4 0.2
      vertex 96.2498 -152.5 0.2
      vertex 96.2498 -159.4 0.2
    endloop
  endfacet
  facet normal 0 0 1
    outer loop
      vertex 100.129 -92.0492 0.2
      vertex 103.55 -96.3547 0.2
      vertex 100.478 -92.2116 0.2
    endloop
  endfacet
  facet normal 0 0 1
    outer loop
      vertex 103.55 -96.3547 0.2
      vertex 100.129 -92.0492 0.2
      vertex 103.55 -98.6453 0.2
    endloop
  endfacet
  facet normal 0 0 1
    outer loop
      vertex 99.7983 -91.8507 0.2
      vertex 103.55 -98.6453 0.2
      vertex 100.129 -92.0492 0.2
    endloop
  endfacet
  facet normal 0 0 1
    outer loop
      vertex 103.55 -98.6453 0.2
      vertex 99.7983 -91.8507 0.2
      vertex 103.55 -99.3049 0.2
    endloop
  endfacet
  facet normal 0 0 1
    outer loop
      vertex 99.4917 -91.6181 0.2
      vertex 103.55 -99.3049 0.2
      vertex 99.7983 -91.8507 0.2
    endloop
  endfacet
  facet normal 0 0 1
    outer loop
      vertex 103.572 -99.415 0.2
      vertex 99.9504 -141.995 0.2
      vertex 101.75 -149.5 0.2
    endloop
  endfacet
  facet normal -0 0 1
    outer loop
      vertex 99.9504 -144.005 0.2
      vertex 101.75 -149.5 0.2
      vertex 99.9504 -141.995 0.2
    endloop
  endfacet
  facet normal -0 0 1
    outer loop
      vertex 99.9504 -145.995 0.2
      vertex 101.75 -149.5 0.2
      vertex 99.9504 -144.005 0.2
    endloop
  endfacet
  facet normal -0 0 1
    outer loop
      vertex 99.9504 -148.005 0.2
      vertex 101.75 -149.5 0.2
      vertex 99.9504 -145.995 0.2
    endloop
  endfacet
  facet normal -0 0 1
    outer loop
      vertex 99.9279 -148.115 0.2
      vertex 101.75 -149.5 0.2
      vertex 99.9504 -148.005 0.2
    endloop
  endfacet
  facet normal -0 0 1
    outer loop
      vertex 99.8633 -148.213 0.2
      vertex 101.75 -149.5 0.2
      vertex 99.9279 -148.115 0.2
    endloop
  endfacet
  facet normal -0 0 1
    outer loop
      vertex 99.7656 -148.279 0.2
      vertex 101.75 -149.5 0.2
      vertex 99.8633 -148.213 0.2
    endloop
  endfacet
  facet normal -0 0 1
    outer loop
      vertex 99.6552 -148.3 0.2
      vertex 101.75 -149.5 0.2
      vertex 99.7656 -148.279 0.2
    endloop
  endfacet
  facet normal -0 0 1
    outer loop
      vertex 98.3448 -148.3 0.2
      vertex 101.75 -149.5 0.2
      vertex 99.6552 -148.3 0.2
    endloop
  endfacet
  facet normal 0 0 1
    outer loop
      vertex 96.2498 -149.5 0.2
      vertex 98.3448 -148.3 0.2
      vertex 98.2344 -148.279 0.2
    endloop
  endfacet
  facet normal -0 0 1
    outer loop
      vertex 96.8996 -141.805 0.2
      vertex 98.0721 -141.885 0.2
      vertex 96.8996 -141.146 0.2
    endloop
  endfacet
  facet normal 0 0 1
    outer loop
      vertex 98.0721 -141.885 0.2
      vertex 96.8996 -141.805 0.2
      vertex 98.0496 -141.995 0.2
    endloop
  endfacet
  facet normal -0 0 1
    outer loop
      vertex 96.8782 -141.915 0.2
      vertex 98.0496 -141.995 0.2
      vertex 96.8996 -141.805 0.2
    endloop
  endfacet
  facet normal 0 0 1
    outer loop
      vertex 96.8124 -142.013 0.2
      vertex 98.0496 -141.995 0.2
      vertex 96.8782 -141.915 0.2
    endloop
  endfacet
  facet normal 0 0 1
    outer loop
      vertex 98.0496 -144.005 0.2
      vertex 96.8124 -142.013 0.2
      vertex 96.7148 -142.078 0.2
    endloop
  endfacet
  facet normal -0 0 1
    outer loop
      vertex 94.3956 -142.1 0.2
      vertex 98.0496 -144.005 0.2
      vertex 96.6044 -142.1 0.2
    endloop
  endfacet
  facet normal 0 0 1
    outer loop
      vertex 98.0496 -144.005 0.2
      vertex 94.3956 -142.1 0.2
      vertex 98.0496 -145.995 0.2
    endloop
  endfacet
  facet normal 0 -0 1
    outer loop
      vertex 96.2498 -149.5 0.2
      vertex 98.0496 -145.995 0.2
      vertex 94.3956 -142.1 0.2
    endloop
  endfacet
  facet normal 0 0 1
    outer loop
      vertex 98.3448 -148.3 0.2
      vertex 96.2498 -149.5 0.2
      vertex 101.75 -149.5 0.2
    endloop
  endfacet
  facet normal 0 0 1
    outer loop
      vertex 98.1367 -148.213 0.2
      vertex 96.2498 -149.5 0.2
      vertex 98.2344 -148.279 0.2
    endloop
  endfacet
  facet normal 0 0 1
    outer loop
      vertex 98.0721 -148.115 0.2
      vertex 96.2498 -149.5 0.2
      vertex 98.1367 -148.213 0.2
    endloop
  endfacet
  facet normal 0 0 1
    outer loop
      vertex 98.0496 -145.995 0.2
      vertex 96.2498 -149.5 0.2
      vertex 98.0496 -148.005 0.2
    endloop
  endfacet
  facet normal 0 0 1
    outer loop
      vertex 91.036 -163.71 0.2
      vertex 96.2498 -152.5 0.2
      vertex 96.2498 -149.5 0.2
    endloop
  endfacet
  facet normal 0 0 1
    outer loop
      vertex 96.2498 -152.5 0.2
      vertex 91.036 -163.71 0.2
      vertex 96.2498 -159.4 0.2
    endloop
  endfacet
  facet normal 0 0 1
    outer loop
      vertex 94.2852 -142.078 0.2
      vertex 96.2498 -149.5 0.2
      vertex 94.3956 -142.1 0.2
    endloop
  endfacet
  facet normal 0 0 1
    outer loop
      vertex 98.0496 -148.005 0.2
      vertex 96.2498 -149.5 0.2
      vertex 98.0721 -148.115 0.2
    endloop
  endfacet
  facet normal -0 0 1
    outer loop
      vertex 105.428 -96.4648 0.2
      vertex 105.45 -98.6453 0.2
      vertex 105.45 -96.3547 0.2
    endloop
  endfacet
  facet normal 0 0 1
    outer loop
      vertex 105.428 -96.4648 0.2
      vertex 105.428 -98.5352 0.2
      vertex 105.45 -98.6453 0.2
    endloop
  endfacet
  facet normal -0 0 1
    outer loop
      vertex 105.363 -96.5623 0.2
      vertex 105.428 -98.5352 0.2
      vertex 105.428 -96.4648 0.2
    endloop
  endfacet
  facet normal 0 0 1
    outer loop
      vertex 105.363 -96.5623 0.2
      vertex 105.363 -98.4377 0.2
      vertex 105.428 -98.5352 0.2
    endloop
  endfacet
  facet normal -0 0 1
    outer loop
      vertex 105.266 -96.6282 0.2
      vertex 105.363 -98.4377 0.2
      vertex 105.363 -96.5623 0.2
    endloop
  endfacet
  facet normal 0 0 1
    outer loop
      vertex 105.266 -96.6282 0.2
      vertex 105.266 -98.3718 0.2
      vertex 105.363 -98.4377 0.2
    endloop
  endfacet
  facet normal -0 0 1
    outer loop
      vertex 105.155 -96.6496 0.2
      vertex 105.266 -98.3718 0.2
      vertex 105.266 -96.6282 0.2
    endloop
  endfacet
  facet normal 0 0 1
    outer loop
      vertex 105.155 -96.6496 0.2
      vertex 105.155 -98.3504 0.2
      vertex 105.266 -98.3718 0.2
    endloop
  endfacet
  facet normal -0 0 1
    outer loop
      vertex 103.845 -96.6496 0.2
      vertex 105.155 -98.3504 0.2
      vertex 105.155 -96.6496 0.2
    endloop
  endfacet
  facet normal 0 0 1
    outer loop
      vertex 103.845 -96.6496 0.2
      vertex 103.845 -98.3504 0.2
      vertex 105.155 -98.3504 0.2
    endloop
  endfacet
  facet normal 0 0 1
    outer loop
      vertex 103.734 -96.6282 0.2
      vertex 103.845 -98.3504 0.2
      vertex 103.845 -96.6496 0.2
    endloop
  endfacet
  facet normal 0 0 1
    outer loop
      vertex 103.734 -96.6282 0.2
      vertex 103.734 -98.3718 0.2
      vertex 103.845 -98.3504 0.2
    endloop
  endfacet
  facet normal 0 0 1
    outer loop
      vertex 103.637 -96.5623 0.2
      vertex 103.734 -98.3718 0.2
      vertex 103.734 -96.6282 0.2
    endloop
  endfacet
  facet normal 0 0 1
    outer loop
      vertex 103.637 -96.5623 0.2
      vertex 103.637 -98.4377 0.2
      vertex 103.734 -98.3718 0.2
    endloop
  endfacet
  facet normal 0 0 1
    outer loop
      vertex 103.572 -96.4648 0.2
      vertex 103.637 -98.4377 0.2
      vertex 103.637 -96.5623 0.2
    endloop
  endfacet
  facet normal 0 0 1
    outer loop
      vertex 103.572 -96.4648 0.2
      vertex 103.572 -98.5352 0.2
      vertex 103.637 -98.4377 0.2
    endloop
  endfacet
  facet normal 0 0 1
    outer loop
      vertex 103.55 -96.3547 0.2
      vertex 103.572 -98.5352 0.2
      vertex 103.572 -96.4648 0.2
    endloop
  endfacet
  facet normal 0 0 1
    outer loop
      vertex 103.572 -98.5352 0.2
      vertex 103.55 -96.3547 0.2
      vertex 103.55 -98.6453 0.2
    endloop
  endfacet
  facet normal 0 0 1
    outer loop
      vertex 139.166 -103.261 0.2
      vertex 105.428 -95.585 0.2
      vertex 105.45 -95.6951 0.2
    endloop
  endfacet
  facet normal 0 0 1
    outer loop
      vertex 105.334 -89.29 0.2
      vertex 111.049 -74.6262 0.2
      vertex 105.355 -88.9017 0.2
    endloop
  endfacet
  facet normal 0 0 1
    outer loop
      vertex 111.049 -74.6262 0.2
      vertex 105.355 -74.6963 0.2
      vertex 105.355 -88.9017 0.2
    endloop
  endfacet
  facet normal 0 0 1
    outer loop
      vertex 111.049 -74.6262 0.2
      vertex 105.334 -89.29 0.2
      vertex 105.428 -95.585 0.2
    endloop
  endfacet
  facet normal -0 0 1
    outer loop
      vertex 105.272 -89.6699 0.2
      vertex 105.428 -95.585 0.2
      vertex 105.334 -89.29 0.2
    endloop
  endfacet
  facet normal -0 0 1
    outer loop
      vertex 105.169 -90.0413 0.2
      vertex 105.428 -95.585 0.2
      vertex 105.272 -89.6699 0.2
    endloop
  endfacet
  facet normal -0 0 1
    outer loop
      vertex 105.026 -90.3993 0.2
      vertex 105.428 -95.585 0.2
      vertex 105.169 -90.0413 0.2
    endloop
  endfacet
  facet normal 0 0 1
    outer loop
      vertex 105.428 -95.585 0.2
      vertex 105.026 -90.3993 0.2
      vertex 105.363 -95.4875 0.2
    endloop
  endfacet
  facet normal -0 0 1
    outer loop
      vertex 104.846 -90.7393 0.2
      vertex 105.363 -95.4875 0.2
      vertex 105.026 -90.3993 0.2
    endloop
  endfacet
  facet normal -0 0 1
    outer loop
      vertex 104.629 -91.0586 0.2
      vertex 105.363 -95.4875 0.2
      vertex 104.846 -90.7393 0.2
    endloop
  endfacet
  facet normal 0 0 1
    outer loop
      vertex 105.363 -95.4875 0.2
      vertex 104.629 -91.0586 0.2
      vertex 105.266 -95.4216 0.2
    endloop
  endfacet
  facet normal -0 0 1
    outer loop
      vertex 104.38 -91.3521 0.2
      vertex 105.266 -95.4216 0.2
      vertex 104.629 -91.0586 0.2
    endloop
  endfacet
  facet normal -0 0 1
    outer loop
      vertex 104.1 -91.618 0.2
      vertex 105.266 -95.4216 0.2
      vertex 104.38 -91.3521 0.2
    endloop
  endfacet
  facet normal 0 0 1
    outer loop
      vertex 105.266 -95.4216 0.2
      vertex 104.1 -91.618 0.2
      vertex 105.155 -95.4002 0.2
    endloop
  endfacet
  facet normal -0 0 1
    outer loop
      vertex 103.793 -91.8507 0.2
      vertex 105.155 -95.4002 0.2
      vertex 104.1 -91.618 0.2
    endloop
  endfacet
  facet normal -0 0 1
    outer loop
      vertex 103.463 -92.0492 0.2
      vertex 105.155 -95.4002 0.2
      vertex 103.793 -91.8507 0.2
    endloop
  endfacet
  facet normal 0 0 1
    outer loop
      vertex 105.155 -95.4002 0.2
      vertex 103.463 -92.0492 0.2
      vertex 103.845 -95.4002 0.2
    endloop
  endfacet
  facet normal -0 0 1
    outer loop
      vertex 103.113 -92.2117 0.2
      vertex 103.845 -95.4002 0.2
      vertex 103.463 -92.0492 0.2
    endloop
  endfacet
  facet normal 0 0 1
    outer loop
      vertex 103.845 -95.4002 0.2
      vertex 103.113 -92.2117 0.2
      vertex 103.734 -95.4216 0.2
    endloop
  endfacet
  facet normal -0 0 1
    outer loop
      vertex 102.749 -92.3341 0.2
      vertex 103.734 -95.4216 0.2
      vertex 103.113 -92.2117 0.2
    endloop
  endfacet
  facet normal 0 0 1
    outer loop
      vertex 101.22 -92.4168 0.2
      vertex 103.572 -95.585 0.2
      vertex 101.603 -92.4586 0.2
    endloop
  endfacet
  facet normal 0 0 1
    outer loop
      vertex 103.572 -95.585 0.2
      vertex 101.22 -92.4168 0.2
      vertex 103.55 -95.6951 0.2
    endloop
  endfacet
  facet normal 0 0 1
    outer loop
      vertex 103.734 -95.4216 0.2
      vertex 102.371 -92.4168 0.2
      vertex 103.637 -95.4875 0.2
    endloop
  endfacet
  facet normal -0 0 1
    outer loop
      vertex 102.371 -92.4168 0.2
      vertex 103.734 -95.4216 0.2
      vertex 102.749 -92.3341 0.2
    endloop
  endfacet
  facet normal 0 0 1
    outer loop
      vertex 105.428 -99.415 0.2
      vertex 139.194 -103.343 0.2
      vertex 139.166 -103.261 0.2
    endloop
  endfacet
  facet normal 0 0 1
    outer loop
      vertex 138.954 -163.761 0.2
      vertex 133.654 -174.32 0.2
      vertex 133.744 -174.264 0.2
    endloop
  endfacet
  facet normal -0 0 1
    outer loop
      vertex 105.428 -95.585 0.2
      vertex 139.166 -103.261 0.2
      vertex 111.049 -74.6262 0.2
    endloop
  endfacet
  facet normal -0 0 1
    outer loop
      vertex 105.45 -96.3547 0.2
      vertex 139.166 -103.261 0.2
      vertex 105.45 -95.6951 0.2
    endloop
  endfacet
  facet normal 0 0 1
    outer loop
      vertex 105.355 -74.6963 0.2
      vertex 110.978 -74.5963 0.2
      vertex 105.455 -74.5963 0.2
    endloop
  endfacet
  facet normal 0 0 1
    outer loop
      vertex 110.978 -74.5963 0.2
      vertex 105.355 -74.6963 0.2
      vertex 111.049 -74.6262 0.2
    endloop
  endfacet
  facet normal -0 0 1
    outer loop
      vertex 105.45 -98.6453 0.2
      vertex 139.166 -103.261 0.2
      vertex 105.45 -96.3547 0.2
    endloop
  endfacet
  facet normal -0 0 1
    outer loop
      vertex 105.45 -99.3049 0.2
      vertex 139.166 -103.261 0.2
      vertex 105.45 -98.6453 0.2
    endloop
  endfacet
  facet normal -0 0 1
    outer loop
      vertex 105.428 -99.415 0.2
      vertex 139.166 -103.261 0.2
      vertex 105.45 -99.3049 0.2
    endloop
  endfacet
  facet normal 0 0 1
    outer loop
      vertex 139.194 -103.343 0.2
      vertex 105.428 -99.415 0.2
      vertex 105.363 -99.5125 0.2
    endloop
  endfacet
  facet normal 0 0 1
    outer loop
      vertex 139.194 -103.343 0.2
      vertex 105.363 -99.5125 0.2
      vertex 136.425 -126.331 0.2
    endloop
  endfacet
  facet normal -0 0 1
    outer loop
      vertex 105.266 -99.5784 0.2
      vertex 136.425 -126.331 0.2
      vertex 105.363 -99.5125 0.2
    endloop
  endfacet
  facet normal 0 0 1
    outer loop
      vertex 136.425 -126.331 0.2
      vertex 105.266 -99.5784 0.2
      vertex 101.75 -149.5 0.2
    endloop
  endfacet
  facet normal 0 0 1
    outer loop
      vertex 101.75 -149.5 0.2
      vertex 105.266 -99.5784 0.2
      vertex 105.155 -99.5998 0.2
    endloop
  endfacet
  facet normal 0 0 1
    outer loop
      vertex 101.75 -149.5 0.2
      vertex 105.155 -99.5998 0.2
      vertex 103.845 -99.5998 0.2
    endloop
  endfacet
  facet normal 0 0 1
    outer loop
      vertex 101.75 -149.5 0.2
      vertex 103.845 -99.5998 0.2
      vertex 103.734 -99.5784 0.2
    endloop
  endfacet
  facet normal 0 0 1
    outer loop
      vertex 101.75 -149.5 0.2
      vertex 103.734 -99.5784 0.2
      vertex 103.637 -99.5125 0.2
    endloop
  endfacet
  facet normal 0 0 1
    outer loop
      vertex 101.75 -149.5 0.2
      vertex 103.637 -99.5125 0.2
      vertex 103.572 -99.415 0.2
    endloop
  endfacet
  facet normal -0 0 1
    outer loop
      vertex 101.989 -92.4586 0.2
      vertex 103.637 -95.4875 0.2
      vertex 102.371 -92.4168 0.2
    endloop
  endfacet
  facet normal 0 0 1
    outer loop
      vertex 103.637 -95.4875 0.2
      vertex 101.989 -92.4586 0.2
      vertex 103.572 -95.585 0.2
    endloop
  endfacet
  facet normal -0 0 1
    outer loop
      vertex 101.603 -92.4586 0.2
      vertex 103.572 -95.585 0.2
      vertex 101.989 -92.4586 0.2
    endloop
  endfacet
  facet normal 0 0 1
    outer loop
      vertex 100.844 -92.3341 0.2
      vertex 103.55 -95.6951 0.2
      vertex 101.22 -92.4168 0.2
    endloop
  endfacet
  facet normal 0 0 1
    outer loop
      vertex 103.55 -95.6951 0.2
      vertex 100.844 -92.3341 0.2
      vertex 103.55 -96.3547 0.2
    endloop
  endfacet
  facet normal 0 0 1
    outer loop
      vertex 100.478 -92.2116 0.2
      vertex 103.55 -96.3547 0.2
      vertex 100.844 -92.3341 0.2
    endloop
  endfacet
  facet normal -0 0 1
    outer loop
      vertex 101.75 -152.5 0.2
      vertex 138.964 -163.71 0.2
      vertex 101.75 -149.5 0.2
    endloop
  endfacet
  facet normal -0 0 1
    outer loop
      vertex 101.75 -159.4 0.2
      vertex 138.964 -163.71 0.2
      vertex 101.75 -152.5 0.2
    endloop
  endfacet
  facet normal 0 0 1
    outer loop
      vertex 138.964 -163.71 0.2
      vertex 101.75 -159.4 0.2
      vertex 133.654 -174.32 0.2
    endloop
  endfacet
  facet normal -0 0 1
    outer loop
      vertex 101.75 -162.4 0.2
      vertex 133.654 -174.32 0.2
      vertex 101.75 -159.4 0.2
    endloop
  endfacet
  facet normal 0 0 1
    outer loop
      vertex 101.75 -162.4 0.2
      vertex 96.3457 -174.32 0.2
      vertex 133.654 -174.32 0.2
    endloop
  endfacet
  facet normal 0 0 1
    outer loop
      vertex 101.75 -162.4 0.2
      vertex 96.2561 -174.264 0.2
      vertex 96.3457 -174.32 0.2
    endloop
  endfacet
  facet normal -0 0 1
    outer loop
      vertex 96.2498 -162.4 0.2
      vertex 96.2561 -174.264 0.2
      vertex 101.75 -162.4 0.2
    endloop
  endfacet
  facet normal 0 0 1
    outer loop
      vertex 94.1876 -142.013 0.2
      vertex 96.2498 -149.5 0.2
      vertex 94.2852 -142.078 0.2
    endloop
  endfacet
  facet normal 0 0 1
    outer loop
      vertex 96.2498 -159.4 0.2
      vertex 91.036 -163.71 0.2
      vertex 96.2498 -162.4 0.2
    endloop
  endfacet
  facet normal 0 0 1
    outer loop
      vertex 94.1218 -141.915 0.2
      vertex 96.2498 -149.5 0.2
      vertex 94.1876 -142.013 0.2
    endloop
  endfacet
  facet normal 0 0 1
    outer loop
      vertex 96.2498 -149.5 0.2
      vertex 94.1218 -141.915 0.2
      vertex 91.036 -163.71 0.2
    endloop
  endfacet
  facet normal 0 0 1
    outer loop
      vertex 91.036 -163.71 0.2
      vertex 94.1218 -141.915 0.2
      vertex 94.1004 -141.805 0.2
    endloop
  endfacet
  facet normal 0 -0 1
    outer loop
      vertex 91.0462 -163.761 0.2
      vertex 96.2498 -162.4 0.2
      vertex 91.036 -163.71 0.2
    endloop
  endfacet
  facet normal 0 0 1
    outer loop
      vertex 94.1004 -141.146 0.2
      vertex 91.036 -163.71 0.2
      vertex 94.1004 -141.805 0.2
    endloop
  endfacet
  facet normal 0 0 1
    outer loop
      vertex 96.2498 -162.4 0.2
      vertex 91.0462 -163.761 0.2
      vertex 96.2561 -174.264 0.2
    endloop
  endfacet
  facet normal -0 0 1
    outer loop
      vertex 101.75 -149.5 0.2
      vertex 138.964 -163.71 0.2
      vertex 136.425 -126.331 0.2
    endloop
  endfacet
  facet normal 0 0 1
    outer loop
      vertex 133.654 -174.32 0.2
      vertex 138.954 -163.761 0.2
      vertex 138.964 -163.71 0.2
    endloop
  endfacet
  facet normal -0.895839 0.44438 0
    outer loop
      vertex 133.744 -174.264 0.2
      vertex 138.954 -163.761 1.5
      vertex 138.954 -163.761 0.2
    endloop
  endfacet
  facet normal -0.895839 0.44438 0
    outer loop
      vertex 138.954 -163.761 1.5
      vertex 133.744 -174.264 0.2
      vertex 133.744 -174.264 1.5
    endloop
  endfacet
  facet normal -0.981314 0.192414 0
    outer loop
      vertex 138.954 -163.761 0.2
      vertex 138.964 -163.71 1.5
      vertex 138.964 -163.71 0.2
    endloop
  endfacet
  facet normal -0.981314 0.192414 0
    outer loop
      vertex 138.964 -163.71 1.5
      vertex 138.954 -163.761 0.2
      vertex 138.954 -163.761 1.5
    endloop
  endfacet
  facet normal -0.997701 -0.0677697 0
    outer loop
      vertex 138.964 -163.71 0.2
      vertex 136.425 -126.331 1.5
      vertex 136.425 -126.331 0.2
    endloop
  endfacet
  facet normal -0.997701 -0.0677697 0
    outer loop
      vertex 136.425 -126.331 1.5
      vertex 138.964 -163.71 0.2
      vertex 138.964 -163.71 1.5
    endloop
  endfacet
  facet normal -0.992823 0.11959 0
    outer loop
      vertex 136.425 -126.331 0.2
      vertex 139.194 -103.343 1.5
      vertex 139.194 -103.343 0.2
    endloop
  endfacet
  facet normal -0.992823 0.11959 0
    outer loop
      vertex 139.194 -103.343 1.5
      vertex 136.425 -126.331 0.2
      vertex 136.425 -126.331 1.5
    endloop
  endfacet
  facet normal -0.94635 -0.323144 0
    outer loop
      vertex 139.194 -103.343 0.2
      vertex 139.166 -103.261 1.5
      vertex 139.166 -103.261 0.2
    endloop
  endfacet
  facet normal -0.94635 -0.323144 0
    outer loop
      vertex 139.166 -103.261 1.5
      vertex 139.194 -103.343 0.2
      vertex 139.194 -103.343 1.5
    endloop
  endfacet
  facet normal -0.713529 -0.700626 0
    outer loop
      vertex 139.166 -103.261 0.2
      vertex 111.049 -74.6262 1.5
      vertex 111.049 -74.6262 0.2
    endloop
  endfacet
  facet normal -0.713529 -0.700626 0
    outer loop
      vertex 111.049 -74.6262 1.5
      vertex 139.166 -103.261 0.2
      vertex 139.166 -103.261 1.5
    endloop
  endfacet
  facet normal -0.388115 -0.921611 0
    outer loop
      vertex 110.978 -74.5963 0.2
      vertex 111.049 -74.6262 1.5
      vertex 110.978 -74.5963 1.5
    endloop
  endfacet
  facet normal -0.388115 -0.921611 -0
    outer loop
      vertex 111.049 -74.6262 1.5
      vertex 110.978 -74.5963 0.2
      vertex 111.049 -74.6262 0.2
    endloop
  endfacet
  facet normal 0 -1 0
    outer loop
      vertex 105.455 -74.5963 0.2
      vertex 110.978 -74.5963 1.5
      vertex 105.455 -74.5963 1.5
    endloop
  endfacet
  facet normal 0 -1 -0
    outer loop
      vertex 110.978 -74.5963 1.5
      vertex 105.455 -74.5963 0.2
      vertex 110.978 -74.5963 0.2
    endloop
  endfacet
  facet normal 0.707107 -0.707107 0
    outer loop
      vertex 105.355 -74.6963 1.5
      vertex 105.455 -74.5963 0.2
      vertex 105.455 -74.5963 1.5
    endloop
  endfacet
  facet normal 0.707107 -0.707107 0
    outer loop
      vertex 105.455 -74.5963 0.2
      vertex 105.355 -74.6963 1.5
      vertex 105.355 -74.6963 0.2
    endloop
  endfacet
  facet normal 1 -0 0
    outer loop
      vertex 105.355 -88.9017 1.5
      vertex 105.355 -74.6963 0.2
      vertex 105.355 -74.6963 1.5
    endloop
  endfacet
  facet normal 1 0 0
    outer loop
      vertex 105.355 -74.6963 0.2
      vertex 105.355 -88.9017 1.5
      vertex 105.355 -88.9017 0.2
    endloop
  endfacet
  facet normal 0.998541 -0.054003 0
    outer loop
      vertex 105.334 -89.29 1.5
      vertex 105.355 -88.9017 0.2
      vertex 105.355 -88.9017 1.5
    endloop
  endfacet
  facet normal 0.998541 -0.054003 0
    outer loop
      vertex 105.355 -88.9017 0.2
      vertex 105.334 -89.29 1.5
      vertex 105.334 -89.29 0.2
    endloop
  endfacet
  facet normal 0.986943 -0.16107 0
    outer loop
      vertex 105.272 -89.6699 1.5
      vertex 105.334 -89.29 0.2
      vertex 105.334 -89.29 1.5
    endloop
  endfacet
  facet normal 0.986943 -0.16107 0
    outer loop
      vertex 105.334 -89.29 0.2
      vertex 105.272 -89.6699 1.5
      vertex 105.272 -89.6699 0.2
    endloop
  endfacet
  facet normal 0.963629 -0.267242 0
    outer loop
      vertex 105.169 -90.0413 1.5
      vertex 105.272 -89.6699 0.2
      vertex 105.272 -89.6699 1.5
    endloop
  endfacet
  facet normal 0.963629 -0.267242 0
    outer loop
      vertex 105.272 -89.6699 0.2
      vertex 105.169 -90.0413 1.5
      vertex 105.169 -90.0413 0.2
    endloop
  endfacet
  facet normal 0.928655 -0.370943 0
    outer loop
      vertex 105.026 -90.3993 1.5
      vertex 105.169 -90.0413 0.2
      vertex 105.169 -90.0413 1.5
    endloop
  endfacet
  facet normal 0.928655 -0.370943 0
    outer loop
      vertex 105.169 -90.0413 0.2
      vertex 105.026 -90.3993 1.5
      vertex 105.026 -90.3993 0.2
    endloop
  endfacet
  facet normal 0.883788 -0.467888 0
    outer loop
      vertex 104.846 -90.7393 1.5
      vertex 105.026 -90.3993 0.2
      vertex 105.026 -90.3993 1.5
    endloop
  endfacet
  facet normal 0.883788 -0.467888 0
    outer loop
      vertex 105.026 -90.3993 0.2
      vertex 104.846 -90.7393 1.5
      vertex 104.846 -90.7393 0.2
    endloop
  endfacet
  facet normal 0.827076 -0.56209 0
    outer loop
      vertex 104.629 -91.0586 1.5
      vertex 104.846 -90.7393 0.2
      vertex 104.846 -90.7393 1.5
    endloop
  endfacet
  facet normal 0.827076 -0.56209 0
    outer loop
      vertex 104.846 -90.7393 0.2
      vertex 104.629 -91.0586 1.5
      vertex 104.629 -91.0586 0.2
    endloop
  endfacet
  facet normal 0.762548 -0.646932 0
    outer loop
      vertex 104.38 -91.3521 1.5
      vertex 104.629 -91.0586 0.2
      vertex 104.629 -91.0586 1.5
    endloop
  endfacet
  facet normal 0.762548 -0.646932 0
    outer loop
      vertex 104.629 -91.0586 0.2
      vertex 104.38 -91.3521 1.5
      vertex 104.38 -91.3521 0.2
    endloop
  endfacet
  facet normal 0.688613 -0.725129 0
    outer loop
      vertex 104.1 -91.618 0.2
      vertex 104.38 -91.3521 1.5
      vertex 104.1 -91.618 1.5
    endloop
  endfacet
  facet normal 0.688613 -0.725129 0
    outer loop
      vertex 104.38 -91.3521 1.5
      vertex 104.1 -91.618 0.2
      vertex 104.38 -91.3521 0.2
    endloop
  endfacet
  facet normal 0.604063 -0.796937 0
    outer loop
      vertex 103.793 -91.8507 0.2
      vertex 104.1 -91.618 1.5
      vertex 103.793 -91.8507 1.5
    endloop
  endfacet
  facet normal 0.604063 -0.796937 0
    outer loop
      vertex 104.1 -91.618 1.5
      vertex 103.793 -91.8507 0.2
      vertex 104.1 -91.618 0.2
    endloop
  endfacet
  facet normal 0.51545 -0.85692 0
    outer loop
      vertex 103.463 -92.0492 0.2
      vertex 103.793 -91.8507 1.5
      vertex 103.463 -92.0492 1.5
    endloop
  endfacet
  facet normal 0.51545 -0.85692 0
    outer loop
      vertex 103.793 -91.8507 1.5
      vertex 103.463 -92.0492 0.2
      vertex 103.793 -91.8507 0.2
    endloop
  endfacet
  facet normal 0.421111 -0.907009 0
    outer loop
      vertex 103.113 -92.2117 0.2
      vertex 103.463 -92.0492 1.5
      vertex 103.113 -92.2117 1.5
    endloop
  endfacet
  facet normal 0.421111 -0.907009 0
    outer loop
      vertex 103.463 -92.0492 1.5
      vertex 103.113 -92.2117 0.2
      vertex 103.463 -92.0492 0.2
    endloop
  endfacet
  facet normal 0.318726 -0.947847 0
    outer loop
      vertex 102.749 -92.3341 0.2
      vertex 103.113 -92.2117 1.5
      vertex 102.749 -92.3341 1.5
    endloop
  endfacet
  facet normal 0.318726 -0.947847 0
    outer loop
      vertex 103.113 -92.2117 1.5
      vertex 102.749 -92.3341 0.2
      vertex 103.113 -92.2117 0.2
    endloop
  endfacet
  facet normal 0.213728 -0.976893 0
    outer loop
      vertex 102.371 -92.4168 0.2
      vertex 102.749 -92.3341 1.5
      vertex 102.371 -92.4168 1.5
    endloop
  endfacet
  facet normal 0.213728 -0.976893 0
    outer loop
      vertex 102.749 -92.3341 1.5
      vertex 102.371 -92.4168 0.2
      vertex 102.749 -92.3341 0.2
    endloop
  endfacet
  facet normal 0.108775 -0.994066 0
    outer loop
      vertex 101.989 -92.4586 0.2
      vertex 102.371 -92.4168 1.5
      vertex 101.989 -92.4586 1.5
    endloop
  endfacet
  facet normal 0.108775 -0.994066 0
    outer loop
      vertex 102.371 -92.4168 1.5
      vertex 101.989 -92.4586 0.2
      vertex 102.371 -92.4168 0.2
    endloop
  endfacet
  facet normal 0 -1 0
    outer loop
      vertex 101.603 -92.4586 0.2
      vertex 101.989 -92.4586 1.5
      vertex 101.603 -92.4586 1.5
    endloop
  endfacet
  facet normal 0 -1 -0
    outer loop
      vertex 101.989 -92.4586 1.5
      vertex 101.603 -92.4586 0.2
      vertex 101.989 -92.4586 0.2
    endloop
  endfacet
  facet normal -0.108494 -0.994097 0
    outer loop
      vertex 101.22 -92.4168 0.2
      vertex 101.603 -92.4586 1.5
      vertex 101.22 -92.4168 1.5
    endloop
  endfacet
  facet normal -0.108494 -0.994097 -0
    outer loop
      vertex 101.603 -92.4586 1.5
      vertex 101.22 -92.4168 0.2
      vertex 101.603 -92.4586 0.2
    endloop
  endfacet
  facet normal -0.214812 -0.976655 0
    outer loop
      vertex 100.844 -92.3341 0.2
      vertex 101.22 -92.4168 1.5
      vertex 100.844 -92.3341 1.5
    endloop
  endfacet
  facet normal -0.214812 -0.976655 -0
    outer loop
      vertex 101.22 -92.4168 1.5
      vertex 100.844 -92.3341 0.2
      vertex 101.22 -92.4168 0.2
    endloop
  endfacet
  facet normal -0.317393 -0.948294 0
    outer loop
      vertex 100.478 -92.2116 0.2
      vertex 100.844 -92.3341 1.5
      vertex 100.478 -92.2116 1.5
    endloop
  endfacet
  facet normal -0.317393 -0.948294 -0
    outer loop
      vertex 100.844 -92.3341 1.5
      vertex 100.478 -92.2116 0.2
      vertex 100.844 -92.3341 0.2
    endloop
  endfacet
  facet normal -0.42189 -0.906647 0
    outer loop
      vertex 100.129 -92.0492 0.2
      vertex 100.478 -92.2116 1.5
      vertex 100.129 -92.0492 1.5
    endloop
  endfacet
  facet normal -0.42189 -0.906647 -0
    outer loop
      vertex 100.478 -92.2116 1.5
      vertex 100.129 -92.0492 0.2
      vertex 100.478 -92.2116 0.2
    endloop
  endfacet
  facet normal -0.514648 -0.857401 0
    outer loop
      vertex 99.7983 -91.8507 0.2
      vertex 100.129 -92.0492 1.5
      vertex 99.7983 -91.8507 1.5
    endloop
  endfacet
  facet normal -0.514648 -0.857401 -0
    outer loop
      vertex 100.129 -92.0492 1.5
      vertex 99.7983 -91.8507 0.2
      vertex 100.129 -92.0492 0.2
    endloop
  endfacet
  facet normal -0.604398 -0.796683 0
    outer loop
      vertex 99.4917 -91.6181 0.2
      vertex 99.7983 -91.8507 1.5
      vertex 99.4917 -91.6181 1.5
    endloop
  endfacet
  facet normal -0.604398 -0.796683 -0
    outer loop
      vertex 99.7983 -91.8507 1.5
      vertex 99.4917 -91.6181 0.2
      vertex 99.7983 -91.8507 0.2
    endloop
  endfacet
  facet normal -0.689655 -0.724138 0
    outer loop
      vertex 99.2124 -91.3521 0.2
      vertex 99.4917 -91.6181 1.5
      vertex 99.2124 -91.3521 1.5
    endloop
  endfacet
  facet normal -0.689655 -0.724138 -0
    outer loop
      vertex 99.4917 -91.6181 1.5
      vertex 99.2124 -91.3521 0.2
      vertex 99.4917 -91.6181 0.2
    endloop
  endfacet
  facet normal -0.761613 -0.648032 0
    outer loop
      vertex 99.2124 -91.3521 0.2
      vertex 98.9625 -91.0584 1.5
      vertex 98.9625 -91.0584 0.2
    endloop
  endfacet
  facet normal -0.761613 -0.648032 0
    outer loop
      vertex 98.9625 -91.0584 1.5
      vertex 99.2124 -91.3521 0.2
      vertex 99.2124 -91.3521 1.5
    endloop
  endfacet
  facet normal -0.827394 -0.561622 0
    outer loop
      vertex 98.9625 -91.0584 0.2
      vertex 98.7459 -90.7393 1.5
      vertex 98.7459 -90.7393 0.2
    endloop
  endfacet
  facet normal -0.827394 -0.561622 0
    outer loop
      vertex 98.7459 -90.7393 1.5
      vertex 98.9625 -91.0584 0.2
      vertex 98.9625 -91.0584 1.5
    endloop
  endfacet
  facet normal -0.883358 -0.468699 0
    outer loop
      vertex 98.7459 -90.7393 0.2
      vertex 98.5655 -90.3993 1.5
      vertex 98.5655 -90.3993 0.2
    endloop
  endfacet
  facet normal -0.883358 -0.468699 0
    outer loop
      vertex 98.5655 -90.3993 1.5
      vertex 98.7459 -90.7393 0.2
      vertex 98.7459 -90.7393 1.5
    endloop
  endfacet
  facet normal -0.929102 -0.369824 0
    outer loop
      vertex 98.5655 -90.3993 0.2
      vertex 98.423 -90.0413 1.5
      vertex 98.423 -90.0413 0.2
    endloop
  endfacet
  facet normal -0.929102 -0.369824 0
    outer loop
      vertex 98.423 -90.0413 1.5
      vertex 98.5655 -90.3993 0.2
      vertex 98.5655 -90.3993 1.5
    endloop
  endfacet
  facet normal -0.963295 -0.268446 0
    outer loop
      vertex 98.423 -90.0413 0.2
      vertex 98.3195 -89.6699 1.5
      vertex 98.3195 -89.6699 0.2
    endloop
  endfacet
  facet normal -0.963295 -0.268446 0
    outer loop
      vertex 98.3195 -89.6699 1.5
      vertex 98.423 -90.0413 0.2
      vertex 98.423 -90.0413 1.5
    endloop
  endfacet
  facet normal -0.987067 -0.160311 0
    outer loop
      vertex 98.3195 -89.6699 0.2
      vertex 98.2578 -89.29 1.5
      vertex 98.2578 -89.29 0.2
    endloop
  endfacet
  facet normal -0.987067 -0.160311 0
    outer loop
      vertex 98.2578 -89.29 1.5
      vertex 98.3195 -89.6699 0.2
      vertex 98.3195 -89.6699 1.5
    endloop
  endfacet
  facet normal -0.998527 -0.0542594 0
    outer loop
      vertex 98.2578 -89.29 0.2
      vertex 98.2367 -88.9017 1.5
      vertex 98.2367 -88.9017 0.2
    endloop
  endfacet
  facet normal -0.998527 -0.0542594 0
    outer loop
      vertex 98.2367 -88.9017 1.5
      vertex 98.2578 -89.29 0.2
      vertex 98.2578 -89.29 1.5
    endloop
  endfacet
  facet normal -1 0 0
    outer loop
      vertex 98.2367 -88.9017 0.2
      vertex 98.2367 -74.6963 1.5
      vertex 98.2367 -74.6963 0.2
    endloop
  endfacet
  facet normal -1 -0 0
    outer loop
      vertex 98.2367 -74.6963 1.5
      vertex 98.2367 -88.9017 0.2
      vertex 98.2367 -88.9017 1.5
    endloop
  endfacet
  facet normal -0.707107 -0.707107 0
    outer loop
      vertex 98.2367 -74.6963 0.2
      vertex 98.1367 -74.5963 1.5
      vertex 98.1367 -74.5963 0.2
    endloop
  endfacet
  facet normal -0.707107 -0.707107 0
    outer loop
      vertex 98.1367 -74.5963 1.5
      vertex 98.2367 -74.6963 0.2
      vertex 98.2367 -74.6963 1.5
    endloop
  endfacet
  facet normal 0 -1 0
    outer loop
      vertex 96.3799 -74.5963 0.2
      vertex 98.1367 -74.5963 1.5
      vertex 96.3799 -74.5963 1.5
    endloop
  endfacet
  facet normal 0 -1 -0
    outer loop
      vertex 98.1367 -74.5963 1.5
      vertex 96.3799 -74.5963 0.2
      vertex 98.1367 -74.5963 0.2
    endloop
  endfacet
  facet normal 0.294324 -0.955706 0
    outer loop
      vertex 96.3234 -74.6137 0.2
      vertex 96.3799 -74.5963 1.5
      vertex 96.3234 -74.6137 1.5
    endloop
  endfacet
  facet normal 0.294324 -0.955706 0
    outer loop
      vertex 96.3799 -74.5963 1.5
      vertex 96.3234 -74.6137 0.2
      vertex 96.3799 -74.5963 0.2
    endloop
  endfacet
  facet normal 0.564386 -0.825511 0
    outer loop
      vertex 88.0773 -80.2514 0.2
      vertex 96.3234 -74.6137 1.5
      vertex 88.0773 -80.2514 1.5
    endloop
  endfacet
  facet normal 0.564386 -0.825511 0
    outer loop
      vertex 96.3234 -74.6137 1.5
      vertex 88.0773 -80.2514 0.2
      vertex 96.3234 -74.6137 0.2
    endloop
  endfacet
  facet normal 0.910927 -0.412568 0
    outer loop
      vertex 88.0345 -80.3459 1.5
      vertex 88.0773 -80.2514 0.2
      vertex 88.0773 -80.2514 1.5
    endloop
  endfacet
  facet normal 0.910927 -0.412568 0
    outer loop
      vertex 88.0773 -80.2514 0.2
      vertex 88.0345 -80.3459 1.5
      vertex 88.0345 -80.3459 0.2
    endloop
  endfacet
  facet normal 0.992819 0.119628 0
    outer loop
      vertex 93.5754 -126.331 1.5
      vertex 88.0345 -80.3459 0.2
      vertex 88.0345 -80.3459 1.5
    endloop
  endfacet
  facet normal 0.992819 0.119628 0
    outer loop
      vertex 88.0345 -80.3459 0.2
      vertex 93.5754 -126.331 1.5
      vertex 93.5754 -126.331 0.2
    endloop
  endfacet
  facet normal 0.9977 -0.0677803 0
    outer loop
      vertex 91.036 -163.71 1.5
      vertex 93.5754 -126.331 0.2
      vertex 93.5754 -126.331 1.5
    endloop
  endfacet
  facet normal 0.9977 -0.0677803 0
    outer loop
      vertex 93.5754 -126.331 0.2
      vertex 91.036 -163.71 1.5
      vertex 91.036 -163.71 0.2
    endloop
  endfacet
  facet normal 0.980581 0.196116 0
    outer loop
      vertex 91.0462 -163.761 1.5
      vertex 91.036 -163.71 0.2
      vertex 91.036 -163.71 1.5
    endloop
  endfacet
  facet normal 0.980581 0.196116 0
    outer loop
      vertex 91.036 -163.71 0.2
      vertex 91.0462 -163.761 1.5
      vertex 91.0462 -163.761 0.2
    endloop
  endfacet
  facet normal 0.895842 0.444373 0
    outer loop
      vertex 96.2561 -174.264 1.5
      vertex 91.0462 -163.761 0.2
      vertex 91.0462 -163.761 1.5
    endloop
  endfacet
  facet normal 0.895842 0.444373 0
    outer loop
      vertex 91.0462 -163.761 0.2
      vertex 96.2561 -174.264 1.5
      vertex 96.2561 -174.264 0.2
    endloop
  endfacet
  facet normal 0.529999 0.847998 -0
    outer loop
      vertex 96.3457 -174.32 0.2
      vertex 96.2561 -174.264 1.5
      vertex 96.3457 -174.32 1.5
    endloop
  endfacet
  facet normal 0.529999 0.847998 0
    outer loop
      vertex 96.2561 -174.264 1.5
      vertex 96.3457 -174.32 0.2
      vertex 96.2561 -174.264 0.2
    endloop
  endfacet
  facet normal 0 1 -0
    outer loop
      vertex 133.654 -174.32 0.2
      vertex 96.3457 -174.32 1.5
      vertex 133.654 -174.32 1.5
    endloop
  endfacet
  facet normal 0 1 0
    outer loop
      vertex 96.3457 -174.32 1.5
      vertex 133.654 -174.32 0.2
      vertex 96.3457 -174.32 0.2
    endloop
  endfacet
  facet normal -0.528302 0.849057 0
    outer loop
      vertex 133.744 -174.264 0.2
      vertex 133.654 -174.32 1.5
      vertex 133.744 -174.264 1.5
    endloop
  endfacet
  facet normal -0.528302 0.849057 0
    outer loop
      vertex 133.654 -174.32 1.5
      vertex 133.744 -174.264 0.2
      vertex 133.654 -174.32 0.2
    endloop
  endfacet
  facet normal -0.56196 0.827164 0
    outer loop
      vertex 105.363 -96.5623 0
      vertex 105.266 -96.6282 0.2
      vertex 105.363 -96.5623 0.2
    endloop
  endfacet
  facet normal -0.56196 0.827164 0
    outer loop
      vertex 105.266 -96.6282 0.2
      vertex 105.363 -96.5623 0
      vertex 105.266 -96.6282 0
    endloop
  endfacet
  facet normal -0.83205 0.5547 0
    outer loop
      vertex 105.363 -96.5623 0
      vertex 105.428 -96.4648 0.2
      vertex 105.428 -96.4648 0
    endloop
  endfacet
  facet normal -0.83205 0.5547 0
    outer loop
      vertex 105.428 -96.4648 0.2
      vertex 105.363 -96.5623 0
      vertex 105.363 -96.5623 0.2
    endloop
  endfacet
  facet normal -0.980615 0.195945 0
    outer loop
      vertex 105.428 -96.4648 0
      vertex 105.45 -96.3547 0.2
      vertex 105.45 -96.3547 0
    endloop
  endfacet
  facet normal -0.980615 0.195945 0
    outer loop
      vertex 105.45 -96.3547 0.2
      vertex 105.428 -96.4648 0
      vertex 105.428 -96.4648 0.2
    endloop
  endfacet
  facet normal -1 0 0
    outer loop
      vertex 105.45 -96.3547 0
      vertex 105.45 -95.6951 0.2
      vertex 105.45 -95.6951 0
    endloop
  endfacet
  facet normal -1 -0 0
    outer loop
      vertex 105.45 -95.6951 0.2
      vertex 105.45 -96.3547 0
      vertex 105.45 -96.3547 0.2
    endloop
  endfacet
  facet normal -0.980615 -0.195945 0
    outer loop
      vertex 105.45 -95.6951 0
      vertex 105.428 -95.585 0.2
      vertex 105.428 -95.585 0
    endloop
  endfacet
  facet normal -0.980615 -0.195945 0
    outer loop
      vertex 105.428 -95.585 0.2
      vertex 105.45 -95.6951 0
      vertex 105.45 -95.6951 0.2
    endloop
  endfacet
  facet normal -0.83205 -0.5547 0
    outer loop
      vertex 105.428 -95.585 0
      vertex 105.363 -95.4875 0.2
      vertex 105.363 -95.4875 0
    endloop
  endfacet
  facet normal -0.83205 -0.5547 0
    outer loop
      vertex 105.363 -95.4875 0.2
      vertex 105.428 -95.585 0
      vertex 105.428 -95.585 0.2
    endloop
  endfacet
  facet normal -0.56196 -0.827164 0
    outer loop
      vertex 105.266 -95.4216 0
      vertex 105.363 -95.4875 0.2
      vertex 105.266 -95.4216 0.2
    endloop
  endfacet
  facet normal -0.56196 -0.827164 -0
    outer loop
      vertex 105.363 -95.4875 0.2
      vertex 105.266 -95.4216 0
      vertex 105.363 -95.4875 0
    endloop
  endfacet
  facet normal -0.189307 -0.981918 0
    outer loop
      vertex 105.155 -95.4002 0
      vertex 105.266 -95.4216 0.2
      vertex 105.155 -95.4002 0.2
    endloop
  endfacet
  facet normal -0.189307 -0.981918 -0
    outer loop
      vertex 105.266 -95.4216 0.2
      vertex 105.155 -95.4002 0
      vertex 105.266 -95.4216 0
    endloop
  endfacet
  facet normal 0 -1 0
    outer loop
      vertex 103.845 -95.4002 0
      vertex 105.155 -95.4002 0.2
      vertex 103.845 -95.4002 0.2
    endloop
  endfacet
  facet normal 0 -1 -0
    outer loop
      vertex 105.155 -95.4002 0.2
      vertex 103.845 -95.4002 0
      vertex 105.155 -95.4002 0
    endloop
  endfacet
  facet normal 0.189307 -0.981918 0
    outer loop
      vertex 103.734 -95.4216 0
      vertex 103.845 -95.4002 0.2
      vertex 103.734 -95.4216 0.2
    endloop
  endfacet
  facet normal 0.189307 -0.981918 0
    outer loop
      vertex 103.845 -95.4002 0.2
      vertex 103.734 -95.4216 0
      vertex 103.845 -95.4002 0
    endloop
  endfacet
  facet normal 0.56196 -0.827164 0
    outer loop
      vertex 103.637 -95.4875 0
      vertex 103.734 -95.4216 0.2
      vertex 103.637 -95.4875 0.2
    endloop
  endfacet
  facet normal 0.56196 -0.827164 0
    outer loop
      vertex 103.734 -95.4216 0.2
      vertex 103.637 -95.4875 0
      vertex 103.734 -95.4216 0
    endloop
  endfacet
  facet normal 0.83205 -0.5547 0
    outer loop
      vertex 103.572 -95.585 0.2
      vertex 103.637 -95.4875 0
      vertex 103.637 -95.4875 0.2
    endloop
  endfacet
  facet normal 0.83205 -0.5547 0
    outer loop
      vertex 103.637 -95.4875 0
      vertex 103.572 -95.585 0.2
      vertex 103.572 -95.585 0
    endloop
  endfacet
  facet normal 0.980615 -0.195945 0
    outer loop
      vertex 103.55 -95.6951 0.2
      vertex 103.572 -95.585 0
      vertex 103.572 -95.585 0.2
    endloop
  endfacet
  facet normal 0.980615 -0.195945 0
    outer loop
      vertex 103.572 -95.585 0
      vertex 103.55 -95.6951 0.2
      vertex 103.55 -95.6951 0
    endloop
  endfacet
  facet normal 1 -0 0
    outer loop
      vertex 103.55 -96.3547 0.2
      vertex 103.55 -95.6951 0
      vertex 103.55 -95.6951 0.2
    endloop
  endfacet
  facet normal 1 0 0
    outer loop
      vertex 103.55 -95.6951 0
      vertex 103.55 -96.3547 0.2
      vertex 103.55 -96.3547 0
    endloop
  endfacet
  facet normal 0.980615 0.195945 0
    outer loop
      vertex 103.572 -96.4648 0.2
      vertex 103.55 -96.3547 0
      vertex 103.55 -96.3547 0.2
    endloop
  endfacet
  facet normal 0.980615 0.195945 0
    outer loop
      vertex 103.55 -96.3547 0
      vertex 103.572 -96.4648 0.2
      vertex 103.572 -96.4648 0
    endloop
  endfacet
  facet normal 0.83205 0.5547 0
    outer loop
      vertex 103.637 -96.5623 0.2
      vertex 103.572 -96.4648 0
      vertex 103.572 -96.4648 0.2
    endloop
  endfacet
  facet normal 0.83205 0.5547 0
    outer loop
      vertex 103.572 -96.4648 0
      vertex 103.637 -96.5623 0.2
      vertex 103.637 -96.5623 0
    endloop
  endfacet
  facet normal 0.56196 0.827164 -0
    outer loop
      vertex 103.734 -96.6282 0
      vertex 103.637 -96.5623 0.2
      vertex 103.734 -96.6282 0.2
    endloop
  endfacet
  facet normal 0.56196 0.827164 0
    outer loop
      vertex 103.637 -96.5623 0.2
      vertex 103.734 -96.6282 0
      vertex 103.637 -96.5623 0
    endloop
  endfacet
  facet normal 0.189307 0.981918 -0
    outer loop
      vertex 103.845 -96.6496 0
      vertex 103.734 -96.6282 0.2
      vertex 103.845 -96.6496 0.2
    endloop
  endfacet
  facet normal 0.189307 0.981918 0
    outer loop
      vertex 103.734 -96.6282 0.2
      vertex 103.845 -96.6496 0
      vertex 103.734 -96.6282 0
    endloop
  endfacet
  facet normal 0 1 -0
    outer loop
      vertex 105.155 -96.6496 0
      vertex 103.845 -96.6496 0.2
      vertex 105.155 -96.6496 0.2
    endloop
  endfacet
  facet normal 0 1 0
    outer loop
      vertex 103.845 -96.6496 0.2
      vertex 105.155 -96.6496 0
      vertex 103.845 -96.6496 0
    endloop
  endfacet
  facet normal -0.189307 0.981918 0
    outer loop
      vertex 105.266 -96.6282 0
      vertex 105.155 -96.6496 0.2
      vertex 105.266 -96.6282 0.2
    endloop
  endfacet
  facet normal -0.189307 0.981918 0
    outer loop
      vertex 105.155 -96.6496 0.2
      vertex 105.266 -96.6282 0
      vertex 105.155 -96.6496 0
    endloop
  endfacet
  facet normal -0.56196 0.827164 0
    outer loop
      vertex 105.363 -99.5125 0
      vertex 105.266 -99.5784 0.2
      vertex 105.363 -99.5125 0.2
    endloop
  endfacet
  facet normal -0.56196 0.827164 0
    outer loop
      vertex 105.266 -99.5784 0.2
      vertex 105.363 -99.5125 0
      vertex 105.266 -99.5784 0
    endloop
  endfacet
  facet normal -0.83205 0.5547 0
    outer loop
      vertex 105.363 -99.5125 0
      vertex 105.428 -99.415 0.2
      vertex 105.428 -99.415 0
    endloop
  endfacet
  facet normal -0.83205 0.5547 0
    outer loop
      vertex 105.428 -99.415 0.2
      vertex 105.363 -99.5125 0
      vertex 105.363 -99.5125 0.2
    endloop
  endfacet
  facet normal -0.980615 0.195945 0
    outer loop
      vertex 105.428 -99.415 0
      vertex 105.45 -99.3049 0.2
      vertex 105.45 -99.3049 0
    endloop
  endfacet
  facet normal -0.980615 0.195945 0
    outer loop
      vertex 105.45 -99.3049 0.2
      vertex 105.428 -99.415 0
      vertex 105.428 -99.415 0.2
    endloop
  endfacet
  facet normal -1 0 0
    outer loop
      vertex 105.45 -99.3049 0
      vertex 105.45 -98.6453 0.2
      vertex 105.45 -98.6453 0
    endloop
  endfacet
  facet normal -1 -0 0
    outer loop
      vertex 105.45 -98.6453 0.2
      vertex 105.45 -99.3049 0
      vertex 105.45 -99.3049 0.2
    endloop
  endfacet
  facet normal -0.980615 -0.195945 0
    outer loop
      vertex 105.45 -98.6453 0
      vertex 105.428 -98.5352 0.2
      vertex 105.428 -98.5352 0
    endloop
  endfacet
  facet normal -0.980615 -0.195945 0
    outer loop
      vertex 105.428 -98.5352 0.2
      vertex 105.45 -98.6453 0
      vertex 105.45 -98.6453 0.2
    endloop
  endfacet
  facet normal -0.83205 -0.5547 0
    outer loop
      vertex 105.428 -98.5352 0
      vertex 105.363 -98.4377 0.2
      vertex 105.363 -98.4377 0
    endloop
  endfacet
  facet normal -0.83205 -0.5547 0
    outer loop
      vertex 105.363 -98.4377 0.2
      vertex 105.428 -98.5352 0
      vertex 105.428 -98.5352 0.2
    endloop
  endfacet
  facet normal -0.56196 -0.827164 0
    outer loop
      vertex 105.266 -98.3718 0
      vertex 105.363 -98.4377 0.2
      vertex 105.266 -98.3718 0.2
    endloop
  endfacet
  facet normal -0.56196 -0.827164 -0
    outer loop
      vertex 105.363 -98.4377 0.2
      vertex 105.266 -98.3718 0
      vertex 105.363 -98.4377 0
    endloop
  endfacet
  facet normal -0.189307 -0.981918 0
    outer loop
      vertex 105.155 -98.3504 0
      vertex 105.266 -98.3718 0.2
      vertex 105.155 -98.3504 0.2
    endloop
  endfacet
  facet normal -0.189307 -0.981918 -0
    outer loop
      vertex 105.266 -98.3718 0.2
      vertex 105.155 -98.3504 0
      vertex 105.266 -98.3718 0
    endloop
  endfacet
  facet normal 0 -1 0
    outer loop
      vertex 103.845 -98.3504 0
      vertex 105.155 -98.3504 0.2
      vertex 103.845 -98.3504 0.2
    endloop
  endfacet
  facet normal 0 -1 -0
    outer loop
      vertex 105.155 -98.3504 0.2
      vertex 103.845 -98.3504 0
      vertex 105.155 -98.3504 0
    endloop
  endfacet
  facet normal 0.189307 -0.981918 0
    outer loop
      vertex 103.734 -98.3718 0
      vertex 103.845 -98.3504 0.2
      vertex 103.734 -98.3718 0.2
    endloop
  endfacet
  facet normal 0.189307 -0.981918 0
    outer loop
      vertex 103.845 -98.3504 0.2
      vertex 103.734 -98.3718 0
      vertex 103.845 -98.3504 0
    endloop
  endfacet
  facet normal 0.56196 -0.827164 0
    outer loop
      vertex 103.637 -98.4377 0
      vertex 103.734 -98.3718 0.2
      vertex 103.637 -98.4377 0.2
    endloop
  endfacet
  facet normal 0.56196 -0.827164 0
    outer loop
      vertex 103.734 -98.3718 0.2
      vertex 103.637 -98.4377 0
      vertex 103.734 -98.3718 0
    endloop
  endfacet
  facet normal 0.83205 -0.5547 0
    outer loop
      vertex 103.572 -98.5352 0.2
      vertex 103.637 -98.4377 0
      vertex 103.637 -98.4377 0.2
    endloop
  endfacet
  facet normal 0.83205 -0.5547 0
    outer loop
      vertex 103.637 -98.4377 0
      vertex 103.572 -98.5352 0.2
      vertex 103.572 -98.5352 0
    endloop
  endfacet
  facet normal 0.980615 -0.195945 0
    outer loop
      vertex 103.55 -98.6453 0.2
      vertex 103.572 -98.5352 0
      vertex 103.572 -98.5352 0.2
    endloop
  endfacet
  facet normal 0.980615 -0.195945 0
    outer loop
      vertex 103.572 -98.5352 0
      vertex 103.55 -98.6453 0.2
      vertex 103.55 -98.6453 0
    endloop
  endfacet
  facet normal 1 -0 0
    outer loop
      vertex 103.55 -99.3049 0.2
      vertex 103.55 -98.6453 0
      vertex 103.55 -98.6453 0.2
    endloop
  endfacet
  facet normal 1 0 0
    outer loop
      vertex 103.55 -98.6453 0
      vertex 103.55 -99.3049 0.2
      vertex 103.55 -99.3049 0
    endloop
  endfacet
  facet normal 0.980615 0.195945 0
    outer loop
      vertex 103.572 -99.415 0.2
      vertex 103.55 -99.3049 0
      vertex 103.55 -99.3049 0.2
    endloop
  endfacet
  facet normal 0.980615 0.195945 0
    outer loop
      vertex 103.55 -99.3049 0
      vertex 103.572 -99.415 0.2
      vertex 103.572 -99.415 0
    endloop
  endfacet
  facet normal 0.83205 0.5547 0
    outer loop
      vertex 103.637 -99.5125 0.2
      vertex 103.572 -99.415 0
      vertex 103.572 -99.415 0.2
    endloop
  endfacet
  facet normal 0.83205 0.5547 0
    outer loop
      vertex 103.572 -99.415 0
      vertex 103.637 -99.5125 0.2
      vertex 103.637 -99.5125 0
    endloop
  endfacet
  facet normal 0.56196 0.827164 -0
    outer loop
      vertex 103.734 -99.5784 0
      vertex 103.637 -99.5125 0.2
      vertex 103.734 -99.5784 0.2
    endloop
  endfacet
  facet normal 0.56196 0.827164 0
    outer loop
      vertex 103.637 -99.5125 0.2
      vertex 103.734 -99.5784 0
      vertex 103.637 -99.5125 0
    endloop
  endfacet
  facet normal 0.189307 0.981918 -0
    outer loop
      vertex 103.845 -99.5998 0
      vertex 103.734 -99.5784 0.2
      vertex 103.845 -99.5998 0.2
    endloop
  endfacet
  facet normal 0.189307 0.981918 0
    outer loop
      vertex 103.734 -99.5784 0.2
      vertex 103.845 -99.5998 0
      vertex 103.734 -99.5784 0
    endloop
  endfacet
  facet normal 0 1 -0
    outer loop
      vertex 105.155 -99.5998 0
      vertex 103.845 -99.5998 0.2
      vertex 105.155 -99.5998 0.2
    endloop
  endfacet
  facet normal 0 1 0
    outer loop
      vertex 103.845 -99.5998 0.2
      vertex 105.155 -99.5998 0
      vertex 103.845 -99.5998 0
    endloop
  endfacet
  facet normal -0.189307 0.981918 0
    outer loop
      vertex 105.266 -99.5784 0
      vertex 105.155 -99.5998 0.2
      vertex 105.266 -99.5784 0.2
    endloop
  endfacet
  facet normal -0.189307 0.981918 0
    outer loop
      vertex 105.155 -99.5998 0.2
      vertex 105.266 -99.5784 0
      vertex 105.155 -99.5998 0
    endloop
  endfacet
  facet normal -0.560172 0.828376 0
    outer loop
      vertex 96.8124 -139.062 0
      vertex 96.7148 -139.128 0.2
      vertex 96.8124 -139.062 0.2
    endloop
  endfacet
  facet normal -0.560172 0.828376 0
    outer loop
      vertex 96.7148 -139.128 0.2
      vertex 96.8124 -139.062 0
      vertex 96.7148 -139.128 0
    endloop
  endfacet
  facet normal -0.827561 0.561376 0
    outer loop
      vertex 96.8124 -139.062 0
      vertex 96.8782 -138.965 0.2
      vertex 96.8782 -138.965 0
    endloop
  endfacet
  facet normal -0.827561 0.561376 0
    outer loop
      vertex 96.8782 -138.965 0.2
      vertex 96.8124 -139.062 0
      vertex 96.8124 -139.062 0.2
    endloop
  endfacet
  facet normal -0.981918 0.189307 0
    outer loop
      vertex 96.8782 -138.965 0
      vertex 96.8996 -138.854 0.2
      vertex 96.8996 -138.854 0
    endloop
  endfacet
  facet normal -0.981918 0.189307 0
    outer loop
      vertex 96.8996 -138.854 0.2
      vertex 96.8782 -138.965 0
      vertex 96.8782 -138.965 0.2
    endloop
  endfacet
  facet normal -1 0 0
    outer loop
      vertex 96.8996 -138.854 0
      vertex 96.8996 -138.195 0.2
      vertex 96.8996 -138.195 0
    endloop
  endfacet
  facet normal -1 -0 0
    outer loop
      vertex 96.8996 -138.195 0.2
      vertex 96.8996 -138.854 0
      vertex 96.8996 -138.854 0.2
    endloop
  endfacet
  facet normal -0.981597 -0.190965 0
    outer loop
      vertex 96.8996 -138.195 0
      vertex 96.8782 -138.085 0.2
      vertex 96.8782 -138.085 0
    endloop
  endfacet
  facet normal -0.981597 -0.190965 0
    outer loop
      vertex 96.8782 -138.085 0.2
      vertex 96.8996 -138.195 0
      vertex 96.8996 -138.195 0.2
    endloop
  endfacet
  facet normal -0.830221 -0.557434 0
    outer loop
      vertex 96.8782 -138.085 0
      vertex 96.8124 -137.987 0.2
      vertex 96.8124 -137.987 0
    endloop
  endfacet
  facet normal -0.830221 -0.557434 0
    outer loop
      vertex 96.8124 -137.987 0.2
      vertex 96.8782 -138.085 0
      vertex 96.8782 -138.085 0.2
    endloop
  endfacet
  facet normal -0.554307 -0.832313 0
    outer loop
      vertex 96.7148 -137.922 0
      vertex 96.8124 -137.987 0.2
      vertex 96.7148 -137.922 0.2
    endloop
  endfacet
  facet normal -0.554307 -0.832313 -0
    outer loop
      vertex 96.8124 -137.987 0.2
      vertex 96.7148 -137.922 0
      vertex 96.8124 -137.987 0
    endloop
  endfacet
  facet normal -0.195433 -0.980717 0
    outer loop
      vertex 96.6044 -137.9 0
      vertex 96.7148 -137.922 0.2
      vertex 96.6044 -137.9 0.2
    endloop
  endfacet
  facet normal -0.195433 -0.980717 -0
    outer loop
      vertex 96.7148 -137.922 0.2
      vertex 96.6044 -137.9 0
      vertex 96.7148 -137.922 0
    endloop
  endfacet
  facet normal 0 -1 0
    outer loop
      vertex 94.3956 -137.9 0
      vertex 96.6044 -137.9 0.2
      vertex 94.3956 -137.9 0.2
    endloop
  endfacet
  facet normal 0 -1 -0
    outer loop
      vertex 96.6044 -137.9 0.2
      vertex 94.3956 -137.9 0
      vertex 96.6044 -137.9 0
    endloop
  endfacet
  facet normal 0.195433 -0.980717 0
    outer loop
      vertex 94.2852 -137.922 0
      vertex 94.3956 -137.9 0.2
      vertex 94.2852 -137.922 0.2
    endloop
  endfacet
  facet normal 0.195433 -0.980717 0
    outer loop
      vertex 94.3956 -137.9 0.2
      vertex 94.2852 -137.922 0
      vertex 94.3956 -137.9 0
    endloop
  endfacet
  facet normal 0.554307 -0.832313 0
    outer loop
      vertex 94.1876 -137.987 0
      vertex 94.2852 -137.922 0.2
      vertex 94.1876 -137.987 0.2
    endloop
  endfacet
  facet normal 0.554307 -0.832313 0
    outer loop
      vertex 94.2852 -137.922 0.2
      vertex 94.1876 -137.987 0
      vertex 94.2852 -137.922 0
    endloop
  endfacet
  facet normal 0.830221 -0.557434 0
    outer loop
      vertex 94.1218 -138.085 0.2
      vertex 94.1876 -137.987 0
      vertex 94.1876 -137.987 0.2
    endloop
  endfacet
  facet normal 0.830221 -0.557434 0
    outer loop
      vertex 94.1876 -137.987 0
      vertex 94.1218 -138.085 0.2
      vertex 94.1218 -138.085 0
    endloop
  endfacet
  facet normal 0.981597 -0.190965 0
    outer loop
      vertex 94.1004 -138.195 0.2
      vertex 94.1218 -138.085 0
      vertex 94.1218 -138.085 0.2
    endloop
  endfacet
  facet normal 0.981597 -0.190965 0
    outer loop
      vertex 94.1218 -138.085 0
      vertex 94.1004 -138.195 0.2
      vertex 94.1004 -138.195 0
    endloop
  endfacet
  facet normal 1 -0 0
    outer loop
      vertex 94.1004 -138.854 0.2
      vertex 94.1004 -138.195 0
      vertex 94.1004 -138.195 0.2
    endloop
  endfacet
  facet normal 1 0 0
    outer loop
      vertex 94.1004 -138.195 0
      vertex 94.1004 -138.854 0.2
      vertex 94.1004 -138.854 0
    endloop
  endfacet
  facet normal 0.981918 0.189307 0
    outer loop
      vertex 94.1218 -138.965 0.2
      vertex 94.1004 -138.854 0
      vertex 94.1004 -138.854 0.2
    endloop
  endfacet
  facet normal 0.981918 0.189307 0
    outer loop
      vertex 94.1004 -138.854 0
      vertex 94.1218 -138.965 0.2
      vertex 94.1218 -138.965 0
    endloop
  endfacet
  facet normal 0.827561 0.561376 0
    outer loop
      vertex 94.1876 -139.062 0.2
      vertex 94.1218 -138.965 0
      vertex 94.1218 -138.965 0.2
    endloop
  endfacet
  facet normal 0.827561 0.561376 0
    outer loop
      vertex 94.1218 -138.965 0
      vertex 94.1876 -139.062 0.2
      vertex 94.1876 -139.062 0
    endloop
  endfacet
  facet normal 0.560172 0.828376 -0
    outer loop
      vertex 94.2852 -139.128 0
      vertex 94.1876 -139.062 0.2
      vertex 94.2852 -139.128 0.2
    endloop
  endfacet
  facet normal 0.560172 0.828376 0
    outer loop
      vertex 94.1876 -139.062 0.2
      vertex 94.2852 -139.128 0
      vertex 94.1876 -139.062 0
    endloop
  endfacet
  facet normal 0.195433 0.980717 -0
    outer loop
      vertex 94.3956 -139.15 0
      vertex 94.2852 -139.128 0.2
      vertex 94.3956 -139.15 0.2
    endloop
  endfacet
  facet normal 0.195433 0.980717 0
    outer loop
      vertex 94.2852 -139.128 0.2
      vertex 94.3956 -139.15 0
      vertex 94.2852 -139.128 0
    endloop
  endfacet
  facet normal 0 1 -0
    outer loop
      vertex 96.6044 -139.15 0
      vertex 94.3956 -139.15 0.2
      vertex 96.6044 -139.15 0.2
    endloop
  endfacet
  facet normal 0 1 0
    outer loop
      vertex 94.3956 -139.15 0.2
      vertex 96.6044 -139.15 0
      vertex 94.3956 -139.15 0
    endloop
  endfacet
  facet normal -0.195433 0.980717 0
    outer loop
      vertex 96.7148 -139.128 0
      vertex 96.6044 -139.15 0.2
      vertex 96.7148 -139.128 0.2
    endloop
  endfacet
  facet normal -0.195433 0.980717 0
    outer loop
      vertex 96.6044 -139.15 0.2
      vertex 96.7148 -139.128 0
      vertex 96.6044 -139.15 0
    endloop
  endfacet
  facet normal -0.554307 0.832313 0
    outer loop
      vertex 96.8124 -142.013 0
      vertex 96.7148 -142.078 0.2
      vertex 96.8124 -142.013 0.2
    endloop
  endfacet
  facet normal -0.554307 0.832313 0
    outer loop
      vertex 96.7148 -142.078 0.2
      vertex 96.8124 -142.013 0
      vertex 96.7148 -142.078 0
    endloop
  endfacet
  facet normal -0.830221 0.557434 0
    outer loop
      vertex 96.8124 -142.013 0
      vertex 96.8782 -141.915 0.2
      vertex 96.8782 -141.915 0
    endloop
  endfacet
  facet normal -0.830221 0.557434 0
    outer loop
      vertex 96.8782 -141.915 0.2
      vertex 96.8124 -142.013 0
      vertex 96.8124 -142.013 0.2
    endloop
  endfacet
  facet normal -0.981597 0.190965 0
    outer loop
      vertex 96.8782 -141.915 0
      vertex 96.8996 -141.805 0.2
      vertex 96.8996 -141.805 0
    endloop
  endfacet
  facet normal -0.981597 0.190965 0
    outer loop
      vertex 96.8996 -141.805 0.2
      vertex 96.8782 -141.915 0
      vertex 96.8782 -141.915 0.2
    endloop
  endfacet
  facet normal -1 0 0
    outer loop
      vertex 96.8996 -141.805 0
      vertex 96.8996 -141.146 0.2
      vertex 96.8996 -141.146 0
    endloop
  endfacet
  facet normal -1 -0 0
    outer loop
      vertex 96.8996 -141.146 0.2
      vertex 96.8996 -141.805 0
      vertex 96.8996 -141.805 0.2
    endloop
  endfacet
  facet normal -0.981918 -0.189307 0
    outer loop
      vertex 96.8996 -141.146 0
      vertex 96.8782 -141.035 0.2
      vertex 96.8782 -141.035 0
    endloop
  endfacet
  facet normal -0.981918 -0.189307 0
    outer loop
      vertex 96.8782 -141.035 0.2
      vertex 96.8996 -141.146 0
      vertex 96.8996 -141.146 0.2
    endloop
  endfacet
  facet normal -0.827561 -0.561376 0
    outer loop
      vertex 96.8782 -141.035 0
      vertex 96.8124 -140.938 0.2
      vertex 96.8124 -140.938 0
    endloop
  endfacet
  facet normal -0.827561 -0.561376 0
    outer loop
      vertex 96.8124 -140.938 0.2
      vertex 96.8782 -141.035 0
      vertex 96.8782 -141.035 0.2
    endloop
  endfacet
  facet normal -0.560172 -0.828376 0
    outer loop
      vertex 96.7148 -140.872 0
      vertex 96.8124 -140.938 0.2
      vertex 96.7148 -140.872 0.2
    endloop
  endfacet
  facet normal -0.560172 -0.828376 -0
    outer loop
      vertex 96.8124 -140.938 0.2
      vertex 96.7148 -140.872 0
      vertex 96.8124 -140.938 0
    endloop
  endfacet
  facet normal -0.195433 -0.980717 0
    outer loop
      vertex 96.6044 -140.85 0
      vertex 96.7148 -140.872 0.2
      vertex 96.6044 -140.85 0.2
    endloop
  endfacet
  facet normal -0.195433 -0.980717 -0
    outer loop
      vertex 96.7148 -140.872 0.2
      vertex 96.6044 -140.85 0
      vertex 96.7148 -140.872 0
    endloop
  endfacet
  facet normal 0 -1 0
    outer loop
      vertex 94.3956 -140.85 0
      vertex 96.6044 -140.85 0.2
      vertex 94.3956 -140.85 0.2
    endloop
  endfacet
  facet normal 0 -1 -0
    outer loop
      vertex 96.6044 -140.85 0.2
      vertex 94.3956 -140.85 0
      vertex 96.6044 -140.85 0
    endloop
  endfacet
  facet normal 0.195433 -0.980717 0
    outer loop
      vertex 94.2852 -140.872 0
      vertex 94.3956 -140.85 0.2
      vertex 94.2852 -140.872 0.2
    endloop
  endfacet
  facet normal 0.195433 -0.980717 0
    outer loop
      vertex 94.3956 -140.85 0.2
      vertex 94.2852 -140.872 0
      vertex 94.3956 -140.85 0
    endloop
  endfacet
  facet normal 0.560172 -0.828376 0
    outer loop
      vertex 94.1876 -140.938 0
      vertex 94.2852 -140.872 0.2
      vertex 94.1876 -140.938 0.2
    endloop
  endfacet
  facet normal 0.560172 -0.828376 0
    outer loop
      vertex 94.2852 -140.872 0.2
      vertex 94.1876 -140.938 0
      vertex 94.2852 -140.872 0
    endloop
  endfacet
  facet normal 0.827561 -0.561376 0
    outer loop
      vertex 94.1218 -141.035 0.2
      vertex 94.1876 -140.938 0
      vertex 94.1876 -140.938 0.2
    endloop
  endfacet
  facet normal 0.827561 -0.561376 0
    outer loop
      vertex 94.1876 -140.938 0
      vertex 94.1218 -141.035 0.2
      vertex 94.1218 -141.035 0
    endloop
  endfacet
  facet normal 0.981918 -0.189307 0
    outer loop
      vertex 94.1004 -141.146 0.2
      vertex 94.1218 -141.035 0
      vertex 94.1218 -141.035 0.2
    endloop
  endfacet
  facet normal 0.981918 -0.189307 0
    outer loop
      vertex 94.1218 -141.035 0
      vertex 94.1004 -141.146 0.2
      vertex 94.1004 -141.146 0
    endloop
  endfacet
  facet normal 1 -0 0
    outer loop
      vertex 94.1004 -141.805 0.2
      vertex 94.1004 -141.146 0
      vertex 94.1004 -141.146 0.2
    endloop
  endfacet
  facet normal 1 0 0
    outer loop
      vertex 94.1004 -141.146 0
      vertex 94.1004 -141.805 0.2
      vertex 94.1004 -141.805 0
    endloop
  endfacet
  facet normal 0.981597 0.190965 0
    outer loop
      vertex 94.1218 -141.915 0.2
      vertex 94.1004 -141.805 0
      vertex 94.1004 -141.805 0.2
    endloop
  endfacet
  facet normal 0.981597 0.190965 0
    outer loop
      vertex 94.1004 -141.805 0
      vertex 94.1218 -141.915 0.2
      vertex 94.1218 -141.915 0
    endloop
  endfacet
  facet normal 0.830221 0.557434 0
    outer loop
      vertex 94.1876 -142.013 0.2
      vertex 94.1218 -141.915 0
      vertex 94.1218 -141.915 0.2
    endloop
  endfacet
  facet normal 0.830221 0.557434 0
    outer loop
      vertex 94.1218 -141.915 0
      vertex 94.1876 -142.013 0.2
      vertex 94.1876 -142.013 0
    endloop
  endfacet
  facet normal 0.554307 0.832313 -0
    outer loop
      vertex 94.2852 -142.078 0
      vertex 94.1876 -142.013 0.2
      vertex 94.2852 -142.078 0.2
    endloop
  endfacet
  facet normal 0.554307 0.832313 0
    outer loop
      vertex 94.1876 -142.013 0.2
      vertex 94.2852 -142.078 0
      vertex 94.1876 -142.013 0
    endloop
  endfacet
  facet normal 0.195433 0.980717 -0
    outer loop
      vertex 94.3956 -142.1 0
      vertex 94.2852 -142.078 0.2
      vertex 94.3956 -142.1 0.2
    endloop
  endfacet
  facet normal 0.195433 0.980717 0
    outer loop
      vertex 94.2852 -142.078 0.2
      vertex 94.3956 -142.1 0
      vertex 94.2852 -142.078 0
    endloop
  endfacet
  facet normal 0 1 -0
    outer loop
      vertex 96.6044 -142.1 0
      vertex 94.3956 -142.1 0.2
      vertex 96.6044 -142.1 0.2
    endloop
  endfacet
  facet normal 0 1 0
    outer loop
      vertex 94.3956 -142.1 0.2
      vertex 96.6044 -142.1 0
      vertex 94.3956 -142.1 0
    endloop
  endfacet
  facet normal -0.195433 0.980717 0
    outer loop
      vertex 96.7148 -142.078 0
      vertex 96.6044 -142.1 0.2
      vertex 96.7148 -142.078 0.2
    endloop
  endfacet
  facet normal -0.195433 0.980717 0
    outer loop
      vertex 96.6044 -142.1 0.2
      vertex 96.7148 -142.078 0
      vertex 96.6044 -142.1 0
    endloop
  endfacet
  facet normal -0.559779 0.828642 0
    outer loop
      vertex 99.8633 -144.213 0
      vertex 99.7656 -144.279 0.2
      vertex 99.8633 -144.213 0.2
    endloop
  endfacet
  facet normal -0.559779 0.828642 0
    outer loop
      vertex 99.7656 -144.279 0.2
      vertex 99.8633 -144.213 0
      vertex 99.7656 -144.279 0
    endloop
  endfacet
  facet normal -0.834923 0.550367 0
    outer loop
      vertex 99.8633 -144.213 0
      vertex 99.9279 -144.115 0.2
      vertex 99.9279 -144.115 0
    endloop
  endfacet
  facet normal -0.834923 0.550367 0
    outer loop
      vertex 99.9279 -144.115 0.2
      vertex 99.8633 -144.213 0
      vertex 99.8633 -144.213 0.2
    endloop
  endfacet
  facet normal -0.979715 0.200396 0
    outer loop
      vertex 99.9279 -144.115 0
      vertex 99.9504 -144.005 0.2
      vertex 99.9504 -144.005 0
    endloop
  endfacet
  facet normal -0.979715 0.200396 0
    outer loop
      vertex 99.9504 -144.005 0.2
      vertex 99.9279 -144.115 0
      vertex 99.9279 -144.115 0.2
    endloop
  endfacet
  facet normal -1 0 0
    outer loop
      vertex 99.9504 -144.005 0
      vertex 99.9504 -141.995 0.2
      vertex 99.9504 -141.995 0
    endloop
  endfacet
  facet normal -1 -0 0
    outer loop
      vertex 99.9504 -141.995 0.2
      vertex 99.9504 -144.005 0
      vertex 99.9504 -144.005 0.2
    endloop
  endfacet
  facet normal -0.979715 -0.200396 0
    outer loop
      vertex 99.9504 -141.995 0
      vertex 99.9279 -141.885 0.2
      vertex 99.9279 -141.885 0
    endloop
  endfacet
  facet normal -0.979715 -0.200396 0
    outer loop
      vertex 99.9279 -141.885 0.2
      vertex 99.9504 -141.995 0
      vertex 99.9504 -141.995 0.2
    endloop
  endfacet
  facet normal -0.834923 -0.550367 0
    outer loop
      vertex 99.9279 -141.885 0
      vertex 99.8633 -141.787 0.2
      vertex 99.8633 -141.787 0
    endloop
  endfacet
  facet normal -0.834923 -0.550367 0
    outer loop
      vertex 99.8633 -141.787 0.2
      vertex 99.9279 -141.885 0
      vertex 99.9279 -141.885 0.2
    endloop
  endfacet
  facet normal -0.559779 -0.828642 0
    outer loop
      vertex 99.7656 -141.721 0
      vertex 99.8633 -141.787 0.2
      vertex 99.7656 -141.721 0.2
    endloop
  endfacet
  facet normal -0.559779 -0.828642 -0
    outer loop
      vertex 99.8633 -141.787 0.2
      vertex 99.7656 -141.721 0
      vertex 99.8633 -141.787 0
    endloop
  endfacet
  facet normal -0.186867 -0.982385 0
    outer loop
      vertex 99.6552 -141.7 0
      vertex 99.7656 -141.721 0.2
      vertex 99.6552 -141.7 0.2
    endloop
  endfacet
  facet normal -0.186867 -0.982385 -0
    outer loop
      vertex 99.7656 -141.721 0.2
      vertex 99.6552 -141.7 0
      vertex 99.7656 -141.721 0
    endloop
  endfacet
  facet normal 0 -1 0
    outer loop
      vertex 98.3448 -141.7 0
      vertex 99.6552 -141.7 0.2
      vertex 98.3448 -141.7 0.2
    endloop
  endfacet
  facet normal 0 -1 -0
    outer loop
      vertex 99.6552 -141.7 0.2
      vertex 98.3448 -141.7 0
      vertex 99.6552 -141.7 0
    endloop
  endfacet
  facet normal 0.186867 -0.982385 0
    outer loop
      vertex 98.2344 -141.721 0
      vertex 98.3448 -141.7 0.2
      vertex 98.2344 -141.721 0.2
    endloop
  endfacet
  facet normal 0.186867 -0.982385 0
    outer loop
      vertex 98.3448 -141.7 0.2
      vertex 98.2344 -141.721 0
      vertex 98.3448 -141.7 0
    endloop
  endfacet
  facet normal 0.559779 -0.828642 0
    outer loop
      vertex 98.1367 -141.787 0
      vertex 98.2344 -141.721 0.2
      vertex 98.1367 -141.787 0.2
    endloop
  endfacet
  facet normal 0.559779 -0.828642 0
    outer loop
      vertex 98.2344 -141.721 0.2
      vertex 98.1367 -141.787 0
      vertex 98.2344 -141.721 0
    endloop
  endfacet
  facet normal 0.834923 -0.550367 0
    outer loop
      vertex 98.0721 -141.885 0.2
      vertex 98.1367 -141.787 0
      vertex 98.1367 -141.787 0.2
    endloop
  endfacet
  facet normal 0.834923 -0.550367 0
    outer loop
      vertex 98.1367 -141.787 0
      vertex 98.0721 -141.885 0.2
      vertex 98.0721 -141.885 0
    endloop
  endfacet
  facet normal 0.979715 -0.200396 0
    outer loop
      vertex 98.0496 -141.995 0.2
      vertex 98.0721 -141.885 0
      vertex 98.0721 -141.885 0.2
    endloop
  endfacet
  facet normal 0.979715 -0.200396 0
    outer loop
      vertex 98.0721 -141.885 0
      vertex 98.0496 -141.995 0.2
      vertex 98.0496 -141.995 0
    endloop
  endfacet
  facet normal 1 -0 0
    outer loop
      vertex 98.0496 -144.005 0.2
      vertex 98.0496 -141.995 0
      vertex 98.0496 -141.995 0.2
    endloop
  endfacet
  facet normal 1 0 0
    outer loop
      vertex 98.0496 -141.995 0
      vertex 98.0496 -144.005 0.2
      vertex 98.0496 -144.005 0
    endloop
  endfacet
  facet normal 0.979715 0.200396 0
    outer loop
      vertex 98.0721 -144.115 0.2
      vertex 98.0496 -144.005 0
      vertex 98.0496 -144.005 0.2
    endloop
  endfacet
  facet normal 0.979715 0.200396 0
    outer loop
      vertex 98.0496 -144.005 0
      vertex 98.0721 -144.115 0.2
      vertex 98.0721 -144.115 0
    endloop
  endfacet
  facet normal 0.834923 0.550367 0
    outer loop
      vertex 98.1367 -144.213 0.2
      vertex 98.0721 -144.115 0
      vertex 98.0721 -144.115 0.2
    endloop
  endfacet
  facet normal 0.834923 0.550367 0
    outer loop
      vertex 98.0721 -144.115 0
      vertex 98.1367 -144.213 0.2
      vertex 98.1367 -144.213 0
    endloop
  endfacet
  facet normal 0.559779 0.828642 -0
    outer loop
      vertex 98.2344 -144.279 0
      vertex 98.1367 -144.213 0.2
      vertex 98.2344 -144.279 0.2
    endloop
  endfacet
  facet normal 0.559779 0.828642 0
    outer loop
      vertex 98.1367 -144.213 0.2
      vertex 98.2344 -144.279 0
      vertex 98.1367 -144.213 0
    endloop
  endfacet
  facet normal 0.186867 0.982385 -0
    outer loop
      vertex 98.3448 -144.3 0
      vertex 98.2344 -144.279 0.2
      vertex 98.3448 -144.3 0.2
    endloop
  endfacet
  facet normal 0.186867 0.982385 0
    outer loop
      vertex 98.2344 -144.279 0.2
      vertex 98.3448 -144.3 0
      vertex 98.2344 -144.279 0
    endloop
  endfacet
  facet normal 0 1 -0
    outer loop
      vertex 99.6552 -144.3 0
      vertex 98.3448 -144.3 0.2
      vertex 99.6552 -144.3 0.2
    endloop
  endfacet
  facet normal 0 1 0
    outer loop
      vertex 98.3448 -144.3 0.2
      vertex 99.6552 -144.3 0
      vertex 98.3448 -144.3 0
    endloop
  endfacet
  facet normal -0.186867 0.982385 0
    outer loop
      vertex 99.7656 -144.279 0
      vertex 99.6552 -144.3 0.2
      vertex 99.7656 -144.279 0.2
    endloop
  endfacet
  facet normal -0.186867 0.982385 0
    outer loop
      vertex 99.6552 -144.3 0.2
      vertex 99.7656 -144.279 0
      vertex 99.6552 -144.3 0
    endloop
  endfacet
  facet normal -0.559779 0.828642 0
    outer loop
      vertex 99.8633 -148.213 0
      vertex 99.7656 -148.279 0.2
      vertex 99.8633 -148.213 0.2
    endloop
  endfacet
  facet normal -0.559779 0.828642 0
    outer loop
      vertex 99.7656 -148.279 0.2
      vertex 99.8633 -148.213 0
      vertex 99.7656 -148.279 0
    endloop
  endfacet
  facet normal -0.834923 0.550367 0
    outer loop
      vertex 99.8633 -148.213 0
      vertex 99.9279 -148.115 0.2
      vertex 99.9279 -148.115 0
    endloop
  endfacet
  facet normal -0.834923 0.550367 0
    outer loop
      vertex 99.9279 -148.115 0.2
      vertex 99.8633 -148.213 0
      vertex 99.8633 -148.213 0.2
    endloop
  endfacet
  facet normal -0.979715 0.200396 0
    outer loop
      vertex 99.9279 -148.115 0
      vertex 99.9504 -148.005 0.2
      vertex 99.9504 -148.005 0
    endloop
  endfacet
  facet normal -0.979715 0.200396 0
    outer loop
      vertex 99.9504 -148.005 0.2
      vertex 99.9279 -148.115 0
      vertex 99.9279 -148.115 0.2
    endloop
  endfacet
  facet normal -1 0 0
    outer loop
      vertex 99.9504 -148.005 0
      vertex 99.9504 -145.995 0.2
      vertex 99.9504 -145.995 0
    endloop
  endfacet
  facet normal -1 -0 0
    outer loop
      vertex 99.9504 -145.995 0.2
      vertex 99.9504 -148.005 0
      vertex 99.9504 -148.005 0.2
    endloop
  endfacet
  facet normal -0.979715 -0.200396 0
    outer loop
      vertex 99.9504 -145.995 0
      vertex 99.9279 -145.885 0.2
      vertex 99.9279 -145.885 0
    endloop
  endfacet
  facet normal -0.979715 -0.200396 0
    outer loop
      vertex 99.9279 -145.885 0.2
      vertex 99.9504 -145.995 0
      vertex 99.9504 -145.995 0.2
    endloop
  endfacet
  facet normal -0.834923 -0.550367 0
    outer loop
      vertex 99.9279 -145.885 0
      vertex 99.8633 -145.787 0.2
      vertex 99.8633 -145.787 0
    endloop
  endfacet
  facet normal -0.834923 -0.550367 0
    outer loop
      vertex 99.8633 -145.787 0.2
      vertex 99.9279 -145.885 0
      vertex 99.9279 -145.885 0.2
    endloop
  endfacet
  facet normal -0.559779 -0.828642 0
    outer loop
      vertex 99.7656 -145.721 0
      vertex 99.8633 -145.787 0.2
      vertex 99.7656 -145.721 0.2
    endloop
  endfacet
  facet normal -0.559779 -0.828642 -0
    outer loop
      vertex 99.8633 -145.787 0.2
      vertex 99.7656 -145.721 0
      vertex 99.8633 -145.787 0
    endloop
  endfacet
  facet normal -0.186867 -0.982385 0
    outer loop
      vertex 99.6552 -145.7 0
      vertex 99.7656 -145.721 0.2
      vertex 99.6552 -145.7 0.2
    endloop
  endfacet
  facet normal -0.186867 -0.982385 -0
    outer loop
      vertex 99.7656 -145.721 0.2
      vertex 99.6552 -145.7 0
      vertex 99.7656 -145.721 0
    endloop
  endfacet
  facet normal 0 -1 0
    outer loop
      vertex 98.3448 -145.7 0
      vertex 99.6552 -145.7 0.2
      vertex 98.3448 -145.7 0.2
    endloop
  endfacet
  facet normal 0 -1 -0
    outer loop
      vertex 99.6552 -145.7 0.2
      vertex 98.3448 -145.7 0
      vertex 99.6552 -145.7 0
    endloop
  endfacet
  facet normal 0.186867 -0.982385 0
    outer loop
      vertex 98.2344 -145.721 0
      vertex 98.3448 -145.7 0.2
      vertex 98.2344 -145.721 0.2
    endloop
  endfacet
  facet normal 0.186867 -0.982385 0
    outer loop
      vertex 98.3448 -145.7 0.2
      vertex 98.2344 -145.721 0
      vertex 98.3448 -145.7 0
    endloop
  endfacet
  facet normal 0.559779 -0.828642 0
    outer loop
      vertex 98.1367 -145.787 0
      vertex 98.2344 -145.721 0.2
      vertex 98.1367 -145.787 0.2
    endloop
  endfacet
  facet normal 0.559779 -0.828642 0
    outer loop
      vertex 98.2344 -145.721 0.2
      vertex 98.1367 -145.787 0
      vertex 98.2344 -145.721 0
    endloop
  endfacet
  facet normal 0.834923 -0.550367 0
    outer loop
      vertex 98.0721 -145.885 0.2
      vertex 98.1367 -145.787 0
      vertex 98.1367 -145.787 0.2
    endloop
  endfacet
  facet normal 0.834923 -0.550367 0
    outer loop
      vertex 98.1367 -145.787 0
      vertex 98.0721 -145.885 0.2
      vertex 98.0721 -145.885 0
    endloop
  endfacet
  facet normal 0.979715 -0.200396 0
    outer loop
      vertex 98.0496 -145.995 0.2
      vertex 98.0721 -145.885 0
      vertex 98.0721 -145.885 0.2
    endloop
  endfacet
  facet normal 0.979715 -0.200396 0
    outer loop
      vertex 98.0721 -145.885 0
      vertex 98.0496 -145.995 0.2
      vertex 98.0496 -145.995 0
    endloop
  endfacet
  facet normal 1 -0 0
    outer loop
      vertex 98.0496 -148.005 0.2
      vertex 98.0496 -145.995 0
      vertex 98.0496 -145.995 0.2
    endloop
  endfacet
  facet normal 1 0 0
    outer loop
      vertex 98.0496 -145.995 0
      vertex 98.0496 -148.005 0.2
      vertex 98.0496 -148.005 0
    endloop
  endfacet
  facet normal 0.979715 0.200396 0
    outer loop
      vertex 98.0721 -148.115 0.2
      vertex 98.0496 -148.005 0
      vertex 98.0496 -148.005 0.2
    endloop
  endfacet
  facet normal 0.979715 0.200396 0
    outer loop
      vertex 98.0496 -148.005 0
      vertex 98.0721 -148.115 0.2
      vertex 98.0721 -148.115 0
    endloop
  endfacet
  facet normal 0.834923 0.550367 0
    outer loop
      vertex 98.1367 -148.213 0.2
      vertex 98.0721 -148.115 0
      vertex 98.0721 -148.115 0.2
    endloop
  endfacet
  facet normal 0.834923 0.550367 0
    outer loop
      vertex 98.0721 -148.115 0
      vertex 98.1367 -148.213 0.2
      vertex 98.1367 -148.213 0
    endloop
  endfacet
  facet normal 0.559779 0.828642 -0
    outer loop
      vertex 98.2344 -148.279 0
      vertex 98.1367 -148.213 0.2
      vertex 98.2344 -148.279 0.2
    endloop
  endfacet
  facet normal 0.559779 0.828642 0
    outer loop
      vertex 98.1367 -148.213 0.2
      vertex 98.2344 -148.279 0
      vertex 98.1367 -148.213 0
    endloop
  endfacet
  facet normal 0.186867 0.982385 -0
    outer loop
      vertex 98.3448 -148.3 0
      vertex 98.2344 -148.279 0.2
      vertex 98.3448 -148.3 0.2
    endloop
  endfacet
  facet normal 0.186867 0.982385 0
    outer loop
      vertex 98.2344 -148.279 0.2
      vertex 98.3448 -148.3 0
      vertex 98.2344 -148.279 0
    endloop
  endfacet
  facet normal 0 1 -0
    outer loop
      vertex 99.6552 -148.3 0
      vertex 98.3448 -148.3 0.2
      vertex 99.6552 -148.3 0.2
    endloop
  endfacet
  facet normal 0 1 0
    outer loop
      vertex 98.3448 -148.3 0.2
      vertex 99.6552 -148.3 0
      vertex 98.3448 -148.3 0
    endloop
  endfacet
  facet normal -0.186867 0.982385 0
    outer loop
      vertex 99.7656 -148.279 0
      vertex 99.6552 -148.3 0.2
      vertex 99.7656 -148.279 0.2
    endloop
  endfacet
  facet normal -0.186867 0.982385 0
    outer loop
      vertex 99.6552 -148.3 0.2
      vertex 99.7656 -148.279 0
      vertex 99.6552 -148.3 0
    endloop
  endfacet
  facet normal 0 -1 0
    outer loop
      vertex 96.2498 -149.5 0
      vertex 101.75 -149.5 0.2
      vertex 96.2498 -149.5 0.2
    endloop
  endfacet
  facet normal 0 -1 -0
    outer loop
      vertex 101.75 -149.5 0.2
      vertex 96.2498 -149.5 0
      vertex 101.75 -149.5 0
    endloop
  endfacet
  facet normal 1 -0 0
    outer loop
      vertex 96.2498 -152.5 0.2
      vertex 96.2498 -149.5 0
      vertex 96.2498 -149.5 0.2
    endloop
  endfacet
  facet normal 1 0 0
    outer loop
      vertex 96.2498 -149.5 0
      vertex 96.2498 -152.5 0.2
      vertex 96.2498 -152.5 0
    endloop
  endfacet
  facet normal 0 1 -0
    outer loop
      vertex 101.75 -152.5 0
      vertex 96.2498 -152.5 0.2
      vertex 101.75 -152.5 0.2
    endloop
  endfacet
  facet normal 0 1 0
    outer loop
      vertex 96.2498 -152.5 0.2
      vertex 101.75 -152.5 0
      vertex 96.2498 -152.5 0
    endloop
  endfacet
  facet normal -1 0 0
    outer loop
      vertex 101.75 -152.5 0
      vertex 101.75 -149.5 0.2
      vertex 101.75 -149.5 0
    endloop
  endfacet
  facet normal -1 -0 0
    outer loop
      vertex 101.75 -149.5 0.2
      vertex 101.75 -152.5 0
      vertex 101.75 -152.5 0.2
    endloop
  endfacet
  facet normal 0 -1 0
    outer loop
      vertex 96.2498 -159.4 0
      vertex 101.75 -159.4 0.2
      vertex 96.2498 -159.4 0.2
    endloop
  endfacet
  facet normal 0 -1 -0
    outer loop
      vertex 101.75 -159.4 0.2
      vertex 96.2498 -159.4 0
      vertex 101.75 -159.4 0
    endloop
  endfacet
  facet normal 1 -0 0
    outer loop
      vertex 96.2498 -162.4 0.2
      vertex 96.2498 -159.4 0
      vertex 96.2498 -159.4 0.2
    endloop
  endfacet
  facet normal 1 0 0
    outer loop
      vertex 96.2498 -159.4 0
      vertex 96.2498 -162.4 0.2
      vertex 96.2498 -162.4 0
    endloop
  endfacet
  facet normal 0 1 -0
    outer loop
      vertex 101.75 -162.4 0
      vertex 96.2498 -162.4 0.2
      vertex 101.75 -162.4 0.2
    endloop
  endfacet
  facet normal 0 1 0
    outer loop
      vertex 96.2498 -162.4 0.2
      vertex 101.75 -162.4 0
      vertex 96.2498 -162.4 0
    endloop
  endfacet
  facet normal -1 0 0
    outer loop
      vertex 101.75 -162.4 0
      vertex 101.75 -159.4 0.2
      vertex 101.75 -159.4 0
    endloop
  endfacet
  facet normal -1 -0 0
    outer loop
      vertex 101.75 -159.4 0.2
      vertex 101.75 -162.4 0
      vertex 101.75 -162.4 0.2
    endloop
  endfacet
endsolid OpenSCAD_Model
