solid OpenSCAD_Model
  facet normal 0 0 -1
    outer loop
      vertex 98.1367 73.0963 0
      vertex 99.7367 74.6963 0
      vertex 99.6902 74.3134 0
    endloop
  endfacet
  facet normal -0 0 -1
    outer loop
      vertex 100.922 170.234 0
      vertex 89.7024 164.428 0
      vertex 94.9124 174.931 0
    endloop
  endfacet
  facet normal -0 0 -1
    outer loop
      vertex 103.097 163.664 0
      vertex 89.5394 163.608 0
      vertex 89.7024 164.428 0
    endloop
  endfacet
  facet normal 0 0 -1
    outer loop
      vertex 89.7024 164.428 0
      vertex 89.5394 163.608 0
      vertex 89.5599 163.994 0
    endloop
  endfacet
  facet normal 0 0 -1
    outer loop
      vertex 103.033 163.708 0
      vertex 89.7024 164.428 0
      vertex 102.989 163.773 0
    endloop
  endfacet
  facet normal 0 0 -1
    outer loop
      vertex 102.975 163.845 0
      vertex 102.128 170.234 0
      vertex 102.15 170.345 0
    endloop
  endfacet
  facet normal 0 0 -1
    outer loop
      vertex 89.7024 164.428 0
      vertex 102.975 163.845 0
      vertex 102.989 163.773 0
    endloop
  endfacet
  facet normal 0 0 -1
    outer loop
      vertex 102.975 163.845 0
      vertex 102.062 170.137 0
      vertex 102.128 170.234 0
    endloop
  endfacet
  facet normal 0 0 -1
    outer loop
      vertex 92.0693 126.37 0
      vertex 102.129 90.9344 0
      vertex 101.907 90.9586 0
    endloop
  endfacet
  facet normal 0 0 -1
    outer loop
      vertex 102.975 163.845 0
      vertex 101.965 170.072 0
      vertex 102.062 170.137 0
    endloop
  endfacet
  facet normal 0 0 -1
    outer loop
      vertex 92.0693 126.37 0
      vertex 101.907 90.9586 0
      vertex 101.685 90.9586 0
    endloop
  endfacet
  facet normal 0 0 -1
    outer loop
      vertex 92.0693 126.37 0
      vertex 101.685 90.9586 0
      vertex 101.463 90.9344 0
    endloop
  endfacet
  facet normal 0 0 -1
    outer loop
      vertex 92.0693 126.37 0
      vertex 101.463 90.9344 0
      vertex 101.244 90.8863 0
    endloop
  endfacet
  facet normal 0 0 -1
    outer loop
      vertex 102.975 163.845 0
      vertex 101.855 170.05 0
      vertex 101.965 170.072 0
    endloop
  endfacet
  facet normal 0 0 -1
    outer loop
      vertex 102.975 163.845 0
      vertex 101.195 170.05 0
      vertex 101.855 170.05 0
    endloop
  endfacet
  facet normal 0 0 -1
    outer loop
      vertex 92.0693 126.37 0
      vertex 101.244 90.8863 0
      vertex 101.035 90.816 0
    endloop
  endfacet
  facet normal 0 0 -1
    outer loop
      vertex 102.975 163.845 0
      vertex 101.085 170.072 0
      vertex 101.195 170.05 0
    endloop
  endfacet
  facet normal 0 0 -1
    outer loop
      vertex 102.975 163.845 0
      vertex 100.988 170.137 0
      vertex 101.085 170.072 0
    endloop
  endfacet
  facet normal 0 0 -1
    outer loop
      vertex 89.7024 164.428 0
      vertex 100.988 170.137 0
      vertex 102.975 163.845 0
    endloop
  endfacet
  facet normal 0 0 -1
    outer loop
      vertex 89.7024 164.428 0
      vertex 100.922 170.234 0
      vertex 100.988 170.137 0
    endloop
  endfacet
  facet normal 0 0 -1
    outer loop
      vertex 92.0693 126.37 0
      vertex 101.035 90.816 0
      vertex 100.833 90.7224 0
    endloop
  endfacet
  facet normal 0 0 -1
    outer loop
      vertex 105.025 166.695 0
      vertex 105.011 167.583 0
      vertex 105.025 167.656 0
    endloop
  endfacet
  facet normal 0 0 -1
    outer loop
      vertex 105.011 166.767 0
      vertex 105.011 167.583 0
      vertex 105.025 166.695 0
    endloop
  endfacet
  facet normal 0 0 -1
    outer loop
      vertex 104.967 166.832 0
      vertex 105.011 167.583 0
      vertex 105.011 166.767 0
    endloop
  endfacet
  facet normal 0 0 -1
    outer loop
      vertex 104.967 166.832 0
      vertex 104.967 167.518 0
      vertex 105.011 167.583 0
    endloop
  endfacet
  facet normal 0 0 -1
    outer loop
      vertex 104.903 166.875 0
      vertex 104.967 167.518 0
      vertex 104.967 166.832 0
    endloop
  endfacet
  facet normal 0 0 -1
    outer loop
      vertex 104.903 166.875 0
      vertex 104.903 167.474 0
      vertex 104.967 167.518 0
    endloop
  endfacet
  facet normal 0 0 -1
    outer loop
      vertex 104.83 166.89 0
      vertex 104.903 167.474 0
      vertex 104.903 166.875 0
    endloop
  endfacet
  facet normal 0 0 -1
    outer loop
      vertex 104.83 166.89 0
      vertex 104.83 167.46 0
      vertex 104.903 167.474 0
    endloop
  endfacet
  facet normal 0 0 -1
    outer loop
      vertex 103.17 166.89 0
      vertex 104.83 167.46 0
      vertex 104.83 166.89 0
    endloop
  endfacet
  facet normal 0 0 -1
    outer loop
      vertex 103.17 166.89 0
      vertex 103.17 167.46 0
      vertex 104.83 167.46 0
    endloop
  endfacet
  facet normal 0 0 -1
    outer loop
      vertex 103.097 166.875 0
      vertex 103.17 167.46 0
      vertex 103.17 166.89 0
    endloop
  endfacet
  facet normal 0 0 -1
    outer loop
      vertex 103.097 166.875 0
      vertex 103.097 167.474 0
      vertex 103.17 167.46 0
    endloop
  endfacet
  facet normal 0 0 -1
    outer loop
      vertex 103.033 166.832 0
      vertex 103.097 167.474 0
      vertex 103.097 166.875 0
    endloop
  endfacet
  facet normal 0 0 -1
    outer loop
      vertex 103.033 166.832 0
      vertex 103.033 167.518 0
      vertex 103.097 167.474 0
    endloop
  endfacet
  facet normal 0 0 -1
    outer loop
      vertex 102.989 166.767 0
      vertex 103.033 167.518 0
      vertex 103.033 166.832 0
    endloop
  endfacet
  facet normal 0 0 -1
    outer loop
      vertex 102.989 166.767 0
      vertex 102.989 167.583 0
      vertex 103.033 167.518 0
    endloop
  endfacet
  facet normal 0 0 -1
    outer loop
      vertex 102.975 166.695 0
      vertex 102.989 167.583 0
      vertex 102.989 166.767 0
    endloop
  endfacet
  facet normal -0 0 -1
    outer loop
      vertex 102.989 167.583 0
      vertex 102.975 166.695 0
      vertex 102.975 167.656 0
    endloop
  endfacet
  facet normal 0 0 -1
    outer loop
      vertex 105.011 166.313 0
      vertex 107.939 163.773 0
      vertex 105.011 165.497 0
    endloop
  endfacet
  facet normal 0 0 -1
    outer loop
      vertex 107.939 163.773 0
      vertex 105.011 166.313 0
      vertex 105.025 166.385 0
    endloop
  endfacet
  facet normal 0 0 -1
    outer loop
      vertex 105.011 165.497 0
      vertex 104.967 166.248 0
      vertex 105.011 166.313 0
    endloop
  endfacet
  facet normal 0 0 -1
    outer loop
      vertex 104.967 165.562 0
      vertex 104.967 166.248 0
      vertex 105.011 165.497 0
    endloop
  endfacet
  facet normal 0 0 -1
    outer loop
      vertex 104.903 166.204 0
      vertex 104.967 165.562 0
      vertex 104.903 165.606 0
    endloop
  endfacet
  facet normal 0 0 -1
    outer loop
      vertex 104.967 165.562 0
      vertex 104.903 166.204 0
      vertex 104.967 166.248 0
    endloop
  endfacet
  facet normal 0 0 -1
    outer loop
      vertex 104.83 165.62 0
      vertex 104.903 166.204 0
      vertex 104.903 165.606 0
    endloop
  endfacet
  facet normal 0 0 -1
    outer loop
      vertex 104.83 165.62 0
      vertex 104.83 166.19 0
      vertex 104.903 166.204 0
    endloop
  endfacet
  facet normal 0 0 -1
    outer loop
      vertex 104.83 165.62 0
      vertex 103.17 166.19 0
      vertex 104.83 166.19 0
    endloop
  endfacet
  facet normal 0 0 -1
    outer loop
      vertex 103.17 165.62 0
      vertex 103.17 166.19 0
      vertex 104.83 165.62 0
    endloop
  endfacet
  facet normal 0 0 -1
    outer loop
      vertex 103.097 166.204 0
      vertex 103.17 165.62 0
      vertex 103.097 165.606 0
    endloop
  endfacet
  facet normal 0 0 -1
    outer loop
      vertex 103.17 165.62 0
      vertex 103.097 166.204 0
      vertex 103.17 166.19 0
    endloop
  endfacet
  facet normal 0 0 -1
    outer loop
      vertex 103.033 165.562 0
      vertex 103.097 166.204 0
      vertex 103.097 165.606 0
    endloop
  endfacet
  facet normal 0 0 -1
    outer loop
      vertex 103.033 165.562 0
      vertex 103.033 166.248 0
      vertex 103.097 166.204 0
    endloop
  endfacet
  facet normal 0 0 -1
    outer loop
      vertex 103.033 165.562 0
      vertex 102.989 166.313 0
      vertex 103.033 166.248 0
    endloop
  endfacet
  facet normal 0 0 -1
    outer loop
      vertex 102.989 165.497 0
      vertex 102.989 166.313 0
      vertex 103.033 165.562 0
    endloop
  endfacet
  facet normal 0 0 -1
    outer loop
      vertex 102.975 165.425 0
      vertex 102.989 166.313 0
      vertex 102.989 165.497 0
    endloop
  endfacet
  facet normal -0 0 -1
    outer loop
      vertex 102.989 166.313 0
      vertex 102.975 165.425 0
      vertex 102.975 166.385 0
    endloop
  endfacet
  facet normal 0 0 -1
    outer loop
      vertex 107.939 163.773 0
      vertex 105.011 165.043 0
      vertex 105.025 165.115 0
    endloop
  endfacet
  facet normal 0 0 -1
    outer loop
      vertex 107.939 163.773 0
      vertex 105.011 164.227 0
      vertex 105.011 165.043 0
    endloop
  endfacet
  facet normal 0 0 -1
    outer loop
      vertex 104.967 164.292 0
      vertex 105.011 165.043 0
      vertex 105.011 164.227 0
    endloop
  endfacet
  facet normal 0 0 -1
    outer loop
      vertex 104.967 164.292 0
      vertex 104.967 164.978 0
      vertex 105.011 165.043 0
    endloop
  endfacet
  facet normal 0 0 -1
    outer loop
      vertex 104.903 164.336 0
      vertex 104.967 164.978 0
      vertex 104.967 164.292 0
    endloop
  endfacet
  facet normal 0 0 -1
    outer loop
      vertex 104.903 164.336 0
      vertex 104.903 164.934 0
      vertex 104.967 164.978 0
    endloop
  endfacet
  facet normal 0 0 -1
    outer loop
      vertex 104.903 164.336 0
      vertex 104.83 164.92 0
      vertex 104.903 164.934 0
    endloop
  endfacet
  facet normal 0 0 -1
    outer loop
      vertex 104.83 164.35 0
      vertex 104.83 164.92 0
      vertex 104.903 164.336 0
    endloop
  endfacet
  facet normal 0 0 -1
    outer loop
      vertex 103.17 164.35 0
      vertex 104.83 164.92 0
      vertex 104.83 164.35 0
    endloop
  endfacet
  facet normal 0 0 -1
    outer loop
      vertex 103.17 164.35 0
      vertex 103.17 164.92 0
      vertex 104.83 164.92 0
    endloop
  endfacet
  facet normal 0 0 -1
    outer loop
      vertex 103.097 164.336 0
      vertex 103.17 164.92 0
      vertex 103.17 164.35 0
    endloop
  endfacet
  facet normal 0 0 -1
    outer loop
      vertex 103.097 164.336 0
      vertex 103.097 164.934 0
      vertex 103.17 164.92 0
    endloop
  endfacet
  facet normal 0 0 -1
    outer loop
      vertex 103.097 164.336 0
      vertex 103.033 164.978 0
      vertex 103.097 164.934 0
    endloop
  endfacet
  facet normal 0 0 -1
    outer loop
      vertex 103.033 164.292 0
      vertex 103.033 164.978 0
      vertex 103.097 164.336 0
    endloop
  endfacet
  facet normal 0 0 -1
    outer loop
      vertex 102.989 164.227 0
      vertex 103.033 164.978 0
      vertex 103.033 164.292 0
    endloop
  endfacet
  facet normal 0 0 -1
    outer loop
      vertex 102.989 164.227 0
      vertex 102.989 165.043 0
      vertex 103.033 164.978 0
    endloop
  endfacet
  facet normal 0 0 -1
    outer loop
      vertex 102.975 164.155 0
      vertex 102.989 165.043 0
      vertex 102.989 164.227 0
    endloop
  endfacet
  facet normal -0 0 -1
    outer loop
      vertex 102.989 165.043 0
      vertex 102.975 164.155 0
      vertex 102.975 165.115 0
    endloop
  endfacet
  facet normal 0 0 -1
    outer loop
      vertex 107.939 163.773 0
      vertex 105.011 163.773 0
      vertex 105.025 163.845 0
    endloop
  endfacet
  facet normal 0 0 -1
    outer loop
      vertex 103.559 89.9643 0
      vertex 131.072 101.585 0
      vertex 103.663 89.7687 0
    endloop
  endfacet
  facet normal -0 0 -1
    outer loop
      vertex 131.072 101.585 0
      vertex 103.559 89.9643 0
      vertex 131.05 101.695 0
    endloop
  endfacet
  facet normal 0 0 -1
    outer loop
      vertex 103.433 90.1498 0
      vertex 131.05 101.695 0
      vertex 103.559 89.9643 0
    endloop
  endfacet
  facet normal 0 0 -1
    outer loop
      vertex 103.855 74.6963 0
      vertex 105.072 73.1428 0
      vertex 104.712 73.2796 0
    endloop
  endfacet
  facet normal 0 0 -1
    outer loop
      vertex 103.855 74.6963 0
      vertex 104.712 73.2796 0
      vertex 104.394 73.4987 0
    endloop
  endfacet
  facet normal 0 0 -1
    outer loop
      vertex 103.855 74.6963 0
      vertex 104.394 73.4987 0
      vertex 104.138 73.7874 0
    endloop
  endfacet
  facet normal 0 0 -1
    outer loop
      vertex 103.855 74.6963 0
      vertex 104.138 73.7874 0
      vertex 103.959 74.1289 0
    endloop
  endfacet
  facet normal 0 0 -1
    outer loop
      vertex 105.072 73.1428 0
      vertex 103.855 74.6963 0
      vertex 103.855 88.8611 0
    endloop
  endfacet
  facet normal 0 0 -1
    outer loop
      vertex 103.289 90.32 0
      vertex 131.05 101.695 0
      vertex 103.433 90.1498 0
    endloop
  endfacet
  facet normal -0 0 -1
    outer loop
      vertex 131.05 101.695 0
      vertex 103.289 90.32 0
      vertex 131.05 102.355 0
    endloop
  endfacet
  facet normal 0 0 -1
    outer loop
      vertex 103.128 90.473 0
      vertex 131.05 102.355 0
      vertex 103.289 90.32 0
    endloop
  endfacet
  facet normal 0 0 -1
    outer loop
      vertex 131.05 105.305 0
      vertex 104.967 163.708 0
      vertex 105.011 163.773 0
    endloop
  endfacet
  facet normal -0 0 -1
    outer loop
      vertex 131.05 102.355 0
      vertex 103.128 90.473 0
      vertex 131.05 104.645 0
    endloop
  endfacet
  facet normal 0 0 -1
    outer loop
      vertex 102.952 90.6065 0
      vertex 131.05 104.645 0
      vertex 103.128 90.473 0
    endloop
  endfacet
  facet normal -0 0 -1
    outer loop
      vertex 131.05 104.645 0
      vertex 102.952 90.6065 0
      vertex 131.05 105.305 0
    endloop
  endfacet
  facet normal 0 0 -1
    outer loop
      vertex 131.05 105.305 0
      vertex 104.903 163.664 0
      vertex 104.967 163.708 0
    endloop
  endfacet
  facet normal 0 0 -1
    outer loop
      vertex 102.759 90.7224 0
      vertex 131.05 105.305 0
      vertex 102.952 90.6065 0
    endloop
  endfacet
  facet normal 0 0 -1
    outer loop
      vertex 102.557 90.8163 0
      vertex 131.05 105.305 0
      vertex 102.759 90.7224 0
    endloop
  endfacet
  facet normal 0 0 -1
    outer loop
      vertex 102.348 90.8863 0
      vertex 131.05 105.305 0
      vertex 102.557 90.8163 0
    endloop
  endfacet
  facet normal 0 0 -1
    outer loop
      vertex 92.0693 126.37 0
      vertex 102.348 90.8863 0
      vertex 102.129 90.9344 0
    endloop
  endfacet
  facet normal 0 0 -1
    outer loop
      vertex 92.0693 126.37 0
      vertex 104.903 163.664 0
      vertex 131.05 105.305 0
    endloop
  endfacet
  facet normal 0 0 -1
    outer loop
      vertex 104.903 163.664 0
      vertex 92.0693 126.37 0
      vertex 104.83 163.65 0
    endloop
  endfacet
  facet normal 0 0 -1
    outer loop
      vertex 102.15 170.345 0
      vertex 102.975 164.155 0
      vertex 102.975 163.845 0
    endloop
  endfacet
  facet normal 0 0 -1
    outer loop
      vertex 102.975 164.155 0
      vertex 102.15 170.345 0
      vertex 102.975 165.115 0
    endloop
  endfacet
  facet normal 0 0 -1
    outer loop
      vertex 102.975 165.115 0
      vertex 102.15 170.345 0
      vertex 102.975 165.425 0
    endloop
  endfacet
  facet normal 0 0 -1
    outer loop
      vertex 102.975 165.425 0
      vertex 102.15 170.345 0
      vertex 102.975 166.385 0
    endloop
  endfacet
  facet normal 0 0 -1
    outer loop
      vertex 102.975 166.385 0
      vertex 102.15 170.345 0
      vertex 102.975 166.695 0
    endloop
  endfacet
  facet normal 0 0 -1
    outer loop
      vertex 102.975 166.695 0
      vertex 102.15 170.345 0
      vertex 102.975 167.656 0
    endloop
  endfacet
  facet normal -0 0 -1
    outer loop
      vertex 104.83 163.65 0
      vertex 92.0693 126.37 0
      vertex 103.17 163.65 0
    endloop
  endfacet
  facet normal 0 0 -1
    outer loop
      vertex 102.348 90.8863 0
      vertex 92.0693 126.37 0
      vertex 131.05 105.305 0
    endloop
  endfacet
  facet normal 0 0 -1
    outer loop
      vertex 108.922 170.234 0
      vertex 105.078 170.234 0
      vertex 105.1 170.345 0
    endloop
  endfacet
  facet normal 0 0 -1
    outer loop
      vertex 105.011 163.773 0
      vertex 107.939 163.773 0
      vertex 107.982 163.708 0
    endloop
  endfacet
  facet normal 0 0 -1
    outer loop
      vertex 105.025 164.155 0
      vertex 107.939 163.773 0
      vertex 105.025 163.845 0
    endloop
  endfacet
  facet normal 0 0 -1
    outer loop
      vertex 105.011 164.227 0
      vertex 107.939 163.773 0
      vertex 105.025 164.155 0
    endloop
  endfacet
  facet normal 0 0 -1
    outer loop
      vertex 105.025 165.425 0
      vertex 107.939 163.773 0
      vertex 105.025 165.115 0
    endloop
  endfacet
  facet normal 0 0 -1
    outer loop
      vertex 105.011 165.497 0
      vertex 107.939 163.773 0
      vertex 105.025 165.425 0
    endloop
  endfacet
  facet normal 0 0 -1
    outer loop
      vertex 105.025 166.695 0
      vertex 107.939 163.773 0
      vertex 105.025 166.385 0
    endloop
  endfacet
  facet normal 0 0 -1
    outer loop
      vertex 105.025 167.656 0
      vertex 107.939 163.773 0
      vertex 105.025 166.695 0
    endloop
  endfacet
  facet normal 0 0 -1
    outer loop
      vertex 105.025 167.965 0
      vertex 107.939 163.773 0
      vertex 105.025 167.656 0
    endloop
  endfacet
  facet normal 0 0 -1
    outer loop
      vertex 107.939 163.773 0
      vertex 105.025 167.965 0
      vertex 105.078 170.234 0
    endloop
  endfacet
  facet normal 0 0 -1
    outer loop
      vertex 105.011 168.037 0
      vertex 105.078 170.234 0
      vertex 105.025 167.965 0
    endloop
  endfacet
  facet normal 0 0 -1
    outer loop
      vertex 105.078 170.234 0
      vertex 105.011 168.037 0
      vertex 105.012 170.137 0
    endloop
  endfacet
  facet normal 0 0 -1
    outer loop
      vertex 104.967 168.102 0
      vertex 105.012 170.137 0
      vertex 105.011 168.037 0
    endloop
  endfacet
  facet normal 0 0 -1
    outer loop
      vertex 104.967 168.102 0
      vertex 104.915 170.072 0
      vertex 105.012 170.137 0
    endloop
  endfacet
  facet normal 0 0 -1
    outer loop
      vertex 104.903 168.146 0
      vertex 104.915 170.072 0
      vertex 104.967 168.102 0
    endloop
  endfacet
  facet normal 0 0 -1
    outer loop
      vertex 104.83 168.16 0
      vertex 104.915 170.072 0
      vertex 104.903 168.146 0
    endloop
  endfacet
  facet normal 0 0 -1
    outer loop
      vertex 104.83 168.16 0
      vertex 104.805 170.05 0
      vertex 104.915 170.072 0
    endloop
  endfacet
  facet normal 0 0 -1
    outer loop
      vertex 104.83 168.16 0
      vertex 104.145 170.05 0
      vertex 104.805 170.05 0
    endloop
  endfacet
  facet normal 0 0 -1
    outer loop
      vertex 103.17 168.16 0
      vertex 104.145 170.05 0
      vertex 104.83 168.16 0
    endloop
  endfacet
  facet normal -0 0 -1
    outer loop
      vertex 104.145 170.05 0
      vertex 103.17 168.16 0
      vertex 104.035 170.072 0
    endloop
  endfacet
  facet normal -0 0 -1
    outer loop
      vertex 104.035 170.072 0
      vertex 103.17 168.16 0
      vertex 103.938 170.137 0
    endloop
  endfacet
  facet normal 0 0 -1
    outer loop
      vertex 103.872 170.234 0
      vertex 102.15 170.345 0
      vertex 103.85 170.345 0
    endloop
  endfacet
  facet normal 0 0 -1
    outer loop
      vertex 103.938 170.137 0
      vertex 102.15 170.345 0
      vertex 103.872 170.234 0
    endloop
  endfacet
  facet normal 0 0 -1
    outer loop
      vertex 102.15 170.345 0
      vertex 103.938 170.137 0
      vertex 103.17 168.16 0
    endloop
  endfacet
  facet normal 0 0 -1
    outer loop
      vertex 109.975 166.695 0
      vertex 109.961 167.583 0
      vertex 109.975 167.656 0
    endloop
  endfacet
  facet normal 0 0 -1
    outer loop
      vertex 109.961 166.767 0
      vertex 109.961 167.583 0
      vertex 109.975 166.695 0
    endloop
  endfacet
  facet normal 0 0 -1
    outer loop
      vertex 109.917 166.832 0
      vertex 109.961 167.583 0
      vertex 109.961 166.767 0
    endloop
  endfacet
  facet normal 0 0 -1
    outer loop
      vertex 109.917 166.832 0
      vertex 109.917 167.517 0
      vertex 109.961 167.583 0
    endloop
  endfacet
  facet normal 0 0 -1
    outer loop
      vertex 109.852 166.875 0
      vertex 109.917 167.517 0
      vertex 109.917 166.832 0
    endloop
  endfacet
  facet normal 0 0 -1
    outer loop
      vertex 109.852 166.875 0
      vertex 109.852 167.474 0
      vertex 109.917 167.517 0
    endloop
  endfacet
  facet normal 0 0 -1
    outer loop
      vertex 109.781 166.89 0
      vertex 109.852 167.474 0
      vertex 109.852 166.875 0
    endloop
  endfacet
  facet normal 0 0 -1
    outer loop
      vertex 109.781 166.89 0
      vertex 109.781 167.46 0
      vertex 109.852 167.474 0
    endloop
  endfacet
  facet normal 0 0 -1
    outer loop
      vertex 108.12 166.89 0
      vertex 109.781 167.46 0
      vertex 109.781 166.89 0
    endloop
  endfacet
  facet normal 0 0 -1
    outer loop
      vertex 108.12 166.89 0
      vertex 108.12 167.46 0
      vertex 109.781 167.46 0
    endloop
  endfacet
  facet normal 0 0 -1
    outer loop
      vertex 108.048 166.875 0
      vertex 108.12 167.46 0
      vertex 108.12 166.89 0
    endloop
  endfacet
  facet normal 0 0 -1
    outer loop
      vertex 108.048 166.875 0
      vertex 108.048 167.474 0
      vertex 108.12 167.46 0
    endloop
  endfacet
  facet normal 0 0 -1
    outer loop
      vertex 107.982 166.832 0
      vertex 108.048 167.474 0
      vertex 108.048 166.875 0
    endloop
  endfacet
  facet normal 0 0 -1
    outer loop
      vertex 107.982 166.832 0
      vertex 107.982 167.518 0
      vertex 108.048 167.474 0
    endloop
  endfacet
  facet normal 0 0 -1
    outer loop
      vertex 107.939 166.767 0
      vertex 107.982 167.518 0
      vertex 107.982 166.832 0
    endloop
  endfacet
  facet normal 0 0 -1
    outer loop
      vertex 107.939 166.767 0
      vertex 107.939 167.583 0
      vertex 107.982 167.518 0
    endloop
  endfacet
  facet normal 0 0 -1
    outer loop
      vertex 107.925 166.696 0
      vertex 107.939 167.583 0
      vertex 107.939 166.767 0
    endloop
  endfacet
  facet normal -0 0 -1
    outer loop
      vertex 107.939 167.583 0
      vertex 107.925 166.696 0
      vertex 107.925 167.655 0
    endloop
  endfacet
  facet normal 0 0 -1
    outer loop
      vertex 109.961 165.497 0
      vertex 109.975 166.385 0
      vertex 109.975 165.425 0
    endloop
  endfacet
  facet normal 0 0 -1
    outer loop
      vertex 109.961 165.497 0
      vertex 109.961 166.313 0
      vertex 109.975 166.385 0
    endloop
  endfacet
  facet normal 0 0 -1
    outer loop
      vertex 109.961 165.497 0
      vertex 109.917 166.248 0
      vertex 109.961 166.313 0
    endloop
  endfacet
  facet normal 0 0 -1
    outer loop
      vertex 109.917 165.563 0
      vertex 109.917 166.248 0
      vertex 109.961 165.497 0
    endloop
  endfacet
  facet normal 0 0 -1
    outer loop
      vertex 109.852 166.204 0
      vertex 109.917 165.563 0
      vertex 109.852 165.606 0
    endloop
  endfacet
  facet normal 0 0 -1
    outer loop
      vertex 109.917 165.563 0
      vertex 109.852 166.204 0
      vertex 109.917 166.248 0
    endloop
  endfacet
  facet normal 0 0 -1
    outer loop
      vertex 109.781 165.62 0
      vertex 109.852 166.204 0
      vertex 109.852 165.606 0
    endloop
  endfacet
  facet normal 0 0 -1
    outer loop
      vertex 109.781 165.62 0
      vertex 109.78 166.19 0
      vertex 109.852 166.204 0
    endloop
  endfacet
  facet normal 0 0 -1
    outer loop
      vertex 109.781 165.62 0
      vertex 108.12 166.19 0
      vertex 109.78 166.19 0
    endloop
  endfacet
  facet normal 0 0 -1
    outer loop
      vertex 108.12 165.62 0
      vertex 108.12 166.19 0
      vertex 109.781 165.62 0
    endloop
  endfacet
  facet normal 0 0 -1
    outer loop
      vertex 108.048 166.204 0
      vertex 108.12 165.62 0
      vertex 108.048 165.606 0
    endloop
  endfacet
  facet normal 0 0 -1
    outer loop
      vertex 108.12 165.62 0
      vertex 108.048 166.204 0
      vertex 108.12 166.19 0
    endloop
  endfacet
  facet normal 0 0 -1
    outer loop
      vertex 107.982 165.562 0
      vertex 108.048 166.204 0
      vertex 108.048 165.606 0
    endloop
  endfacet
  facet normal 0 0 -1
    outer loop
      vertex 107.982 165.562 0
      vertex 107.982 166.248 0
      vertex 108.048 166.204 0
    endloop
  endfacet
  facet normal 0 0 -1
    outer loop
      vertex 107.982 165.562 0
      vertex 107.939 166.313 0
      vertex 107.982 166.248 0
    endloop
  endfacet
  facet normal 0 0 -1
    outer loop
      vertex 107.939 165.497 0
      vertex 107.939 166.313 0
      vertex 107.982 165.562 0
    endloop
  endfacet
  facet normal 0 0 -1
    outer loop
      vertex 107.925 165.425 0
      vertex 107.939 166.313 0
      vertex 107.939 165.497 0
    endloop
  endfacet
  facet normal -0 0 -1
    outer loop
      vertex 107.939 166.313 0
      vertex 107.925 165.425 0
      vertex 107.925 166.385 0
    endloop
  endfacet
  facet normal 0 0 -1
    outer loop
      vertex 109.975 164.155 0
      vertex 109.961 165.043 0
      vertex 109.975 165.115 0
    endloop
  endfacet
  facet normal 0 0 -1
    outer loop
      vertex 109.961 164.227 0
      vertex 109.961 165.043 0
      vertex 109.975 164.155 0
    endloop
  endfacet
  facet normal 0 0 -1
    outer loop
      vertex 109.917 164.292 0
      vertex 109.961 165.043 0
      vertex 109.961 164.227 0
    endloop
  endfacet
  facet normal 0 0 -1
    outer loop
      vertex 109.917 164.292 0
      vertex 109.917 164.977 0
      vertex 109.961 165.043 0
    endloop
  endfacet
  facet normal 0 0 -1
    outer loop
      vertex 109.852 164.336 0
      vertex 109.917 164.977 0
      vertex 109.917 164.292 0
    endloop
  endfacet
  facet normal 0 0 -1
    outer loop
      vertex 109.852 164.336 0
      vertex 109.852 164.934 0
      vertex 109.917 164.977 0
    endloop
  endfacet
  facet normal 0 0 -1
    outer loop
      vertex 109.852 164.336 0
      vertex 109.781 164.92 0
      vertex 109.852 164.934 0
    endloop
  endfacet
  facet normal 0 0 -1
    outer loop
      vertex 109.78 164.35 0
      vertex 109.781 164.92 0
      vertex 109.852 164.336 0
    endloop
  endfacet
  facet normal 0 0 -1
    outer loop
      vertex 108.12 164.35 0
      vertex 109.781 164.92 0
      vertex 109.78 164.35 0
    endloop
  endfacet
  facet normal 0 0 -1
    outer loop
      vertex 108.12 164.35 0
      vertex 108.12 164.92 0
      vertex 109.781 164.92 0
    endloop
  endfacet
  facet normal 0 0 -1
    outer loop
      vertex 108.048 164.336 0
      vertex 108.12 164.92 0
      vertex 108.12 164.35 0
    endloop
  endfacet
  facet normal 0 0 -1
    outer loop
      vertex 108.048 164.336 0
      vertex 108.048 164.934 0
      vertex 108.12 164.92 0
    endloop
  endfacet
  facet normal 0 0 -1
    outer loop
      vertex 108.048 164.336 0
      vertex 107.982 164.978 0
      vertex 108.048 164.934 0
    endloop
  endfacet
  facet normal 0 0 -1
    outer loop
      vertex 107.982 164.292 0
      vertex 107.982 164.978 0
      vertex 108.048 164.336 0
    endloop
  endfacet
  facet normal 0 0 -1
    outer loop
      vertex 107.939 164.227 0
      vertex 107.982 164.978 0
      vertex 107.982 164.292 0
    endloop
  endfacet
  facet normal 0 0 -1
    outer loop
      vertex 107.939 164.227 0
      vertex 107.939 165.043 0
      vertex 107.982 164.978 0
    endloop
  endfacet
  facet normal 0 0 -1
    outer loop
      vertex 107.925 164.156 0
      vertex 107.939 165.043 0
      vertex 107.939 164.227 0
    endloop
  endfacet
  facet normal -0 0 -1
    outer loop
      vertex 107.939 165.043 0
      vertex 107.925 164.156 0
      vertex 107.925 165.115 0
    endloop
  endfacet
  facet normal 0 0 -1
    outer loop
      vertex 111.872 170.234 0
      vertex 110.128 170.234 0
      vertex 110.15 170.345 0
    endloop
  endfacet
  facet normal 0 0 -1
    outer loop
      vertex 131.05 105.305 0
      vertex 109.975 163.845 0
      vertex 110.128 170.234 0
    endloop
  endfacet
  facet normal 0 0 -1
    outer loop
      vertex 109.975 164.155 0
      vertex 110.128 170.234 0
      vertex 109.975 163.845 0
    endloop
  endfacet
  facet normal 0 0 -1
    outer loop
      vertex 131.05 105.305 0
      vertex 109.961 163.773 0
      vertex 109.975 163.845 0
    endloop
  endfacet
  facet normal 0 0 -1
    outer loop
      vertex 131.05 105.305 0
      vertex 109.917 163.708 0
      vertex 109.961 163.773 0
    endloop
  endfacet
  facet normal 0 0 -1
    outer loop
      vertex 131.05 105.305 0
      vertex 109.852 163.664 0
      vertex 109.917 163.708 0
    endloop
  endfacet
  facet normal 0 0 -1
    outer loop
      vertex 131.05 105.305 0
      vertex 109.78 163.65 0
      vertex 109.852 163.664 0
    endloop
  endfacet
  facet normal 0 0 -1
    outer loop
      vertex 131.05 105.305 0
      vertex 108.12 163.65 0
      vertex 109.78 163.65 0
    endloop
  endfacet
  facet normal 0 0 -1
    outer loop
      vertex 103.745 89.5612 0
      vertex 131.072 101.585 0
      vertex 103.805 89.3472 0
    endloop
  endfacet
  facet normal 0 0 -1
    outer loop
      vertex 105.011 163.773 0
      vertex 108.12 163.65 0
      vertex 131.05 105.305 0
    endloop
  endfacet
  facet normal 0 0 -1
    outer loop
      vertex 103.663 89.7687 0
      vertex 131.072 101.585 0
      vertex 103.745 89.5612 0
    endloop
  endfacet
  facet normal 0 0 -1
    outer loop
      vertex 105.011 163.773 0
      vertex 108.048 163.664 0
      vertex 108.12 163.65 0
    endloop
  endfacet
  facet normal 0 0 -1
    outer loop
      vertex 105.078 170.234 0
      vertex 107.925 164.156 0
      vertex 107.925 163.844 0
    endloop
  endfacet
  facet normal 0 0 -1
    outer loop
      vertex 105.078 170.234 0
      vertex 107.925 165.115 0
      vertex 107.925 164.156 0
    endloop
  endfacet
  facet normal 0 0 -1
    outer loop
      vertex 105.078 170.234 0
      vertex 107.925 165.425 0
      vertex 107.925 165.115 0
    endloop
  endfacet
  facet normal 0 0 -1
    outer loop
      vertex 105.078 170.234 0
      vertex 107.925 166.385 0
      vertex 107.925 165.425 0
    endloop
  endfacet
  facet normal 0 0 -1
    outer loop
      vertex 105.078 170.234 0
      vertex 107.925 166.696 0
      vertex 107.925 166.385 0
    endloop
  endfacet
  facet normal 0 0 -1
    outer loop
      vertex 105.078 170.234 0
      vertex 107.925 167.655 0
      vertex 107.925 166.696 0
    endloop
  endfacet
  facet normal 0 0 -1
    outer loop
      vertex 105.078 170.234 0
      vertex 107.925 163.844 0
      vertex 107.939 163.773 0
    endloop
  endfacet
  facet normal 0 0 -1
    outer loop
      vertex 105.011 163.773 0
      vertex 107.982 163.708 0
      vertex 108.048 163.664 0
    endloop
  endfacet
  facet normal 0 0 -1
    outer loop
      vertex 109.975 165.115 0
      vertex 110.128 170.234 0
      vertex 109.975 164.155 0
    endloop
  endfacet
  facet normal 0 0 -1
    outer loop
      vertex 109.975 165.425 0
      vertex 110.128 170.234 0
      vertex 109.975 165.115 0
    endloop
  endfacet
  facet normal 0 0 -1
    outer loop
      vertex 109.975 166.385 0
      vertex 110.128 170.234 0
      vertex 109.975 165.425 0
    endloop
  endfacet
  facet normal 0 0 -1
    outer loop
      vertex 109.975 166.695 0
      vertex 110.128 170.234 0
      vertex 109.975 166.385 0
    endloop
  endfacet
  facet normal 0 0 -1
    outer loop
      vertex 109.975 167.656 0
      vertex 110.128 170.234 0
      vertex 109.975 166.695 0
    endloop
  endfacet
  facet normal 0 0 -1
    outer loop
      vertex 109.975 167.965 0
      vertex 110.128 170.234 0
      vertex 109.975 167.656 0
    endloop
  endfacet
  facet normal 0 0 -1
    outer loop
      vertex 109.961 168.037 0
      vertex 110.128 170.234 0
      vertex 109.975 167.965 0
    endloop
  endfacet
  facet normal 0 0 -1
    outer loop
      vertex 110.128 170.234 0
      vertex 109.961 168.037 0
      vertex 110.062 170.137 0
    endloop
  endfacet
  facet normal 0 0 -1
    outer loop
      vertex 109.917 168.103 0
      vertex 110.062 170.137 0
      vertex 109.961 168.037 0
    endloop
  endfacet
  facet normal 0 0 -1
    outer loop
      vertex 110.062 170.137 0
      vertex 109.917 168.103 0
      vertex 109.965 170.072 0
    endloop
  endfacet
  facet normal 0 0 -1
    outer loop
      vertex 109.852 168.146 0
      vertex 109.965 170.072 0
      vertex 109.917 168.103 0
    endloop
  endfacet
  facet normal 0 0 -1
    outer loop
      vertex 109.965 170.072 0
      vertex 109.852 168.146 0
      vertex 109.855 170.05 0
    endloop
  endfacet
  facet normal 0 0 -1
    outer loop
      vertex 109.781 168.16 0
      vertex 109.855 170.05 0
      vertex 109.852 168.146 0
    endloop
  endfacet
  facet normal 0 0 -1
    outer loop
      vertex 109.781 168.16 0
      vertex 109.195 170.05 0
      vertex 109.855 170.05 0
    endloop
  endfacet
  facet normal 0 0 -1
    outer loop
      vertex 108.12 168.16 0
      vertex 109.195 170.05 0
      vertex 109.781 168.16 0
    endloop
  endfacet
  facet normal -0 0 -1
    outer loop
      vertex 109.195 170.05 0
      vertex 108.12 168.16 0
      vertex 109.085 170.072 0
    endloop
  endfacet
  facet normal -0 0 -1
    outer loop
      vertex 109.085 170.072 0
      vertex 108.12 168.16 0
      vertex 108.988 170.137 0
    endloop
  endfacet
  facet normal 0 0 -1
    outer loop
      vertex 105.078 170.234 0
      vertex 108.922 170.234 0
      vertex 108.048 168.146 0
    endloop
  endfacet
  facet normal 0 0 -1
    outer loop
      vertex 108.048 168.146 0
      vertex 108.922 170.234 0
      vertex 108.12 168.16 0
    endloop
  endfacet
  facet normal -0 0 -1
    outer loop
      vertex 108.988 170.137 0
      vertex 108.12 168.16 0
      vertex 108.922 170.234 0
    endloop
  endfacet
  facet normal 0 0 -1
    outer loop
      vertex 128.445 171.05 0
      vertex 126.553 169.611 0
      vertex 126.569 169.688 0
    endloop
  endfacet
  facet normal 0 0 -1
    outer loop
      vertex 127.167 167.829 0
      vertex 126.513 169.55 0
      vertex 126.553 169.611 0
    endloop
  endfacet
  facet normal 0 0 -1
    outer loop
      vertex 126.329 168.667 0
      vertex 126.513 169.55 0
      vertex 127.167 167.829 0
    endloop
  endfacet
  facet normal 0 0 -1
    outer loop
      vertex 126.329 168.667 0
      vertex 126.293 169.331 0
      vertex 126.513 169.55 0
    endloop
  endfacet
  facet normal 0 0 -1
    outer loop
      vertex 126.268 168.707 0
      vertex 126.293 169.331 0
      vertex 126.329 168.667 0
    endloop
  endfacet
  facet normal 0 0 -1
    outer loop
      vertex 126.268 168.707 0
      vertex 126.232 169.291 0
      vertex 126.293 169.331 0
    endloop
  endfacet
  facet normal 0 0 -1
    outer loop
      vertex 126.19 168.723 0
      vertex 126.232 169.291 0
      vertex 126.268 168.707 0
    endloop
  endfacet
  facet normal 0 0 -1
    outer loop
      vertex 126.19 168.723 0
      vertex 126.155 169.275 0
      vertex 126.232 169.291 0
    endloop
  endfacet
  facet normal 0 0 -1
    outer loop
      vertex 126.113 168.707 0
      vertex 126.155 169.275 0
      vertex 126.19 168.723 0
    endloop
  endfacet
  facet normal 0 0 -1
    outer loop
      vertex 126.113 168.707 0
      vertex 126.078 169.291 0
      vertex 126.155 169.275 0
    endloop
  endfacet
  facet normal 0 0 -1
    outer loop
      vertex 126.053 168.667 0
      vertex 126.078 169.291 0
      vertex 126.113 168.707 0
    endloop
  endfacet
  facet normal 0 0 -1
    outer loop
      vertex 126.053 168.667 0
      vertex 126.017 169.331 0
      vertex 126.078 169.291 0
    endloop
  endfacet
  facet normal 0 0 -1
    outer loop
      vertex 125.833 168.447 0
      vertex 126.017 169.331 0
      vertex 126.053 168.667 0
    endloop
  endfacet
  facet normal 0 0 -1
    outer loop
      vertex 125.209 168.422 0
      vertex 125.833 168.447 0
      vertex 125.793 168.387 0
    endloop
  endfacet
  facet normal 0 0 -1
    outer loop
      vertex 125.225 168.345 0
      vertex 125.793 168.387 0
      vertex 125.777 168.31 0
    endloop
  endfacet
  facet normal 0 0 -1
    outer loop
      vertex 125.209 168.422 0
      vertex 125.793 168.387 0
      vertex 125.225 168.345 0
    endloop
  endfacet
  facet normal -0 0 -1
    outer loop
      vertex 125.833 168.447 0
      vertex 125.209 168.422 0
      vertex 125.169 168.483 0
    endloop
  endfacet
  facet normal 0 0 -1
    outer loop
      vertex 125.833 168.447 0
      vertex 125.169 168.483 0
      vertex 126.017 169.331 0
    endloop
  endfacet
  facet normal -0 0 -1
    outer loop
      vertex 126.017 169.331 0
      vertex 125.169 168.483 0
      vertex 125.18 170.169 0
    endloop
  endfacet
  facet normal 0 0 -1
    outer loop
      vertex 124.331 169.32 0
      vertex 125.18 170.169 0
      vertex 125.169 168.483 0
    endloop
  endfacet
  facet normal -0 0 -1
    outer loop
      vertex 125.18 170.169 0
      vertex 124.331 169.32 0
      vertex 125.138 170.23 0
    endloop
  endfacet
  facet normal 0 0 -1
    outer loop
      vertex 124.27 169.362 0
      vertex 125.138 170.23 0
      vertex 124.331 169.32 0
    endloop
  endfacet
  facet normal 0 0 -1
    outer loop
      vertex 135.088 174.931 0
      vertex 132.328 171.234 0
      vertex 132.35 171.345 0
    endloop
  endfacet
  facet normal 0 0 -1
    outer loop
      vertex 137.931 126.37 0
      vertex 132.262 171.137 0
      vertex 132.328 171.234 0
    endloop
  endfacet
  facet normal 0 0 -1
    outer loop
      vertex 137.931 126.37 0
      vertex 132.165 171.072 0
      vertex 132.262 171.137 0
    endloop
  endfacet
  facet normal 0 0 -1
    outer loop
      vertex 137.931 126.37 0
      vertex 132.055 171.05 0
      vertex 132.165 171.072 0
    endloop
  endfacet
  facet normal 0 0 -1
    outer loop
      vertex 137.931 126.37 0
      vertex 131.395 171.05 0
      vertex 132.055 171.05 0
    endloop
  endfacet
  facet normal 0 0 -1
    outer loop
      vertex 131.234 105.578 0
      vertex 137.931 126.37 0
      vertex 131.345 105.6 0
    endloop
  endfacet
  facet normal 0 0 -1
    outer loop
      vertex 137.931 126.37 0
      vertex 129.4 171.345 0
      vertex 131.395 171.05 0
    endloop
  endfacet
  facet normal 0 0 -1
    outer loop
      vertex 131.137 105.512 0
      vertex 137.931 126.37 0
      vertex 131.234 105.578 0
    endloop
  endfacet
  facet normal 0 0 -1
    outer loop
      vertex 131.395 171.05 0
      vertex 129.4 171.345 0
      vertex 131.285 171.072 0
    endloop
  endfacet
  facet normal 0 0 -1
    outer loop
      vertex 131.072 105.415 0
      vertex 137.931 126.37 0
      vertex 131.137 105.512 0
    endloop
  endfacet
  facet normal 0 0 -1
    outer loop
      vertex 131.285 171.072 0
      vertex 129.4 171.345 0
      vertex 131.188 171.137 0
    endloop
  endfacet
  facet normal 0 0 -1
    outer loop
      vertex 131.188 171.137 0
      vertex 129.4 171.345 0
      vertex 131.122 171.234 0
    endloop
  endfacet
  facet normal 0 0 -1
    outer loop
      vertex 131.122 171.234 0
      vertex 129.4 171.345 0
      vertex 131.1 171.345 0
    endloop
  endfacet
  facet normal -0 0 -1
    outer loop
      vertex 137.931 126.37 0
      vertex 131.072 105.415 0
      vertex 129.4 171.345 0
    endloop
  endfacet
  facet normal 0 0 -1
    outer loop
      vertex 132.928 104.535 0
      vertex 140.236 102.21 0
      vertex 132.928 102.465 0
    endloop
  endfacet
  facet normal 0 0 -1
    outer loop
      vertex 140.236 102.21 0
      vertex 132.928 104.535 0
      vertex 132.95 104.645 0
    endloop
  endfacet
  facet normal 0 0 -1
    outer loop
      vertex 132.863 102.562 0
      vertex 132.928 104.535 0
      vertex 132.928 102.465 0
    endloop
  endfacet
  facet normal 0 0 -1
    outer loop
      vertex 132.863 102.562 0
      vertex 132.863 104.438 0
      vertex 132.928 104.535 0
    endloop
  endfacet
  facet normal 0 0 -1
    outer loop
      vertex 132.766 102.628 0
      vertex 132.863 104.438 0
      vertex 132.863 102.562 0
    endloop
  endfacet
  facet normal 0 0 -1
    outer loop
      vertex 132.766 102.628 0
      vertex 132.766 104.372 0
      vertex 132.863 104.438 0
    endloop
  endfacet
  facet normal 0 0 -1
    outer loop
      vertex 132.655 102.65 0
      vertex 132.766 104.372 0
      vertex 132.766 102.628 0
    endloop
  endfacet
  facet normal 0 0 -1
    outer loop
      vertex 132.655 102.65 0
      vertex 132.655 104.35 0
      vertex 132.766 104.372 0
    endloop
  endfacet
  facet normal 0 0 -1
    outer loop
      vertex 131.345 102.65 0
      vertex 132.655 104.35 0
      vertex 132.655 102.65 0
    endloop
  endfacet
  facet normal 0 0 -1
    outer loop
      vertex 131.345 102.65 0
      vertex 131.345 104.35 0
      vertex 132.655 104.35 0
    endloop
  endfacet
  facet normal 0 0 -1
    outer loop
      vertex 131.234 102.628 0
      vertex 131.345 104.35 0
      vertex 131.345 102.65 0
    endloop
  endfacet
  facet normal 0 0 -1
    outer loop
      vertex 131.234 102.628 0
      vertex 131.234 104.372 0
      vertex 131.345 104.35 0
    endloop
  endfacet
  facet normal 0 0 -1
    outer loop
      vertex 131.137 102.562 0
      vertex 131.234 104.372 0
      vertex 131.234 102.628 0
    endloop
  endfacet
  facet normal 0 0 -1
    outer loop
      vertex 131.137 102.562 0
      vertex 131.137 104.438 0
      vertex 131.234 104.372 0
    endloop
  endfacet
  facet normal 0 0 -1
    outer loop
      vertex 131.072 102.465 0
      vertex 131.137 104.438 0
      vertex 131.137 102.562 0
    endloop
  endfacet
  facet normal 0 0 -1
    outer loop
      vertex 131.072 102.465 0
      vertex 131.072 104.535 0
      vertex 131.137 104.438 0
    endloop
  endfacet
  facet normal 0 0 -1
    outer loop
      vertex 131.05 102.355 0
      vertex 131.072 104.535 0
      vertex 131.072 102.465 0
    endloop
  endfacet
  facet normal -0 0 -1
    outer loop
      vertex 131.072 104.535 0
      vertex 131.05 102.355 0
      vertex 131.05 104.645 0
    endloop
  endfacet
  facet normal 0 0 -1
    outer loop
      vertex 140.59 102.762 0
      vertex 140.683 103.522 0
      vertex 140.683 103.137 0
    endloop
  endfacet
  facet normal 0 0 -1
    outer loop
      vertex 140.411 102.421 0
      vertex 140.683 103.522 0
      vertex 140.59 102.762 0
    endloop
  endfacet
  facet normal 0 0 -1
    outer loop
      vertex 140.236 102.21 0
      vertex 140.683 103.522 0
      vertex 140.411 102.421 0
    endloop
  endfacet
  facet normal 0 0 -1
    outer loop
      vertex 132.95 104.645 0
      vertex 140.683 103.522 0
      vertex 140.236 102.21 0
    endloop
  endfacet
  facet normal 0 0 -1
    outer loop
      vertex 132.328 171.234 0
      vertex 135.088 174.931 0
      vertex 140.298 164.428 0
    endloop
  endfacet
  facet normal 0 0 -1
    outer loop
      vertex 132.35 172.655 0
      vertex 135.088 174.931 0
      vertex 132.35 171.345 0
    endloop
  endfacet
  facet normal 0 0 -1
    outer loop
      vertex 132.328 172.766 0
      vertex 135.088 174.931 0
      vertex 132.35 172.655 0
    endloop
  endfacet
  facet normal 0 0 -1
    outer loop
      vertex 132.262 172.863 0
      vertex 135.088 174.931 0
      vertex 132.328 172.766 0
    endloop
  endfacet
  facet normal 0 -0 -1
    outer loop
      vertex 133.654 175.82 0
      vertex 135.088 174.931 0
      vertex 132.262 172.863 0
    endloop
  endfacet
  facet normal 0 0 -1
    outer loop
      vertex 132.928 102.465 0
      vertex 140.236 102.21 0
      vertex 132.95 102.355 0
    endloop
  endfacet
  facet normal 0 0 -1
    outer loop
      vertex 132.95 102.355 0
      vertex 140.236 102.21 0
      vertex 132.95 101.695 0
    endloop
  endfacet
  facet normal 0 0 -1
    outer loop
      vertex 140.236 102.21 0
      vertex 132.928 101.585 0
      vertex 132.95 101.695 0
    endloop
  endfacet
  facet normal 0 0 -1
    outer loop
      vertex 140.236 102.21 0
      vertex 132.863 101.488 0
      vertex 132.928 101.585 0
    endloop
  endfacet
  facet normal 0 0 -1
    outer loop
      vertex 140.236 102.21 0
      vertex 132.766 101.422 0
      vertex 132.863 101.488 0
    endloop
  endfacet
  facet normal 0 0 -1
    outer loop
      vertex 112.119 73.5753 0
      vertex 132.766 101.422 0
      vertex 140.236 102.21 0
    endloop
  endfacet
  facet normal 0 0 -1
    outer loop
      vertex 103.855 88.8611 0
      vertex 105.455 73.0963 0
      vertex 105.072 73.1428 0
    endloop
  endfacet
  facet normal 0 0 -1
    outer loop
      vertex 105.455 73.0963 0
      vertex 103.855 88.8611 0
      vertex 112.119 73.5753 0
    endloop
  endfacet
  facet normal 0 0 -1
    outer loop
      vertex 103.805 89.3472 0
      vertex 131.137 101.488 0
      vertex 103.841 89.1287 0
    endloop
  endfacet
  facet normal 0 0 -1
    outer loop
      vertex 131.05 105.305 0
      vertex 129.378 171.234 0
      vertex 129.4 171.345 0
    endloop
  endfacet
  facet normal 0 0 -1
    outer loop
      vertex 131.05 105.305 0
      vertex 127.207 167.613 0
      vertex 129.378 171.234 0
    endloop
  endfacet
  facet normal 0 0 -1
    outer loop
      vertex 129.378 171.234 0
      vertex 127.207 167.613 0
      vertex 129.312 171.137 0
    endloop
  endfacet
  facet normal 0 -0 -1
    outer loop
      vertex 127.223 167.69 0
      vertex 129.312 171.137 0
      vertex 127.207 167.613 0
    endloop
  endfacet
  facet normal 0 0 -1
    outer loop
      vertex 129.312 171.137 0
      vertex 127.223 167.69 0
      vertex 129.215 171.072 0
    endloop
  endfacet
  facet normal 0 0 -1
    outer loop
      vertex 127.207 167.768 0
      vertex 129.215 171.072 0
      vertex 127.223 167.69 0
    endloop
  endfacet
  facet normal 0 0 -1
    outer loop
      vertex 129.215 171.072 0
      vertex 127.207 167.768 0
      vertex 129.105 171.05 0
    endloop
  endfacet
  facet normal 0 0 -1
    outer loop
      vertex 127.167 167.829 0
      vertex 129.105 171.05 0
      vertex 127.207 167.768 0
    endloop
  endfacet
  facet normal -0 0 -1
    outer loop
      vertex 129.105 171.05 0
      vertex 127.167 167.829 0
      vertex 128.445 171.05 0
    endloop
  endfacet
  facet normal 0 0 -1
    outer loop
      vertex 126.553 169.766 0
      vertex 128.335 171.072 0
      vertex 126.569 169.688 0
    endloop
  endfacet
  facet normal 0 0 -1
    outer loop
      vertex 126.553 169.611 0
      vertex 128.445 171.05 0
      vertex 127.167 167.829 0
    endloop
  endfacet
  facet normal -0 0 -1
    outer loop
      vertex 128.445 171.05 0
      vertex 126.569 169.688 0
      vertex 128.335 171.072 0
    endloop
  endfacet
  facet normal 0 0 -1
    outer loop
      vertex 131.05 105.305 0
      vertex 127.167 167.553 0
      vertex 127.207 167.613 0
    endloop
  endfacet
  facet normal 0 0 -1
    outer loop
      vertex 131.05 105.305 0
      vertex 126.947 167.333 0
      vertex 127.167 167.553 0
    endloop
  endfacet
  facet normal 0 0 -1
    outer loop
      vertex 131.05 105.305 0
      vertex 126.887 167.293 0
      vertex 126.947 167.333 0
    endloop
  endfacet
  facet normal 0 0 -1
    outer loop
      vertex 131.05 105.305 0
      vertex 126.81 167.277 0
      vertex 126.887 167.293 0
    endloop
  endfacet
  facet normal 0 0 -1
    outer loop
      vertex 131.05 105.305 0
      vertex 126.732 167.293 0
      vertex 126.81 167.277 0
    endloop
  endfacet
  facet normal 0 0 -1
    outer loop
      vertex 131.05 105.305 0
      vertex 124.734 167.947 0
      vertex 126.732 167.293 0
    endloop
  endfacet
  facet normal -0 -0 -1
    outer loop
      vertex 124.812 167.931 0
      vertex 126.732 167.293 0
      vertex 124.734 167.947 0
    endloop
  endfacet
  facet normal 0 -0 -1
    outer loop
      vertex 124.95 167.987 0
      vertex 126.671 167.333 0
      vertex 124.889 167.947 0
    endloop
  endfacet
  facet normal 0 0 -1
    outer loop
      vertex 126.671 167.333 0
      vertex 124.95 167.987 0
      vertex 125.833 168.171 0
    endloop
  endfacet
  facet normal 0 -0 -1
    outer loop
      vertex 125.169 168.207 0
      vertex 125.833 168.171 0
      vertex 124.95 167.987 0
    endloop
  endfacet
  facet normal -0 0 -1
    outer loop
      vertex 125.777 168.31 0
      vertex 125.209 168.268 0
      vertex 125.225 168.345 0
    endloop
  endfacet
  facet normal 0 0 -1
    outer loop
      vertex 125.793 168.232 0
      vertex 125.209 168.268 0
      vertex 125.777 168.31 0
    endloop
  endfacet
  facet normal 0 -0 -1
    outer loop
      vertex 125.209 168.268 0
      vertex 125.793 168.232 0
      vertex 125.169 168.207 0
    endloop
  endfacet
  facet normal 0 0 -1
    outer loop
      vertex 125.833 168.171 0
      vertex 125.169 168.207 0
      vertex 125.793 168.232 0
    endloop
  endfacet
  facet normal 0 0 -1
    outer loop
      vertex 126.671 167.333 0
      vertex 124.812 167.931 0
      vertex 124.889 167.947 0
    endloop
  endfacet
  facet normal 0 0 -1
    outer loop
      vertex 126.732 167.293 0
      vertex 124.812 167.931 0
      vertex 126.671 167.333 0
    endloop
  endfacet
  facet normal 0 0 -1
    outer loop
      vertex 131.05 105.305 0
      vertex 112.805 170.05 0
      vertex 124.734 167.947 0
    endloop
  endfacet
  facet normal 0 -0 -1
    outer loop
      vertex 112.915 170.072 0
      vertex 124.734 167.947 0
      vertex 112.805 170.05 0
    endloop
  endfacet
  facet normal 0 0 -1
    outer loop
      vertex 124.734 167.947 0
      vertex 112.915 170.072 0
      vertex 124.674 167.988 0
    endloop
  endfacet
  facet normal 0 0 -1
    outer loop
      vertex 124.674 167.988 0
      vertex 112.915 170.072 0
      vertex 123.836 168.826 0
    endloop
  endfacet
  facet normal 0 -0 -1
    outer loop
      vertex 113.012 170.137 0
      vertex 123.836 168.826 0
      vertex 112.915 170.072 0
    endloop
  endfacet
  facet normal 0 0 -1
    outer loop
      vertex 103.841 89.1287 0
      vertex 131.137 101.488 0
      vertex 103.855 88.8611 0
    endloop
  endfacet
  facet normal 0 0 -1
    outer loop
      vertex 123.78 168.964 0
      vertex 113.078 170.234 0
      vertex 113.1 170.345 0
    endloop
  endfacet
  facet normal 0 0 -1
    outer loop
      vertex 123.796 168.887 0
      vertex 113.078 170.234 0
      vertex 123.78 168.964 0
    endloop
  endfacet
  facet normal 0 -0 -1
    outer loop
      vertex 113.078 170.234 0
      vertex 123.796 168.887 0
      vertex 113.012 170.137 0
    endloop
  endfacet
  facet normal 0 0 -1
    outer loop
      vertex 123.836 168.826 0
      vertex 113.012 170.137 0
      vertex 123.796 168.887 0
    endloop
  endfacet
  facet normal 0 0 -1
    outer loop
      vertex 131.05 105.305 0
      vertex 112.145 170.05 0
      vertex 112.805 170.05 0
    endloop
  endfacet
  facet normal 0 0 -1
    outer loop
      vertex 132.766 101.422 0
      vertex 112.119 73.5753 0
      vertex 132.655 101.4 0
    endloop
  endfacet
  facet normal 0 0 -1
    outer loop
      vertex 112.119 73.5753 0
      vertex 131.345 101.4 0
      vertex 132.655 101.4 0
    endloop
  endfacet
  facet normal 0 0 -1
    outer loop
      vertex 112.119 73.5753 0
      vertex 131.234 101.422 0
      vertex 131.345 101.4 0
    endloop
  endfacet
  facet normal 0 0 -1
    outer loop
      vertex 112.119 73.5753 0
      vertex 131.137 101.488 0
      vertex 131.234 101.422 0
    endloop
  endfacet
  facet normal 0 0 -1
    outer loop
      vertex 103.855 88.8611 0
      vertex 131.137 101.488 0
      vertex 112.119 73.5753 0
    endloop
  endfacet
  facet normal 0 0 -1
    outer loop
      vertex 110.978 73.0963 0
      vertex 112.119 73.5753 0
      vertex 111.818 73.3346 0
    endloop
  endfacet
  facet normal 0 0 -1
    outer loop
      vertex 110.128 170.234 0
      vertex 112.145 170.05 0
      vertex 131.05 105.305 0
    endloop
  endfacet
  facet normal 0 0 -1
    outer loop
      vertex 110.128 170.234 0
      vertex 112.035 170.072 0
      vertex 112.145 170.05 0
    endloop
  endfacet
  facet normal 0 0 -1
    outer loop
      vertex 110.128 170.234 0
      vertex 111.938 170.137 0
      vertex 112.035 170.072 0
    endloop
  endfacet
  facet normal 0 0 -1
    outer loop
      vertex 110.128 170.234 0
      vertex 111.872 170.234 0
      vertex 111.938 170.137 0
    endloop
  endfacet
  facet normal 0 0 -1
    outer loop
      vertex 111.872 170.234 0
      vertex 110.15 170.345 0
      vertex 111.85 170.345 0
    endloop
  endfacet
  facet normal 0 0 -1
    outer loop
      vertex 105.455 73.0963 0
      vertex 112.119 73.5753 0
      vertex 110.978 73.0963 0
    endloop
  endfacet
  facet normal 0 0 -1
    outer loop
      vertex 140.461 163.608 0
      vertex 140.298 164.428 0
      vertex 140.426 164.064 0
    endloop
  endfacet
  facet normal 0 0 -1
    outer loop
      vertex 132.328 171.234 0
      vertex 140.461 163.608 0
      vertex 137.931 126.37 0
    endloop
  endfacet
  facet normal 0 0 -1
    outer loop
      vertex 132.328 171.234 0
      vertex 140.298 164.428 0
      vertex 140.461 163.608 0
    endloop
  endfacet
  facet normal 0 0 -1
    outer loop
      vertex 140.683 103.522 0
      vertex 132.95 104.645 0
      vertex 132.95 105.305 0
    endloop
  endfacet
  facet normal 0 0 -1
    outer loop
      vertex 140.683 103.522 0
      vertex 132.95 105.305 0
      vertex 132.928 105.415 0
    endloop
  endfacet
  facet normal 0 0 -1
    outer loop
      vertex 140.683 103.522 0
      vertex 132.928 105.415 0
      vertex 132.863 105.512 0
    endloop
  endfacet
  facet normal 0 0 -1
    outer loop
      vertex 140.683 103.522 0
      vertex 132.863 105.512 0
      vertex 137.931 126.37 0
    endloop
  endfacet
  facet normal 0 0 -1
    outer loop
      vertex 132.766 105.578 0
      vertex 137.931 126.37 0
      vertex 132.863 105.512 0
    endloop
  endfacet
  facet normal 0 0 -1
    outer loop
      vertex 132.655 105.6 0
      vertex 137.931 126.37 0
      vertex 132.766 105.578 0
    endloop
  endfacet
  facet normal 0 0 -1
    outer loop
      vertex 131.345 105.6 0
      vertex 137.931 126.37 0
      vertex 132.655 105.6 0
    endloop
  endfacet
  facet normal 0 0 -1
    outer loop
      vertex 135.088 174.931 0
      vertex 133.654 175.82 0
      vertex 134.971 175.129 0
    endloop
  endfacet
  facet normal 0 0 -1
    outer loop
      vertex 134.971 175.129 0
      vertex 133.654 175.82 0
      vertex 134.715 175.417 0
    endloop
  endfacet
  facet normal 0 0 -1
    outer loop
      vertex 134.715 175.417 0
      vertex 133.654 175.82 0
      vertex 134.398 175.636 0
    endloop
  endfacet
  facet normal 0 0 -1
    outer loop
      vertex 134.398 175.636 0
      vertex 133.654 175.82 0
      vertex 134.037 175.773 0
    endloop
  endfacet
  facet normal 0 0 -1
    outer loop
      vertex 132.165 172.928 0
      vertex 133.654 175.82 0
      vertex 132.262 172.863 0
    endloop
  endfacet
  facet normal 0 0 -1
    outer loop
      vertex 132.055 172.95 0
      vertex 133.654 175.82 0
      vertex 132.165 172.928 0
    endloop
  endfacet
  facet normal 0 0 -1
    outer loop
      vertex 131.395 172.95 0
      vertex 133.654 175.82 0
      vertex 132.055 172.95 0
    endloop
  endfacet
  facet normal 0 0 -1
    outer loop
      vertex 131.285 172.928 0
      vertex 133.654 175.82 0
      vertex 131.395 172.95 0
    endloop
  endfacet
  facet normal 0 0 -1
    outer loop
      vertex 129.215 172.928 0
      vertex 131.285 172.928 0
      vertex 131.188 172.863 0
    endloop
  endfacet
  facet normal 0 0 -1
    outer loop
      vertex 129.4 171.345 0
      vertex 131.072 105.415 0
      vertex 131.05 105.305 0
    endloop
  endfacet
  facet normal 0 0 -1
    outer loop
      vertex 131.1 171.345 0
      vertex 129.4 171.345 0
      vertex 131.1 172.655 0
    endloop
  endfacet
  facet normal 0 0 -1
    outer loop
      vertex 129.4 172.655 0
      vertex 131.1 172.655 0
      vertex 129.4 171.345 0
    endloop
  endfacet
  facet normal 0 0 -1
    outer loop
      vertex 131.1 172.655 0
      vertex 129.4 172.655 0
      vertex 131.122 172.766 0
    endloop
  endfacet
  facet normal 0 0 -1
    outer loop
      vertex 129.378 172.766 0
      vertex 131.122 172.766 0
      vertex 129.4 172.655 0
    endloop
  endfacet
  facet normal 0 0 -1
    outer loop
      vertex 131.122 172.766 0
      vertex 129.378 172.766 0
      vertex 131.188 172.863 0
    endloop
  endfacet
  facet normal 0 0 -1
    outer loop
      vertex 129.312 172.863 0
      vertex 131.188 172.863 0
      vertex 129.378 172.766 0
    endloop
  endfacet
  facet normal 0 0 -1
    outer loop
      vertex 129.215 172.928 0
      vertex 131.188 172.863 0
      vertex 129.312 172.863 0
    endloop
  endfacet
  facet normal 0 0 -1
    outer loop
      vertex 131.285 172.928 0
      vertex 129.215 172.928 0
      vertex 133.654 175.82 0
    endloop
  endfacet
  facet normal 0 0 -1
    outer loop
      vertex 129.105 172.95 0
      vertex 133.654 175.82 0
      vertex 129.215 172.928 0
    endloop
  endfacet
  facet normal 0 0 -1
    outer loop
      vertex 128.445 172.95 0
      vertex 133.654 175.82 0
      vertex 129.105 172.95 0
    endloop
  endfacet
  facet normal 0 0 -1
    outer loop
      vertex 128.335 172.928 0
      vertex 133.654 175.82 0
      vertex 128.445 172.95 0
    endloop
  endfacet
  facet normal -0 0 -1
    outer loop
      vertex 128.335 171.072 0
      vertex 126.553 169.766 0
      vertex 128.238 171.137 0
    endloop
  endfacet
  facet normal 0 0 -1
    outer loop
      vertex 126.512 169.826 0
      vertex 128.238 171.137 0
      vertex 126.553 169.766 0
    endloop
  endfacet
  facet normal -0 0 -1
    outer loop
      vertex 128.238 171.137 0
      vertex 126.512 169.826 0
      vertex 128.172 171.234 0
    endloop
  endfacet
  facet normal -0 0 -1
    outer loop
      vertex 128.172 171.234 0
      vertex 126.512 169.826 0
      vertex 128.15 171.345 0
    endloop
  endfacet
  facet normal 0 0 -1
    outer loop
      vertex 125.674 170.664 0
      vertex 128.15 171.345 0
      vertex 126.512 169.826 0
    endloop
  endfacet
  facet normal -0 0 -1
    outer loop
      vertex 128.15 171.345 0
      vertex 125.674 170.664 0
      vertex 128.15 172.655 0
    endloop
  endfacet
  facet normal 0 0 -1
    outer loop
      vertex 125.613 170.704 0
      vertex 128.15 172.655 0
      vertex 125.674 170.664 0
    endloop
  endfacet
  facet normal 0 0 -1
    outer loop
      vertex 125.536 170.72 0
      vertex 128.15 172.655 0
      vertex 125.613 170.704 0
    endloop
  endfacet
  facet normal -0 0 -1
    outer loop
      vertex 128.15 172.655 0
      vertex 125.536 170.72 0
      vertex 128.172 172.766 0
    endloop
  endfacet
  facet normal 0 0 -1
    outer loop
      vertex 125.46 170.704 0
      vertex 128.172 172.766 0
      vertex 125.536 170.72 0
    endloop
  endfacet
  facet normal -0 0 -1
    outer loop
      vertex 128.172 172.766 0
      vertex 125.46 170.704 0
      vertex 128.238 172.863 0
    endloop
  endfacet
  facet normal 0 0 -1
    outer loop
      vertex 113.012 171.863 0
      vertex 125.46 170.704 0
      vertex 125.399 170.664 0
    endloop
  endfacet
  facet normal -0 0 -1
    outer loop
      vertex 125.138 170.23 0
      vertex 124.27 169.362 0
      vertex 125.124 170.307 0
    endloop
  endfacet
  facet normal 0 0 -1
    outer loop
      vertex 124.193 169.376 0
      vertex 125.124 170.307 0
      vertex 124.27 169.362 0
    endloop
  endfacet
  facet normal -0 0 -1
    outer loop
      vertex 125.124 170.307 0
      vertex 124.193 169.376 0
      vertex 125.138 170.384 0
    endloop
  endfacet
  facet normal 0 0 -1
    outer loop
      vertex 124.116 169.362 0
      vertex 125.138 170.384 0
      vertex 124.193 169.376 0
    endloop
  endfacet
  facet normal -0 0 -1
    outer loop
      vertex 125.138 170.384 0
      vertex 124.116 169.362 0
      vertex 125.18 170.445 0
    endloop
  endfacet
  facet normal 0 0 -1
    outer loop
      vertex 124.055 169.32 0
      vertex 125.18 170.445 0
      vertex 124.116 169.362 0
    endloop
  endfacet
  facet normal 0 0 -1
    outer loop
      vertex 113.078 171.766 0
      vertex 125.18 170.445 0
      vertex 124.055 169.32 0
    endloop
  endfacet
  facet normal 0 0 -1
    outer loop
      vertex 113.078 171.766 0
      vertex 124.055 169.32 0
      vertex 123.836 169.101 0
    endloop
  endfacet
  facet normal 0 0 -1
    outer loop
      vertex 113.1 170.345 0
      vertex 123.796 169.04 0
      vertex 123.78 168.964 0
    endloop
  endfacet
  facet normal 0 0 -1
    outer loop
      vertex 113.1 171.655 0
      vertex 123.796 169.04 0
      vertex 113.1 170.345 0
    endloop
  endfacet
  facet normal 0 0 -1
    outer loop
      vertex 123.796 169.04 0
      vertex 113.1 171.655 0
      vertex 123.836 169.101 0
    endloop
  endfacet
  facet normal 0 0 -1
    outer loop
      vertex 113.078 171.766 0
      vertex 123.836 169.101 0
      vertex 113.1 171.655 0
    endloop
  endfacet
  facet normal 0 0 -1
    outer loop
      vertex 125.18 170.445 0
      vertex 113.078 171.766 0
      vertex 125.399 170.664 0
    endloop
  endfacet
  facet normal 0 0 -1
    outer loop
      vertex 113.012 171.863 0
      vertex 125.399 170.664 0
      vertex 113.078 171.766 0
    endloop
  endfacet
  facet normal 0 0 -1
    outer loop
      vertex 125.46 170.704 0
      vertex 113.012 171.863 0
      vertex 128.238 172.863 0
    endloop
  endfacet
  facet normal 0 0 -1
    outer loop
      vertex 112.915 171.928 0
      vertex 128.238 172.863 0
      vertex 113.012 171.863 0
    endloop
  endfacet
  facet normal -0 0 -1
    outer loop
      vertex 128.238 172.863 0
      vertex 112.915 171.928 0
      vertex 128.335 172.928 0
    endloop
  endfacet
  facet normal -0 0 -1
    outer loop
      vertex 128.335 172.928 0
      vertex 112.915 171.928 0
      vertex 133.654 175.82 0
    endloop
  endfacet
  facet normal 0 0 -1
    outer loop
      vertex 112.805 171.95 0
      vertex 133.654 175.82 0
      vertex 112.915 171.928 0
    endloop
  endfacet
  facet normal 0 0 -1
    outer loop
      vertex 96.3457 175.82 0
      vertex 112.805 171.95 0
      vertex 112.145 171.95 0
    endloop
  endfacet
  facet normal 0 0 -1
    outer loop
      vertex 110.978 73.0963 0
      vertex 111.818 73.3346 0
      vertex 111.467 73.1731 0
    endloop
  endfacet
  facet normal -0 0 -1
    outer loop
      vertex 131.137 101.488 0
      vertex 103.805 89.3472 0
      vertex 131.072 101.585 0
    endloop
  endfacet
  facet normal 0 0 -1
    outer loop
      vertex 111.85 170.345 0
      vertex 110.15 170.345 0
      vertex 111.85 171.655 0
    endloop
  endfacet
  facet normal 0 0 -1
    outer loop
      vertex 110.15 171.655 0
      vertex 111.85 171.655 0
      vertex 110.15 170.345 0
    endloop
  endfacet
  facet normal 0 0 -1
    outer loop
      vertex 111.85 171.655 0
      vertex 110.15 171.655 0
      vertex 111.872 171.766 0
    endloop
  endfacet
  facet normal 0 0 -1
    outer loop
      vertex 110.128 171.766 0
      vertex 111.872 171.766 0
      vertex 110.15 171.655 0
    endloop
  endfacet
  facet normal 0 0 -1
    outer loop
      vertex 111.872 171.766 0
      vertex 110.128 171.766 0
      vertex 111.938 171.863 0
    endloop
  endfacet
  facet normal 0 0 -1
    outer loop
      vertex 110.062 171.863 0
      vertex 111.938 171.863 0
      vertex 110.128 171.766 0
    endloop
  endfacet
  facet normal 0 0 -1
    outer loop
      vertex 111.938 171.863 0
      vertex 110.062 171.863 0
      vertex 112.035 171.928 0
    endloop
  endfacet
  facet normal 0 0 -1
    outer loop
      vertex 109.965 171.928 0
      vertex 112.035 171.928 0
      vertex 110.062 171.863 0
    endloop
  endfacet
  facet normal 0 0 -1
    outer loop
      vertex 112.035 171.928 0
      vertex 109.965 171.928 0
      vertex 112.145 171.95 0
    endloop
  endfacet
  facet normal 0 0 -1
    outer loop
      vertex 109.855 171.95 0
      vertex 112.145 171.95 0
      vertex 109.965 171.928 0
    endloop
  endfacet
  facet normal 0 0 -1
    outer loop
      vertex 96.3457 175.82 0
      vertex 112.145 171.95 0
      vertex 109.855 171.95 0
    endloop
  endfacet
  facet normal 0 0 -1
    outer loop
      vertex 96.3457 175.82 0
      vertex 109.855 171.95 0
      vertex 109.195 171.95 0
    endloop
  endfacet
  facet normal 0 0 -1
    outer loop
      vertex 108.922 170.234 0
      vertex 105.1 170.345 0
      vertex 108.9 170.345 0
    endloop
  endfacet
  facet normal 0 0 -1
    outer loop
      vertex 108.9 170.345 0
      vertex 105.1 170.345 0
      vertex 108.9 171.655 0
    endloop
  endfacet
  facet normal 0 0 -1
    outer loop
      vertex 105.078 170.234 0
      vertex 108.048 168.146 0
      vertex 107.982 168.102 0
    endloop
  endfacet
  facet normal 0 0 -1
    outer loop
      vertex 105.078 170.234 0
      vertex 107.982 168.102 0
      vertex 107.939 168.037 0
    endloop
  endfacet
  facet normal 0 0 -1
    outer loop
      vertex 105.078 170.234 0
      vertex 107.925 167.965 0
      vertex 107.925 167.655 0
    endloop
  endfacet
  facet normal 0 0 -1
    outer loop
      vertex 105.078 170.234 0
      vertex 107.939 168.037 0
      vertex 107.925 167.965 0
    endloop
  endfacet
  facet normal 0 0 -1
    outer loop
      vertex 105.1 171.655 0
      vertex 108.9 171.655 0
      vertex 105.1 170.345 0
    endloop
  endfacet
  facet normal 0 0 -1
    outer loop
      vertex 108.9 171.655 0
      vertex 105.1 171.655 0
      vertex 108.922 171.766 0
    endloop
  endfacet
  facet normal 0 0 -1
    outer loop
      vertex 105.078 171.766 0
      vertex 108.922 171.766 0
      vertex 105.1 171.655 0
    endloop
  endfacet
  facet normal 0 0 -1
    outer loop
      vertex 108.922 171.766 0
      vertex 105.078 171.766 0
      vertex 108.988 171.863 0
    endloop
  endfacet
  facet normal 0 0 -1
    outer loop
      vertex 105.012 171.863 0
      vertex 108.988 171.863 0
      vertex 105.078 171.766 0
    endloop
  endfacet
  facet normal 0 0 -1
    outer loop
      vertex 108.988 171.863 0
      vertex 105.012 171.863 0
      vertex 109.085 171.928 0
    endloop
  endfacet
  facet normal 0 0 -1
    outer loop
      vertex 104.915 171.928 0
      vertex 109.085 171.928 0
      vertex 105.012 171.863 0
    endloop
  endfacet
  facet normal 0 0 -1
    outer loop
      vertex 109.085 171.928 0
      vertex 104.915 171.928 0
      vertex 109.195 171.95 0
    endloop
  endfacet
  facet normal 0 0 -1
    outer loop
      vertex 104.805 171.95 0
      vertex 109.195 171.95 0
      vertex 104.915 171.928 0
    endloop
  endfacet
  facet normal 0 0 -1
    outer loop
      vertex 109.195 171.95 0
      vertex 104.805 171.95 0
      vertex 96.3457 175.82 0
    endloop
  endfacet
  facet normal 0 0 -1
    outer loop
      vertex 96.3457 175.82 0
      vertex 104.805 171.95 0
      vertex 104.145 171.95 0
    endloop
  endfacet
  facet normal 0 0 -1
    outer loop
      vertex 103.85 170.345 0
      vertex 102.15 170.345 0
      vertex 103.85 171.655 0
    endloop
  endfacet
  facet normal 0 0 -1
    outer loop
      vertex 102.15 170.345 0
      vertex 103.17 168.16 0
      vertex 103.097 168.146 0
    endloop
  endfacet
  facet normal 0 0 -1
    outer loop
      vertex 102.15 170.345 0
      vertex 103.097 168.146 0
      vertex 103.033 168.102 0
    endloop
  endfacet
  facet normal 0 0 -1
    outer loop
      vertex 102.15 170.345 0
      vertex 103.033 168.102 0
      vertex 102.989 168.037 0
    endloop
  endfacet
  facet normal -0 0 -1
    outer loop
      vertex 103.17 163.65 0
      vertex 92.0693 126.37 0
      vertex 103.097 163.664 0
    endloop
  endfacet
  facet normal 0 0 -1
    outer loop
      vertex 89.5394 163.608 0
      vertex 103.097 163.664 0
      vertex 92.0693 126.37 0
    endloop
  endfacet
  facet normal 0 0 -1
    outer loop
      vertex 103.097 163.664 0
      vertex 89.7024 164.428 0
      vertex 103.033 163.708 0
    endloop
  endfacet
  facet normal 0 0 -1
    outer loop
      vertex 102.975 167.656 0
      vertex 102.15 170.345 0
      vertex 102.975 167.965 0
    endloop
  endfacet
  facet normal 0 0 -1
    outer loop
      vertex 102.15 170.345 0
      vertex 102.989 168.037 0
      vertex 102.975 167.965 0
    endloop
  endfacet
  facet normal 0 0 -1
    outer loop
      vertex 102.15 171.655 0
      vertex 103.85 171.655 0
      vertex 102.15 170.345 0
    endloop
  endfacet
  facet normal 0 0 -1
    outer loop
      vertex 103.85 171.655 0
      vertex 102.15 171.655 0
      vertex 103.872 171.766 0
    endloop
  endfacet
  facet normal 0 0 -1
    outer loop
      vertex 102.128 171.766 0
      vertex 103.872 171.766 0
      vertex 102.15 171.655 0
    endloop
  endfacet
  facet normal 0 0 -1
    outer loop
      vertex 103.872 171.766 0
      vertex 102.128 171.766 0
      vertex 103.938 171.863 0
    endloop
  endfacet
  facet normal 0 0 -1
    outer loop
      vertex 102.062 171.863 0
      vertex 103.938 171.863 0
      vertex 102.128 171.766 0
    endloop
  endfacet
  facet normal 0 0 -1
    outer loop
      vertex 103.938 171.863 0
      vertex 102.062 171.863 0
      vertex 104.035 171.928 0
    endloop
  endfacet
  facet normal 0 0 -1
    outer loop
      vertex 101.965 171.928 0
      vertex 104.035 171.928 0
      vertex 102.062 171.863 0
    endloop
  endfacet
  facet normal 0 0 -1
    outer loop
      vertex 104.035 171.928 0
      vertex 101.965 171.928 0
      vertex 104.145 171.95 0
    endloop
  endfacet
  facet normal 0 0 -1
    outer loop
      vertex 101.855 171.95 0
      vertex 104.145 171.95 0
      vertex 101.965 171.928 0
    endloop
  endfacet
  facet normal 0 0 -1
    outer loop
      vertex 104.145 171.95 0
      vertex 101.855 171.95 0
      vertex 96.3457 175.82 0
    endloop
  endfacet
  facet normal 0 0 -1
    outer loop
      vertex 96.3457 175.82 0
      vertex 101.855 171.95 0
      vertex 101.195 171.95 0
    endloop
  endfacet
  facet normal 0 0 -1
    outer loop
      vertex 92.0693 126.37 0
      vertex 100.833 90.7224 0
      vertex 100.64 90.6065 0
    endloop
  endfacet
  facet normal 0 0 -1
    outer loop
      vertex 92.0693 126.37 0
      vertex 100.64 90.6065 0
      vertex 100.465 90.4738 0
    endloop
  endfacet
  facet normal 0 0 -1
    outer loop
      vertex 92.0693 126.37 0
      vertex 100.465 90.4738 0
      vertex 100.304 90.32 0
    endloop
  endfacet
  facet normal 0 0 -1
    outer loop
      vertex 92.0693 126.37 0
      vertex 100.304 90.32 0
      vertex 100.158 90.1486 0
    endloop
  endfacet
  facet normal 0 0 -1
    outer loop
      vertex 86.5453 80.5254 0
      vertex 100.158 90.1486 0
      vertex 100.033 89.9643 0
    endloop
  endfacet
  facet normal 0 0 -1
    outer loop
      vertex 86.5453 80.5254 0
      vertex 100.033 89.9643 0
      vertex 99.9289 89.7687 0
    endloop
  endfacet
  facet normal 0 0 -1
    outer loop
      vertex 86.5453 80.5254 0
      vertex 99.9289 89.7687 0
      vertex 99.8464 89.5612 0
    endloop
  endfacet
  facet normal 0 0 -1
    outer loop
      vertex 86.5453 80.5254 0
      vertex 99.8464 89.5612 0
      vertex 99.7867 89.3472 0
    endloop
  endfacet
  facet normal 0 0 -1
    outer loop
      vertex 86.5453 80.5254 0
      vertex 99.7867 89.3472 0
      vertex 99.7512 89.1287 0
    endloop
  endfacet
  facet normal 0 0 -1
    outer loop
      vertex 86.5453 80.5254 0
      vertex 99.7512 89.1287 0
      vertex 99.7367 88.8611 0
    endloop
  endfacet
  facet normal 0 0 -1
    outer loop
      vertex 98.1367 73.0963 0
      vertex 99.6902 74.3134 0
      vertex 99.5535 73.9527 0
    endloop
  endfacet
  facet normal 0 0 -1
    outer loop
      vertex 98.1367 73.0963 0
      vertex 99.5535 73.9527 0
      vertex 99.3343 73.6353 0
    endloop
  endfacet
  facet normal -0 0 -1
    outer loop
      vertex 99.7367 74.6963 0
      vertex 95.4769 73.3755 0
      vertex 99.7367 88.8611 0
    endloop
  endfacet
  facet normal 0 0 -1
    outer loop
      vertex 98.1367 73.0963 0
      vertex 99.3343 73.6353 0
      vertex 99.0456 73.3795 0
    endloop
  endfacet
  facet normal 0 0 -1
    outer loop
      vertex 98.1367 73.0963 0
      vertex 99.0456 73.3795 0
      vertex 98.7041 73.2003 0
    endloop
  endfacet
  facet normal 0 0 -1
    outer loop
      vertex 99.7367 74.6963 0
      vertex 98.1367 73.0963 0
      vertex 96.3799 73.0963 0
    endloop
  endfacet
  facet normal 0 0 -1
    outer loop
      vertex 99.7367 74.6963 0
      vertex 96.3799 73.0963 0
      vertex 95.4769 73.3755 0
    endloop
  endfacet
  facet normal 0 0 -1
    outer loop
      vertex 112.805 171.95 0
      vertex 96.3457 175.82 0
      vertex 133.654 175.82 0
    endloop
  endfacet
  facet normal 0 0 -1
    outer loop
      vertex 101.085 171.928 0
      vertex 96.3457 175.82 0
      vertex 101.195 171.95 0
    endloop
  endfacet
  facet normal 0 0 -1
    outer loop
      vertex 100.988 171.863 0
      vertex 96.3457 175.82 0
      vertex 101.085 171.928 0
    endloop
  endfacet
  facet normal 0 0 -1
    outer loop
      vertex 100.922 171.766 0
      vertex 96.3457 175.82 0
      vertex 100.988 171.863 0
    endloop
  endfacet
  facet normal 0 0 -1
    outer loop
      vertex 94.9124 174.931 0
      vertex 100.922 171.766 0
      vertex 100.9 171.655 0
    endloop
  endfacet
  facet normal 0 0 -1
    outer loop
      vertex 100.922 170.234 0
      vertex 94.9124 174.931 0
      vertex 100.9 170.345 0
    endloop
  endfacet
  facet normal 0 0 -1
    outer loop
      vertex 100.9 170.345 0
      vertex 94.9124 174.931 0
      vertex 100.9 171.655 0
    endloop
  endfacet
  facet normal 0 0 -1
    outer loop
      vertex 95.4769 73.3755 0
      vertex 96.3799 73.0963 0
      vertex 95.997 73.1428 0
    endloop
  endfacet
  facet normal 0 0 -1
    outer loop
      vertex 100.922 171.766 0
      vertex 94.9124 174.931 0
      vertex 96.3457 175.82 0
    endloop
  endfacet
  facet normal 0 0 -1
    outer loop
      vertex 99.7367 88.8611 0
      vertex 95.4769 73.3755 0
      vertex 87.2308 79.0132 0
    endloop
  endfacet
  facet normal 0 0 -1
    outer loop
      vertex 96.3457 175.82 0
      vertex 94.9124 174.931 0
      vertex 96.1166 175.803 0
    endloop
  endfacet
  facet normal 0 0 -1
    outer loop
      vertex 96.1166 175.803 0
      vertex 94.9124 174.931 0
      vertex 95.7443 175.702 0
    endloop
  endfacet
  facet normal 0 0 -1
    outer loop
      vertex 95.7443 175.702 0
      vertex 94.9124 174.931 0
      vertex 95.407 175.515 0
    endloop
  endfacet
  facet normal 0 0 -1
    outer loop
      vertex 95.407 175.515 0
      vertex 94.9124 174.931 0
      vertex 95.1242 175.253 0
    endloop
  endfacet
  facet normal 0 0 -1
    outer loop
      vertex 99.7367 88.8611 0
      vertex 87.2308 79.0132 0
      vertex 86.5453 80.5254 0
    endloop
  endfacet
  facet normal 0 0 -1
    outer loop
      vertex 86.5453 80.5254 0
      vertex 87.2308 79.0132 0
      vertex 86.9409 79.2677 0
    endloop
  endfacet
  facet normal 0 0 -1
    outer loop
      vertex 86.5453 80.5254 0
      vertex 86.9409 79.2677 0
      vertex 86.7204 79.5841 0
    endloop
  endfacet
  facet normal 0 0 -1
    outer loop
      vertex 86.5453 80.5254 0
      vertex 86.7204 79.5841 0
      vertex 86.582 79.9442 0
    endloop
  endfacet
  facet normal -0 0 -1
    outer loop
      vertex 100.158 90.1486 0
      vertex 86.5453 80.5254 0
      vertex 92.0693 126.37 0
    endloop
  endfacet
  facet normal 0 -0 -1
    outer loop
      vertex 86.5453 80.5254 0
      vertex 86.582 79.9442 0
      vertex 86.5338 80.3268 0
    endloop
  endfacet
  facet normal 0 0 1
    outer loop
      vertex 140.426 164.064 1.5
      vertex 138.954 163.761 1.5
      vertex 138.964 163.71 1.5
    endloop
  endfacet
  facet normal 0 0 1
    outer loop
      vertex 135.088 174.931 1.5
      vertex 138.954 163.761 1.5
      vertex 140.298 164.428 1.5
    endloop
  endfacet
  facet normal 0 0 1
    outer loop
      vertex 133.744 174.264 1.5
      vertex 135.088 174.931 1.5
      vertex 134.971 175.129 1.5
    endloop
  endfacet
  facet normal 0 0 1
    outer loop
      vertex 133.744 174.264 1.5
      vertex 134.971 175.129 1.5
      vertex 134.715 175.417 1.5
    endloop
  endfacet
  facet normal 0 0 1
    outer loop
      vertex 133.744 174.264 1.5
      vertex 134.715 175.417 1.5
      vertex 134.398 175.636 1.5
    endloop
  endfacet
  facet normal 0 0 1
    outer loop
      vertex 133.654 174.32 1.5
      vertex 134.398 175.636 1.5
      vertex 134.037 175.773 1.5
    endloop
  endfacet
  facet normal 0 0 1
    outer loop
      vertex 135.088 174.931 1.5
      vertex 133.744 174.264 1.5
      vertex 138.954 163.761 1.5
    endloop
  endfacet
  facet normal 0 0 1
    outer loop
      vertex 133.654 174.32 1.5
      vertex 134.037 175.773 1.5
      vertex 133.654 175.82 1.5
    endloop
  endfacet
  facet normal 0 0 1
    outer loop
      vertex 134.398 175.636 1.5
      vertex 133.654 174.32 1.5
      vertex 133.744 174.264 1.5
    endloop
  endfacet
  facet normal -0 0 1
    outer loop
      vertex 96.3457 175.82 1.5
      vertex 133.654 174.32 1.5
      vertex 133.654 175.82 1.5
    endloop
  endfacet
  facet normal 0 0 1
    outer loop
      vertex 96.3457 175.82 1.5
      vertex 96.3457 174.32 1.5
      vertex 133.654 174.32 1.5
    endloop
  endfacet
  facet normal -0 0 1
    outer loop
      vertex 96.1166 175.803 1.5
      vertex 96.3457 174.32 1.5
      vertex 96.3457 175.82 1.5
    endloop
  endfacet
  facet normal -0 0 1
    outer loop
      vertex 95.7443 175.702 1.5
      vertex 96.3457 174.32 1.5
      vertex 96.1166 175.803 1.5
    endloop
  endfacet
  facet normal -0 0 1
    outer loop
      vertex 95.407 175.515 1.5
      vertex 96.3457 174.32 1.5
      vertex 95.7443 175.702 1.5
    endloop
  endfacet
  facet normal 0 0 1
    outer loop
      vertex 96.3457 174.32 1.5
      vertex 95.407 175.515 1.5
      vertex 96.2561 174.264 1.5
    endloop
  endfacet
  facet normal -0 0 1
    outer loop
      vertex 95.1242 175.253 1.5
      vertex 96.2561 174.264 1.5
      vertex 95.407 175.515 1.5
    endloop
  endfacet
  facet normal -0 0 1
    outer loop
      vertex 94.9124 174.931 1.5
      vertex 96.2561 174.264 1.5
      vertex 95.1242 175.253 1.5
    endloop
  endfacet
  facet normal 0 0 1
    outer loop
      vertex 94.9124 174.931 1.5
      vertex 91.0462 163.761 1.5
      vertex 96.2561 174.264 1.5
    endloop
  endfacet
  facet normal -0 0 1
    outer loop
      vertex 89.5599 163.994 1.5
      vertex 91.0462 163.761 1.5
      vertex 89.7024 164.428 1.5
    endloop
  endfacet
  facet normal -0 0 1
    outer loop
      vertex 89.7024 164.428 1.5
      vertex 91.0462 163.761 1.5
      vertex 94.9124 174.931 1.5
    endloop
  endfacet
  facet normal 0 0 1
    outer loop
      vertex 138.954 163.761 1.5
      vertex 140.426 164.064 1.5
      vertex 140.298 164.428 1.5
    endloop
  endfacet
  facet normal 0 0 1
    outer loop
      vertex 140.426 164.064 1.5
      vertex 138.964 163.71 1.5
      vertex 140.461 163.608 1.5
    endloop
  endfacet
  facet normal 0 0 1
    outer loop
      vertex 138.964 163.71 1.5
      vertex 137.931 126.37 1.5
      vertex 140.461 163.608 1.5
    endloop
  endfacet
  facet normal 0 -0 1
    outer loop
      vertex 137.931 126.37 1.5
      vertex 138.964 163.71 1.5
      vertex 136.425 126.331 1.5
    endloop
  endfacet
  facet normal -0 0 1
    outer loop
      vertex 139.194 103.343 1.5
      vertex 140.683 103.137 1.5
      vertex 140.683 103.522 1.5
    endloop
  endfacet
  facet normal 0 0 1
    outer loop
      vertex 140.683 103.137 1.5
      vertex 139.194 103.343 1.5
      vertex 140.59 102.762 1.5
    endloop
  endfacet
  facet normal -0 0 1
    outer loop
      vertex 139.166 103.261 1.5
      vertex 140.59 102.762 1.5
      vertex 139.194 103.343 1.5
    endloop
  endfacet
  facet normal 0 0 1
    outer loop
      vertex 140.59 102.762 1.5
      vertex 139.166 103.261 1.5
      vertex 140.411 102.421 1.5
    endloop
  endfacet
  facet normal 0 0 1
    outer loop
      vertex 137.931 126.37 1.5
      vertex 139.194 103.343 1.5
      vertex 140.683 103.522 1.5
    endloop
  endfacet
  facet normal 0 0 1
    outer loop
      vertex 139.194 103.343 1.5
      vertex 137.931 126.37 1.5
      vertex 136.425 126.331 1.5
    endloop
  endfacet
  facet normal 0 0 1
    outer loop
      vertex 140.411 102.421 1.5
      vertex 139.166 103.261 1.5
      vertex 140.236 102.21 1.5
    endloop
  endfacet
  facet normal 0 0 1
    outer loop
      vertex 139.166 103.261 1.5
      vertex 112.119 73.5753 1.5
      vertex 140.236 102.21 1.5
    endloop
  endfacet
  facet normal -0 0 1
    outer loop
      vertex 111.049 74.6262 1.5
      vertex 112.119 73.5753 1.5
      vertex 139.166 103.261 1.5
    endloop
  endfacet
  facet normal 0 0 1
    outer loop
      vertex 112.119 73.5753 1.5
      vertex 111.049 74.6262 1.5
      vertex 111.818 73.3346 1.5
    endloop
  endfacet
  facet normal 0 0 1
    outer loop
      vertex 111.818 73.3346 1.5
      vertex 111.049 74.6262 1.5
      vertex 111.467 73.1731 1.5
    endloop
  endfacet
  facet normal -0 0 1
    outer loop
      vertex 110.978 74.5963 1.5
      vertex 111.467 73.1731 1.5
      vertex 111.049 74.6262 1.5
    endloop
  endfacet
  facet normal 0 0 1
    outer loop
      vertex 110.978 74.5963 1.5
      vertex 110.978 73.0963 1.5
      vertex 111.467 73.1731 1.5
    endloop
  endfacet
  facet normal -0 0 1
    outer loop
      vertex 105.455 74.5963 1.5
      vertex 110.978 73.0963 1.5
      vertex 110.978 74.5963 1.5
    endloop
  endfacet
  facet normal 0 0 1
    outer loop
      vertex 105.455 74.5963 1.5
      vertex 105.455 73.0963 1.5
      vertex 110.978 73.0963 1.5
    endloop
  endfacet
  facet normal 0 0 1
    outer loop
      vertex 104.394 73.4987 1.5
      vertex 105.455 74.5963 1.5
      vertex 105.355 74.6963 1.5
    endloop
  endfacet
  facet normal 0 0 1
    outer loop
      vertex 105.334 89.29 1.5
      vertex 103.841 89.1287 1.5
      vertex 105.355 88.9017 1.5
    endloop
  endfacet
  facet normal 0 0 1
    outer loop
      vertex 103.805 89.3472 1.5
      vertex 105.272 89.6699 1.5
      vertex 105.169 90.0413 1.5
    endloop
  endfacet
  facet normal 0 0 1
    outer loop
      vertex 105.455 74.5963 1.5
      vertex 105.072 73.1428 1.5
      vertex 105.455 73.0963 1.5
    endloop
  endfacet
  facet normal 0 0 1
    outer loop
      vertex 105.355 88.9017 1.5
      vertex 103.855 88.8611 1.5
      vertex 105.355 74.6963 1.5
    endloop
  endfacet
  facet normal 0 0 1
    outer loop
      vertex 103.745 89.5612 1.5
      vertex 105.169 90.0413 1.5
      vertex 105.026 90.3993 1.5
    endloop
  endfacet
  facet normal 0 0 1
    outer loop
      vertex 103.663 89.7687 1.5
      vertex 105.026 90.3993 1.5
      vertex 104.846 90.7393 1.5
    endloop
  endfacet
  facet normal 0 0 1
    outer loop
      vertex 105.355 74.6963 1.5
      vertex 103.855 88.8611 1.5
      vertex 103.855 74.6963 1.5
    endloop
  endfacet
  facet normal 0 0 1
    outer loop
      vertex 103.559 89.9643 1.5
      vertex 104.846 90.7393 1.5
      vertex 104.629 91.0586 1.5
    endloop
  endfacet
  facet normal 0 -0 1
    outer loop
      vertex 103.959 74.1289 1.5
      vertex 105.355 74.6963 1.5
      vertex 103.855 74.6963 1.5
    endloop
  endfacet
  facet normal 0 0 1
    outer loop
      vertex 103.433 90.1498 1.5
      vertex 104.629 91.0586 1.5
      vertex 104.38 91.3521 1.5
    endloop
  endfacet
  facet normal 0 0 1
    outer loop
      vertex 105.455 74.5963 1.5
      vertex 104.712 73.2796 1.5
      vertex 105.072 73.1428 1.5
    endloop
  endfacet
  facet normal 0 0 1
    outer loop
      vertex 103.289 90.32 1.5
      vertex 104.38 91.3521 1.5
      vertex 104.1 91.618 1.5
    endloop
  endfacet
  facet normal 0 0 1
    outer loop
      vertex 105.455 74.5963 1.5
      vertex 104.394 73.4987 1.5
      vertex 104.712 73.2796 1.5
    endloop
  endfacet
  facet normal 0 0 1
    outer loop
      vertex 105.355 74.6963 1.5
      vertex 104.138 73.7874 1.5
      vertex 104.394 73.4987 1.5
    endloop
  endfacet
  facet normal 0 0 1
    outer loop
      vertex 105.355 88.9017 1.5
      vertex 103.841 89.1287 1.5
      vertex 103.855 88.8611 1.5
    endloop
  endfacet
  facet normal 0 0 1
    outer loop
      vertex 105.272 89.6699 1.5
      vertex 103.805 89.3472 1.5
      vertex 103.841 89.1287 1.5
    endloop
  endfacet
  facet normal 0 0 1
    outer loop
      vertex 103.128 90.473 1.5
      vertex 104.1 91.618 1.5
      vertex 103.793 91.8507 1.5
    endloop
  endfacet
  facet normal 0 0 1
    outer loop
      vertex 105.169 90.0413 1.5
      vertex 103.745 89.5612 1.5
      vertex 103.805 89.3472 1.5
    endloop
  endfacet
  facet normal 0 0 1
    outer loop
      vertex 105.026 90.3993 1.5
      vertex 103.663 89.7687 1.5
      vertex 103.745 89.5612 1.5
    endloop
  endfacet
  facet normal 0 0 1
    outer loop
      vertex 104.846 90.7393 1.5
      vertex 103.559 89.9643 1.5
      vertex 103.663 89.7687 1.5
    endloop
  endfacet
  facet normal 0 0 1
    outer loop
      vertex 102.952 90.6065 1.5
      vertex 103.793 91.8507 1.5
      vertex 103.463 92.0492 1.5
    endloop
  endfacet
  facet normal 0 0 1
    outer loop
      vertex 104.629 91.0586 1.5
      vertex 103.433 90.1498 1.5
      vertex 103.559 89.9643 1.5
    endloop
  endfacet
  facet normal 0 0 1
    outer loop
      vertex 104.38 91.3521 1.5
      vertex 103.289 90.32 1.5
      vertex 103.433 90.1498 1.5
    endloop
  endfacet
  facet normal 0 0 1
    outer loop
      vertex 104.1 91.618 1.5
      vertex 103.128 90.473 1.5
      vertex 103.289 90.32 1.5
    endloop
  endfacet
  facet normal 0 0 1
    outer loop
      vertex 102.759 90.7224 1.5
      vertex 103.463 92.0492 1.5
      vertex 103.113 92.2117 1.5
    endloop
  endfacet
  facet normal 0 0 1
    outer loop
      vertex 103.793 91.8507 1.5
      vertex 102.952 90.6065 1.5
      vertex 103.128 90.473 1.5
    endloop
  endfacet
  facet normal 0 0 1
    outer loop
      vertex 103.463 92.0492 1.5
      vertex 102.759 90.7224 1.5
      vertex 102.952 90.6065 1.5
    endloop
  endfacet
  facet normal 0 0 1
    outer loop
      vertex 102.557 90.8163 1.5
      vertex 103.113 92.2117 1.5
      vertex 102.749 92.3341 1.5
    endloop
  endfacet
  facet normal 0 0 1
    outer loop
      vertex 103.113 92.2117 1.5
      vertex 102.557 90.8163 1.5
      vertex 102.759 90.7224 1.5
    endloop
  endfacet
  facet normal 0 0 1
    outer loop
      vertex 102.348 90.8863 1.5
      vertex 102.749 92.3341 1.5
      vertex 102.371 92.4168 1.5
    endloop
  endfacet
  facet normal 0 0 1
    outer loop
      vertex 102.749 92.3341 1.5
      vertex 102.348 90.8863 1.5
      vertex 102.557 90.8163 1.5
    endloop
  endfacet
  facet normal 0 0 1
    outer loop
      vertex 102.371 92.4168 1.5
      vertex 102.129 90.9344 1.5
      vertex 102.348 90.8863 1.5
    endloop
  endfacet
  facet normal 0 0 1
    outer loop
      vertex 101.989 92.4586 1.5
      vertex 102.129 90.9344 1.5
      vertex 102.371 92.4168 1.5
    endloop
  endfacet
  facet normal 0 0 1
    outer loop
      vertex 101.989 92.4586 1.5
      vertex 101.907 90.9586 1.5
      vertex 102.129 90.9344 1.5
    endloop
  endfacet
  facet normal 0 0 1
    outer loop
      vertex 101.989 92.4586 1.5
      vertex 101.685 90.9586 1.5
      vertex 101.907 90.9586 1.5
    endloop
  endfacet
  facet normal -0 0 1
    outer loop
      vertex 101.603 92.4586 1.5
      vertex 101.685 90.9586 1.5
      vertex 101.989 92.4586 1.5
    endloop
  endfacet
  facet normal 0 0 1
    outer loop
      vertex 101.603 92.4586 1.5
      vertex 101.463 90.9344 1.5
      vertex 101.685 90.9586 1.5
    endloop
  endfacet
  facet normal -0 0 1
    outer loop
      vertex 101.22 92.4168 1.5
      vertex 101.463 90.9344 1.5
      vertex 101.603 92.4586 1.5
    endloop
  endfacet
  facet normal 0 0 1
    outer loop
      vertex 101.463 90.9344 1.5
      vertex 101.22 92.4168 1.5
      vertex 101.244 90.8863 1.5
    endloop
  endfacet
  facet normal -0 0 1
    outer loop
      vertex 100.844 92.3341 1.5
      vertex 101.244 90.8863 1.5
      vertex 101.22 92.4168 1.5
    endloop
  endfacet
  facet normal 0 0 1
    outer loop
      vertex 101.244 90.8863 1.5
      vertex 100.844 92.3341 1.5
      vertex 101.035 90.816 1.5
    endloop
  endfacet
  facet normal -0 0 1
    outer loop
      vertex 100.478 92.2116 1.5
      vertex 101.035 90.816 1.5
      vertex 100.844 92.3341 1.5
    endloop
  endfacet
  facet normal 0 0 1
    outer loop
      vertex 101.035 90.816 1.5
      vertex 100.478 92.2116 1.5
      vertex 100.833 90.7224 1.5
    endloop
  endfacet
  facet normal -0 0 1
    outer loop
      vertex 100.129 92.0492 1.5
      vertex 100.833 90.7224 1.5
      vertex 100.478 92.2116 1.5
    endloop
  endfacet
  facet normal 0 0 1
    outer loop
      vertex 100.833 90.7224 1.5
      vertex 100.129 92.0492 1.5
      vertex 100.64 90.6065 1.5
    endloop
  endfacet
  facet normal -0 0 1
    outer loop
      vertex 99.7983 91.8507 1.5
      vertex 100.64 90.6065 1.5
      vertex 100.129 92.0492 1.5
    endloop
  endfacet
  facet normal 0 0 1
    outer loop
      vertex 100.64 90.6065 1.5
      vertex 99.7983 91.8507 1.5
      vertex 100.465 90.4738 1.5
    endloop
  endfacet
  facet normal -0 0 1
    outer loop
      vertex 99.4917 91.6181 1.5
      vertex 100.465 90.4738 1.5
      vertex 99.7983 91.8507 1.5
    endloop
  endfacet
  facet normal 0 0 1
    outer loop
      vertex 100.465 90.4738 1.5
      vertex 99.4917 91.6181 1.5
      vertex 100.304 90.32 1.5
    endloop
  endfacet
  facet normal -0 0 1
    outer loop
      vertex 99.2124 91.3521 1.5
      vertex 100.304 90.32 1.5
      vertex 99.4917 91.6181 1.5
    endloop
  endfacet
  facet normal 0 0 1
    outer loop
      vertex 100.304 90.32 1.5
      vertex 99.2124 91.3521 1.5
      vertex 100.158 90.1486 1.5
    endloop
  endfacet
  facet normal -0 0 1
    outer loop
      vertex 98.9625 91.0584 1.5
      vertex 100.158 90.1486 1.5
      vertex 99.2124 91.3521 1.5
    endloop
  endfacet
  facet normal 0 0 1
    outer loop
      vertex 100.158 90.1486 1.5
      vertex 98.9625 91.0584 1.5
      vertex 100.033 89.9643 1.5
    endloop
  endfacet
  facet normal -0 0 1
    outer loop
      vertex 98.7459 90.7393 1.5
      vertex 100.033 89.9643 1.5
      vertex 98.9625 91.0584 1.5
    endloop
  endfacet
  facet normal 0 0 1
    outer loop
      vertex 100.033 89.9643 1.5
      vertex 98.7459 90.7393 1.5
      vertex 99.9289 89.7687 1.5
    endloop
  endfacet
  facet normal 0 0 1
    outer loop
      vertex 98.2367 74.6963 1.5
      vertex 99.7367 74.6963 1.5
      vertex 99.7367 88.8611 1.5
    endloop
  endfacet
  facet normal 0 0 1
    outer loop
      vertex 99.7367 74.6963 1.5
      vertex 98.2367 74.6963 1.5
      vertex 99.6902 74.3134 1.5
    endloop
  endfacet
  facet normal -0 0 1
    outer loop
      vertex 98.5655 90.3993 1.5
      vertex 99.9289 89.7687 1.5
      vertex 98.7459 90.7393 1.5
    endloop
  endfacet
  facet normal 0 0 1
    outer loop
      vertex 99.9289 89.7687 1.5
      vertex 98.5655 90.3993 1.5
      vertex 99.8464 89.5612 1.5
    endloop
  endfacet
  facet normal 0 0 1
    outer loop
      vertex 98.2367 74.6963 1.5
      vertex 99.7367 88.8611 1.5
      vertex 98.2367 88.9017 1.5
    endloop
  endfacet
  facet normal -0 0 1
    outer loop
      vertex 98.423 90.0413 1.5
      vertex 99.8464 89.5612 1.5
      vertex 98.5655 90.3993 1.5
    endloop
  endfacet
  facet normal 0 0 1
    outer loop
      vertex 99.6902 74.3134 1.5
      vertex 98.2367 74.6963 1.5
      vertex 99.5535 73.9527 1.5
    endloop
  endfacet
  facet normal 0 0 1
    outer loop
      vertex 99.8464 89.5612 1.5
      vertex 98.423 90.0413 1.5
      vertex 99.7867 89.3472 1.5
    endloop
  endfacet
  facet normal -0 0 1
    outer loop
      vertex 98.3195 89.6699 1.5
      vertex 99.7867 89.3472 1.5
      vertex 98.423 90.0413 1.5
    endloop
  endfacet
  facet normal 0 0 1
    outer loop
      vertex 99.5535 73.9527 1.5
      vertex 98.2367 74.6963 1.5
      vertex 99.3343 73.6353 1.5
    endloop
  endfacet
  facet normal 0 0 1
    outer loop
      vertex 99.7867 89.3472 1.5
      vertex 98.3195 89.6699 1.5
      vertex 99.7512 89.1287 1.5
    endloop
  endfacet
  facet normal -0 0 1
    outer loop
      vertex 98.2578 89.29 1.5
      vertex 99.7512 89.1287 1.5
      vertex 98.3195 89.6699 1.5
    endloop
  endfacet
  facet normal 0 0 1
    outer loop
      vertex 98.2367 88.9017 1.5
      vertex 99.7512 89.1287 1.5
      vertex 98.2578 89.29 1.5
    endloop
  endfacet
  facet normal 0 0 1
    outer loop
      vertex 99.7512 89.1287 1.5
      vertex 98.2367 88.9017 1.5
      vertex 99.7367 88.8611 1.5
    endloop
  endfacet
  facet normal -0 0 1
    outer loop
      vertex 98.1367 74.5963 1.5
      vertex 99.3343 73.6353 1.5
      vertex 98.2367 74.6963 1.5
    endloop
  endfacet
  facet normal 0 0 1
    outer loop
      vertex 99.3343 73.6353 1.5
      vertex 98.1367 74.5963 1.5
      vertex 99.0456 73.3795 1.5
    endloop
  endfacet
  facet normal 0 0 1
    outer loop
      vertex 99.0456 73.3795 1.5
      vertex 98.1367 74.5963 1.5
      vertex 98.7041 73.2003 1.5
    endloop
  endfacet
  facet normal 0 0 1
    outer loop
      vertex 98.1367 74.5963 1.5
      vertex 98.1367 73.0963 1.5
      vertex 98.7041 73.2003 1.5
    endloop
  endfacet
  facet normal -0 0 1
    outer loop
      vertex 96.3799 74.5963 1.5
      vertex 98.1367 73.0963 1.5
      vertex 98.1367 74.5963 1.5
    endloop
  endfacet
  facet normal 0 0 1
    outer loop
      vertex 96.3799 74.5963 1.5
      vertex 96.3799 73.0963 1.5
      vertex 98.1367 73.0963 1.5
    endloop
  endfacet
  facet normal 0 0 1
    outer loop
      vertex 95.997 73.1428 1.5
      vertex 96.3799 74.5963 1.5
      vertex 96.3234 74.6137 1.5
    endloop
  endfacet
  facet normal 0 0 1
    outer loop
      vertex 96.3799 74.5963 1.5
      vertex 95.997 73.1428 1.5
      vertex 96.3799 73.0963 1.5
    endloop
  endfacet
  facet normal 0 0 1
    outer loop
      vertex 96.3234 74.6137 1.5
      vertex 95.4769 73.3755 1.5
      vertex 95.997 73.1428 1.5
    endloop
  endfacet
  facet normal 0 0 1
    outer loop
      vertex 88.0773 80.2514 1.5
      vertex 95.4769 73.3755 1.5
      vertex 96.3234 74.6137 1.5
    endloop
  endfacet
  facet normal 0 0 1
    outer loop
      vertex 88.0773 80.2514 1.5
      vertex 87.2308 79.0132 1.5
      vertex 95.4769 73.3755 1.5
    endloop
  endfacet
  facet normal 0 0 1
    outer loop
      vertex 86.7204 79.5841 1.5
      vertex 88.0773 80.2514 1.5
      vertex 88.0345 80.3459 1.5
    endloop
  endfacet
  facet normal 0 0 1
    outer loop
      vertex 105.355 74.6963 1.5
      vertex 103.959 74.1289 1.5
      vertex 104.138 73.7874 1.5
    endloop
  endfacet
  facet normal 0 0 1
    outer loop
      vertex 103.841 89.1287 1.5
      vertex 105.334 89.29 1.5
      vertex 105.272 89.6699 1.5
    endloop
  endfacet
  facet normal 0 0 1
    outer loop
      vertex 91.036 163.71 1.5
      vertex 92.0693 126.37 1.5
      vertex 93.5754 126.331 1.5
    endloop
  endfacet
  facet normal 0 0 1
    outer loop
      vertex 91.0462 163.761 1.5
      vertex 89.5599 163.994 1.5
      vertex 91.036 163.71 1.5
    endloop
  endfacet
  facet normal 0 0 1
    outer loop
      vertex 91.036 163.71 1.5
      vertex 89.5599 163.994 1.5
      vertex 89.5394 163.608 1.5
    endloop
  endfacet
  facet normal 0 0 1
    outer loop
      vertex 91.036 163.71 1.5
      vertex 89.5394 163.608 1.5
      vertex 92.0693 126.37 1.5
    endloop
  endfacet
  facet normal 0 0 1
    outer loop
      vertex 92.0693 126.37 1.5
      vertex 88.0345 80.3459 1.5
      vertex 93.5754 126.331 1.5
    endloop
  endfacet
  facet normal -0 0 1
    outer loop
      vertex 86.5453 80.5254 1.5
      vertex 88.0345 80.3459 1.5
      vertex 92.0693 126.37 1.5
    endloop
  endfacet
  facet normal 0 0 1
    outer loop
      vertex 86.5338 80.3268 1.5
      vertex 88.0345 80.3459 1.5
      vertex 86.5453 80.5254 1.5
    endloop
  endfacet
  facet normal 0 0 1
    outer loop
      vertex 88.0773 80.2514 1.5
      vertex 86.9409 79.2677 1.5
      vertex 87.2308 79.0132 1.5
    endloop
  endfacet
  facet normal 0 0 1
    outer loop
      vertex 88.0773 80.2514 1.5
      vertex 86.7204 79.5841 1.5
      vertex 86.9409 79.2677 1.5
    endloop
  endfacet
  facet normal 0 0 1
    outer loop
      vertex 88.0345 80.3459 1.5
      vertex 86.582 79.9442 1.5
      vertex 86.7204 79.5841 1.5
    endloop
  endfacet
  facet normal 0 0 1
    outer loop
      vertex 88.0345 80.3459 1.5
      vertex 86.5338 80.3268 1.5
      vertex 86.582 79.9442 1.5
    endloop
  endfacet
  facet normal 0.35481 0.934938 -0
    outer loop
      vertex 134.398 175.636 0
      vertex 134.037 175.773 1.5
      vertex 134.398 175.636 1.5
    endloop
  endfacet
  facet normal 0.35481 0.934938 0
    outer loop
      vertex 134.037 175.773 1.5
      vertex 134.398 175.636 0
      vertex 134.037 175.773 0
    endloop
  endfacet
  facet normal 0.5684 0.822752 -0
    outer loop
      vertex 134.715 175.417 0
      vertex 134.398 175.636 1.5
      vertex 134.715 175.417 1.5
    endloop
  endfacet
  facet normal 0.5684 0.822752 0
    outer loop
      vertex 134.398 175.636 1.5
      vertex 134.715 175.417 0
      vertex 134.398 175.636 0
    endloop
  endfacet
  facet normal 0.747409 0.664364 0
    outer loop
      vertex 134.971 175.129 1.5
      vertex 134.715 175.417 0
      vertex 134.715 175.417 1.5
    endloop
  endfacet
  facet normal 0.747409 0.664364 0
    outer loop
      vertex 134.715 175.417 0
      vertex 134.971 175.129 1.5
      vertex 134.971 175.129 0
    endloop
  endfacet
  facet normal 0.860927 0.508729 0
    outer loop
      vertex 135.088 174.931 1.5
      vertex 134.971 175.129 0
      vertex 134.971 175.129 1.5
    endloop
  endfacet
  facet normal 0.860927 0.508729 0
    outer loop
      vertex 134.971 175.129 0
      vertex 135.088 174.931 1.5
      vertex 135.088 174.931 0
    endloop
  endfacet
  facet normal 0.895839 0.44438 0
    outer loop
      vertex 140.298 164.428 1.5
      vertex 135.088 174.931 0
      vertex 135.088 174.931 1.5
    endloop
  endfacet
  facet normal 0.895839 0.44438 0
    outer loop
      vertex 135.088 174.931 0
      vertex 140.298 164.428 1.5
      vertex 140.298 164.428 0
    endloop
  endfacet
  facet normal 0.943372 0.331735 0
    outer loop
      vertex 140.426 164.064 1.5
      vertex 140.298 164.428 0
      vertex 140.298 164.428 1.5
    endloop
  endfacet
  facet normal 0.943372 0.331735 0
    outer loop
      vertex 140.298 164.428 0
      vertex 140.426 164.064 1.5
      vertex 140.426 164.064 0
    endloop
  endfacet
  facet normal 0.997067 0.0765293 0
    outer loop
      vertex 140.461 163.608 1.5
      vertex 140.426 164.064 0
      vertex 140.426 164.064 1.5
    endloop
  endfacet
  facet normal 0.997067 0.0765293 0
    outer loop
      vertex 140.426 164.064 0
      vertex 140.461 163.608 1.5
      vertex 140.461 163.608 0
    endloop
  endfacet
  facet normal 0.9977 -0.0677851 0
    outer loop
      vertex 137.931 126.37 1.5
      vertex 140.461 163.608 0
      vertex 140.461 163.608 1.5
    endloop
  endfacet
  facet normal 0.9977 -0.0677851 0
    outer loop
      vertex 140.461 163.608 0
      vertex 137.931 126.37 1.5
      vertex 137.931 126.37 0
    endloop
  endfacet
  facet normal 0.992824 0.119584 0
    outer loop
      vertex 140.683 103.522 1.5
      vertex 137.931 126.37 0
      vertex 137.931 126.37 1.5
    endloop
  endfacet
  facet normal 0.992824 0.119584 0
    outer loop
      vertex 137.931 126.37 0
      vertex 140.683 103.522 1.5
      vertex 140.683 103.522 0
    endloop
  endfacet
  facet normal 1 -0 0
    outer loop
      vertex 140.683 103.137 1.5
      vertex 140.683 103.522 0
      vertex 140.683 103.522 1.5
    endloop
  endfacet
  facet normal 1 0 0
    outer loop
      vertex 140.683 103.522 0
      vertex 140.683 103.137 1.5
      vertex 140.683 103.137 0
    endloop
  endfacet
  facet normal 0.970598 -0.240708 0
    outer loop
      vertex 140.59 102.762 1.5
      vertex 140.683 103.137 0
      vertex 140.683 103.137 1.5
    endloop
  endfacet
  facet normal 0.970598 -0.240708 0
    outer loop
      vertex 140.683 103.137 0
      vertex 140.59 102.762 1.5
      vertex 140.59 102.762 0
    endloop
  endfacet
  facet normal 0.885425 -0.464783 0
    outer loop
      vertex 140.411 102.421 1.5
      vertex 140.59 102.762 0
      vertex 140.59 102.762 1.5
    endloop
  endfacet
  facet normal 0.885425 -0.464783 0
    outer loop
      vertex 140.59 102.762 0
      vertex 140.411 102.421 1.5
      vertex 140.411 102.421 0
    endloop
  endfacet
  facet normal 0.769714 -0.638389 0
    outer loop
      vertex 140.236 102.21 1.5
      vertex 140.411 102.421 0
      vertex 140.411 102.421 1.5
    endloop
  endfacet
  facet normal 0.769714 -0.638389 0
    outer loop
      vertex 140.411 102.421 0
      vertex 140.236 102.21 1.5
      vertex 140.236 102.21 0
    endloop
  endfacet
  facet normal 0.713527 -0.700627 0
    outer loop
      vertex 112.119 73.5753 1.5
      vertex 140.236 102.21 0
      vertex 140.236 102.21 1.5
    endloop
  endfacet
  facet normal 0.713527 -0.700627 0
    outer loop
      vertex 140.236 102.21 0
      vertex 112.119 73.5753 1.5
      vertex 112.119 73.5753 0
    endloop
  endfacet
  facet normal 0.624537 -0.780995 0
    outer loop
      vertex 111.818 73.3346 0
      vertex 112.119 73.5753 1.5
      vertex 111.818 73.3346 1.5
    endloop
  endfacet
  facet normal 0.624537 -0.780995 0
    outer loop
      vertex 112.119 73.5753 1.5
      vertex 111.818 73.3346 0
      vertex 112.119 73.5753 0
    endloop
  endfacet
  facet normal 0.417991 -0.908451 0
    outer loop
      vertex 111.467 73.1731 0
      vertex 111.818 73.3346 1.5
      vertex 111.467 73.1731 1.5
    endloop
  endfacet
  facet normal 0.417991 -0.908451 0
    outer loop
      vertex 111.818 73.3346 1.5
      vertex 111.467 73.1731 0
      vertex 111.818 73.3346 0
    endloop
  endfacet
  facet normal 0.155153 -0.98789 0
    outer loop
      vertex 110.978 73.0963 0
      vertex 111.467 73.1731 1.5
      vertex 110.978 73.0963 1.5
    endloop
  endfacet
  facet normal 0.155153 -0.98789 0
    outer loop
      vertex 111.467 73.1731 1.5
      vertex 110.978 73.0963 0
      vertex 111.467 73.1731 0
    endloop
  endfacet
  facet normal 0 -1 0
    outer loop
      vertex 105.455 73.0963 0
      vertex 110.978 73.0963 1.5
      vertex 105.455 73.0963 1.5
    endloop
  endfacet
  facet normal 0 -1 -0
    outer loop
      vertex 110.978 73.0963 1.5
      vertex 105.455 73.0963 0
      vertex 110.978 73.0963 0
    endloop
  endfacet
  facet normal -0.120525 -0.99271 0
    outer loop
      vertex 105.072 73.1428 0
      vertex 105.455 73.0963 1.5
      vertex 105.072 73.1428 1.5
    endloop
  endfacet
  facet normal -0.120525 -0.99271 -0
    outer loop
      vertex 105.455 73.0963 1.5
      vertex 105.072 73.1428 0
      vertex 105.455 73.0963 0
    endloop
  endfacet
  facet normal -0.355218 -0.934784 0
    outer loop
      vertex 104.712 73.2796 0
      vertex 105.072 73.1428 1.5
      vertex 104.712 73.2796 1.5
    endloop
  endfacet
  facet normal -0.355218 -0.934784 -0
    outer loop
      vertex 105.072 73.1428 1.5
      vertex 104.712 73.2796 0
      vertex 105.072 73.1428 0
    endloop
  endfacet
  facet normal -0.567364 -0.823467 0
    outer loop
      vertex 104.394 73.4987 0
      vertex 104.712 73.2796 1.5
      vertex 104.394 73.4987 1.5
    endloop
  endfacet
  facet normal -0.567364 -0.823467 -0
    outer loop
      vertex 104.712 73.2796 1.5
      vertex 104.394 73.4987 0
      vertex 104.712 73.2796 0
    endloop
  endfacet
  facet normal -0.74821 -0.663463 0
    outer loop
      vertex 104.394 73.4987 0
      vertex 104.138 73.7874 1.5
      vertex 104.138 73.7874 0
    endloop
  endfacet
  facet normal -0.74821 -0.663463 0
    outer loop
      vertex 104.138 73.7874 1.5
      vertex 104.394 73.4987 0
      vertex 104.394 73.4987 1.5
    endloop
  endfacet
  facet normal -0.885705 -0.464249 0
    outer loop
      vertex 104.138 73.7874 0
      vertex 103.959 74.1289 1.5
      vertex 103.959 74.1289 0
    endloop
  endfacet
  facet normal -0.885705 -0.464249 0
    outer loop
      vertex 103.959 74.1289 1.5
      vertex 104.138 73.7874 0
      vertex 104.138 73.7874 1.5
    endloop
  endfacet
  facet normal -0.983614 -0.180289 0
    outer loop
      vertex 103.959 74.1289 0
      vertex 103.855 74.6963 1.5
      vertex 103.855 74.6963 0
    endloop
  endfacet
  facet normal -0.983614 -0.180289 0
    outer loop
      vertex 103.855 74.6963 1.5
      vertex 103.959 74.1289 0
      vertex 103.959 74.1289 1.5
    endloop
  endfacet
  facet normal -1 0 0
    outer loop
      vertex 103.855 74.6963 0
      vertex 103.855 88.8611 1.5
      vertex 103.855 88.8611 0
    endloop
  endfacet
  facet normal -1 -0 0
    outer loop
      vertex 103.855 88.8611 1.5
      vertex 103.855 74.6963 0
      vertex 103.855 74.6963 1.5
    endloop
  endfacet
  facet normal -0.998634 -0.0522454 0
    outer loop
      vertex 103.855 88.8611 0
      vertex 103.841 89.1287 1.5
      vertex 103.841 89.1287 0
    endloop
  endfacet
  facet normal -0.998634 -0.0522454 0
    outer loop
      vertex 103.841 89.1287 1.5
      vertex 103.855 88.8611 0
      vertex 103.855 88.8611 1.5
    endloop
  endfacet
  facet normal -0.986697 -0.162568 0
    outer loop
      vertex 103.841 89.1287 0
      vertex 103.805 89.3472 1.5
      vertex 103.805 89.3472 0
    endloop
  endfacet
  facet normal -0.986697 -0.162568 0
    outer loop
      vertex 103.805 89.3472 1.5
      vertex 103.841 89.1287 0
      vertex 103.841 89.1287 1.5
    endloop
  endfacet
  facet normal -0.962871 -0.269964 0
    outer loop
      vertex 103.805 89.3472 0
      vertex 103.745 89.5612 1.5
      vertex 103.745 89.5612 0
    endloop
  endfacet
  facet normal -0.962871 -0.269964 0
    outer loop
      vertex 103.745 89.5612 1.5
      vertex 103.805 89.3472 0
      vertex 103.805 89.3472 1.5
    endloop
  endfacet
  facet normal -0.930014 -0.367524 0
    outer loop
      vertex 103.745 89.5612 0
      vertex 103.663 89.7687 1.5
      vertex 103.663 89.7687 0
    endloop
  endfacet
  facet normal -0.930014 -0.367524 0
    outer loop
      vertex 103.663 89.7687 1.5
      vertex 103.745 89.5612 0
      vertex 103.745 89.5612 1.5
    endloop
  endfacet
  facet normal -0.882952 -0.469463 0
    outer loop
      vertex 103.663 89.7687 0
      vertex 103.559 89.9643 1.5
      vertex 103.559 89.9643 0
    endloop
  endfacet
  facet normal -0.882952 -0.469463 0
    outer loop
      vertex 103.559 89.9643 1.5
      vertex 103.663 89.7687 0
      vertex 103.663 89.7687 1.5
    endloop
  endfacet
  facet normal -0.827217 -0.561883 0
    outer loop
      vertex 103.559 89.9643 0
      vertex 103.433 90.1498 1.5
      vertex 103.433 90.1498 0
    endloop
  endfacet
  facet normal -0.827217 -0.561883 0
    outer loop
      vertex 103.433 90.1498 1.5
      vertex 103.559 89.9643 0
      vertex 103.559 89.9643 1.5
    endloop
  endfacet
  facet normal -0.76342 -0.645902 0
    outer loop
      vertex 103.433 90.1498 0
      vertex 103.289 90.32 1.5
      vertex 103.289 90.32 0
    endloop
  endfacet
  facet normal -0.76342 -0.645902 0
    outer loop
      vertex 103.289 90.32 1.5
      vertex 103.433 90.1498 0
      vertex 103.433 90.1498 1.5
    endloop
  endfacet
  facet normal -0.688868 -0.724887 0
    outer loop
      vertex 103.128 90.473 0
      vertex 103.289 90.32 1.5
      vertex 103.128 90.473 1.5
    endloop
  endfacet
  facet normal -0.688868 -0.724887 -0
    outer loop
      vertex 103.289 90.32 1.5
      vertex 103.128 90.473 0
      vertex 103.289 90.32 0
    endloop
  endfacet
  facet normal -0.604337 -0.796729 0
    outer loop
      vertex 102.952 90.6065 0
      vertex 103.128 90.473 1.5
      vertex 102.952 90.6065 1.5
    endloop
  endfacet
  facet normal -0.604337 -0.796729 -0
    outer loop
      vertex 103.128 90.473 1.5
      vertex 102.952 90.6065 0
      vertex 103.128 90.473 0
    endloop
  endfacet
  facet normal -0.514822 -0.857297 0
    outer loop
      vertex 102.759 90.7224 0
      vertex 102.952 90.6065 1.5
      vertex 102.759 90.7224 1.5
    endloop
  endfacet
  facet normal -0.514822 -0.857297 -0
    outer loop
      vertex 102.952 90.6065 1.5
      vertex 102.759 90.7224 0
      vertex 102.952 90.6065 0
    endloop
  endfacet
  facet normal -0.421533 -0.906813 0
    outer loop
      vertex 102.557 90.8163 0
      vertex 102.759 90.7224 1.5
      vertex 102.557 90.8163 1.5
    endloop
  endfacet
  facet normal -0.421533 -0.906813 -0
    outer loop
      vertex 102.759 90.7224 1.5
      vertex 102.557 90.8163 0
      vertex 102.759 90.7224 0
    endloop
  endfacet
  facet normal -0.317589 -0.948229 0
    outer loop
      vertex 102.348 90.8863 0
      vertex 102.557 90.8163 1.5
      vertex 102.348 90.8863 1.5
    endloop
  endfacet
  facet normal -0.317589 -0.948229 -0
    outer loop
      vertex 102.557 90.8163 1.5
      vertex 102.348 90.8863 0
      vertex 102.557 90.8163 0
    endloop
  endfacet
  facet normal -0.214521 -0.976719 0
    outer loop
      vertex 102.129 90.9344 0
      vertex 102.348 90.8863 1.5
      vertex 102.129 90.9344 1.5
    endloop
  endfacet
  facet normal -0.214521 -0.976719 -0
    outer loop
      vertex 102.348 90.8863 1.5
      vertex 102.129 90.9344 0
      vertex 102.348 90.8863 0
    endloop
  endfacet
  facet normal -0.108367 -0.994111 0
    outer loop
      vertex 101.907 90.9586 0
      vertex 102.129 90.9344 1.5
      vertex 101.907 90.9586 1.5
    endloop
  endfacet
  facet normal -0.108367 -0.994111 -0
    outer loop
      vertex 102.129 90.9344 1.5
      vertex 101.907 90.9586 0
      vertex 102.129 90.9344 0
    endloop
  endfacet
  facet normal 0 -1 0
    outer loop
      vertex 101.685 90.9586 0
      vertex 101.907 90.9586 1.5
      vertex 101.685 90.9586 1.5
    endloop
  endfacet
  facet normal 0 -1 -0
    outer loop
      vertex 101.907 90.9586 1.5
      vertex 101.685 90.9586 0
      vertex 101.907 90.9586 0
    endloop
  endfacet
  facet normal 0.108367 -0.994111 0
    outer loop
      vertex 101.463 90.9344 0
      vertex 101.685 90.9586 1.5
      vertex 101.463 90.9344 1.5
    endloop
  endfacet
  facet normal 0.108367 -0.994111 0
    outer loop
      vertex 101.685 90.9586 1.5
      vertex 101.463 90.9344 0
      vertex 101.685 90.9586 0
    endloop
  endfacet
  facet normal 0.214521 -0.976719 0
    outer loop
      vertex 101.244 90.8863 0
      vertex 101.463 90.9344 1.5
      vertex 101.244 90.8863 1.5
    endloop
  endfacet
  facet normal 0.214521 -0.976719 0
    outer loop
      vertex 101.463 90.9344 1.5
      vertex 101.244 90.8863 0
      vertex 101.463 90.9344 0
    endloop
  endfacet
  facet normal 0.318812 -0.947818 0
    outer loop
      vertex 101.035 90.816 0
      vertex 101.244 90.8863 1.5
      vertex 101.035 90.816 1.5
    endloop
  endfacet
  facet normal 0.318812 -0.947818 0
    outer loop
      vertex 101.244 90.8863 1.5
      vertex 101.035 90.816 0
      vertex 101.244 90.8863 0
    endloop
  endfacet
  facet normal 0.420425 -0.907327 0
    outer loop
      vertex 100.833 90.7224 0
      vertex 101.035 90.816 1.5
      vertex 100.833 90.7224 1.5
    endloop
  endfacet
  facet normal 0.420425 -0.907327 0
    outer loop
      vertex 101.035 90.816 1.5
      vertex 100.833 90.7224 0
      vertex 101.035 90.816 0
    endloop
  endfacet
  facet normal 0.514822 -0.857297 0
    outer loop
      vertex 100.64 90.6065 0
      vertex 100.833 90.7224 1.5
      vertex 100.64 90.6065 1.5
    endloop
  endfacet
  facet normal 0.514822 -0.857297 0
    outer loop
      vertex 100.833 90.7224 1.5
      vertex 100.64 90.6065 0
      vertex 100.833 90.7224 0
    endloop
  endfacet
  facet normal 0.604217 -0.79682 0
    outer loop
      vertex 100.465 90.4738 0
      vertex 100.64 90.6065 1.5
      vertex 100.465 90.4738 1.5
    endloop
  endfacet
  facet normal 0.604217 -0.79682 0
    outer loop
      vertex 100.64 90.6065 1.5
      vertex 100.465 90.4738 0
      vertex 100.64 90.6065 0
    endloop
  endfacet
  facet normal 0.690753 -0.72309 0
    outer loop
      vertex 100.304 90.32 0
      vertex 100.465 90.4738 1.5
      vertex 100.304 90.32 1.5
    endloop
  endfacet
  facet normal 0.690753 -0.72309 0
    outer loop
      vertex 100.465 90.4738 1.5
      vertex 100.304 90.32 0
      vertex 100.465 90.4738 0
    endloop
  endfacet
  facet normal 0.761259 -0.648447 0
    outer loop
      vertex 100.158 90.1486 1.5
      vertex 100.304 90.32 0
      vertex 100.304 90.32 1.5
    endloop
  endfacet
  facet normal 0.761259 -0.648447 0
    outer loop
      vertex 100.304 90.32 0
      vertex 100.158 90.1486 1.5
      vertex 100.158 90.1486 0
    endloop
  endfacet
  facet normal 0.827602 -0.561315 0
    outer loop
      vertex 100.033 89.9643 1.5
      vertex 100.158 90.1486 0
      vertex 100.158 90.1486 1.5
    endloop
  endfacet
  facet normal 0.827602 -0.561315 0
    outer loop
      vertex 100.158 90.1486 0
      vertex 100.033 89.9643 1.5
      vertex 100.033 89.9643 0
    endloop
  endfacet
  facet normal 0.882765 -0.469815 0
    outer loop
      vertex 99.9289 89.7687 1.5
      vertex 100.033 89.9643 0
      vertex 100.033 89.9643 1.5
    endloop
  endfacet
  facet normal 0.882765 -0.469815 0
    outer loop
      vertex 100.033 89.9643 0
      vertex 99.9289 89.7687 1.5
      vertex 99.9289 89.7687 0
    endloop
  endfacet
  facet normal 0.929247 -0.36946 0
    outer loop
      vertex 99.8464 89.5612 1.5
      vertex 99.9289 89.7687 0
      vertex 99.9289 89.7687 1.5
    endloop
  endfacet
  facet normal 0.929247 -0.36946 0
    outer loop
      vertex 99.9289 89.7687 0
      vertex 99.8464 89.5612 1.5
      vertex 99.8464 89.5612 0
    endloop
  endfacet
  facet normal 0.963221 -0.268712 0
    outer loop
      vertex 99.7867 89.3472 1.5
      vertex 99.8464 89.5612 0
      vertex 99.8464 89.5612 1.5
    endloop
  endfacet
  facet normal 0.963221 -0.268712 0
    outer loop
      vertex 99.8464 89.5612 0
      vertex 99.7867 89.3472 1.5
      vertex 99.7867 89.3472 0
    endloop
  endfacet
  facet normal 0.987057 -0.160369 0
    outer loop
      vertex 99.7512 89.1287 1.5
      vertex 99.7867 89.3472 0
      vertex 99.7867 89.3472 1.5
    endloop
  endfacet
  facet normal 0.987057 -0.160369 0
    outer loop
      vertex 99.7867 89.3472 0
      vertex 99.7512 89.1287 1.5
      vertex 99.7512 89.1287 0
    endloop
  endfacet
  facet normal 0.998535 -0.054106 0
    outer loop
      vertex 99.7367 88.8611 1.5
      vertex 99.7512 89.1287 0
      vertex 99.7512 89.1287 1.5
    endloop
  endfacet
  facet normal 0.998535 -0.054106 0
    outer loop
      vertex 99.7512 89.1287 0
      vertex 99.7367 88.8611 1.5
      vertex 99.7367 88.8611 0
    endloop
  endfacet
  facet normal 1 -0 0
    outer loop
      vertex 99.7367 74.6963 1.5
      vertex 99.7367 88.8611 0
      vertex 99.7367 88.8611 1.5
    endloop
  endfacet
  facet normal 1 0 0
    outer loop
      vertex 99.7367 88.8611 0
      vertex 99.7367 74.6963 1.5
      vertex 99.7367 74.6963 0
    endloop
  endfacet
  facet normal 0.992707 -0.120556 0
    outer loop
      vertex 99.6902 74.3134 1.5
      vertex 99.7367 74.6963 0
      vertex 99.7367 74.6963 1.5
    endloop
  endfacet
  facet normal 0.992707 -0.120556 0
    outer loop
      vertex 99.7367 74.6963 0
      vertex 99.6902 74.3134 1.5
      vertex 99.6902 74.3134 0
    endloop
  endfacet
  facet normal 0.935098 -0.354389 0
    outer loop
      vertex 99.5535 73.9527 1.5
      vertex 99.6902 74.3134 0
      vertex 99.6902 74.3134 1.5
    endloop
  endfacet
  facet normal 0.935098 -0.354389 0
    outer loop
      vertex 99.6902 74.3134 0
      vertex 99.5535 73.9527 1.5
      vertex 99.5535 73.9527 0
    endloop
  endfacet
  facet normal 0.822845 -0.568266 0
    outer loop
      vertex 99.3343 73.6353 1.5
      vertex 99.5535 73.9527 0
      vertex 99.5535 73.9527 1.5
    endloop
  endfacet
  facet normal 0.822845 -0.568266 0
    outer loop
      vertex 99.5535 73.9527 0
      vertex 99.3343 73.6353 1.5
      vertex 99.3343 73.6353 0
    endloop
  endfacet
  facet normal 0.663172 -0.748467 0
    outer loop
      vertex 99.0456 73.3795 0
      vertex 99.3343 73.6353 1.5
      vertex 99.0456 73.3795 1.5
    endloop
  endfacet
  facet normal 0.663172 -0.748467 0
    outer loop
      vertex 99.3343 73.6353 1.5
      vertex 99.0456 73.3795 0
      vertex 99.3343 73.6353 0
    endloop
  endfacet
  facet normal 0.464656 -0.885491 0
    outer loop
      vertex 98.7041 73.2003 0
      vertex 99.0456 73.3795 1.5
      vertex 98.7041 73.2003 1.5
    endloop
  endfacet
  facet normal 0.464656 -0.885491 0
    outer loop
      vertex 99.0456 73.3795 1.5
      vertex 98.7041 73.2003 0
      vertex 99.0456 73.3795 0
    endloop
  endfacet
  facet normal 0.180289 -0.983614 0
    outer loop
      vertex 98.1367 73.0963 0
      vertex 98.7041 73.2003 1.5
      vertex 98.1367 73.0963 1.5
    endloop
  endfacet
  facet normal 0.180289 -0.983614 0
    outer loop
      vertex 98.7041 73.2003 1.5
      vertex 98.1367 73.0963 0
      vertex 98.7041 73.2003 0
    endloop
  endfacet
  facet normal 0 -1 0
    outer loop
      vertex 96.3799 73.0963 0
      vertex 98.1367 73.0963 1.5
      vertex 96.3799 73.0963 1.5
    endloop
  endfacet
  facet normal 0 -1 -0
    outer loop
      vertex 98.1367 73.0963 1.5
      vertex 96.3799 73.0963 0
      vertex 98.1367 73.0963 0
    endloop
  endfacet
  facet normal -0.120556 -0.992707 0
    outer loop
      vertex 95.997 73.1428 0
      vertex 96.3799 73.0963 1.5
      vertex 95.997 73.1428 1.5
    endloop
  endfacet
  facet normal -0.120556 -0.992707 -0
    outer loop
      vertex 96.3799 73.0963 1.5
      vertex 95.997 73.1428 0
      vertex 96.3799 73.0963 0
    endloop
  endfacet
  facet normal -0.408401 -0.912803 0
    outer loop
      vertex 95.4769 73.3755 0
      vertex 95.997 73.1428 1.5
      vertex 95.4769 73.3755 1.5
    endloop
  endfacet
  facet normal -0.408401 -0.912803 -0
    outer loop
      vertex 95.997 73.1428 1.5
      vertex 95.4769 73.3755 0
      vertex 95.997 73.1428 0
    endloop
  endfacet
  facet normal -0.564386 -0.825511 0
    outer loop
      vertex 87.2308 79.0132 0
      vertex 95.4769 73.3755 1.5
      vertex 87.2308 79.0132 1.5
    endloop
  endfacet
  facet normal -0.564386 -0.825511 -0
    outer loop
      vertex 95.4769 73.3755 1.5
      vertex 87.2308 79.0132 0
      vertex 95.4769 73.3755 0
    endloop
  endfacet
  facet normal -0.659733 -0.7515 0
    outer loop
      vertex 86.9409 79.2677 0
      vertex 87.2308 79.0132 1.5
      vertex 86.9409 79.2677 1.5
    endloop
  endfacet
  facet normal -0.659733 -0.7515 -0
    outer loop
      vertex 87.2308 79.0132 1.5
      vertex 86.9409 79.2677 0
      vertex 87.2308 79.0132 0
    endloop
  endfacet
  facet normal -0.820424 -0.571756 0
    outer loop
      vertex 86.9409 79.2677 0
      vertex 86.7204 79.5841 1.5
      vertex 86.7204 79.5841 0
    endloop
  endfacet
  facet normal -0.820424 -0.571756 0
    outer loop
      vertex 86.7204 79.5841 1.5
      vertex 86.9409 79.2677 0
      vertex 86.9409 79.2677 1.5
    endloop
  endfacet
  facet normal -0.933432 -0.358753 0
    outer loop
      vertex 86.7204 79.5841 0
      vertex 86.582 79.9442 1.5
      vertex 86.582 79.9442 0
    endloop
  endfacet
  facet normal -0.933432 -0.358753 0
    outer loop
      vertex 86.582 79.9442 1.5
      vertex 86.7204 79.5841 0
      vertex 86.7204 79.5841 1.5
    endloop
  endfacet
  facet normal -0.992158 -0.124992 0
    outer loop
      vertex 86.582 79.9442 0
      vertex 86.5338 80.3268 1.5
      vertex 86.5338 80.3268 0
    endloop
  endfacet
  facet normal -0.992158 -0.124992 0
    outer loop
      vertex 86.5338 80.3268 1.5
      vertex 86.582 79.9442 0
      vertex 86.582 79.9442 1.5
    endloop
  endfacet
  facet normal -0.998328 0.0578085 0
    outer loop
      vertex 86.5338 80.3268 0
      vertex 86.5453 80.5254 1.5
      vertex 86.5453 80.5254 0
    endloop
  endfacet
  facet normal -0.998328 0.0578085 0
    outer loop
      vertex 86.5453 80.5254 1.5
      vertex 86.5338 80.3268 0
      vertex 86.5338 80.3268 1.5
    endloop
  endfacet
  facet normal -0.992819 0.119629 0
    outer loop
      vertex 86.5453 80.5254 0
      vertex 92.0693 126.37 1.5
      vertex 92.0693 126.37 0
    endloop
  endfacet
  facet normal -0.992819 0.119629 0
    outer loop
      vertex 92.0693 126.37 1.5
      vertex 86.5453 80.5254 0
      vertex 86.5453 80.5254 1.5
    endloop
  endfacet
  facet normal -0.9977 -0.0677824 0
    outer loop
      vertex 92.0693 126.37 0
      vertex 89.5394 163.608 1.5
      vertex 89.5394 163.608 0
    endloop
  endfacet
  facet normal -0.9977 -0.0677824 0
    outer loop
      vertex 89.5394 163.608 1.5
      vertex 92.0693 126.37 0
      vertex 92.0693 126.37 1.5
    endloop
  endfacet
  facet normal -0.998593 0.0530341 0
    outer loop
      vertex 89.5394 163.608 0
      vertex 89.5599 163.994 1.5
      vertex 89.5599 163.994 0
    endloop
  endfacet
  facet normal -0.998593 0.0530341 0
    outer loop
      vertex 89.5599 163.994 1.5
      vertex 89.5394 163.608 0
      vertex 89.5394 163.608 1.5
    endloop
  endfacet
  facet normal -0.950097 0.311956 0
    outer loop
      vertex 89.5599 163.994 0
      vertex 89.7024 164.428 1.5
      vertex 89.7024 164.428 0
    endloop
  endfacet
  facet normal -0.950097 0.311956 0
    outer loop
      vertex 89.7024 164.428 1.5
      vertex 89.5599 163.994 0
      vertex 89.5599 163.994 1.5
    endloop
  endfacet
  facet normal -0.895839 0.44438 0
    outer loop
      vertex 89.7024 164.428 0
      vertex 94.9124 174.931 1.5
      vertex 94.9124 174.931 0
    endloop
  endfacet
  facet normal -0.895839 0.44438 0
    outer loop
      vertex 94.9124 174.931 1.5
      vertex 89.7024 164.428 0
      vertex 89.7024 164.428 1.5
    endloop
  endfacet
  facet normal -0.835467 0.54954 0
    outer loop
      vertex 94.9124 174.931 0
      vertex 95.1242 175.253 1.5
      vertex 95.1242 175.253 0
    endloop
  endfacet
  facet normal -0.835467 0.54954 0
    outer loop
      vertex 95.1242 175.253 1.5
      vertex 94.9124 174.931 0
      vertex 94.9124 174.931 1.5
    endloop
  endfacet
  facet normal -0.679615 0.733569 0
    outer loop
      vertex 95.407 175.515 0
      vertex 95.1242 175.253 1.5
      vertex 95.407 175.515 1.5
    endloop
  endfacet
  facet normal -0.679615 0.733569 0
    outer loop
      vertex 95.1242 175.253 1.5
      vertex 95.407 175.515 0
      vertex 95.1242 175.253 0
    endloop
  endfacet
  facet normal -0.484872 0.874585 0
    outer loop
      vertex 95.7443 175.702 0
      vertex 95.407 175.515 1.5
      vertex 95.7443 175.702 1.5
    endloop
  endfacet
  facet normal -0.484872 0.874585 0
    outer loop
      vertex 95.407 175.515 1.5
      vertex 95.7443 175.702 0
      vertex 95.407 175.515 0
    endloop
  endfacet
  facet normal -0.261823 0.965116 0
    outer loop
      vertex 96.1166 175.803 0
      vertex 95.7443 175.702 1.5
      vertex 96.1166 175.803 1.5
    endloop
  endfacet
  facet normal -0.261823 0.965116 0
    outer loop
      vertex 95.7443 175.702 1.5
      vertex 96.1166 175.803 0
      vertex 95.7443 175.702 0
    endloop
  endfacet
  facet normal -0.074 0.997258 0
    outer loop
      vertex 96.3457 175.82 0
      vertex 96.1166 175.803 1.5
      vertex 96.3457 175.82 1.5
    endloop
  endfacet
  facet normal -0.074 0.997258 0
    outer loop
      vertex 96.1166 175.803 1.5
      vertex 96.3457 175.82 0
      vertex 96.1166 175.803 0
    endloop
  endfacet
  facet normal 0 1 -0
    outer loop
      vertex 133.654 175.82 0
      vertex 96.3457 175.82 1.5
      vertex 133.654 175.82 1.5
    endloop
  endfacet
  facet normal 0 1 0
    outer loop
      vertex 96.3457 175.82 1.5
      vertex 133.654 175.82 0
      vertex 96.3457 175.82 0
    endloop
  endfacet
  facet normal 0.121802 0.992554 -0
    outer loop
      vertex 134.037 175.773 0
      vertex 133.654 175.82 1.5
      vertex 134.037 175.773 1.5
    endloop
  endfacet
  facet normal 0.121802 0.992554 0
    outer loop
      vertex 133.654 175.82 1.5
      vertex 134.037 175.773 0
      vertex 133.654 175.82 0
    endloop
  endfacet
  facet normal 0 0 1
    outer loop
      vertex 126.947 167.333 0.2
      vertex 138.964 163.71 0.2
      vertex 138.954 163.761 0.2
    endloop
  endfacet
  facet normal -0 0 1
    outer loop
      vertex 132.35 171.345 0.2
      vertex 138.954 163.761 0.2
      vertex 133.744 174.264 0.2
    endloop
  endfacet
  facet normal -0 0 1
    outer loop
      vertex 132.863 105.512 0.2
      vertex 139.194 103.343 0.2
      vertex 136.425 126.331 0.2
    endloop
  endfacet
  facet normal 0 0 1
    outer loop
      vertex 132.262 172.863 0.2
      vertex 133.744 174.264 0.2
      vertex 133.654 174.32 0.2
    endloop
  endfacet
  facet normal -0 0 1
    outer loop
      vertex 132.262 171.137 0.2
      vertex 138.954 163.761 0.2
      vertex 132.328 171.234 0.2
    endloop
  endfacet
  facet normal -0 -0 1
    outer loop
      vertex 132.95 105.305 0.2
      vertex 139.194 103.343 0.2
      vertex 132.928 105.415 0.2
    endloop
  endfacet
  facet normal 0 0 1
    outer loop
      vertex 139.194 103.343 0.2
      vertex 132.95 104.645 0.2
      vertex 139.166 103.261 0.2
    endloop
  endfacet
  facet normal -0 0 1
    outer loop
      vertex 132.928 104.535 0.2
      vertex 139.166 103.261 0.2
      vertex 132.95 104.645 0.2
    endloop
  endfacet
  facet normal 0 0 1
    outer loop
      vertex 132.95 101.695 0.2
      vertex 139.166 103.261 0.2
      vertex 132.95 102.355 0.2
    endloop
  endfacet
  facet normal 0 0 1
    outer loop
      vertex 132.928 101.585 0.2
      vertex 139.166 103.261 0.2
      vertex 132.95 101.695 0.2
    endloop
  endfacet
  facet normal 0 0 1
    outer loop
      vertex 132.863 101.488 0.2
      vertex 139.166 103.261 0.2
      vertex 132.928 101.585 0.2
    endloop
  endfacet
  facet normal 0 0 1
    outer loop
      vertex 132.766 101.422 0.2
      vertex 139.166 103.261 0.2
      vertex 132.863 101.488 0.2
    endloop
  endfacet
  facet normal -0 0 1
    outer loop
      vertex 109.852 163.664 0.2
      vertex 136.425 126.331 0.2
      vertex 126.81 167.277 0.2
    endloop
  endfacet
  facet normal 0 0 1
    outer loop
      vertex 136.425 126.331 0.2
      vertex 131.345 105.6 0.2
      vertex 132.655 105.6 0.2
    endloop
  endfacet
  facet normal 0 0 1
    outer loop
      vertex 127.207 167.613 0.2
      vertex 129.378 171.234 0.2
      vertex 129.312 171.137 0.2
    endloop
  endfacet
  facet normal 0 0 1
    outer loop
      vertex 127.223 167.69 0.2
      vertex 129.312 171.137 0.2
      vertex 129.215 171.072 0.2
    endloop
  endfacet
  facet normal 0 0 1
    outer loop
      vertex 127.207 167.768 0.2
      vertex 129.215 171.072 0.2
      vertex 129.105 171.05 0.2
    endloop
  endfacet
  facet normal 0 0 1
    outer loop
      vertex 127.167 167.829 0.2
      vertex 129.105 171.05 0.2
      vertex 128.445 171.05 0.2
    endloop
  endfacet
  facet normal 0 0 1
    outer loop
      vertex 126.569 169.688 0.2
      vertex 128.445 171.05 0.2
      vertex 128.335 171.072 0.2
    endloop
  endfacet
  facet normal 0 0 1
    outer loop
      vertex 126.553 169.766 0.2
      vertex 128.335 171.072 0.2
      vertex 128.238 171.137 0.2
    endloop
  endfacet
  facet normal 0 0 1
    outer loop
      vertex 126.512 169.826 0.2
      vertex 128.238 171.137 0.2
      vertex 128.172 171.234 0.2
    endloop
  endfacet
  facet normal 0 0 1
    outer loop
      vertex 126.512 169.826 0.2
      vertex 128.172 171.234 0.2
      vertex 128.15 171.345 0.2
    endloop
  endfacet
  facet normal 0 0 1
    outer loop
      vertex 129.312 171.137 0.2
      vertex 127.223 167.69 0.2
      vertex 127.207 167.613 0.2
    endloop
  endfacet
  facet normal 0 0 1
    outer loop
      vertex 136.425 126.331 0.2
      vertex 131.234 105.578 0.2
      vertex 131.345 105.6 0.2
    endloop
  endfacet
  facet normal -0 0 1
    outer loop
      vertex 109.78 163.65 0.2
      vertex 136.425 126.331 0.2
      vertex 109.852 163.664 0.2
    endloop
  endfacet
  facet normal -0 0 1
    outer loop
      vertex 108.12 163.65 0.2
      vertex 136.425 126.331 0.2
      vertex 109.78 163.65 0.2
    endloop
  endfacet
  facet normal 0 0 1
    outer loop
      vertex 136.425 126.331 0.2
      vertex 131.137 105.512 0.2
      vertex 131.234 105.578 0.2
    endloop
  endfacet
  facet normal 0 0 1
    outer loop
      vertex 108.048 163.664 0.2
      vertex 136.425 126.331 0.2
      vertex 108.12 163.65 0.2
    endloop
  endfacet
  facet normal 0 0 1
    outer loop
      vertex 109.917 163.708 0.2
      vertex 126.81 167.277 0.2
      vertex 126.732 167.293 0.2
    endloop
  endfacet
  facet normal 0 0 1
    outer loop
      vertex 124.812 167.931 0.2
      vertex 126.732 167.293 0.2
      vertex 126.671 167.333 0.2
    endloop
  endfacet
  facet normal -0 0 1
    outer loop
      vertex 124.95 167.987 0.2
      vertex 126.671 167.333 0.2
      vertex 125.833 168.171 0.2
    endloop
  endfacet
  facet normal -0 0 1
    outer loop
      vertex 125.169 168.207 0.2
      vertex 125.833 168.171 0.2
      vertex 125.793 168.232 0.2
    endloop
  endfacet
  facet normal -0 0 1
    outer loop
      vertex 125.209 168.268 0.2
      vertex 125.793 168.232 0.2
      vertex 125.777 168.31 0.2
    endloop
  endfacet
  facet normal 0 0 1
    outer loop
      vertex 125.209 168.268 0.2
      vertex 125.777 168.31 0.2
      vertex 125.225 168.345 0.2
    endloop
  endfacet
  facet normal 0 0 1
    outer loop
      vertex 125.793 168.232 0.2
      vertex 125.209 168.268 0.2
      vertex 125.169 168.207 0.2
    endloop
  endfacet
  facet normal 0 0 1
    outer loop
      vertex 125.833 168.171 0.2
      vertex 125.169 168.207 0.2
      vertex 124.95 167.987 0.2
    endloop
  endfacet
  facet normal 0 0 1
    outer loop
      vertex 126.671 167.333 0.2
      vertex 124.95 167.987 0.2
      vertex 124.889 167.947 0.2
    endloop
  endfacet
  facet normal -0 0 1
    outer loop
      vertex 124.812 167.931 0.2
      vertex 126.671 167.333 0.2
      vertex 124.889 167.947 0.2
    endloop
  endfacet
  facet normal 0 0 1
    outer loop
      vertex 126.732 167.293 0.2
      vertex 124.812 167.931 0.2
      vertex 124.734 167.947 0.2
    endloop
  endfacet
  facet normal 0 0 1
    outer loop
      vertex 126.732 167.293 0.2
      vertex 124.734 167.947 0.2
      vertex 109.917 163.708 0.2
    endloop
  endfacet
  facet normal 0 0 1
    outer loop
      vertex 109.961 163.773 0.2
      vertex 124.734 167.947 0.2
      vertex 124.674 167.988 0.2
    endloop
  endfacet
  facet normal 0 0 1
    outer loop
      vertex 109.975 163.845 0.2
      vertex 124.674 167.988 0.2
      vertex 123.836 168.826 0.2
    endloop
  endfacet
  facet normal 0 0 1
    outer loop
      vertex 113.012 170.137 0.2
      vertex 123.836 168.826 0.2
      vertex 123.796 168.887 0.2
    endloop
  endfacet
  facet normal 0 0 1
    outer loop
      vertex 113.078 170.234 0.2
      vertex 123.796 168.887 0.2
      vertex 123.78 168.964 0.2
    endloop
  endfacet
  facet normal 0 0 1
    outer loop
      vertex 123.796 169.04 0.2
      vertex 113.1 170.345 0.2
      vertex 123.78 168.964 0.2
    endloop
  endfacet
  facet normal -0 0 1
    outer loop
      vertex 113.078 170.234 0.2
      vertex 123.78 168.964 0.2
      vertex 113.1 170.345 0.2
    endloop
  endfacet
  facet normal 0 0 1
    outer loop
      vertex 123.796 168.887 0.2
      vertex 113.078 170.234 0.2
      vertex 113.012 170.137 0.2
    endloop
  endfacet
  facet normal 0 0 1
    outer loop
      vertex 124.734 167.947 0.2
      vertex 109.961 163.773 0.2
      vertex 109.917 163.708 0.2
    endloop
  endfacet
  facet normal 0 0 1
    outer loop
      vertex 123.836 168.826 0.2
      vertex 113.012 170.137 0.2
      vertex 109.975 163.845 0.2
    endloop
  endfacet
  facet normal 0 0 1
    outer loop
      vertex 109.975 164.155 0.2
      vertex 113.012 170.137 0.2
      vertex 112.915 170.072 0.2
    endloop
  endfacet
  facet normal 0 0 1
    outer loop
      vertex 109.975 166.385 0.2
      vertex 112.915 170.072 0.2
      vertex 112.805 170.05 0.2
    endloop
  endfacet
  facet normal 0 0 1
    outer loop
      vertex 109.975 167.656 0.2
      vertex 112.805 170.05 0.2
      vertex 112.145 170.05 0.2
    endloop
  endfacet
  facet normal 0 0 1
    outer loop
      vertex 109.975 167.965 0.2
      vertex 112.145 170.05 0.2
      vertex 112.035 170.072 0.2
    endloop
  endfacet
  facet normal 0 0 1
    outer loop
      vertex 109.961 168.037 0.2
      vertex 112.035 170.072 0.2
      vertex 111.938 170.137 0.2
    endloop
  endfacet
  facet normal 0 0 1
    outer loop
      vertex 110.062 170.137 0.2
      vertex 111.938 170.137 0.2
      vertex 111.872 170.234 0.2
    endloop
  endfacet
  facet normal -0 0 1
    outer loop
      vertex 132.766 101.422 0.2
      vertex 111.049 74.6262 0.2
      vertex 139.166 103.261 0.2
    endloop
  endfacet
  facet normal -0 0 1
    outer loop
      vertex 132.655 101.4 0.2
      vertex 111.049 74.6262 0.2
      vertex 132.766 101.422 0.2
    endloop
  endfacet
  facet normal -0 0 1
    outer loop
      vertex 131.345 101.4 0.2
      vertex 111.049 74.6262 0.2
      vertex 132.655 101.4 0.2
    endloop
  endfacet
  facet normal 0 0 1
    outer loop
      vertex 131.234 101.422 0.2
      vertex 111.049 74.6262 0.2
      vertex 131.345 101.4 0.2
    endloop
  endfacet
  facet normal 0 0 1
    outer loop
      vertex 131.137 101.488 0.2
      vertex 111.049 74.6262 0.2
      vertex 131.234 101.422 0.2
    endloop
  endfacet
  facet normal 0 0 1
    outer loop
      vertex 131.072 101.585 0.2
      vertex 111.049 74.6262 0.2
      vertex 131.137 101.488 0.2
    endloop
  endfacet
  facet normal 0 0 1
    outer loop
      vertex 126.81 167.277 0.2
      vertex 109.917 163.708 0.2
      vertex 109.852 163.664 0.2
    endloop
  endfacet
  facet normal 0 0 1
    outer loop
      vertex 110.128 170.234 0.2
      vertex 111.872 170.234 0.2
      vertex 111.85 170.345 0.2
    endloop
  endfacet
  facet normal 0 0 1
    outer loop
      vertex 91.036 163.71 0.2
      vertex 100.9 170.345 0.2
      vertex 91.0462 163.761 0.2
    endloop
  endfacet
  facet normal 0 0 1
    outer loop
      vertex 100.9 170.345 0.2
      vertex 91.036 163.71 0.2
      vertex 93.5754 126.331 0.2
    endloop
  endfacet
  facet normal 0 0 1
    outer loop
      vertex 105.011 164.227 0.2
      vertex 107.939 164.227 0.2
      vertex 105.011 165.043 0.2
    endloop
  endfacet
  facet normal 0 0 1
    outer loop
      vertex 107.939 164.227 0.2
      vertex 105.011 164.227 0.2
      vertex 105.025 164.155 0.2
    endloop
  endfacet
  facet normal 0 0 1
    outer loop
      vertex 105.011 165.043 0.2
      vertex 104.967 164.292 0.2
      vertex 105.011 164.227 0.2
    endloop
  endfacet
  facet normal -0 0 1
    outer loop
      vertex 104.967 164.978 0.2
      vertex 104.967 164.292 0.2
      vertex 105.011 165.043 0.2
    endloop
  endfacet
  facet normal 0 0 1
    outer loop
      vertex 104.903 164.336 0.2
      vertex 104.967 164.978 0.2
      vertex 104.903 164.934 0.2
    endloop
  endfacet
  facet normal 0 0 1
    outer loop
      vertex 104.967 164.978 0.2
      vertex 104.903 164.336 0.2
      vertex 104.967 164.292 0.2
    endloop
  endfacet
  facet normal -0 0 1
    outer loop
      vertex 104.83 164.92 0.2
      vertex 104.903 164.336 0.2
      vertex 104.903 164.934 0.2
    endloop
  endfacet
  facet normal 0 0 1
    outer loop
      vertex 104.83 164.92 0.2
      vertex 104.83 164.35 0.2
      vertex 104.903 164.336 0.2
    endloop
  endfacet
  facet normal 0 0 1
    outer loop
      vertex 104.83 164.92 0.2
      vertex 103.17 164.35 0.2
      vertex 104.83 164.35 0.2
    endloop
  endfacet
  facet normal -0 0 1
    outer loop
      vertex 103.17 164.92 0.2
      vertex 103.17 164.35 0.2
      vertex 104.83 164.92 0.2
    endloop
  endfacet
  facet normal 0 0 1
    outer loop
      vertex 103.097 164.336 0.2
      vertex 103.17 164.92 0.2
      vertex 103.097 164.934 0.2
    endloop
  endfacet
  facet normal 0 0 1
    outer loop
      vertex 103.17 164.92 0.2
      vertex 103.097 164.336 0.2
      vertex 103.17 164.35 0.2
    endloop
  endfacet
  facet normal 0 0 1
    outer loop
      vertex 103.033 164.978 0.2
      vertex 103.097 164.336 0.2
      vertex 103.097 164.934 0.2
    endloop
  endfacet
  facet normal 0 0 1
    outer loop
      vertex 103.033 164.978 0.2
      vertex 103.033 164.292 0.2
      vertex 103.097 164.336 0.2
    endloop
  endfacet
  facet normal 0 0 1
    outer loop
      vertex 103.033 164.978 0.2
      vertex 102.989 164.227 0.2
      vertex 103.033 164.292 0.2
    endloop
  endfacet
  facet normal 0 0 1
    outer loop
      vertex 102.989 165.043 0.2
      vertex 102.989 164.227 0.2
      vertex 103.033 164.978 0.2
    endloop
  endfacet
  facet normal 0 0 1
    outer loop
      vertex 102.975 165.115 0.2
      vertex 102.989 164.227 0.2
      vertex 102.989 165.043 0.2
    endloop
  endfacet
  facet normal 0 0 1
    outer loop
      vertex 102.989 164.227 0.2
      vertex 102.975 165.115 0.2
      vertex 102.975 164.155 0.2
    endloop
  endfacet
  facet normal 0 0 1
    outer loop
      vertex 107.925 165.425 0.2
      vertex 105.011 165.497 0.2
      vertex 105.025 165.425 0.2
    endloop
  endfacet
  facet normal 0 0 1
    outer loop
      vertex 107.939 165.497 0.2
      vertex 105.011 166.313 0.2
      vertex 105.011 165.497 0.2
    endloop
  endfacet
  facet normal -0 0 1
    outer loop
      vertex 104.967 166.248 0.2
      vertex 105.011 165.497 0.2
      vertex 105.011 166.313 0.2
    endloop
  endfacet
  facet normal 0 0 1
    outer loop
      vertex 104.967 166.248 0.2
      vertex 104.967 165.562 0.2
      vertex 105.011 165.497 0.2
    endloop
  endfacet
  facet normal -0 0 1
    outer loop
      vertex 104.903 166.204 0.2
      vertex 104.967 165.562 0.2
      vertex 104.967 166.248 0.2
    endloop
  endfacet
  facet normal 0 0 1
    outer loop
      vertex 104.903 166.204 0.2
      vertex 104.903 165.606 0.2
      vertex 104.967 165.562 0.2
    endloop
  endfacet
  facet normal 0 0 1
    outer loop
      vertex 104.903 166.204 0.2
      vertex 104.83 165.62 0.2
      vertex 104.903 165.606 0.2
    endloop
  endfacet
  facet normal -0 0 1
    outer loop
      vertex 104.83 166.19 0.2
      vertex 104.83 165.62 0.2
      vertex 104.903 166.204 0.2
    endloop
  endfacet
  facet normal -0 0 1
    outer loop
      vertex 103.17 166.19 0.2
      vertex 104.83 165.62 0.2
      vertex 104.83 166.19 0.2
    endloop
  endfacet
  facet normal 0 0 1
    outer loop
      vertex 103.17 166.19 0.2
      vertex 103.17 165.62 0.2
      vertex 104.83 165.62 0.2
    endloop
  endfacet
  facet normal 0 0 1
    outer loop
      vertex 103.097 166.204 0.2
      vertex 103.17 165.62 0.2
      vertex 103.17 166.19 0.2
    endloop
  endfacet
  facet normal 0 0 1
    outer loop
      vertex 103.097 166.204 0.2
      vertex 103.097 165.606 0.2
      vertex 103.17 165.62 0.2
    endloop
  endfacet
  facet normal 0 0 1
    outer loop
      vertex 103.097 166.204 0.2
      vertex 103.033 165.562 0.2
      vertex 103.097 165.606 0.2
    endloop
  endfacet
  facet normal 0 0 1
    outer loop
      vertex 103.033 166.248 0.2
      vertex 103.033 165.562 0.2
      vertex 103.097 166.204 0.2
    endloop
  endfacet
  facet normal 0 0 1
    outer loop
      vertex 102.989 166.313 0.2
      vertex 103.033 165.562 0.2
      vertex 103.033 166.248 0.2
    endloop
  endfacet
  facet normal 0 0 1
    outer loop
      vertex 102.989 166.313 0.2
      vertex 102.989 165.497 0.2
      vertex 103.033 165.562 0.2
    endloop
  endfacet
  facet normal 0 0 1
    outer loop
      vertex 102.975 166.385 0.2
      vertex 102.989 165.497 0.2
      vertex 102.989 166.313 0.2
    endloop
  endfacet
  facet normal 0 0 1
    outer loop
      vertex 102.989 165.497 0.2
      vertex 102.975 166.385 0.2
      vertex 102.975 165.425 0.2
    endloop
  endfacet
  facet normal 0 0 1
    outer loop
      vertex 105.011 166.767 0.2
      vertex 107.939 166.767 0.2
      vertex 105.011 167.583 0.2
    endloop
  endfacet
  facet normal 0 0 1
    outer loop
      vertex 107.939 166.767 0.2
      vertex 105.011 166.767 0.2
      vertex 105.025 166.695 0.2
    endloop
  endfacet
  facet normal -0 0 1
    outer loop
      vertex 104.967 167.518 0.2
      vertex 105.011 166.767 0.2
      vertex 105.011 167.583 0.2
    endloop
  endfacet
  facet normal 0 0 1
    outer loop
      vertex 104.967 167.518 0.2
      vertex 104.967 166.832 0.2
      vertex 105.011 166.767 0.2
    endloop
  endfacet
  facet normal -0 0 1
    outer loop
      vertex 104.903 167.474 0.2
      vertex 104.967 166.832 0.2
      vertex 104.967 167.518 0.2
    endloop
  endfacet
  facet normal 0 0 1
    outer loop
      vertex 104.903 167.474 0.2
      vertex 104.903 166.875 0.2
      vertex 104.967 166.832 0.2
    endloop
  endfacet
  facet normal -0 0 1
    outer loop
      vertex 104.83 167.46 0.2
      vertex 104.903 166.875 0.2
      vertex 104.903 167.474 0.2
    endloop
  endfacet
  facet normal 0 0 1
    outer loop
      vertex 104.83 167.46 0.2
      vertex 104.83 166.89 0.2
      vertex 104.903 166.875 0.2
    endloop
  endfacet
  facet normal -0 0 1
    outer loop
      vertex 103.17 167.46 0.2
      vertex 104.83 166.89 0.2
      vertex 104.83 167.46 0.2
    endloop
  endfacet
  facet normal 0 0 1
    outer loop
      vertex 103.17 167.46 0.2
      vertex 103.17 166.89 0.2
      vertex 104.83 166.89 0.2
    endloop
  endfacet
  facet normal 0 0 1
    outer loop
      vertex 103.097 167.474 0.2
      vertex 103.17 166.89 0.2
      vertex 103.17 167.46 0.2
    endloop
  endfacet
  facet normal 0 0 1
    outer loop
      vertex 103.097 167.474 0.2
      vertex 103.097 166.875 0.2
      vertex 103.17 166.89 0.2
    endloop
  endfacet
  facet normal 0 0 1
    outer loop
      vertex 103.033 167.518 0.2
      vertex 103.097 166.875 0.2
      vertex 103.097 167.474 0.2
    endloop
  endfacet
  facet normal 0 0 1
    outer loop
      vertex 103.033 167.518 0.2
      vertex 103.033 166.832 0.2
      vertex 103.097 166.875 0.2
    endloop
  endfacet
  facet normal 0 0 1
    outer loop
      vertex 103.033 167.518 0.2
      vertex 102.989 166.767 0.2
      vertex 103.033 166.832 0.2
    endloop
  endfacet
  facet normal 0 0 1
    outer loop
      vertex 102.989 167.583 0.2
      vertex 102.989 166.767 0.2
      vertex 103.033 167.518 0.2
    endloop
  endfacet
  facet normal 0 0 1
    outer loop
      vertex 102.975 167.656 0.2
      vertex 102.989 166.767 0.2
      vertex 102.989 167.583 0.2
    endloop
  endfacet
  facet normal 0 0 1
    outer loop
      vertex 102.989 166.767 0.2
      vertex 102.975 167.656 0.2
      vertex 102.975 166.695 0.2
    endloop
  endfacet
  facet normal -0 0 1
    outer loop
      vertex 109.961 165.043 0.2
      vertex 109.975 164.155 0.2
      vertex 109.975 165.115 0.2
    endloop
  endfacet
  facet normal 0 0 1
    outer loop
      vertex 109.961 165.043 0.2
      vertex 109.961 164.227 0.2
      vertex 109.975 164.155 0.2
    endloop
  endfacet
  facet normal 0 0 1
    outer loop
      vertex 109.961 165.043 0.2
      vertex 109.917 164.292 0.2
      vertex 109.961 164.227 0.2
    endloop
  endfacet
  facet normal -0 0 1
    outer loop
      vertex 109.917 164.977 0.2
      vertex 109.917 164.292 0.2
      vertex 109.961 165.043 0.2
    endloop
  endfacet
  facet normal 0 0 1
    outer loop
      vertex 109.852 164.336 0.2
      vertex 109.917 164.977 0.2
      vertex 109.852 164.934 0.2
    endloop
  endfacet
  facet normal 0 0 1
    outer loop
      vertex 109.917 164.977 0.2
      vertex 109.852 164.336 0.2
      vertex 109.917 164.292 0.2
    endloop
  endfacet
  facet normal -0 0 1
    outer loop
      vertex 109.781 164.92 0.2
      vertex 109.852 164.336 0.2
      vertex 109.852 164.934 0.2
    endloop
  endfacet
  facet normal 0 0 1
    outer loop
      vertex 109.781 164.92 0.2
      vertex 109.78 164.35 0.2
      vertex 109.852 164.336 0.2
    endloop
  endfacet
  facet normal 0 0 1
    outer loop
      vertex 109.781 164.92 0.2
      vertex 108.12 164.35 0.2
      vertex 109.78 164.35 0.2
    endloop
  endfacet
  facet normal -0 0 1
    outer loop
      vertex 108.12 164.92 0.2
      vertex 108.12 164.35 0.2
      vertex 109.781 164.92 0.2
    endloop
  endfacet
  facet normal 0 0 1
    outer loop
      vertex 108.048 164.336 0.2
      vertex 108.12 164.92 0.2
      vertex 108.048 164.934 0.2
    endloop
  endfacet
  facet normal 0 0 1
    outer loop
      vertex 108.12 164.92 0.2
      vertex 108.048 164.336 0.2
      vertex 108.12 164.35 0.2
    endloop
  endfacet
  facet normal 0 0 1
    outer loop
      vertex 107.982 164.978 0.2
      vertex 108.048 164.336 0.2
      vertex 108.048 164.934 0.2
    endloop
  endfacet
  facet normal 0 0 1
    outer loop
      vertex 107.982 164.978 0.2
      vertex 107.982 164.292 0.2
      vertex 108.048 164.336 0.2
    endloop
  endfacet
  facet normal 0 0 1
    outer loop
      vertex 107.982 164.978 0.2
      vertex 107.939 164.227 0.2
      vertex 107.982 164.292 0.2
    endloop
  endfacet
  facet normal 0 0 1
    outer loop
      vertex 107.939 165.043 0.2
      vertex 107.939 164.227 0.2
      vertex 107.982 164.978 0.2
    endloop
  endfacet
  facet normal 0 0 1
    outer loop
      vertex 105.011 165.043 0.2
      vertex 107.925 165.115 0.2
      vertex 105.025 165.115 0.2
    endloop
  endfacet
  facet normal 0 0 1
    outer loop
      vertex 107.925 165.115 0.2
      vertex 105.011 165.043 0.2
      vertex 107.939 165.043 0.2
    endloop
  endfacet
  facet normal 0 0 1
    outer loop
      vertex 109.975 166.385 0.2
      vertex 109.961 165.497 0.2
      vertex 109.975 165.425 0.2
    endloop
  endfacet
  facet normal -0 0 1
    outer loop
      vertex 109.961 166.313 0.2
      vertex 109.961 165.497 0.2
      vertex 109.975 166.385 0.2
    endloop
  endfacet
  facet normal -0 0 1
    outer loop
      vertex 109.917 166.248 0.2
      vertex 109.961 165.497 0.2
      vertex 109.961 166.313 0.2
    endloop
  endfacet
  facet normal 0 0 1
    outer loop
      vertex 109.917 166.248 0.2
      vertex 109.917 165.563 0.2
      vertex 109.961 165.497 0.2
    endloop
  endfacet
  facet normal -0 0 1
    outer loop
      vertex 109.852 166.204 0.2
      vertex 109.917 165.563 0.2
      vertex 109.917 166.248 0.2
    endloop
  endfacet
  facet normal 0 0 1
    outer loop
      vertex 109.852 166.204 0.2
      vertex 109.852 165.606 0.2
      vertex 109.917 165.563 0.2
    endloop
  endfacet
  facet normal 0 0 1
    outer loop
      vertex 109.852 166.204 0.2
      vertex 109.781 165.62 0.2
      vertex 109.852 165.606 0.2
    endloop
  endfacet
  facet normal -0 0 1
    outer loop
      vertex 109.78 166.19 0.2
      vertex 109.781 165.62 0.2
      vertex 109.852 166.204 0.2
    endloop
  endfacet
  facet normal -0 0 1
    outer loop
      vertex 108.12 166.19 0.2
      vertex 109.781 165.62 0.2
      vertex 109.78 166.19 0.2
    endloop
  endfacet
  facet normal 0 0 1
    outer loop
      vertex 108.12 166.19 0.2
      vertex 108.12 165.62 0.2
      vertex 109.781 165.62 0.2
    endloop
  endfacet
  facet normal 0 0 1
    outer loop
      vertex 108.048 166.204 0.2
      vertex 108.12 165.62 0.2
      vertex 108.12 166.19 0.2
    endloop
  endfacet
  facet normal 0 0 1
    outer loop
      vertex 108.048 166.204 0.2
      vertex 108.048 165.606 0.2
      vertex 108.12 165.62 0.2
    endloop
  endfacet
  facet normal 0 0 1
    outer loop
      vertex 108.048 166.204 0.2
      vertex 107.982 165.562 0.2
      vertex 108.048 165.606 0.2
    endloop
  endfacet
  facet normal 0 0 1
    outer loop
      vertex 107.982 166.248 0.2
      vertex 107.982 165.562 0.2
      vertex 108.048 166.204 0.2
    endloop
  endfacet
  facet normal 0 0 1
    outer loop
      vertex 107.939 166.313 0.2
      vertex 107.982 165.562 0.2
      vertex 107.982 166.248 0.2
    endloop
  endfacet
  facet normal 0 0 1
    outer loop
      vertex 107.939 166.313 0.2
      vertex 107.939 165.497 0.2
      vertex 107.982 165.562 0.2
    endloop
  endfacet
  facet normal 0 0 1
    outer loop
      vertex 105.011 166.313 0.2
      vertex 107.925 166.385 0.2
      vertex 105.025 166.385 0.2
    endloop
  endfacet
  facet normal 0 0 1
    outer loop
      vertex 107.925 166.385 0.2
      vertex 105.011 166.313 0.2
      vertex 107.939 166.313 0.2
    endloop
  endfacet
  facet normal -0 0 1
    outer loop
      vertex 109.961 167.583 0.2
      vertex 109.975 166.695 0.2
      vertex 109.975 167.656 0.2
    endloop
  endfacet
  facet normal 0 0 1
    outer loop
      vertex 109.961 167.583 0.2
      vertex 109.961 166.767 0.2
      vertex 109.975 166.695 0.2
    endloop
  endfacet
  facet normal -0 0 1
    outer loop
      vertex 109.917 167.517 0.2
      vertex 109.961 166.767 0.2
      vertex 109.961 167.583 0.2
    endloop
  endfacet
  facet normal 0 0 1
    outer loop
      vertex 109.917 167.517 0.2
      vertex 109.917 166.832 0.2
      vertex 109.961 166.767 0.2
    endloop
  endfacet
  facet normal -0 0 1
    outer loop
      vertex 109.852 167.474 0.2
      vertex 109.917 166.832 0.2
      vertex 109.917 167.517 0.2
    endloop
  endfacet
  facet normal 0 0 1
    outer loop
      vertex 109.852 167.474 0.2
      vertex 109.852 166.875 0.2
      vertex 109.917 166.832 0.2
    endloop
  endfacet
  facet normal -0 0 1
    outer loop
      vertex 109.781 167.46 0.2
      vertex 109.852 166.875 0.2
      vertex 109.852 167.474 0.2
    endloop
  endfacet
  facet normal 0 0 1
    outer loop
      vertex 109.781 167.46 0.2
      vertex 109.781 166.89 0.2
      vertex 109.852 166.875 0.2
    endloop
  endfacet
  facet normal -0 0 1
    outer loop
      vertex 108.12 167.46 0.2
      vertex 109.781 166.89 0.2
      vertex 109.781 167.46 0.2
    endloop
  endfacet
  facet normal 0 0 1
    outer loop
      vertex 108.12 167.46 0.2
      vertex 108.12 166.89 0.2
      vertex 109.781 166.89 0.2
    endloop
  endfacet
  facet normal 0 0 1
    outer loop
      vertex 108.048 167.474 0.2
      vertex 108.12 166.89 0.2
      vertex 108.12 167.46 0.2
    endloop
  endfacet
  facet normal 0 0 1
    outer loop
      vertex 108.048 167.474 0.2
      vertex 108.048 166.875 0.2
      vertex 108.12 166.89 0.2
    endloop
  endfacet
  facet normal 0 0 1
    outer loop
      vertex 107.982 167.518 0.2
      vertex 108.048 166.875 0.2
      vertex 108.048 167.474 0.2
    endloop
  endfacet
  facet normal 0 0 1
    outer loop
      vertex 107.982 167.518 0.2
      vertex 107.982 166.832 0.2
      vertex 108.048 166.875 0.2
    endloop
  endfacet
  facet normal 0 0 1
    outer loop
      vertex 107.982 167.518 0.2
      vertex 107.939 166.767 0.2
      vertex 107.982 166.832 0.2
    endloop
  endfacet
  facet normal 0 0 1
    outer loop
      vertex 107.939 167.583 0.2
      vertex 107.939 166.767 0.2
      vertex 107.982 167.518 0.2
    endloop
  endfacet
  facet normal 0 0 1
    outer loop
      vertex 105.011 167.583 0.2
      vertex 107.925 167.655 0.2
      vertex 105.025 167.656 0.2
    endloop
  endfacet
  facet normal 0 0 1
    outer loop
      vertex 107.925 167.655 0.2
      vertex 105.011 167.583 0.2
      vertex 107.939 167.583 0.2
    endloop
  endfacet
  facet normal 0 0 1
    outer loop
      vertex 109.917 168.103 0.2
      vertex 110.062 170.137 0.2
      vertex 109.965 170.072 0.2
    endloop
  endfacet
  facet normal 0 0 1
    outer loop
      vertex 112.035 170.072 0.2
      vertex 109.961 168.037 0.2
      vertex 109.975 167.965 0.2
    endloop
  endfacet
  facet normal 0 0 1
    outer loop
      vertex 111.938 170.137 0.2
      vertex 109.917 168.103 0.2
      vertex 109.961 168.037 0.2
    endloop
  endfacet
  facet normal 0 0 1
    outer loop
      vertex 109.852 168.146 0.2
      vertex 109.965 170.072 0.2
      vertex 109.855 170.05 0.2
    endloop
  endfacet
  facet normal 0 0 1
    outer loop
      vertex 109.965 170.072 0.2
      vertex 109.852 168.146 0.2
      vertex 109.917 168.103 0.2
    endloop
  endfacet
  facet normal 0 0 1
    outer loop
      vertex 109.855 170.05 0.2
      vertex 109.781 168.16 0.2
      vertex 109.852 168.146 0.2
    endloop
  endfacet
  facet normal -0 0 1
    outer loop
      vertex 109.195 170.05 0.2
      vertex 109.781 168.16 0.2
      vertex 109.855 170.05 0.2
    endloop
  endfacet
  facet normal 0 0 1
    outer loop
      vertex 108.12 168.16 0.2
      vertex 109.195 170.05 0.2
      vertex 109.085 170.072 0.2
    endloop
  endfacet
  facet normal 0 0 1
    outer loop
      vertex 108.12 168.16 0.2
      vertex 109.085 170.072 0.2
      vertex 108.988 170.137 0.2
    endloop
  endfacet
  facet normal 0 0 1
    outer loop
      vertex 108.12 168.16 0.2
      vertex 108.988 170.137 0.2
      vertex 108.922 170.234 0.2
    endloop
  endfacet
  facet normal 0 0 1
    outer loop
      vertex 109.195 170.05 0.2
      vertex 108.12 168.16 0.2
      vertex 109.781 168.16 0.2
    endloop
  endfacet
  facet normal 0 0 1
    outer loop
      vertex 105.078 170.234 0.2
      vertex 108.922 170.234 0.2
      vertex 108.9 170.345 0.2
    endloop
  endfacet
  facet normal 0 0 1
    outer loop
      vertex 132.928 102.465 0.2
      vertex 139.166 103.261 0.2
      vertex 132.928 104.535 0.2
    endloop
  endfacet
  facet normal 0 0 1
    outer loop
      vertex 139.166 103.261 0.2
      vertex 132.928 102.465 0.2
      vertex 132.95 102.355 0.2
    endloop
  endfacet
  facet normal -0 0 1
    outer loop
      vertex 132.863 104.438 0.2
      vertex 132.928 102.465 0.2
      vertex 132.928 104.535 0.2
    endloop
  endfacet
  facet normal 0 0 1
    outer loop
      vertex 132.863 104.438 0.2
      vertex 132.863 102.562 0.2
      vertex 132.928 102.465 0.2
    endloop
  endfacet
  facet normal -0 0 1
    outer loop
      vertex 132.766 104.372 0.2
      vertex 132.863 102.562 0.2
      vertex 132.863 104.438 0.2
    endloop
  endfacet
  facet normal 0 0 1
    outer loop
      vertex 132.766 104.372 0.2
      vertex 132.766 102.628 0.2
      vertex 132.863 102.562 0.2
    endloop
  endfacet
  facet normal -0 0 1
    outer loop
      vertex 132.655 104.35 0.2
      vertex 132.766 102.628 0.2
      vertex 132.766 104.372 0.2
    endloop
  endfacet
  facet normal 0 0 1
    outer loop
      vertex 132.655 104.35 0.2
      vertex 132.655 102.65 0.2
      vertex 132.766 102.628 0.2
    endloop
  endfacet
  facet normal -0 0 1
    outer loop
      vertex 131.345 104.35 0.2
      vertex 132.655 102.65 0.2
      vertex 132.655 104.35 0.2
    endloop
  endfacet
  facet normal 0 0 1
    outer loop
      vertex 131.345 104.35 0.2
      vertex 131.345 102.65 0.2
      vertex 132.655 102.65 0.2
    endloop
  endfacet
  facet normal 0 0 1
    outer loop
      vertex 131.234 104.372 0.2
      vertex 131.345 102.65 0.2
      vertex 131.345 104.35 0.2
    endloop
  endfacet
  facet normal 0 0 1
    outer loop
      vertex 131.234 104.372 0.2
      vertex 131.234 102.628 0.2
      vertex 131.345 102.65 0.2
    endloop
  endfacet
  facet normal 0 0 1
    outer loop
      vertex 131.137 104.438 0.2
      vertex 131.234 102.628 0.2
      vertex 131.234 104.372 0.2
    endloop
  endfacet
  facet normal 0 0 1
    outer loop
      vertex 131.137 104.438 0.2
      vertex 131.137 102.562 0.2
      vertex 131.234 102.628 0.2
    endloop
  endfacet
  facet normal 0 0 1
    outer loop
      vertex 131.072 104.535 0.2
      vertex 131.137 102.562 0.2
      vertex 131.137 104.438 0.2
    endloop
  endfacet
  facet normal 0 0 1
    outer loop
      vertex 131.072 104.535 0.2
      vertex 131.072 102.465 0.2
      vertex 131.137 102.562 0.2
    endloop
  endfacet
  facet normal 0 0 1
    outer loop
      vertex 131.05 104.645 0.2
      vertex 131.072 102.465 0.2
      vertex 131.072 104.535 0.2
    endloop
  endfacet
  facet normal 0 0 1
    outer loop
      vertex 131.072 102.465 0.2
      vertex 131.05 104.645 0.2
      vertex 131.05 102.355 0.2
    endloop
  endfacet
  facet normal -0 0 1
    outer loop
      vertex 132.95 104.645 0.2
      vertex 139.194 103.343 0.2
      vertex 132.95 105.305 0.2
    endloop
  endfacet
  facet normal -0 0 1
    outer loop
      vertex 132.165 171.072 0.2
      vertex 138.954 163.761 0.2
      vertex 132.262 171.137 0.2
    endloop
  endfacet
  facet normal 0 0 1
    outer loop
      vertex 139.194 103.343 0.2
      vertex 132.863 105.512 0.2
      vertex 132.928 105.415 0.2
    endloop
  endfacet
  facet normal -0 0 1
    outer loop
      vertex 132.055 171.05 0.2
      vertex 138.954 163.761 0.2
      vertex 132.165 171.072 0.2
    endloop
  endfacet
  facet normal 0 0 1
    outer loop
      vertex 133.744 174.264 0.2
      vertex 132.35 172.655 0.2
      vertex 132.35 171.345 0.2
    endloop
  endfacet
  facet normal 0 0 1
    outer loop
      vertex 133.744 174.264 0.2
      vertex 132.328 172.766 0.2
      vertex 132.35 172.655 0.2
    endloop
  endfacet
  facet normal 0 0 1
    outer loop
      vertex 133.744 174.264 0.2
      vertex 132.262 172.863 0.2
      vertex 132.328 172.766 0.2
    endloop
  endfacet
  facet normal 0 0 1
    outer loop
      vertex 133.654 174.32 0.2
      vertex 132.165 172.928 0.2
      vertex 132.262 172.863 0.2
    endloop
  endfacet
  facet normal 0 0 1
    outer loop
      vertex 133.654 174.32 0.2
      vertex 132.055 172.95 0.2
      vertex 132.165 172.928 0.2
    endloop
  endfacet
  facet normal 0 0 1
    outer loop
      vertex 133.654 174.32 0.2
      vertex 131.395 172.95 0.2
      vertex 132.055 172.95 0.2
    endloop
  endfacet
  facet normal 0 0 1
    outer loop
      vertex 133.654 174.32 0.2
      vertex 131.285 172.928 0.2
      vertex 131.395 172.95 0.2
    endloop
  endfacet
  facet normal -0 0 1
    outer loop
      vertex 129.4 172.655 0.2
      vertex 131.1 171.345 0.2
      vertex 131.1 172.655 0.2
    endloop
  endfacet
  facet normal 0 0 1
    outer loop
      vertex 129.4 171.345 0.2
      vertex 131.1 171.345 0.2
      vertex 129.4 172.655 0.2
    endloop
  endfacet
  facet normal 0 0 0
    outer loop
      vertex 131.05 105.305 0.2
      vertex 131.05 102.355 0.2
      vertex 131.05 104.645 0.2
    endloop
  endfacet
  facet normal 0 0 0
    outer loop
      vertex 131.05 105.305 0.2
      vertex 131.05 101.695 0.2
      vertex 131.05 102.355 0.2
    endloop
  endfacet
  facet normal 0 0 1
    outer loop
      vertex 136.425 126.331 0.2
      vertex 132.655 105.6 0.2
      vertex 132.766 105.578 0.2
    endloop
  endfacet
  facet normal 0 0 1
    outer loop
      vertex 138.964 163.71 0.2
      vertex 126.81 167.277 0.2
      vertex 136.425 126.331 0.2
    endloop
  endfacet
  facet normal 0 0 1
    outer loop
      vertex 131.122 172.766 0.2
      vertex 129.4 172.655 0.2
      vertex 131.1 172.655 0.2
    endloop
  endfacet
  facet normal 0 0 1
    outer loop
      vertex 129.378 172.766 0.2
      vertex 131.122 172.766 0.2
      vertex 131.188 172.863 0.2
    endloop
  endfacet
  facet normal 0 0 1
    outer loop
      vertex 129.312 172.863 0.2
      vertex 131.188 172.863 0.2
      vertex 131.285 172.928 0.2
    endloop
  endfacet
  facet normal 0 0 1
    outer loop
      vertex 129.215 172.928 0.2
      vertex 131.285 172.928 0.2
      vertex 133.654 174.32 0.2
    endloop
  endfacet
  facet normal 0 0 1
    outer loop
      vertex 131.122 172.766 0.2
      vertex 129.378 172.766 0.2
      vertex 129.4 172.655 0.2
    endloop
  endfacet
  facet normal 0 0 1
    outer loop
      vertex 131.188 172.863 0.2
      vertex 129.312 172.863 0.2
      vertex 129.378 172.766 0.2
    endloop
  endfacet
  facet normal 0 0 1
    outer loop
      vertex 131.285 172.928 0.2
      vertex 129.215 172.928 0.2
      vertex 129.312 172.863 0.2
    endloop
  endfacet
  facet normal 0 0 1
    outer loop
      vertex 133.654 174.32 0.2
      vertex 129.105 172.95 0.2
      vertex 129.215 172.928 0.2
    endloop
  endfacet
  facet normal 0 0 1
    outer loop
      vertex 133.654 174.32 0.2
      vertex 128.445 172.95 0.2
      vertex 129.105 172.95 0.2
    endloop
  endfacet
  facet normal 0 0 1
    outer loop
      vertex 133.654 174.32 0.2
      vertex 128.335 172.928 0.2
      vertex 128.445 172.95 0.2
    endloop
  endfacet
  facet normal 0 0 1
    outer loop
      vertex 125.674 170.664 0.2
      vertex 128.15 171.345 0.2
      vertex 128.15 172.655 0.2
    endloop
  endfacet
  facet normal 0 0 1
    outer loop
      vertex 129.215 171.072 0.2
      vertex 127.207 167.768 0.2
      vertex 127.223 167.69 0.2
    endloop
  endfacet
  facet normal 0 0 1
    outer loop
      vertex 129.105 171.05 0.2
      vertex 127.167 167.829 0.2
      vertex 127.207 167.768 0.2
    endloop
  endfacet
  facet normal 0 0 1
    outer loop
      vertex 125.536 170.72 0.2
      vertex 128.15 172.655 0.2
      vertex 128.172 172.766 0.2
    endloop
  endfacet
  facet normal 0 0 1
    outer loop
      vertex 128.445 171.05 0.2
      vertex 126.569 169.688 0.2
      vertex 126.553 169.611 0.2
    endloop
  endfacet
  facet normal 0 0 1
    outer loop
      vertex 128.335 171.072 0.2
      vertex 126.553 169.766 0.2
      vertex 126.569 169.688 0.2
    endloop
  endfacet
  facet normal 0 0 1
    outer loop
      vertex 128.238 171.137 0.2
      vertex 126.512 169.826 0.2
      vertex 126.553 169.766 0.2
    endloop
  endfacet
  facet normal 0 0 1
    outer loop
      vertex 128.15 171.345 0.2
      vertex 125.674 170.664 0.2
      vertex 126.512 169.826 0.2
    endloop
  endfacet
  facet normal 0 0 1
    outer loop
      vertex 125.46 170.704 0.2
      vertex 128.172 172.766 0.2
      vertex 128.238 172.863 0.2
    endloop
  endfacet
  facet normal 0 0 1
    outer loop
      vertex 128.15 172.655 0.2
      vertex 125.613 170.704 0.2
      vertex 125.674 170.664 0.2
    endloop
  endfacet
  facet normal 0 0 1
    outer loop
      vertex 128.15 172.655 0.2
      vertex 125.536 170.72 0.2
      vertex 125.613 170.704 0.2
    endloop
  endfacet
  facet normal 0 0 1
    outer loop
      vertex 128.172 172.766 0.2
      vertex 125.46 170.704 0.2
      vertex 125.536 170.72 0.2
    endloop
  endfacet
  facet normal -0 0 1
    outer loop
      vertex 113.012 171.863 0.2
      vertex 125.46 170.704 0.2
      vertex 128.238 172.863 0.2
    endloop
  endfacet
  facet normal 0 0 1
    outer loop
      vertex 124.193 169.376 0.2
      vertex 125.124 170.307 0.2
      vertex 125.138 170.384 0.2
    endloop
  endfacet
  facet normal 0 0 1
    outer loop
      vertex 124.116 169.362 0.2
      vertex 125.138 170.384 0.2
      vertex 125.18 170.445 0.2
    endloop
  endfacet
  facet normal 0 0 1
    outer loop
      vertex 125.124 170.307 0.2
      vertex 124.27 169.362 0.2
      vertex 124.331 169.32 0.2
    endloop
  endfacet
  facet normal 0 0 1
    outer loop
      vertex 125.124 170.307 0.2
      vertex 124.193 169.376 0.2
      vertex 124.27 169.362 0.2
    endloop
  endfacet
  facet normal 0 0 1
    outer loop
      vertex 125.138 170.384 0.2
      vertex 124.116 169.362 0.2
      vertex 124.193 169.376 0.2
    endloop
  endfacet
  facet normal 0 0 1
    outer loop
      vertex 125.18 170.445 0.2
      vertex 124.055 169.32 0.2
      vertex 124.116 169.362 0.2
    endloop
  endfacet
  facet normal 0 0 1
    outer loop
      vertex 113.078 171.766 0.2
      vertex 125.18 170.445 0.2
      vertex 125.399 170.664 0.2
    endloop
  endfacet
  facet normal 0 0 1
    outer loop
      vertex 125.18 170.445 0.2
      vertex 113.078 171.766 0.2
      vertex 124.055 169.32 0.2
    endloop
  endfacet
  facet normal -0 0 1
    outer loop
      vertex 113.1 170.345 0.2
      vertex 123.796 169.04 0.2
      vertex 113.1 171.655 0.2
    endloop
  endfacet
  facet normal 0 0 1
    outer loop
      vertex 123.836 169.101 0.2
      vertex 113.1 171.655 0.2
      vertex 123.796 169.04 0.2
    endloop
  endfacet
  facet normal 0 0 1
    outer loop
      vertex 124.055 169.32 0.2
      vertex 113.078 171.766 0.2
      vertex 123.836 169.101 0.2
    endloop
  endfacet
  facet normal 0 0 1
    outer loop
      vertex 125.46 170.704 0.2
      vertex 113.012 171.863 0.2
      vertex 125.399 170.664 0.2
    endloop
  endfacet
  facet normal 0 0 1
    outer loop
      vertex 112.915 171.928 0.2
      vertex 128.238 172.863 0.2
      vertex 128.335 172.928 0.2
    endloop
  endfacet
  facet normal 0 0 1
    outer loop
      vertex 112.805 171.95 0.2
      vertex 128.335 172.928 0.2
      vertex 133.654 174.32 0.2
    endloop
  endfacet
  facet normal 0 0 1
    outer loop
      vertex 123.836 169.101 0.2
      vertex 113.078 171.766 0.2
      vertex 113.1 171.655 0.2
    endloop
  endfacet
  facet normal 0 0 1
    outer loop
      vertex 125.399 170.664 0.2
      vertex 113.012 171.863 0.2
      vertex 113.078 171.766 0.2
    endloop
  endfacet
  facet normal 0 0 1
    outer loop
      vertex 128.238 172.863 0.2
      vertex 112.915 171.928 0.2
      vertex 113.012 171.863 0.2
    endloop
  endfacet
  facet normal 0 0 1
    outer loop
      vertex 128.335 172.928 0.2
      vertex 112.805 171.95 0.2
      vertex 112.915 171.928 0.2
    endloop
  endfacet
  facet normal -0 0 1
    outer loop
      vertex 96.3457 174.32 0.2
      vertex 112.805 171.95 0.2
      vertex 133.654 174.32 0.2
    endloop
  endfacet
  facet normal 0 0 1
    outer loop
      vertex 110.15 170.345 0.2
      vertex 111.85 170.345 0.2
      vertex 111.85 171.655 0.2
    endloop
  endfacet
  facet normal 0 -0 1
    outer loop
      vertex 131.072 105.415 0.2
      vertex 136.425 126.331 0.2
      vertex 108.048 163.664 0.2
    endloop
  endfacet
  facet normal 0 0 1
    outer loop
      vertex 110.15 170.345 0.2
      vertex 111.85 171.655 0.2
      vertex 110.15 171.655 0.2
    endloop
  endfacet
  facet normal 0 0 1
    outer loop
      vertex 111.872 171.766 0.2
      vertex 110.15 171.655 0.2
      vertex 111.85 171.655 0.2
    endloop
  endfacet
  facet normal 0 0 1
    outer loop
      vertex 110.128 171.766 0.2
      vertex 111.872 171.766 0.2
      vertex 111.938 171.863 0.2
    endloop
  endfacet
  facet normal 0 0 1
    outer loop
      vertex 110.062 171.863 0.2
      vertex 111.938 171.863 0.2
      vertex 112.035 171.928 0.2
    endloop
  endfacet
  facet normal 0 0 1
    outer loop
      vertex 109.965 171.928 0.2
      vertex 112.035 171.928 0.2
      vertex 112.145 171.95 0.2
    endloop
  endfacet
  facet normal 0 0 1
    outer loop
      vertex 111.872 171.766 0.2
      vertex 110.128 171.766 0.2
      vertex 110.15 171.655 0.2
    endloop
  endfacet
  facet normal 0 0 1
    outer loop
      vertex 112.805 171.95 0.2
      vertex 96.3457 174.32 0.2
      vertex 112.145 171.95 0.2
    endloop
  endfacet
  facet normal 0 0 1
    outer loop
      vertex 111.938 171.863 0.2
      vertex 110.062 171.863 0.2
      vertex 110.128 171.766 0.2
    endloop
  endfacet
  facet normal 0 0 1
    outer loop
      vertex 112.035 171.928 0.2
      vertex 109.965 171.928 0.2
      vertex 110.062 171.863 0.2
    endloop
  endfacet
  facet normal 0 0 1
    outer loop
      vertex 112.145 171.95 0.2
      vertex 109.855 171.95 0.2
      vertex 109.965 171.928 0.2
    endloop
  endfacet
  facet normal 0 0 1
    outer loop
      vertex 112.145 171.95 0.2
      vertex 96.3457 174.32 0.2
      vertex 109.855 171.95 0.2
    endloop
  endfacet
  facet normal 0 0 1
    outer loop
      vertex 105.1 170.345 0.2
      vertex 108.9 170.345 0.2
      vertex 108.9 171.655 0.2
    endloop
  endfacet
  facet normal 0 0 1
    outer loop
      vertex 105.1 171.655 0.2
      vertex 108.9 171.655 0.2
      vertex 108.922 171.766 0.2
    endloop
  endfacet
  facet normal 0 0 1
    outer loop
      vertex 108.922 170.234 0.2
      vertex 108.048 168.146 0.2
      vertex 108.12 168.16 0.2
    endloop
  endfacet
  facet normal 0 0 1
    outer loop
      vertex 105.078 170.234 0.2
      vertex 108.9 170.345 0.2
      vertex 105.1 170.345 0.2
    endloop
  endfacet
  facet normal 0 0 1
    outer loop
      vertex 108.922 170.234 0.2
      vertex 105.078 170.234 0.2
      vertex 108.048 168.146 0.2
    endloop
  endfacet
  facet normal -0 0 1
    outer loop
      vertex 105.025 167.656 0.2
      vertex 107.925 167.655 0.2
      vertex 107.925 167.965 0.2
    endloop
  endfacet
  facet normal 0 0 1
    outer loop
      vertex 107.939 167.583 0.2
      vertex 105.011 167.583 0.2
      vertex 107.939 166.767 0.2
    endloop
  endfacet
  facet normal 0 0 1
    outer loop
      vertex 107.925 166.696 0.2
      vertex 105.025 166.695 0.2
      vertex 107.925 166.385 0.2
    endloop
  endfacet
  facet normal 0 0 1
    outer loop
      vertex 105.025 166.385 0.2
      vertex 107.925 166.385 0.2
      vertex 105.025 166.695 0.2
    endloop
  endfacet
  facet normal -0 0 1
    outer loop
      vertex 105.011 165.497 0.2
      vertex 107.925 165.425 0.2
      vertex 107.939 165.497 0.2
    endloop
  endfacet
  facet normal 0 0 1
    outer loop
      vertex 107.925 165.425 0.2
      vertex 105.025 165.425 0.2
      vertex 107.925 165.115 0.2
    endloop
  endfacet
  facet normal 0 0 1
    outer loop
      vertex 107.939 165.043 0.2
      vertex 105.011 165.043 0.2
      vertex 107.939 164.227 0.2
    endloop
  endfacet
  facet normal 0 0 1
    outer loop
      vertex 107.925 163.844 0.2
      vertex 105.355 88.9017 0.2
      vertex 105.455 74.5963 0.2
    endloop
  endfacet
  facet normal 0 0 1
    outer loop
      vertex 107.925 163.844 0.2
      vertex 105.334 89.29 0.2
      vertex 105.355 88.9017 0.2
    endloop
  endfacet
  facet normal 0 0 1
    outer loop
      vertex 107.925 163.844 0.2
      vertex 105.272 89.6699 0.2
      vertex 105.334 89.29 0.2
    endloop
  endfacet
  facet normal 0 0 1
    outer loop
      vertex 107.925 163.844 0.2
      vertex 105.169 90.0413 0.2
      vertex 105.272 89.6699 0.2
    endloop
  endfacet
  facet normal -0 0 1
    outer loop
      vertex 105.012 170.137 0.2
      vertex 107.982 168.102 0.2
      vertex 105.078 170.234 0.2
    endloop
  endfacet
  facet normal 0 0 1
    outer loop
      vertex 108.048 168.146 0.2
      vertex 105.078 170.234 0.2
      vertex 107.982 168.102 0.2
    endloop
  endfacet
  facet normal 0 0 1
    outer loop
      vertex 108.9 171.655 0.2
      vertex 105.1 171.655 0.2
      vertex 105.1 170.345 0.2
    endloop
  endfacet
  facet normal 0 0 1
    outer loop
      vertex 105.078 171.766 0.2
      vertex 108.922 171.766 0.2
      vertex 108.988 171.863 0.2
    endloop
  endfacet
  facet normal 0 0 1
    outer loop
      vertex 105.012 171.863 0.2
      vertex 108.988 171.863 0.2
      vertex 109.085 171.928 0.2
    endloop
  endfacet
  facet normal 0 0 1
    outer loop
      vertex 104.915 171.928 0.2
      vertex 109.085 171.928 0.2
      vertex 109.195 171.95 0.2
    endloop
  endfacet
  facet normal 0 0 1
    outer loop
      vertex 109.855 171.95 0.2
      vertex 96.3457 174.32 0.2
      vertex 109.195 171.95 0.2
    endloop
  endfacet
  facet normal 0 0 1
    outer loop
      vertex 108.922 171.766 0.2
      vertex 105.078 171.766 0.2
      vertex 105.1 171.655 0.2
    endloop
  endfacet
  facet normal 0 0 1
    outer loop
      vertex 108.988 171.863 0.2
      vertex 105.012 171.863 0.2
      vertex 105.078 171.766 0.2
    endloop
  endfacet
  facet normal 0 0 1
    outer loop
      vertex 109.085 171.928 0.2
      vertex 104.915 171.928 0.2
      vertex 105.012 171.863 0.2
    endloop
  endfacet
  facet normal 0 0 1
    outer loop
      vertex 109.195 171.95 0.2
      vertex 104.805 171.95 0.2
      vertex 104.915 171.928 0.2
    endloop
  endfacet
  facet normal 0 0 1
    outer loop
      vertex 109.195 171.95 0.2
      vertex 96.3457 174.32 0.2
      vertex 104.805 171.95 0.2
    endloop
  endfacet
  facet normal 0 0 1
    outer loop
      vertex 102.15 170.345 0.2
      vertex 103.85 170.345 0.2
      vertex 103.85 171.655 0.2
    endloop
  endfacet
  facet normal 0 0 1
    outer loop
      vertex 102.15 171.655 0.2
      vertex 103.85 171.655 0.2
      vertex 103.872 171.766 0.2
    endloop
  endfacet
  facet normal 0 0 1
    outer loop
      vertex 102.062 170.137 0.2
      vertex 103.85 170.345 0.2
      vertex 102.128 170.234 0.2
    endloop
  endfacet
  facet normal 0 0 1
    outer loop
      vertex 103.85 170.345 0.2
      vertex 102.062 170.137 0.2
      vertex 103.17 168.16 0.2
    endloop
  endfacet
  facet normal 0 0 1
    outer loop
      vertex 103.17 168.16 0.2
      vertex 102.062 170.137 0.2
      vertex 103.097 168.146 0.2
    endloop
  endfacet
  facet normal 0 0 1
    outer loop
      vertex 101.085 170.072 0.2
      vertex 102.975 167.656 0.2
      vertex 102.975 167.965 0.2
    endloop
  endfacet
  facet normal 0 0 1
    outer loop
      vertex 102.975 167.656 0.2
      vertex 101.085 170.072 0.2
      vertex 102.975 166.695 0.2
    endloop
  endfacet
  facet normal 0 0 1
    outer loop
      vertex 102.975 166.695 0.2
      vertex 101.085 170.072 0.2
      vertex 102.975 166.385 0.2
    endloop
  endfacet
  facet normal 0 0 1
    outer loop
      vertex 100.988 170.137 0.2
      vertex 102.975 166.385 0.2
      vertex 101.085 170.072 0.2
    endloop
  endfacet
  facet normal 0 0 1
    outer loop
      vertex 102.975 166.385 0.2
      vertex 100.988 170.137 0.2
      vertex 102.975 165.425 0.2
    endloop
  endfacet
  facet normal 0 0 1
    outer loop
      vertex 102.975 165.425 0.2
      vertex 100.988 170.137 0.2
      vertex 102.975 165.115 0.2
    endloop
  endfacet
  facet normal 0 0 1
    outer loop
      vertex 102.975 165.115 0.2
      vertex 100.988 170.137 0.2
      vertex 102.975 164.155 0.2
    endloop
  endfacet
  facet normal 0 0 1
    outer loop
      vertex 102.975 163.845 0.2
      vertex 102.371 92.4168 0.2
      vertex 102.749 92.3341 0.2
    endloop
  endfacet
  facet normal -0 0 1
    outer loop
      vertex 101.965 170.072 0.2
      vertex 103.097 168.146 0.2
      vertex 102.062 170.137 0.2
    endloop
  endfacet
  facet normal 0 0 1
    outer loop
      vertex 103.85 170.345 0.2
      vertex 102.15 170.345 0.2
      vertex 102.128 170.234 0.2
    endloop
  endfacet
  facet normal 0 0 1
    outer loop
      vertex 103.85 171.655 0.2
      vertex 102.15 171.655 0.2
      vertex 102.15 170.345 0.2
    endloop
  endfacet
  facet normal 0 0 1
    outer loop
      vertex 102.128 171.766 0.2
      vertex 103.872 171.766 0.2
      vertex 103.938 171.863 0.2
    endloop
  endfacet
  facet normal 0 0 1
    outer loop
      vertex 102.062 171.863 0.2
      vertex 103.938 171.863 0.2
      vertex 104.035 171.928 0.2
    endloop
  endfacet
  facet normal 0 0 1
    outer loop
      vertex 101.965 171.928 0.2
      vertex 104.035 171.928 0.2
      vertex 104.145 171.95 0.2
    endloop
  endfacet
  facet normal 0 0 1
    outer loop
      vertex 103.872 171.766 0.2
      vertex 102.128 171.766 0.2
      vertex 102.15 171.655 0.2
    endloop
  endfacet
  facet normal 0 0 1
    outer loop
      vertex 103.938 171.863 0.2
      vertex 102.062 171.863 0.2
      vertex 102.128 171.766 0.2
    endloop
  endfacet
  facet normal 0 0 1
    outer loop
      vertex 104.805 171.95 0.2
      vertex 96.3457 174.32 0.2
      vertex 104.145 171.95 0.2
    endloop
  endfacet
  facet normal 0 0 1
    outer loop
      vertex 104.035 171.928 0.2
      vertex 101.965 171.928 0.2
      vertex 102.062 171.863 0.2
    endloop
  endfacet
  facet normal 0 -0 1
    outer loop
      vertex 101.855 171.95 0.2
      vertex 104.145 171.95 0.2
      vertex 96.3457 174.32 0.2
    endloop
  endfacet
  facet normal 0 0 1
    outer loop
      vertex 104.145 171.95 0.2
      vertex 101.855 171.95 0.2
      vertex 101.965 171.928 0.2
    endloop
  endfacet
  facet normal 0 0 1
    outer loop
      vertex 96.2561 174.264 0.2
      vertex 100.9 170.345 0.2
      vertex 100.9 171.655 0.2
    endloop
  endfacet
  facet normal 0 0 1
    outer loop
      vertex 100.9 170.345 0.2
      vertex 93.5754 126.331 0.2
      vertex 100.844 92.3341 0.2
    endloop
  endfacet
  facet normal 0 0 1
    outer loop
      vertex 100.844 92.3341 0.2
      vertex 93.5754 126.331 0.2
      vertex 100.478 92.2116 0.2
    endloop
  endfacet
  facet normal 0 0 1
    outer loop
      vertex 100.478 92.2116 0.2
      vertex 93.5754 126.331 0.2
      vertex 100.129 92.0492 0.2
    endloop
  endfacet
  facet normal 0 0 1
    outer loop
      vertex 100.129 92.0492 0.2
      vertex 93.5754 126.331 0.2
      vertex 99.7983 91.8507 0.2
    endloop
  endfacet
  facet normal 0 0 1
    outer loop
      vertex 99.7983 91.8507 0.2
      vertex 93.5754 126.331 0.2
      vertex 99.4917 91.6181 0.2
    endloop
  endfacet
  facet normal 0 0 1
    outer loop
      vertex 99.4917 91.6181 0.2
      vertex 93.5754 126.331 0.2
      vertex 99.2124 91.3521 0.2
    endloop
  endfacet
  facet normal 0 0 1
    outer loop
      vertex 99.2124 91.3521 0.2
      vertex 93.5754 126.331 0.2
      vertex 98.9625 91.0584 0.2
    endloop
  endfacet
  facet normal 0 0 1
    outer loop
      vertex 98.9625 91.0584 0.2
      vertex 93.5754 126.331 0.2
      vertex 98.7459 90.7393 0.2
    endloop
  endfacet
  facet normal 0 0 1
    outer loop
      vertex 88.0345 80.3459 0.2
      vertex 98.7459 90.7393 0.2
      vertex 93.5754 126.331 0.2
    endloop
  endfacet
  facet normal 0 0 1
    outer loop
      vertex 98.7459 90.7393 0.2
      vertex 88.0345 80.3459 0.2
      vertex 98.5655 90.3993 0.2
    endloop
  endfacet
  facet normal 0 0 1
    outer loop
      vertex 98.5655 90.3993 0.2
      vertex 88.0345 80.3459 0.2
      vertex 98.423 90.0413 0.2
    endloop
  endfacet
  facet normal 0 0 1
    outer loop
      vertex 98.423 90.0413 0.2
      vertex 88.0345 80.3459 0.2
      vertex 98.3195 89.6699 0.2
    endloop
  endfacet
  facet normal 0 0 1
    outer loop
      vertex 96.3234 74.6137 0.2
      vertex 98.2367 74.6963 0.2
      vertex 98.2367 88.9017 0.2
    endloop
  endfacet
  facet normal 0 -0 1
    outer loop
      vertex 96.3799 74.5963 0.2
      vertex 98.2367 74.6963 0.2
      vertex 96.3234 74.6137 0.2
    endloop
  endfacet
  facet normal 0 0 1
    outer loop
      vertex 98.3195 89.6699 0.2
      vertex 88.0345 80.3459 0.2
      vertex 98.2578 89.29 0.2
    endloop
  endfacet
  facet normal 0 0 1
    outer loop
      vertex 101.855 171.95 0.2
      vertex 96.3457 174.32 0.2
      vertex 101.195 171.95 0.2
    endloop
  endfacet
  facet normal 0 0 1
    outer loop
      vertex 96.3457 174.32 0.2
      vertex 101.085 171.928 0.2
      vertex 101.195 171.95 0.2
    endloop
  endfacet
  facet normal 0 0 1
    outer loop
      vertex 96.3457 174.32 0.2
      vertex 100.988 171.863 0.2
      vertex 101.085 171.928 0.2
    endloop
  endfacet
  facet normal 0 0 1
    outer loop
      vertex 96.3457 174.32 0.2
      vertex 100.922 171.766 0.2
      vertex 100.988 171.863 0.2
    endloop
  endfacet
  facet normal 0 0 1
    outer loop
      vertex 96.3457 174.32 0.2
      vertex 100.9 171.655 0.2
      vertex 100.922 171.766 0.2
    endloop
  endfacet
  facet normal -0 0 1
    outer loop
      vertex 96.2561 174.264 0.2
      vertex 100.9 171.655 0.2
      vertex 96.3457 174.32 0.2
    endloop
  endfacet
  facet normal 0 0 1
    outer loop
      vertex 98.2578 89.29 0.2
      vertex 88.0345 80.3459 0.2
      vertex 98.2367 88.9017 0.2
    endloop
  endfacet
  facet normal 0 0 1
    outer loop
      vertex 91.0462 163.761 0.2
      vertex 100.9 170.345 0.2
      vertex 96.2561 174.264 0.2
    endloop
  endfacet
  facet normal 0 -0 1
    outer loop
      vertex 88.0773 80.2514 0.2
      vertex 98.2367 88.9017 0.2
      vertex 88.0345 80.3459 0.2
    endloop
  endfacet
  facet normal 0 0 1
    outer loop
      vertex 98.2367 74.6963 0.2
      vertex 96.3799 74.5963 0.2
      vertex 98.1367 74.5963 0.2
    endloop
  endfacet
  facet normal 0 0 1
    outer loop
      vertex 98.2367 88.9017 0.2
      vertex 88.0773 80.2514 0.2
      vertex 96.3234 74.6137 0.2
    endloop
  endfacet
  facet normal 0 0 1
    outer loop
      vertex 138.954 163.761 0.2
      vertex 132.35 171.345 0.2
      vertex 132.328 171.234 0.2
    endloop
  endfacet
  facet normal 0 0 1
    outer loop
      vertex 136.425 126.331 0.2
      vertex 132.766 105.578 0.2
      vertex 132.863 105.512 0.2
    endloop
  endfacet
  facet normal 0 0 1
    outer loop
      vertex 138.964 163.71 0.2
      vertex 126.947 167.333 0.2
      vertex 126.887 167.293 0.2
    endloop
  endfacet
  facet normal 0 0 1
    outer loop
      vertex 138.954 163.761 0.2
      vertex 127.207 167.613 0.2
      vertex 127.167 167.553 0.2
    endloop
  endfacet
  facet normal 0 0 1
    outer loop
      vertex 138.954 163.761 0.2
      vertex 132.055 171.05 0.2
      vertex 127.207 167.613 0.2
    endloop
  endfacet
  facet normal 0 0 1
    outer loop
      vertex 127.207 167.613 0.2
      vertex 132.055 171.05 0.2
      vertex 131.395 171.05 0.2
    endloop
  endfacet
  facet normal 0 0 1
    outer loop
      vertex 138.954 163.761 0.2
      vertex 127.167 167.553 0.2
      vertex 126.947 167.333 0.2
    endloop
  endfacet
  facet normal 0 0 1
    outer loop
      vertex 131.188 171.137 0.2
      vertex 129.378 171.234 0.2
      vertex 131.285 171.072 0.2
    endloop
  endfacet
  facet normal 0 0 1
    outer loop
      vertex 127.207 167.613 0.2
      vertex 131.285 171.072 0.2
      vertex 129.378 171.234 0.2
    endloop
  endfacet
  facet normal 0 0 1
    outer loop
      vertex 131.122 171.234 0.2
      vertex 129.378 171.234 0.2
      vertex 131.188 171.137 0.2
    endloop
  endfacet
  facet normal 0 0 1
    outer loop
      vertex 131.285 171.072 0.2
      vertex 127.207 167.613 0.2
      vertex 131.395 171.05 0.2
    endloop
  endfacet
  facet normal 0 0 1
    outer loop
      vertex 129.378 171.234 0.2
      vertex 131.122 171.234 0.2
      vertex 129.4 171.345 0.2
    endloop
  endfacet
  facet normal -0 0 1
    outer loop
      vertex 129.4 171.345 0.2
      vertex 131.122 171.234 0.2
      vertex 131.1 171.345 0.2
    endloop
  endfacet
  facet normal 0 0 1
    outer loop
      vertex 138.964 163.71 0.2
      vertex 126.887 167.293 0.2
      vertex 126.81 167.277 0.2
    endloop
  endfacet
  facet normal 0 0 1
    outer loop
      vertex 128.445 171.05 0.2
      vertex 126.553 169.611 0.2
      vertex 127.167 167.829 0.2
    endloop
  endfacet
  facet normal -0 0 1
    outer loop
      vertex 126.513 169.55 0.2
      vertex 127.167 167.829 0.2
      vertex 126.553 169.611 0.2
    endloop
  endfacet
  facet normal 0 0 1
    outer loop
      vertex 126.513 169.55 0.2
      vertex 126.329 168.667 0.2
      vertex 127.167 167.829 0.2
    endloop
  endfacet
  facet normal -0 0 1
    outer loop
      vertex 126.293 169.331 0.2
      vertex 126.329 168.667 0.2
      vertex 126.513 169.55 0.2
    endloop
  endfacet
  facet normal 0 0 1
    outer loop
      vertex 126.293 169.331 0.2
      vertex 126.268 168.707 0.2
      vertex 126.329 168.667 0.2
    endloop
  endfacet
  facet normal -0 0 1
    outer loop
      vertex 126.232 169.291 0.2
      vertex 126.268 168.707 0.2
      vertex 126.293 169.331 0.2
    endloop
  endfacet
  facet normal 0 0 1
    outer loop
      vertex 126.232 169.291 0.2
      vertex 126.19 168.723 0.2
      vertex 126.268 168.707 0.2
    endloop
  endfacet
  facet normal -0 0 1
    outer loop
      vertex 126.155 169.275 0.2
      vertex 126.19 168.723 0.2
      vertex 126.232 169.291 0.2
    endloop
  endfacet
  facet normal 0 0 1
    outer loop
      vertex 126.155 169.275 0.2
      vertex 126.113 168.707 0.2
      vertex 126.19 168.723 0.2
    endloop
  endfacet
  facet normal 0 0 1
    outer loop
      vertex 126.078 169.291 0.2
      vertex 126.113 168.707 0.2
      vertex 126.155 169.275 0.2
    endloop
  endfacet
  facet normal 0 0 1
    outer loop
      vertex 126.078 169.291 0.2
      vertex 126.053 168.667 0.2
      vertex 126.113 168.707 0.2
    endloop
  endfacet
  facet normal 0 0 1
    outer loop
      vertex 126.017 169.331 0.2
      vertex 126.053 168.667 0.2
      vertex 126.078 169.291 0.2
    endloop
  endfacet
  facet normal 0 0 1
    outer loop
      vertex 126.017 169.331 0.2
      vertex 125.833 168.447 0.2
      vertex 126.053 168.667 0.2
    endloop
  endfacet
  facet normal -0 0 1
    outer loop
      vertex 125.169 168.483 0.2
      vertex 125.833 168.447 0.2
      vertex 126.017 169.331 0.2
    endloop
  endfacet
  facet normal 0 0 1
    outer loop
      vertex 125.793 168.387 0.2
      vertex 125.225 168.345 0.2
      vertex 125.777 168.31 0.2
    endloop
  endfacet
  facet normal 0 -0 1
    outer loop
      vertex 125.209 168.422 0.2
      vertex 125.833 168.447 0.2
      vertex 125.169 168.483 0.2
    endloop
  endfacet
  facet normal 0 0 1
    outer loop
      vertex 125.793 168.387 0.2
      vertex 125.209 168.422 0.2
      vertex 125.225 168.345 0.2
    endloop
  endfacet
  facet normal 0 0 1
    outer loop
      vertex 125.169 168.483 0.2
      vertex 126.017 169.331 0.2
      vertex 125.18 170.169 0.2
    endloop
  endfacet
  facet normal 0 0 1
    outer loop
      vertex 125.833 168.447 0.2
      vertex 125.209 168.422 0.2
      vertex 125.793 168.387 0.2
    endloop
  endfacet
  facet normal 0 0 1
    outer loop
      vertex 124.331 169.32 0.2
      vertex 125.18 170.169 0.2
      vertex 125.138 170.23 0.2
    endloop
  endfacet
  facet normal 0 0 1
    outer loop
      vertex 124.331 169.32 0.2
      vertex 125.138 170.23 0.2
      vertex 125.124 170.307 0.2
    endloop
  endfacet
  facet normal 0 0 1
    outer loop
      vertex 125.18 170.169 0.2
      vertex 124.331 169.32 0.2
      vertex 125.169 168.483 0.2
    endloop
  endfacet
  facet normal 0 0 1
    outer loop
      vertex 111.85 170.345 0.2
      vertex 110.15 170.345 0.2
      vertex 110.128 170.234 0.2
    endloop
  endfacet
  facet normal 0 0 1
    outer loop
      vertex 111.872 170.234 0.2
      vertex 110.128 170.234 0.2
      vertex 110.062 170.137 0.2
    endloop
  endfacet
  facet normal 0 0 1
    outer loop
      vertex 111.938 170.137 0.2
      vertex 110.062 170.137 0.2
      vertex 109.917 168.103 0.2
    endloop
  endfacet
  facet normal 0 0 1
    outer loop
      vertex 112.145 170.05 0.2
      vertex 109.975 167.965 0.2
      vertex 109.975 167.656 0.2
    endloop
  endfacet
  facet normal 0 0 1
    outer loop
      vertex 112.805 170.05 0.2
      vertex 109.975 167.656 0.2
      vertex 109.975 166.695 0.2
    endloop
  endfacet
  facet normal 0 0 1
    outer loop
      vertex 112.805 170.05 0.2
      vertex 109.975 166.695 0.2
      vertex 109.975 166.385 0.2
    endloop
  endfacet
  facet normal 0 0 1
    outer loop
      vertex 112.915 170.072 0.2
      vertex 109.975 166.385 0.2
      vertex 109.975 165.425 0.2
    endloop
  endfacet
  facet normal 0 0 1
    outer loop
      vertex 112.915 170.072 0.2
      vertex 109.975 165.425 0.2
      vertex 109.975 165.115 0.2
    endloop
  endfacet
  facet normal 0 0 1
    outer loop
      vertex 112.915 170.072 0.2
      vertex 109.975 165.115 0.2
      vertex 109.975 164.155 0.2
    endloop
  endfacet
  facet normal 0 0 1
    outer loop
      vertex 113.012 170.137 0.2
      vertex 109.975 164.155 0.2
      vertex 109.975 163.845 0.2
    endloop
  endfacet
  facet normal 0 0 1
    outer loop
      vertex 124.674 167.988 0.2
      vertex 109.975 163.845 0.2
      vertex 109.961 163.773 0.2
    endloop
  endfacet
  facet normal 0 0 1
    outer loop
      vertex 136.425 126.331 0.2
      vertex 131.072 105.415 0.2
      vertex 131.137 105.512 0.2
    endloop
  endfacet
  facet normal 0 0 1
    outer loop
      vertex 105.455 74.5963 0.2
      vertex 131.072 105.415 0.2
      vertex 108.048 163.664 0.2
    endloop
  endfacet
  facet normal 0 0 1
    outer loop
      vertex 131.072 105.415 0.2
      vertex 105.455 74.5963 0.2
      vertex 131.05 105.305 0.2
    endloop
  endfacet
  facet normal 0 0 1
    outer loop
      vertex 131.05 105.305 0.2
      vertex 105.455 74.5963 0.2
      vertex 131.05 101.695 0.2
    endloop
  endfacet
  facet normal 0 0 1
    outer loop
      vertex 131.05 101.695 0.2
      vertex 111.049 74.6262 0.2
      vertex 131.072 101.585 0.2
    endloop
  endfacet
  facet normal 0 -0 1
    outer loop
      vertex 111.049 74.6262 0.2
      vertex 131.05 101.695 0.2
      vertex 105.455 74.5963 0.2
    endloop
  endfacet
  facet normal 0 0 1
    outer loop
      vertex 105.455 74.5963 0.2
      vertex 108.048 163.664 0.2
      vertex 107.982 163.708 0.2
    endloop
  endfacet
  facet normal 0 0 1
    outer loop
      vertex 105.455 74.5963 0.2
      vertex 107.982 163.708 0.2
      vertex 107.939 163.773 0.2
    endloop
  endfacet
  facet normal 0 0 1
    outer loop
      vertex 105.455 74.5963 0.2
      vertex 107.939 163.773 0.2
      vertex 107.925 163.844 0.2
    endloop
  endfacet
  facet normal 0 0 1
    outer loop
      vertex 111.049 74.6262 0.2
      vertex 105.455 74.5963 0.2
      vertex 110.978 74.5963 0.2
    endloop
  endfacet
  facet normal 0 0 1
    outer loop
      vertex 105.455 74.5963 0.2
      vertex 105.355 88.9017 0.2
      vertex 105.355 74.6963 0.2
    endloop
  endfacet
  facet normal 0 0 1
    outer loop
      vertex 105.011 168.037 0.2
      vertex 107.982 168.102 0.2
      vertex 105.012 170.137 0.2
    endloop
  endfacet
  facet normal 0 0 1
    outer loop
      vertex 107.982 168.102 0.2
      vertex 105.011 168.037 0.2
      vertex 107.939 168.037 0.2
    endloop
  endfacet
  facet normal 0 0 1
    outer loop
      vertex 107.925 164.156 0.2
      vertex 105.025 164.155 0.2
      vertex 107.925 163.844 0.2
    endloop
  endfacet
  facet normal 0 0 1
    outer loop
      vertex 107.925 167.965 0.2
      vertex 105.025 167.965 0.2
      vertex 105.025 167.656 0.2
    endloop
  endfacet
  facet normal 0 0 1
    outer loop
      vertex 107.939 168.037 0.2
      vertex 105.011 168.037 0.2
      vertex 107.925 167.965 0.2
    endloop
  endfacet
  facet normal 0 0 1
    outer loop
      vertex 107.925 167.965 0.2
      vertex 105.011 168.037 0.2
      vertex 105.025 167.965 0.2
    endloop
  endfacet
  facet normal 0 0 1
    outer loop
      vertex 105.012 170.137 0.2
      vertex 104.967 168.102 0.2
      vertex 105.011 168.037 0.2
    endloop
  endfacet
  facet normal -0 0 1
    outer loop
      vertex 104.915 170.072 0.2
      vertex 104.967 168.102 0.2
      vertex 105.012 170.137 0.2
    endloop
  endfacet
  facet normal 0 0 1
    outer loop
      vertex 104.915 170.072 0.2
      vertex 104.903 168.146 0.2
      vertex 104.967 168.102 0.2
    endloop
  endfacet
  facet normal 0 0 1
    outer loop
      vertex 104.915 170.072 0.2
      vertex 104.83 168.16 0.2
      vertex 104.903 168.146 0.2
    endloop
  endfacet
  facet normal -0 0 1
    outer loop
      vertex 104.805 170.05 0.2
      vertex 104.83 168.16 0.2
      vertex 104.915 170.072 0.2
    endloop
  endfacet
  facet normal -0 0 1
    outer loop
      vertex 104.145 170.05 0.2
      vertex 104.83 168.16 0.2
      vertex 104.805 170.05 0.2
    endloop
  endfacet
  facet normal 0 0 1
    outer loop
      vertex 103.17 168.16 0.2
      vertex 104.145 170.05 0.2
      vertex 104.035 170.072 0.2
    endloop
  endfacet
  facet normal 0 0 1
    outer loop
      vertex 103.17 168.16 0.2
      vertex 104.035 170.072 0.2
      vertex 103.938 170.137 0.2
    endloop
  endfacet
  facet normal 0 0 1
    outer loop
      vertex 103.17 168.16 0.2
      vertex 103.938 170.137 0.2
      vertex 103.872 170.234 0.2
    endloop
  endfacet
  facet normal 0 0 1
    outer loop
      vertex 104.145 170.05 0.2
      vertex 103.17 168.16 0.2
      vertex 104.83 168.16 0.2
    endloop
  endfacet
  facet normal 0 0 1
    outer loop
      vertex 103.17 168.16 0.2
      vertex 103.872 170.234 0.2
      vertex 103.85 170.345 0.2
    endloop
  endfacet
  facet normal 0 0 1
    outer loop
      vertex 107.939 166.767 0.2
      vertex 105.025 166.695 0.2
      vertex 107.925 166.696 0.2
    endloop
  endfacet
  facet normal 0 0 1
    outer loop
      vertex 107.939 166.313 0.2
      vertex 105.011 166.313 0.2
      vertex 107.939 165.497 0.2
    endloop
  endfacet
  facet normal 0 0 1
    outer loop
      vertex 105.025 165.115 0.2
      vertex 107.925 165.115 0.2
      vertex 105.025 165.425 0.2
    endloop
  endfacet
  facet normal 0 0 1
    outer loop
      vertex 107.939 164.227 0.2
      vertex 105.025 164.155 0.2
      vertex 107.925 164.156 0.2
    endloop
  endfacet
  facet normal 0 0 1
    outer loop
      vertex 107.925 163.844 0.2
      vertex 105.025 164.155 0.2
      vertex 105.025 163.845 0.2
    endloop
  endfacet
  facet normal 0 0 1
    outer loop
      vertex 107.925 163.844 0.2
      vertex 105.025 163.845 0.2
      vertex 105.011 163.773 0.2
    endloop
  endfacet
  facet normal 0 0 1
    outer loop
      vertex 104.967 163.708 0.2
      vertex 107.925 163.844 0.2
      vertex 105.011 163.773 0.2
    endloop
  endfacet
  facet normal 0 0 1
    outer loop
      vertex 107.925 163.844 0.2
      vertex 105.026 90.3993 0.2
      vertex 105.169 90.0413 0.2
    endloop
  endfacet
  facet normal 0 0 1
    outer loop
      vertex 104.903 163.664 0.2
      vertex 107.925 163.844 0.2
      vertex 104.967 163.708 0.2
    endloop
  endfacet
  facet normal 0 0 1
    outer loop
      vertex 104.83 163.65 0.2
      vertex 107.925 163.844 0.2
      vertex 104.903 163.664 0.2
    endloop
  endfacet
  facet normal 0 0 1
    outer loop
      vertex 107.925 163.844 0.2
      vertex 104.846 90.7393 0.2
      vertex 105.026 90.3993 0.2
    endloop
  endfacet
  facet normal 0 0 1
    outer loop
      vertex 107.925 163.844 0.2
      vertex 104.83 163.65 0.2
      vertex 102.749 92.3341 0.2
    endloop
  endfacet
  facet normal 0 0 1
    outer loop
      vertex 107.925 163.844 0.2
      vertex 104.629 91.0586 0.2
      vertex 104.846 90.7393 0.2
    endloop
  endfacet
  facet normal 0 0 1
    outer loop
      vertex 107.925 163.844 0.2
      vertex 104.38 91.3521 0.2
      vertex 104.629 91.0586 0.2
    endloop
  endfacet
  facet normal 0 0 1
    outer loop
      vertex 107.925 163.844 0.2
      vertex 104.1 91.618 0.2
      vertex 104.38 91.3521 0.2
    endloop
  endfacet
  facet normal 0 0 1
    outer loop
      vertex 107.925 163.844 0.2
      vertex 103.793 91.8507 0.2
      vertex 104.1 91.618 0.2
    endloop
  endfacet
  facet normal 0 0 1
    outer loop
      vertex 107.925 163.844 0.2
      vertex 103.463 92.0492 0.2
      vertex 103.793 91.8507 0.2
    endloop
  endfacet
  facet normal 0 0 1
    outer loop
      vertex 102.749 92.3341 0.2
      vertex 104.83 163.65 0.2
      vertex 103.17 163.65 0.2
    endloop
  endfacet
  facet normal 0 0 1
    outer loop
      vertex 107.925 163.844 0.2
      vertex 103.113 92.2117 0.2
      vertex 103.463 92.0492 0.2
    endloop
  endfacet
  facet normal 0 0 1
    outer loop
      vertex 102.749 92.3341 0.2
      vertex 103.17 163.65 0.2
      vertex 103.097 163.664 0.2
    endloop
  endfacet
  facet normal 0 0 1
    outer loop
      vertex 102.749 92.3341 0.2
      vertex 103.097 163.664 0.2
      vertex 103.033 163.708 0.2
    endloop
  endfacet
  facet normal 0 0 1
    outer loop
      vertex 102.749 92.3341 0.2
      vertex 103.033 163.708 0.2
      vertex 102.989 163.773 0.2
    endloop
  endfacet
  facet normal 0 0 1
    outer loop
      vertex 102.749 92.3341 0.2
      vertex 102.989 163.773 0.2
      vertex 102.975 163.845 0.2
    endloop
  endfacet
  facet normal 0 0 1
    outer loop
      vertex 107.925 163.844 0.2
      vertex 102.749 92.3341 0.2
      vertex 103.113 92.2117 0.2
    endloop
  endfacet
  facet normal 0 0 1
    outer loop
      vertex 103.097 168.146 0.2
      vertex 101.965 170.072 0.2
      vertex 103.033 168.102 0.2
    endloop
  endfacet
  facet normal -0 0 1
    outer loop
      vertex 101.855 170.05 0.2
      vertex 103.033 168.102 0.2
      vertex 101.965 170.072 0.2
    endloop
  endfacet
  facet normal 0 0 1
    outer loop
      vertex 103.033 168.102 0.2
      vertex 101.855 170.05 0.2
      vertex 102.989 168.037 0.2
    endloop
  endfacet
  facet normal -0 0 1
    outer loop
      vertex 101.195 170.05 0.2
      vertex 102.989 168.037 0.2
      vertex 101.855 170.05 0.2
    endloop
  endfacet
  facet normal 0 0 1
    outer loop
      vertex 102.989 168.037 0.2
      vertex 101.195 170.05 0.2
      vertex 102.975 167.965 0.2
    endloop
  endfacet
  facet normal 0 0 1
    outer loop
      vertex 102.975 163.845 0.2
      vertex 101.989 92.4586 0.2
      vertex 102.371 92.4168 0.2
    endloop
  endfacet
  facet normal 0 0 1
    outer loop
      vertex 102.975 163.845 0.2
      vertex 101.603 92.4586 0.2
      vertex 101.989 92.4586 0.2
    endloop
  endfacet
  facet normal 0 0 1
    outer loop
      vertex 101.085 170.072 0.2
      vertex 102.975 167.965 0.2
      vertex 101.195 170.05 0.2
    endloop
  endfacet
  facet normal 0 0 1
    outer loop
      vertex 102.975 163.845 0.2
      vertex 101.22 92.4168 0.2
      vertex 101.603 92.4586 0.2
    endloop
  endfacet
  facet normal 0 0 1
    outer loop
      vertex 102.975 164.155 0.2
      vertex 100.988 170.137 0.2
      vertex 102.975 163.845 0.2
    endloop
  endfacet
  facet normal 0 0 1
    outer loop
      vertex 100.922 170.234 0.2
      vertex 102.975 163.845 0.2
      vertex 100.988 170.137 0.2
    endloop
  endfacet
  facet normal 0 0 1
    outer loop
      vertex 102.975 163.845 0.2
      vertex 100.922 170.234 0.2
      vertex 100.844 92.3341 0.2
    endloop
  endfacet
  facet normal 0 0 1
    outer loop
      vertex 100.844 92.3341 0.2
      vertex 100.922 170.234 0.2
      vertex 100.9 170.345 0.2
    endloop
  endfacet
  facet normal 0 0 1
    outer loop
      vertex 102.975 163.845 0.2
      vertex 100.844 92.3341 0.2
      vertex 101.22 92.4168 0.2
    endloop
  endfacet
  facet normal -0.895839 -0.44438 0
    outer loop
      vertex 138.954 163.761 0.2
      vertex 133.744 174.264 1.5
      vertex 133.744 174.264 0.2
    endloop
  endfacet
  facet normal -0.895839 -0.44438 0
    outer loop
      vertex 133.744 174.264 1.5
      vertex 138.954 163.761 0.2
      vertex 138.954 163.761 1.5
    endloop
  endfacet
  facet normal -0.981314 -0.192414 0
    outer loop
      vertex 138.964 163.71 0.2
      vertex 138.954 163.761 1.5
      vertex 138.954 163.761 0.2
    endloop
  endfacet
  facet normal -0.981314 -0.192414 0
    outer loop
      vertex 138.954 163.761 1.5
      vertex 138.964 163.71 0.2
      vertex 138.964 163.71 1.5
    endloop
  endfacet
  facet normal -0.997701 0.0677697 0
    outer loop
      vertex 136.425 126.331 0.2
      vertex 138.964 163.71 1.5
      vertex 138.964 163.71 0.2
    endloop
  endfacet
  facet normal -0.997701 0.0677697 0
    outer loop
      vertex 138.964 163.71 1.5
      vertex 136.425 126.331 0.2
      vertex 136.425 126.331 1.5
    endloop
  endfacet
  facet normal -0.992823 -0.11959 0
    outer loop
      vertex 139.194 103.343 0.2
      vertex 136.425 126.331 1.5
      vertex 136.425 126.331 0.2
    endloop
  endfacet
  facet normal -0.992823 -0.11959 0
    outer loop
      vertex 136.425 126.331 1.5
      vertex 139.194 103.343 0.2
      vertex 139.194 103.343 1.5
    endloop
  endfacet
  facet normal -0.94635 0.323144 0
    outer loop
      vertex 139.166 103.261 0.2
      vertex 139.194 103.343 1.5
      vertex 139.194 103.343 0.2
    endloop
  endfacet
  facet normal -0.94635 0.323144 0
    outer loop
      vertex 139.194 103.343 1.5
      vertex 139.166 103.261 0.2
      vertex 139.166 103.261 1.5
    endloop
  endfacet
  facet normal -0.713529 0.700626 0
    outer loop
      vertex 111.049 74.6262 0.2
      vertex 139.166 103.261 1.5
      vertex 139.166 103.261 0.2
    endloop
  endfacet
  facet normal -0.713529 0.700626 0
    outer loop
      vertex 139.166 103.261 1.5
      vertex 111.049 74.6262 0.2
      vertex 111.049 74.6262 1.5
    endloop
  endfacet
  facet normal -0.388115 0.921611 0
    outer loop
      vertex 111.049 74.6262 0.2
      vertex 110.978 74.5963 1.5
      vertex 111.049 74.6262 1.5
    endloop
  endfacet
  facet normal -0.388115 0.921611 0
    outer loop
      vertex 110.978 74.5963 1.5
      vertex 111.049 74.6262 0.2
      vertex 110.978 74.5963 0.2
    endloop
  endfacet
  facet normal 0 1 -0
    outer loop
      vertex 110.978 74.5963 0.2
      vertex 105.455 74.5963 1.5
      vertex 110.978 74.5963 1.5
    endloop
  endfacet
  facet normal 0 1 0
    outer loop
      vertex 105.455 74.5963 1.5
      vertex 110.978 74.5963 0.2
      vertex 105.455 74.5963 0.2
    endloop
  endfacet
  facet normal 0.707107 0.707107 0
    outer loop
      vertex 105.455 74.5963 1.5
      vertex 105.355 74.6963 0.2
      vertex 105.355 74.6963 1.5
    endloop
  endfacet
  facet normal 0.707107 0.707107 0
    outer loop
      vertex 105.355 74.6963 0.2
      vertex 105.455 74.5963 1.5
      vertex 105.455 74.5963 0.2
    endloop
  endfacet
  facet normal 1 -0 0
    outer loop
      vertex 105.355 74.6963 1.5
      vertex 105.355 88.9017 0.2
      vertex 105.355 88.9017 1.5
    endloop
  endfacet
  facet normal 1 0 0
    outer loop
      vertex 105.355 88.9017 0.2
      vertex 105.355 74.6963 1.5
      vertex 105.355 74.6963 0.2
    endloop
  endfacet
  facet normal 0.998541 0.054003 0
    outer loop
      vertex 105.355 88.9017 1.5
      vertex 105.334 89.29 0.2
      vertex 105.334 89.29 1.5
    endloop
  endfacet
  facet normal 0.998541 0.054003 0
    outer loop
      vertex 105.334 89.29 0.2
      vertex 105.355 88.9017 1.5
      vertex 105.355 88.9017 0.2
    endloop
  endfacet
  facet normal 0.986943 0.16107 0
    outer loop
      vertex 105.334 89.29 1.5
      vertex 105.272 89.6699 0.2
      vertex 105.272 89.6699 1.5
    endloop
  endfacet
  facet normal 0.986943 0.16107 0
    outer loop
      vertex 105.272 89.6699 0.2
      vertex 105.334 89.29 1.5
      vertex 105.334 89.29 0.2
    endloop
  endfacet
  facet normal 0.963629 0.267242 0
    outer loop
      vertex 105.272 89.6699 1.5
      vertex 105.169 90.0413 0.2
      vertex 105.169 90.0413 1.5
    endloop
  endfacet
  facet normal 0.963629 0.267242 0
    outer loop
      vertex 105.169 90.0413 0.2
      vertex 105.272 89.6699 1.5
      vertex 105.272 89.6699 0.2
    endloop
  endfacet
  facet normal 0.928655 0.370943 0
    outer loop
      vertex 105.169 90.0413 1.5
      vertex 105.026 90.3993 0.2
      vertex 105.026 90.3993 1.5
    endloop
  endfacet
  facet normal 0.928655 0.370943 0
    outer loop
      vertex 105.026 90.3993 0.2
      vertex 105.169 90.0413 1.5
      vertex 105.169 90.0413 0.2
    endloop
  endfacet
  facet normal 0.883788 0.467888 0
    outer loop
      vertex 105.026 90.3993 1.5
      vertex 104.846 90.7393 0.2
      vertex 104.846 90.7393 1.5
    endloop
  endfacet
  facet normal 0.883788 0.467888 0
    outer loop
      vertex 104.846 90.7393 0.2
      vertex 105.026 90.3993 1.5
      vertex 105.026 90.3993 0.2
    endloop
  endfacet
  facet normal 0.827076 0.56209 0
    outer loop
      vertex 104.846 90.7393 1.5
      vertex 104.629 91.0586 0.2
      vertex 104.629 91.0586 1.5
    endloop
  endfacet
  facet normal 0.827076 0.56209 0
    outer loop
      vertex 104.629 91.0586 0.2
      vertex 104.846 90.7393 1.5
      vertex 104.846 90.7393 0.2
    endloop
  endfacet
  facet normal 0.762548 0.646932 0
    outer loop
      vertex 104.629 91.0586 1.5
      vertex 104.38 91.3521 0.2
      vertex 104.38 91.3521 1.5
    endloop
  endfacet
  facet normal 0.762548 0.646932 0
    outer loop
      vertex 104.38 91.3521 0.2
      vertex 104.629 91.0586 1.5
      vertex 104.629 91.0586 0.2
    endloop
  endfacet
  facet normal 0.688613 0.725129 -0
    outer loop
      vertex 104.38 91.3521 0.2
      vertex 104.1 91.618 1.5
      vertex 104.38 91.3521 1.5
    endloop
  endfacet
  facet normal 0.688613 0.725129 0
    outer loop
      vertex 104.1 91.618 1.5
      vertex 104.38 91.3521 0.2
      vertex 104.1 91.618 0.2
    endloop
  endfacet
  facet normal 0.604063 0.796937 -0
    outer loop
      vertex 104.1 91.618 0.2
      vertex 103.793 91.8507 1.5
      vertex 104.1 91.618 1.5
    endloop
  endfacet
  facet normal 0.604063 0.796937 0
    outer loop
      vertex 103.793 91.8507 1.5
      vertex 104.1 91.618 0.2
      vertex 103.793 91.8507 0.2
    endloop
  endfacet
  facet normal 0.51545 0.85692 -0
    outer loop
      vertex 103.793 91.8507 0.2
      vertex 103.463 92.0492 1.5
      vertex 103.793 91.8507 1.5
    endloop
  endfacet
  facet normal 0.51545 0.85692 0
    outer loop
      vertex 103.463 92.0492 1.5
      vertex 103.793 91.8507 0.2
      vertex 103.463 92.0492 0.2
    endloop
  endfacet
  facet normal 0.421111 0.907009 -0
    outer loop
      vertex 103.463 92.0492 0.2
      vertex 103.113 92.2117 1.5
      vertex 103.463 92.0492 1.5
    endloop
  endfacet
  facet normal 0.421111 0.907009 0
    outer loop
      vertex 103.113 92.2117 1.5
      vertex 103.463 92.0492 0.2
      vertex 103.113 92.2117 0.2
    endloop
  endfacet
  facet normal 0.318726 0.947847 -0
    outer loop
      vertex 103.113 92.2117 0.2
      vertex 102.749 92.3341 1.5
      vertex 103.113 92.2117 1.5
    endloop
  endfacet
  facet normal 0.318726 0.947847 0
    outer loop
      vertex 102.749 92.3341 1.5
      vertex 103.113 92.2117 0.2
      vertex 102.749 92.3341 0.2
    endloop
  endfacet
  facet normal 0.213728 0.976893 -0
    outer loop
      vertex 102.749 92.3341 0.2
      vertex 102.371 92.4168 1.5
      vertex 102.749 92.3341 1.5
    endloop
  endfacet
  facet normal 0.213728 0.976893 0
    outer loop
      vertex 102.371 92.4168 1.5
      vertex 102.749 92.3341 0.2
      vertex 102.371 92.4168 0.2
    endloop
  endfacet
  facet normal 0.108775 0.994066 -0
    outer loop
      vertex 102.371 92.4168 0.2
      vertex 101.989 92.4586 1.5
      vertex 102.371 92.4168 1.5
    endloop
  endfacet
  facet normal 0.108775 0.994066 0
    outer loop
      vertex 101.989 92.4586 1.5
      vertex 102.371 92.4168 0.2
      vertex 101.989 92.4586 0.2
    endloop
  endfacet
  facet normal 0 1 -0
    outer loop
      vertex 101.989 92.4586 0.2
      vertex 101.603 92.4586 1.5
      vertex 101.989 92.4586 1.5
    endloop
  endfacet
  facet normal 0 1 0
    outer loop
      vertex 101.603 92.4586 1.5
      vertex 101.989 92.4586 0.2
      vertex 101.603 92.4586 0.2
    endloop
  endfacet
  facet normal -0.108494 0.994097 0
    outer loop
      vertex 101.603 92.4586 0.2
      vertex 101.22 92.4168 1.5
      vertex 101.603 92.4586 1.5
    endloop
  endfacet
  facet normal -0.108494 0.994097 0
    outer loop
      vertex 101.22 92.4168 1.5
      vertex 101.603 92.4586 0.2
      vertex 101.22 92.4168 0.2
    endloop
  endfacet
  facet normal -0.214812 0.976655 0
    outer loop
      vertex 101.22 92.4168 0.2
      vertex 100.844 92.3341 1.5
      vertex 101.22 92.4168 1.5
    endloop
  endfacet
  facet normal -0.214812 0.976655 0
    outer loop
      vertex 100.844 92.3341 1.5
      vertex 101.22 92.4168 0.2
      vertex 100.844 92.3341 0.2
    endloop
  endfacet
  facet normal -0.317393 0.948294 0
    outer loop
      vertex 100.844 92.3341 0.2
      vertex 100.478 92.2116 1.5
      vertex 100.844 92.3341 1.5
    endloop
  endfacet
  facet normal -0.317393 0.948294 0
    outer loop
      vertex 100.478 92.2116 1.5
      vertex 100.844 92.3341 0.2
      vertex 100.478 92.2116 0.2
    endloop
  endfacet
  facet normal -0.42189 0.906647 0
    outer loop
      vertex 100.478 92.2116 0.2
      vertex 100.129 92.0492 1.5
      vertex 100.478 92.2116 1.5
    endloop
  endfacet
  facet normal -0.42189 0.906647 0
    outer loop
      vertex 100.129 92.0492 1.5
      vertex 100.478 92.2116 0.2
      vertex 100.129 92.0492 0.2
    endloop
  endfacet
  facet normal -0.514648 0.857401 0
    outer loop
      vertex 100.129 92.0492 0.2
      vertex 99.7983 91.8507 1.5
      vertex 100.129 92.0492 1.5
    endloop
  endfacet
  facet normal -0.514648 0.857401 0
    outer loop
      vertex 99.7983 91.8507 1.5
      vertex 100.129 92.0492 0.2
      vertex 99.7983 91.8507 0.2
    endloop
  endfacet
  facet normal -0.604398 0.796683 0
    outer loop
      vertex 99.7983 91.8507 0.2
      vertex 99.4917 91.6181 1.5
      vertex 99.7983 91.8507 1.5
    endloop
  endfacet
  facet normal -0.604398 0.796683 0
    outer loop
      vertex 99.4917 91.6181 1.5
      vertex 99.7983 91.8507 0.2
      vertex 99.4917 91.6181 0.2
    endloop
  endfacet
  facet normal -0.689655 0.724138 0
    outer loop
      vertex 99.4917 91.6181 0.2
      vertex 99.2124 91.3521 1.5
      vertex 99.4917 91.6181 1.5
    endloop
  endfacet
  facet normal -0.689655 0.724138 0
    outer loop
      vertex 99.2124 91.3521 1.5
      vertex 99.4917 91.6181 0.2
      vertex 99.2124 91.3521 0.2
    endloop
  endfacet
  facet normal -0.761613 0.648032 0
    outer loop
      vertex 98.9625 91.0584 0.2
      vertex 99.2124 91.3521 1.5
      vertex 99.2124 91.3521 0.2
    endloop
  endfacet
  facet normal -0.761613 0.648032 0
    outer loop
      vertex 99.2124 91.3521 1.5
      vertex 98.9625 91.0584 0.2
      vertex 98.9625 91.0584 1.5
    endloop
  endfacet
  facet normal -0.827394 0.561622 0
    outer loop
      vertex 98.7459 90.7393 0.2
      vertex 98.9625 91.0584 1.5
      vertex 98.9625 91.0584 0.2
    endloop
  endfacet
  facet normal -0.827394 0.561622 0
    outer loop
      vertex 98.9625 91.0584 1.5
      vertex 98.7459 90.7393 0.2
      vertex 98.7459 90.7393 1.5
    endloop
  endfacet
  facet normal -0.883358 0.468699 0
    outer loop
      vertex 98.5655 90.3993 0.2
      vertex 98.7459 90.7393 1.5
      vertex 98.7459 90.7393 0.2
    endloop
  endfacet
  facet normal -0.883358 0.468699 0
    outer loop
      vertex 98.7459 90.7393 1.5
      vertex 98.5655 90.3993 0.2
      vertex 98.5655 90.3993 1.5
    endloop
  endfacet
  facet normal -0.929102 0.369824 0
    outer loop
      vertex 98.423 90.0413 0.2
      vertex 98.5655 90.3993 1.5
      vertex 98.5655 90.3993 0.2
    endloop
  endfacet
  facet normal -0.929102 0.369824 0
    outer loop
      vertex 98.5655 90.3993 1.5
      vertex 98.423 90.0413 0.2
      vertex 98.423 90.0413 1.5
    endloop
  endfacet
  facet normal -0.963295 0.268446 0
    outer loop
      vertex 98.3195 89.6699 0.2
      vertex 98.423 90.0413 1.5
      vertex 98.423 90.0413 0.2
    endloop
  endfacet
  facet normal -0.963295 0.268446 0
    outer loop
      vertex 98.423 90.0413 1.5
      vertex 98.3195 89.6699 0.2
      vertex 98.3195 89.6699 1.5
    endloop
  endfacet
  facet normal -0.987067 0.160311 0
    outer loop
      vertex 98.2578 89.29 0.2
      vertex 98.3195 89.6699 1.5
      vertex 98.3195 89.6699 0.2
    endloop
  endfacet
  facet normal -0.987067 0.160311 0
    outer loop
      vertex 98.3195 89.6699 1.5
      vertex 98.2578 89.29 0.2
      vertex 98.2578 89.29 1.5
    endloop
  endfacet
  facet normal -0.998527 0.0542594 0
    outer loop
      vertex 98.2367 88.9017 0.2
      vertex 98.2578 89.29 1.5
      vertex 98.2578 89.29 0.2
    endloop
  endfacet
  facet normal -0.998527 0.0542594 0
    outer loop
      vertex 98.2578 89.29 1.5
      vertex 98.2367 88.9017 0.2
      vertex 98.2367 88.9017 1.5
    endloop
  endfacet
  facet normal -1 0 0
    outer loop
      vertex 98.2367 74.6963 0.2
      vertex 98.2367 88.9017 1.5
      vertex 98.2367 88.9017 0.2
    endloop
  endfacet
  facet normal -1 -0 0
    outer loop
      vertex 98.2367 88.9017 1.5
      vertex 98.2367 74.6963 0.2
      vertex 98.2367 74.6963 1.5
    endloop
  endfacet
  facet normal -0.707107 0.707107 0
    outer loop
      vertex 98.1367 74.5963 0.2
      vertex 98.2367 74.6963 1.5
      vertex 98.2367 74.6963 0.2
    endloop
  endfacet
  facet normal -0.707107 0.707107 0
    outer loop
      vertex 98.2367 74.6963 1.5
      vertex 98.1367 74.5963 0.2
      vertex 98.1367 74.5963 1.5
    endloop
  endfacet
  facet normal 0 1 -0
    outer loop
      vertex 98.1367 74.5963 0.2
      vertex 96.3799 74.5963 1.5
      vertex 98.1367 74.5963 1.5
    endloop
  endfacet
  facet normal 0 1 0
    outer loop
      vertex 96.3799 74.5963 1.5
      vertex 98.1367 74.5963 0.2
      vertex 96.3799 74.5963 0.2
    endloop
  endfacet
  facet normal 0.294324 0.955706 -0
    outer loop
      vertex 96.3799 74.5963 0.2
      vertex 96.3234 74.6137 1.5
      vertex 96.3799 74.5963 1.5
    endloop
  endfacet
  facet normal 0.294324 0.955706 0
    outer loop
      vertex 96.3234 74.6137 1.5
      vertex 96.3799 74.5963 0.2
      vertex 96.3234 74.6137 0.2
    endloop
  endfacet
  facet normal 0.564386 0.825511 -0
    outer loop
      vertex 96.3234 74.6137 0.2
      vertex 88.0773 80.2514 1.5
      vertex 96.3234 74.6137 1.5
    endloop
  endfacet
  facet normal 0.564386 0.825511 0
    outer loop
      vertex 88.0773 80.2514 1.5
      vertex 96.3234 74.6137 0.2
      vertex 88.0773 80.2514 0.2
    endloop
  endfacet
  facet normal 0.910927 0.412568 0
    outer loop
      vertex 88.0773 80.2514 1.5
      vertex 88.0345 80.3459 0.2
      vertex 88.0345 80.3459 1.5
    endloop
  endfacet
  facet normal 0.910927 0.412568 0
    outer loop
      vertex 88.0345 80.3459 0.2
      vertex 88.0773 80.2514 1.5
      vertex 88.0773 80.2514 0.2
    endloop
  endfacet
  facet normal 0.992819 -0.119628 0
    outer loop
      vertex 88.0345 80.3459 1.5
      vertex 93.5754 126.331 0.2
      vertex 93.5754 126.331 1.5
    endloop
  endfacet
  facet normal 0.992819 -0.119628 0
    outer loop
      vertex 93.5754 126.331 0.2
      vertex 88.0345 80.3459 1.5
      vertex 88.0345 80.3459 0.2
    endloop
  endfacet
  facet normal 0.9977 0.0677803 0
    outer loop
      vertex 93.5754 126.331 1.5
      vertex 91.036 163.71 0.2
      vertex 91.036 163.71 1.5
    endloop
  endfacet
  facet normal 0.9977 0.0677803 0
    outer loop
      vertex 91.036 163.71 0.2
      vertex 93.5754 126.331 1.5
      vertex 93.5754 126.331 0.2
    endloop
  endfacet
  facet normal 0.980581 -0.196116 0
    outer loop
      vertex 91.036 163.71 1.5
      vertex 91.0462 163.761 0.2
      vertex 91.0462 163.761 1.5
    endloop
  endfacet
  facet normal 0.980581 -0.196116 0
    outer loop
      vertex 91.0462 163.761 0.2
      vertex 91.036 163.71 1.5
      vertex 91.036 163.71 0.2
    endloop
  endfacet
  facet normal 0.895842 -0.444373 0
    outer loop
      vertex 91.0462 163.761 1.5
      vertex 96.2561 174.264 0.2
      vertex 96.2561 174.264 1.5
    endloop
  endfacet
  facet normal 0.895842 -0.444373 0
    outer loop
      vertex 96.2561 174.264 0.2
      vertex 91.0462 163.761 1.5
      vertex 91.0462 163.761 0.2
    endloop
  endfacet
  facet normal 0.529999 -0.847998 0
    outer loop
      vertex 96.2561 174.264 0.2
      vertex 96.3457 174.32 1.5
      vertex 96.2561 174.264 1.5
    endloop
  endfacet
  facet normal 0.529999 -0.847998 0
    outer loop
      vertex 96.3457 174.32 1.5
      vertex 96.2561 174.264 0.2
      vertex 96.3457 174.32 0.2
    endloop
  endfacet
  facet normal 0 -1 0
    outer loop
      vertex 96.3457 174.32 0.2
      vertex 133.654 174.32 1.5
      vertex 96.3457 174.32 1.5
    endloop
  endfacet
  facet normal 0 -1 -0
    outer loop
      vertex 133.654 174.32 1.5
      vertex 96.3457 174.32 0.2
      vertex 133.654 174.32 0.2
    endloop
  endfacet
  facet normal -0.528302 -0.849057 0
    outer loop
      vertex 133.654 174.32 0.2
      vertex 133.744 174.264 1.5
      vertex 133.654 174.32 1.5
    endloop
  endfacet
  facet normal -0.528302 -0.849057 -0
    outer loop
      vertex 133.744 174.264 1.5
      vertex 133.654 174.32 0.2
      vertex 133.744 174.264 0.2
    endloop
  endfacet
  facet normal -0.562543 -0.826768 0
    outer loop
      vertex 132.766 102.628 0
      vertex 132.863 102.562 0.2
      vertex 132.766 102.628 0.2
    endloop
  endfacet
  facet normal -0.562543 -0.826768 -0
    outer loop
      vertex 132.863 102.562 0.2
      vertex 132.766 102.628 0
      vertex 132.863 102.562 0
    endloop
  endfacet
  facet normal -0.83073 -0.556675 0
    outer loop
      vertex 132.928 102.465 0
      vertex 132.863 102.562 0.2
      vertex 132.863 102.562 0
    endloop
  endfacet
  facet normal -0.83073 -0.556675 0
    outer loop
      vertex 132.863 102.562 0.2
      vertex 132.928 102.465 0
      vertex 132.928 102.465 0.2
    endloop
  endfacet
  facet normal -0.980581 -0.196116 0
    outer loop
      vertex 132.95 102.355 0
      vertex 132.928 102.465 0.2
      vertex 132.928 102.465 0
    endloop
  endfacet
  facet normal -0.980581 -0.196116 0
    outer loop
      vertex 132.928 102.465 0.2
      vertex 132.95 102.355 0
      vertex 132.95 102.355 0.2
    endloop
  endfacet
  facet normal -1 0 0
    outer loop
      vertex 132.95 101.695 0
      vertex 132.95 102.355 0.2
      vertex 132.95 102.355 0
    endloop
  endfacet
  facet normal -1 -0 0
    outer loop
      vertex 132.95 102.355 0.2
      vertex 132.95 101.695 0
      vertex 132.95 101.695 0.2
    endloop
  endfacet
  facet normal -0.980581 0.196116 0
    outer loop
      vertex 132.928 101.585 0
      vertex 132.95 101.695 0.2
      vertex 132.95 101.695 0
    endloop
  endfacet
  facet normal -0.980581 0.196116 0
    outer loop
      vertex 132.95 101.695 0.2
      vertex 132.928 101.585 0
      vertex 132.928 101.585 0.2
    endloop
  endfacet
  facet normal -0.83073 0.556675 0
    outer loop
      vertex 132.863 101.488 0
      vertex 132.928 101.585 0.2
      vertex 132.928 101.585 0
    endloop
  endfacet
  facet normal -0.83073 0.556675 0
    outer loop
      vertex 132.928 101.585 0.2
      vertex 132.863 101.488 0
      vertex 132.863 101.488 0.2
    endloop
  endfacet
  facet normal -0.562543 0.826768 0
    outer loop
      vertex 132.863 101.488 0
      vertex 132.766 101.422 0.2
      vertex 132.863 101.488 0.2
    endloop
  endfacet
  facet normal -0.562543 0.826768 0
    outer loop
      vertex 132.766 101.422 0.2
      vertex 132.863 101.488 0
      vertex 132.766 101.422 0
    endloop
  endfacet
  facet normal -0.194416 0.980919 0
    outer loop
      vertex 132.766 101.422 0
      vertex 132.655 101.4 0.2
      vertex 132.766 101.422 0.2
    endloop
  endfacet
  facet normal -0.194416 0.980919 0
    outer loop
      vertex 132.655 101.4 0.2
      vertex 132.766 101.422 0
      vertex 132.655 101.4 0
    endloop
  endfacet
  facet normal 0 1 -0
    outer loop
      vertex 132.655 101.4 0
      vertex 131.345 101.4 0.2
      vertex 132.655 101.4 0.2
    endloop
  endfacet
  facet normal 0 1 0
    outer loop
      vertex 131.345 101.4 0.2
      vertex 132.655 101.4 0
      vertex 131.345 101.4 0
    endloop
  endfacet
  facet normal 0.194416 0.980919 -0
    outer loop
      vertex 131.345 101.4 0
      vertex 131.234 101.422 0.2
      vertex 131.345 101.4 0.2
    endloop
  endfacet
  facet normal 0.194416 0.980919 0
    outer loop
      vertex 131.234 101.422 0.2
      vertex 131.345 101.4 0
      vertex 131.234 101.422 0
    endloop
  endfacet
  facet normal 0.562543 0.826768 -0
    outer loop
      vertex 131.234 101.422 0
      vertex 131.137 101.488 0.2
      vertex 131.234 101.422 0.2
    endloop
  endfacet
  facet normal 0.562543 0.826768 0
    outer loop
      vertex 131.137 101.488 0.2
      vertex 131.234 101.422 0
      vertex 131.137 101.488 0
    endloop
  endfacet
  facet normal 0.83073 0.556675 0
    outer loop
      vertex 131.137 101.488 0.2
      vertex 131.072 101.585 0
      vertex 131.072 101.585 0.2
    endloop
  endfacet
  facet normal 0.83073 0.556675 0
    outer loop
      vertex 131.072 101.585 0
      vertex 131.137 101.488 0.2
      vertex 131.137 101.488 0
    endloop
  endfacet
  facet normal 0.980581 0.196116 0
    outer loop
      vertex 131.072 101.585 0.2
      vertex 131.05 101.695 0
      vertex 131.05 101.695 0.2
    endloop
  endfacet
  facet normal 0.980581 0.196116 0
    outer loop
      vertex 131.05 101.695 0
      vertex 131.072 101.585 0.2
      vertex 131.072 101.585 0
    endloop
  endfacet
  facet normal 1 -0 0
    outer loop
      vertex 131.05 101.695 0.2
      vertex 131.05 102.355 0
      vertex 131.05 102.355 0.2
    endloop
  endfacet
  facet normal 1 0 0
    outer loop
      vertex 131.05 102.355 0
      vertex 131.05 101.695 0.2
      vertex 131.05 101.695 0
    endloop
  endfacet
  facet normal 0.980581 -0.196116 0
    outer loop
      vertex 131.05 102.355 0.2
      vertex 131.072 102.465 0
      vertex 131.072 102.465 0.2
    endloop
  endfacet
  facet normal 0.980581 -0.196116 0
    outer loop
      vertex 131.072 102.465 0
      vertex 131.05 102.355 0.2
      vertex 131.05 102.355 0
    endloop
  endfacet
  facet normal 0.83073 -0.556675 0
    outer loop
      vertex 131.072 102.465 0.2
      vertex 131.137 102.562 0
      vertex 131.137 102.562 0.2
    endloop
  endfacet
  facet normal 0.83073 -0.556675 0
    outer loop
      vertex 131.137 102.562 0
      vertex 131.072 102.465 0.2
      vertex 131.072 102.465 0
    endloop
  endfacet
  facet normal 0.562543 -0.826768 0
    outer loop
      vertex 131.137 102.562 0
      vertex 131.234 102.628 0.2
      vertex 131.137 102.562 0.2
    endloop
  endfacet
  facet normal 0.562543 -0.826768 0
    outer loop
      vertex 131.234 102.628 0.2
      vertex 131.137 102.562 0
      vertex 131.234 102.628 0
    endloop
  endfacet
  facet normal 0.194416 -0.980919 0
    outer loop
      vertex 131.234 102.628 0
      vertex 131.345 102.65 0.2
      vertex 131.234 102.628 0.2
    endloop
  endfacet
  facet normal 0.194416 -0.980919 0
    outer loop
      vertex 131.345 102.65 0.2
      vertex 131.234 102.628 0
      vertex 131.345 102.65 0
    endloop
  endfacet
  facet normal 0 -1 0
    outer loop
      vertex 131.345 102.65 0
      vertex 132.655 102.65 0.2
      vertex 131.345 102.65 0.2
    endloop
  endfacet
  facet normal 0 -1 -0
    outer loop
      vertex 132.655 102.65 0.2
      vertex 131.345 102.65 0
      vertex 132.655 102.65 0
    endloop
  endfacet
  facet normal -0.194416 -0.980919 0
    outer loop
      vertex 132.655 102.65 0
      vertex 132.766 102.628 0.2
      vertex 132.655 102.65 0.2
    endloop
  endfacet
  facet normal -0.194416 -0.980919 -0
    outer loop
      vertex 132.766 102.628 0.2
      vertex 132.655 102.65 0
      vertex 132.766 102.628 0
    endloop
  endfacet
  facet normal -0.562543 -0.826768 0
    outer loop
      vertex 132.766 105.578 0
      vertex 132.863 105.512 0.2
      vertex 132.766 105.578 0.2
    endloop
  endfacet
  facet normal -0.562543 -0.826768 -0
    outer loop
      vertex 132.863 105.512 0.2
      vertex 132.766 105.578 0
      vertex 132.863 105.512 0
    endloop
  endfacet
  facet normal -0.83073 -0.556675 0
    outer loop
      vertex 132.928 105.415 0
      vertex 132.863 105.512 0.2
      vertex 132.863 105.512 0
    endloop
  endfacet
  facet normal -0.83073 -0.556675 0
    outer loop
      vertex 132.863 105.512 0.2
      vertex 132.928 105.415 0
      vertex 132.928 105.415 0.2
    endloop
  endfacet
  facet normal -0.980581 -0.196116 0
    outer loop
      vertex 132.95 105.305 0
      vertex 132.928 105.415 0.2
      vertex 132.928 105.415 0
    endloop
  endfacet
  facet normal -0.980581 -0.196116 0
    outer loop
      vertex 132.928 105.415 0.2
      vertex 132.95 105.305 0
      vertex 132.95 105.305 0.2
    endloop
  endfacet
  facet normal -1 0 0
    outer loop
      vertex 132.95 104.645 0
      vertex 132.95 105.305 0.2
      vertex 132.95 105.305 0
    endloop
  endfacet
  facet normal -1 -0 0
    outer loop
      vertex 132.95 105.305 0.2
      vertex 132.95 104.645 0
      vertex 132.95 104.645 0.2
    endloop
  endfacet
  facet normal -0.980581 0.196116 0
    outer loop
      vertex 132.928 104.535 0
      vertex 132.95 104.645 0.2
      vertex 132.95 104.645 0
    endloop
  endfacet
  facet normal -0.980581 0.196116 0
    outer loop
      vertex 132.95 104.645 0.2
      vertex 132.928 104.535 0
      vertex 132.928 104.535 0.2
    endloop
  endfacet
  facet normal -0.83073 0.556675 0
    outer loop
      vertex 132.863 104.438 0
      vertex 132.928 104.535 0.2
      vertex 132.928 104.535 0
    endloop
  endfacet
  facet normal -0.83073 0.556675 0
    outer loop
      vertex 132.928 104.535 0.2
      vertex 132.863 104.438 0
      vertex 132.863 104.438 0.2
    endloop
  endfacet
  facet normal -0.562543 0.826768 0
    outer loop
      vertex 132.863 104.438 0
      vertex 132.766 104.372 0.2
      vertex 132.863 104.438 0.2
    endloop
  endfacet
  facet normal -0.562543 0.826768 0
    outer loop
      vertex 132.766 104.372 0.2
      vertex 132.863 104.438 0
      vertex 132.766 104.372 0
    endloop
  endfacet
  facet normal -0.194416 0.980919 0
    outer loop
      vertex 132.766 104.372 0
      vertex 132.655 104.35 0.2
      vertex 132.766 104.372 0.2
    endloop
  endfacet
  facet normal -0.194416 0.980919 0
    outer loop
      vertex 132.655 104.35 0.2
      vertex 132.766 104.372 0
      vertex 132.655 104.35 0
    endloop
  endfacet
  facet normal 0 1 -0
    outer loop
      vertex 132.655 104.35 0
      vertex 131.345 104.35 0.2
      vertex 132.655 104.35 0.2
    endloop
  endfacet
  facet normal 0 1 0
    outer loop
      vertex 131.345 104.35 0.2
      vertex 132.655 104.35 0
      vertex 131.345 104.35 0
    endloop
  endfacet
  facet normal 0.194416 0.980919 -0
    outer loop
      vertex 131.345 104.35 0
      vertex 131.234 104.372 0.2
      vertex 131.345 104.35 0.2
    endloop
  endfacet
  facet normal 0.194416 0.980919 0
    outer loop
      vertex 131.234 104.372 0.2
      vertex 131.345 104.35 0
      vertex 131.234 104.372 0
    endloop
  endfacet
  facet normal 0.562543 0.826768 -0
    outer loop
      vertex 131.234 104.372 0
      vertex 131.137 104.438 0.2
      vertex 131.234 104.372 0.2
    endloop
  endfacet
  facet normal 0.562543 0.826768 0
    outer loop
      vertex 131.137 104.438 0.2
      vertex 131.234 104.372 0
      vertex 131.137 104.438 0
    endloop
  endfacet
  facet normal 0.83073 0.556675 0
    outer loop
      vertex 131.137 104.438 0.2
      vertex 131.072 104.535 0
      vertex 131.072 104.535 0.2
    endloop
  endfacet
  facet normal 0.83073 0.556675 0
    outer loop
      vertex 131.072 104.535 0
      vertex 131.137 104.438 0.2
      vertex 131.137 104.438 0
    endloop
  endfacet
  facet normal 0.980581 0.196116 0
    outer loop
      vertex 131.072 104.535 0.2
      vertex 131.05 104.645 0
      vertex 131.05 104.645 0.2
    endloop
  endfacet
  facet normal 0.980581 0.196116 0
    outer loop
      vertex 131.05 104.645 0
      vertex 131.072 104.535 0.2
      vertex 131.072 104.535 0
    endloop
  endfacet
  facet normal 1 -0 0
    outer loop
      vertex 131.05 104.645 0.2
      vertex 131.05 105.305 0
      vertex 131.05 105.305 0.2
    endloop
  endfacet
  facet normal 1 0 0
    outer loop
      vertex 131.05 105.305 0
      vertex 131.05 104.645 0.2
      vertex 131.05 104.645 0
    endloop
  endfacet
  facet normal 0.980581 -0.196116 0
    outer loop
      vertex 131.05 105.305 0.2
      vertex 131.072 105.415 0
      vertex 131.072 105.415 0.2
    endloop
  endfacet
  facet normal 0.980581 -0.196116 0
    outer loop
      vertex 131.072 105.415 0
      vertex 131.05 105.305 0.2
      vertex 131.05 105.305 0
    endloop
  endfacet
  facet normal 0.83073 -0.556675 0
    outer loop
      vertex 131.072 105.415 0.2
      vertex 131.137 105.512 0
      vertex 131.137 105.512 0.2
    endloop
  endfacet
  facet normal 0.83073 -0.556675 0
    outer loop
      vertex 131.137 105.512 0
      vertex 131.072 105.415 0.2
      vertex 131.072 105.415 0
    endloop
  endfacet
  facet normal 0.562543 -0.826768 0
    outer loop
      vertex 131.137 105.512 0
      vertex 131.234 105.578 0.2
      vertex 131.137 105.512 0.2
    endloop
  endfacet
  facet normal 0.562543 -0.826768 0
    outer loop
      vertex 131.234 105.578 0.2
      vertex 131.137 105.512 0
      vertex 131.234 105.578 0
    endloop
  endfacet
  facet normal 0.194416 -0.980919 0
    outer loop
      vertex 131.234 105.578 0
      vertex 131.345 105.6 0.2
      vertex 131.234 105.578 0.2
    endloop
  endfacet
  facet normal 0.194416 -0.980919 0
    outer loop
      vertex 131.345 105.6 0.2
      vertex 131.234 105.578 0
      vertex 131.345 105.6 0
    endloop
  endfacet
  facet normal 0 -1 0
    outer loop
      vertex 131.345 105.6 0
      vertex 132.655 105.6 0.2
      vertex 131.345 105.6 0.2
    endloop
  endfacet
  facet normal 0 -1 -0
    outer loop
      vertex 132.655 105.6 0.2
      vertex 131.345 105.6 0
      vertex 132.655 105.6 0
    endloop
  endfacet
  facet normal -0.194416 -0.980919 0
    outer loop
      vertex 132.655 105.6 0
      vertex 132.766 105.578 0.2
      vertex 132.655 105.6 0.2
    endloop
  endfacet
  facet normal -0.194416 -0.980919 -0
    outer loop
      vertex 132.766 105.578 0.2
      vertex 132.655 105.6 0
      vertex 132.766 105.578 0
    endloop
  endfacet
  facet normal -0.560566 -0.828109 0
    outer loop
      vertex 109.852 164.336 0
      vertex 109.917 164.292 0.2
      vertex 109.852 164.336 0.2
    endloop
  endfacet
  facet normal -0.560566 -0.828109 -0
    outer loop
      vertex 109.917 164.292 0.2
      vertex 109.852 164.336 0
      vertex 109.917 164.292 0
    endloop
  endfacet
  facet normal -0.828109 -0.560566 0
    outer loop
      vertex 109.961 164.227 0
      vertex 109.917 164.292 0.2
      vertex 109.917 164.292 0
    endloop
  endfacet
  facet normal -0.828109 -0.560566 0
    outer loop
      vertex 109.917 164.292 0.2
      vertex 109.961 164.227 0
      vertex 109.961 164.227 0.2
    endloop
  endfacet
  facet normal -0.981615 -0.19087 0
    outer loop
      vertex 109.975 164.155 0
      vertex 109.961 164.227 0.2
      vertex 109.961 164.227 0
    endloop
  endfacet
  facet normal -0.981615 -0.19087 0
    outer loop
      vertex 109.961 164.227 0.2
      vertex 109.975 164.155 0
      vertex 109.975 164.155 0.2
    endloop
  endfacet
  facet normal -1 0 0
    outer loop
      vertex 109.975 163.845 0
      vertex 109.975 164.155 0.2
      vertex 109.975 164.155 0
    endloop
  endfacet
  facet normal -1 -0 0
    outer loop
      vertex 109.975 164.155 0.2
      vertex 109.975 163.845 0
      vertex 109.975 163.845 0.2
    endloop
  endfacet
  facet normal -0.981615 0.19087 0
    outer loop
      vertex 109.961 163.773 0
      vertex 109.975 163.845 0.2
      vertex 109.975 163.845 0
    endloop
  endfacet
  facet normal -0.981615 0.19087 0
    outer loop
      vertex 109.975 163.845 0.2
      vertex 109.961 163.773 0
      vertex 109.961 163.773 0.2
    endloop
  endfacet
  facet normal -0.828109 0.560566 0
    outer loop
      vertex 109.917 163.708 0
      vertex 109.961 163.773 0.2
      vertex 109.961 163.773 0
    endloop
  endfacet
  facet normal -0.828109 0.560566 0
    outer loop
      vertex 109.961 163.773 0.2
      vertex 109.917 163.708 0
      vertex 109.917 163.708 0.2
    endloop
  endfacet
  facet normal -0.560566 0.828109 0
    outer loop
      vertex 109.917 163.708 0
      vertex 109.852 163.664 0.2
      vertex 109.917 163.708 0.2
    endloop
  endfacet
  facet normal -0.560566 0.828109 0
    outer loop
      vertex 109.852 163.664 0.2
      vertex 109.917 163.708 0
      vertex 109.852 163.664 0
    endloop
  endfacet
  facet normal -0.19087 0.981615 0
    outer loop
      vertex 109.852 163.664 0
      vertex 109.78 163.65 0.2
      vertex 109.852 163.664 0.2
    endloop
  endfacet
  facet normal -0.19087 0.981615 0
    outer loop
      vertex 109.78 163.65 0.2
      vertex 109.852 163.664 0
      vertex 109.78 163.65 0
    endloop
  endfacet
  facet normal 0 1 -0
    outer loop
      vertex 109.78 163.65 0
      vertex 108.12 163.65 0.2
      vertex 109.78 163.65 0.2
    endloop
  endfacet
  facet normal 0 1 0
    outer loop
      vertex 108.12 163.65 0.2
      vertex 109.78 163.65 0
      vertex 108.12 163.65 0
    endloop
  endfacet
  facet normal 0.19087 0.981615 -0
    outer loop
      vertex 108.12 163.65 0
      vertex 108.048 163.664 0.2
      vertex 108.12 163.65 0.2
    endloop
  endfacet
  facet normal 0.19087 0.981615 0
    outer loop
      vertex 108.048 163.664 0.2
      vertex 108.12 163.65 0
      vertex 108.048 163.664 0
    endloop
  endfacet
  facet normal 0.5547 0.83205 -0
    outer loop
      vertex 108.048 163.664 0
      vertex 107.982 163.708 0.2
      vertex 108.048 163.664 0.2
    endloop
  endfacet
  facet normal 0.5547 0.83205 0
    outer loop
      vertex 107.982 163.708 0.2
      vertex 108.048 163.664 0
      vertex 107.982 163.708 0
    endloop
  endfacet
  facet normal 0.834019 0.551736 0
    outer loop
      vertex 107.982 163.708 0.2
      vertex 107.939 163.773 0
      vertex 107.939 163.773 0.2
    endloop
  endfacet
  facet normal 0.834019 0.551736 0
    outer loop
      vertex 107.939 163.773 0
      vertex 107.982 163.708 0.2
      vertex 107.982 163.708 0
    endloop
  endfacet
  facet normal 0.981109 0.193458 0
    outer loop
      vertex 107.939 163.773 0.2
      vertex 107.925 163.844 0
      vertex 107.925 163.844 0.2
    endloop
  endfacet
  facet normal 0.981109 0.193458 0
    outer loop
      vertex 107.925 163.844 0
      vertex 107.939 163.773 0.2
      vertex 107.939 163.773 0
    endloop
  endfacet
  facet normal 1 -0 0
    outer loop
      vertex 107.925 163.844 0.2
      vertex 107.925 164.156 0
      vertex 107.925 164.156 0.2
    endloop
  endfacet
  facet normal 1 0 0
    outer loop
      vertex 107.925 164.156 0
      vertex 107.925 163.844 0.2
      vertex 107.925 163.844 0
    endloop
  endfacet
  facet normal 0.981109 -0.193458 0
    outer loop
      vertex 107.925 164.156 0.2
      vertex 107.939 164.227 0
      vertex 107.939 164.227 0.2
    endloop
  endfacet
  facet normal 0.981109 -0.193458 0
    outer loop
      vertex 107.939 164.227 0
      vertex 107.925 164.156 0.2
      vertex 107.925 164.156 0
    endloop
  endfacet
  facet normal 0.834019 -0.551736 0
    outer loop
      vertex 107.939 164.227 0.2
      vertex 107.982 164.292 0
      vertex 107.982 164.292 0.2
    endloop
  endfacet
  facet normal 0.834019 -0.551736 0
    outer loop
      vertex 107.982 164.292 0
      vertex 107.939 164.227 0.2
      vertex 107.939 164.227 0
    endloop
  endfacet
  facet normal 0.5547 -0.83205 0
    outer loop
      vertex 107.982 164.292 0
      vertex 108.048 164.336 0.2
      vertex 107.982 164.292 0.2
    endloop
  endfacet
  facet normal 0.5547 -0.83205 0
    outer loop
      vertex 108.048 164.336 0.2
      vertex 107.982 164.292 0
      vertex 108.048 164.336 0
    endloop
  endfacet
  facet normal 0.19087 -0.981615 0
    outer loop
      vertex 108.048 164.336 0
      vertex 108.12 164.35 0.2
      vertex 108.048 164.336 0.2
    endloop
  endfacet
  facet normal 0.19087 -0.981615 0
    outer loop
      vertex 108.12 164.35 0.2
      vertex 108.048 164.336 0
      vertex 108.12 164.35 0
    endloop
  endfacet
  facet normal 0 -1 0
    outer loop
      vertex 108.12 164.35 0
      vertex 109.78 164.35 0.2
      vertex 108.12 164.35 0.2
    endloop
  endfacet
  facet normal 0 -1 -0
    outer loop
      vertex 109.78 164.35 0.2
      vertex 108.12 164.35 0
      vertex 109.78 164.35 0
    endloop
  endfacet
  facet normal -0.19087 -0.981615 0
    outer loop
      vertex 109.78 164.35 0
      vertex 109.852 164.336 0.2
      vertex 109.78 164.35 0.2
    endloop
  endfacet
  facet normal -0.19087 -0.981615 -0
    outer loop
      vertex 109.852 164.336 0.2
      vertex 109.78 164.35 0
      vertex 109.852 164.336 0
    endloop
  endfacet
  facet normal -0.566529 -0.824042 0
    outer loop
      vertex 104.903 164.336 0
      vertex 104.967 164.292 0.2
      vertex 104.903 164.336 0.2
    endloop
  endfacet
  facet normal -0.566529 -0.824042 -0
    outer loop
      vertex 104.967 164.292 0.2
      vertex 104.903 164.336 0
      vertex 104.967 164.292 0
    endloop
  endfacet
  facet normal -0.828109 -0.560566 0
    outer loop
      vertex 105.011 164.227 0
      vertex 104.967 164.292 0.2
      vertex 104.967 164.292 0
    endloop
  endfacet
  facet normal -0.828109 -0.560566 0
    outer loop
      vertex 104.967 164.292 0.2
      vertex 105.011 164.227 0
      vertex 105.011 164.227 0.2
    endloop
  endfacet
  facet normal -0.981615 -0.19087 0
    outer loop
      vertex 105.025 164.155 0
      vertex 105.011 164.227 0.2
      vertex 105.011 164.227 0
    endloop
  endfacet
  facet normal -0.981615 -0.19087 0
    outer loop
      vertex 105.011 164.227 0.2
      vertex 105.025 164.155 0
      vertex 105.025 164.155 0.2
    endloop
  endfacet
  facet normal -1 0 0
    outer loop
      vertex 105.025 163.845 0
      vertex 105.025 164.155 0.2
      vertex 105.025 164.155 0
    endloop
  endfacet
  facet normal -1 -0 0
    outer loop
      vertex 105.025 164.155 0.2
      vertex 105.025 163.845 0
      vertex 105.025 163.845 0.2
    endloop
  endfacet
  facet normal -0.981615 0.19087 0
    outer loop
      vertex 105.011 163.773 0
      vertex 105.025 163.845 0.2
      vertex 105.025 163.845 0
    endloop
  endfacet
  facet normal -0.981615 0.19087 0
    outer loop
      vertex 105.025 163.845 0.2
      vertex 105.011 163.773 0
      vertex 105.011 163.773 0.2
    endloop
  endfacet
  facet normal -0.828109 0.560566 0
    outer loop
      vertex 104.967 163.708 0
      vertex 105.011 163.773 0.2
      vertex 105.011 163.773 0
    endloop
  endfacet
  facet normal -0.828109 0.560566 0
    outer loop
      vertex 105.011 163.773 0.2
      vertex 104.967 163.708 0
      vertex 104.967 163.708 0.2
    endloop
  endfacet
  facet normal -0.566529 0.824042 0
    outer loop
      vertex 104.967 163.708 0
      vertex 104.903 163.664 0.2
      vertex 104.967 163.708 0.2
    endloop
  endfacet
  facet normal -0.566529 0.824042 0
    outer loop
      vertex 104.903 163.664 0.2
      vertex 104.967 163.708 0
      vertex 104.903 163.664 0
    endloop
  endfacet
  facet normal -0.188348 0.982102 0
    outer loop
      vertex 104.903 163.664 0
      vertex 104.83 163.65 0.2
      vertex 104.903 163.664 0.2
    endloop
  endfacet
  facet normal -0.188348 0.982102 0
    outer loop
      vertex 104.83 163.65 0.2
      vertex 104.903 163.664 0
      vertex 104.83 163.65 0
    endloop
  endfacet
  facet normal 0 1 -0
    outer loop
      vertex 104.83 163.65 0
      vertex 103.17 163.65 0.2
      vertex 104.83 163.65 0.2
    endloop
  endfacet
  facet normal 0 1 0
    outer loop
      vertex 103.17 163.65 0.2
      vertex 104.83 163.65 0
      vertex 103.17 163.65 0
    endloop
  endfacet
  facet normal 0.188348 0.982102 -0
    outer loop
      vertex 103.17 163.65 0
      vertex 103.097 163.664 0.2
      vertex 103.17 163.65 0.2
    endloop
  endfacet
  facet normal 0.188348 0.982102 0
    outer loop
      vertex 103.097 163.664 0.2
      vertex 103.17 163.65 0
      vertex 103.097 163.664 0
    endloop
  endfacet
  facet normal 0.566529 0.824042 -0
    outer loop
      vertex 103.097 163.664 0
      vertex 103.033 163.708 0.2
      vertex 103.097 163.664 0.2
    endloop
  endfacet
  facet normal 0.566529 0.824042 0
    outer loop
      vertex 103.033 163.708 0.2
      vertex 103.097 163.664 0
      vertex 103.033 163.708 0
    endloop
  endfacet
  facet normal 0.828109 0.560566 0
    outer loop
      vertex 103.033 163.708 0.2
      vertex 102.989 163.773 0
      vertex 102.989 163.773 0.2
    endloop
  endfacet
  facet normal 0.828109 0.560566 0
    outer loop
      vertex 102.989 163.773 0
      vertex 103.033 163.708 0.2
      vertex 103.033 163.708 0
    endloop
  endfacet
  facet normal 0.981615 0.19087 0
    outer loop
      vertex 102.989 163.773 0.2
      vertex 102.975 163.845 0
      vertex 102.975 163.845 0.2
    endloop
  endfacet
  facet normal 0.981615 0.19087 0
    outer loop
      vertex 102.975 163.845 0
      vertex 102.989 163.773 0.2
      vertex 102.989 163.773 0
    endloop
  endfacet
  facet normal 1 -0 0
    outer loop
      vertex 102.975 163.845 0.2
      vertex 102.975 164.155 0
      vertex 102.975 164.155 0.2
    endloop
  endfacet
  facet normal 1 0 0
    outer loop
      vertex 102.975 164.155 0
      vertex 102.975 163.845 0.2
      vertex 102.975 163.845 0
    endloop
  endfacet
  facet normal 0.981615 -0.19087 0
    outer loop
      vertex 102.975 164.155 0.2
      vertex 102.989 164.227 0
      vertex 102.989 164.227 0.2
    endloop
  endfacet
  facet normal 0.981615 -0.19087 0
    outer loop
      vertex 102.989 164.227 0
      vertex 102.975 164.155 0.2
      vertex 102.975 164.155 0
    endloop
  endfacet
  facet normal 0.828109 -0.560566 0
    outer loop
      vertex 102.989 164.227 0.2
      vertex 103.033 164.292 0
      vertex 103.033 164.292 0.2
    endloop
  endfacet
  facet normal 0.828109 -0.560566 0
    outer loop
      vertex 103.033 164.292 0
      vertex 102.989 164.227 0.2
      vertex 102.989 164.227 0
    endloop
  endfacet
  facet normal 0.566529 -0.824042 0
    outer loop
      vertex 103.033 164.292 0
      vertex 103.097 164.336 0.2
      vertex 103.033 164.292 0.2
    endloop
  endfacet
  facet normal 0.566529 -0.824042 0
    outer loop
      vertex 103.097 164.336 0.2
      vertex 103.033 164.292 0
      vertex 103.097 164.336 0
    endloop
  endfacet
  facet normal 0.188348 -0.982102 0
    outer loop
      vertex 103.097 164.336 0
      vertex 103.17 164.35 0.2
      vertex 103.097 164.336 0.2
    endloop
  endfacet
  facet normal 0.188348 -0.982102 0
    outer loop
      vertex 103.17 164.35 0.2
      vertex 103.097 164.336 0
      vertex 103.17 164.35 0
    endloop
  endfacet
  facet normal 0 -1 0
    outer loop
      vertex 103.17 164.35 0
      vertex 104.83 164.35 0.2
      vertex 103.17 164.35 0.2
    endloop
  endfacet
  facet normal 0 -1 -0
    outer loop
      vertex 104.83 164.35 0.2
      vertex 103.17 164.35 0
      vertex 104.83 164.35 0
    endloop
  endfacet
  facet normal -0.188348 -0.982102 0
    outer loop
      vertex 104.83 164.35 0
      vertex 104.903 164.336 0.2
      vertex 104.83 164.35 0.2
    endloop
  endfacet
  facet normal -0.188348 -0.982102 -0
    outer loop
      vertex 104.903 164.336 0.2
      vertex 104.83 164.35 0
      vertex 104.903 164.336 0
    endloop
  endfacet
  facet normal -0.551736 -0.834019 0
    outer loop
      vertex 109.852 165.606 0
      vertex 109.917 165.563 0.2
      vertex 109.852 165.606 0.2
    endloop
  endfacet
  facet normal -0.551736 -0.834019 -0
    outer loop
      vertex 109.917 165.563 0.2
      vertex 109.852 165.606 0
      vertex 109.917 165.563 0
    endloop
  endfacet
  facet normal -0.83205 -0.5547 0
    outer loop
      vertex 109.961 165.497 0
      vertex 109.917 165.563 0.2
      vertex 109.917 165.563 0
    endloop
  endfacet
  facet normal -0.83205 -0.5547 0
    outer loop
      vertex 109.917 165.563 0.2
      vertex 109.961 165.497 0
      vertex 109.961 165.497 0.2
    endloop
  endfacet
  facet normal -0.981615 -0.19087 0
    outer loop
      vertex 109.975 165.425 0
      vertex 109.961 165.497 0.2
      vertex 109.961 165.497 0
    endloop
  endfacet
  facet normal -0.981615 -0.19087 0
    outer loop
      vertex 109.961 165.497 0.2
      vertex 109.975 165.425 0
      vertex 109.975 165.425 0.2
    endloop
  endfacet
  facet normal -1 0 0
    outer loop
      vertex 109.975 165.115 0
      vertex 109.975 165.425 0.2
      vertex 109.975 165.425 0
    endloop
  endfacet
  facet normal -1 -0 0
    outer loop
      vertex 109.975 165.425 0.2
      vertex 109.975 165.115 0
      vertex 109.975 165.115 0.2
    endloop
  endfacet
  facet normal -0.981615 0.19087 0
    outer loop
      vertex 109.961 165.043 0
      vertex 109.975 165.115 0.2
      vertex 109.975 165.115 0
    endloop
  endfacet
  facet normal -0.981615 0.19087 0
    outer loop
      vertex 109.975 165.115 0.2
      vertex 109.961 165.043 0
      vertex 109.961 165.043 0.2
    endloop
  endfacet
  facet normal -0.83205 0.5547 0
    outer loop
      vertex 109.917 164.977 0
      vertex 109.961 165.043 0.2
      vertex 109.961 165.043 0
    endloop
  endfacet
  facet normal -0.83205 0.5547 0
    outer loop
      vertex 109.961 165.043 0.2
      vertex 109.917 164.977 0
      vertex 109.917 164.977 0.2
    endloop
  endfacet
  facet normal -0.551736 0.834019 0
    outer loop
      vertex 109.917 164.977 0
      vertex 109.852 164.934 0.2
      vertex 109.917 164.977 0.2
    endloop
  endfacet
  facet normal -0.551736 0.834019 0
    outer loop
      vertex 109.852 164.934 0.2
      vertex 109.917 164.977 0
      vertex 109.852 164.934 0
    endloop
  endfacet
  facet normal -0.193458 0.981109 0
    outer loop
      vertex 109.852 164.934 0
      vertex 109.781 164.92 0.2
      vertex 109.852 164.934 0.2
    endloop
  endfacet
  facet normal -0.193458 0.981109 0
    outer loop
      vertex 109.781 164.92 0.2
      vertex 109.852 164.934 0
      vertex 109.781 164.92 0
    endloop
  endfacet
  facet normal 0 1 -0
    outer loop
      vertex 109.781 164.92 0
      vertex 108.12 164.92 0.2
      vertex 109.781 164.92 0.2
    endloop
  endfacet
  facet normal 0 1 0
    outer loop
      vertex 108.12 164.92 0.2
      vertex 109.781 164.92 0
      vertex 108.12 164.92 0
    endloop
  endfacet
  facet normal 0.19087 0.981615 -0
    outer loop
      vertex 108.12 164.92 0
      vertex 108.048 164.934 0.2
      vertex 108.12 164.92 0.2
    endloop
  endfacet
  facet normal 0.19087 0.981615 0
    outer loop
      vertex 108.048 164.934 0.2
      vertex 108.12 164.92 0
      vertex 108.048 164.934 0
    endloop
  endfacet
  facet normal 0.5547 0.83205 -0
    outer loop
      vertex 108.048 164.934 0
      vertex 107.982 164.978 0.2
      vertex 108.048 164.934 0.2
    endloop
  endfacet
  facet normal 0.5547 0.83205 0
    outer loop
      vertex 107.982 164.978 0.2
      vertex 108.048 164.934 0
      vertex 107.982 164.978 0
    endloop
  endfacet
  facet normal 0.834019 0.551736 0
    outer loop
      vertex 107.982 164.978 0.2
      vertex 107.939 165.043 0
      vertex 107.939 165.043 0.2
    endloop
  endfacet
  facet normal 0.834019 0.551736 0
    outer loop
      vertex 107.939 165.043 0
      vertex 107.982 164.978 0.2
      vertex 107.982 164.978 0
    endloop
  endfacet
  facet normal 0.981615 0.19087 0
    outer loop
      vertex 107.939 165.043 0.2
      vertex 107.925 165.115 0
      vertex 107.925 165.115 0.2
    endloop
  endfacet
  facet normal 0.981615 0.19087 0
    outer loop
      vertex 107.925 165.115 0
      vertex 107.939 165.043 0.2
      vertex 107.939 165.043 0
    endloop
  endfacet
  facet normal 1 -0 0
    outer loop
      vertex 107.925 165.115 0.2
      vertex 107.925 165.425 0
      vertex 107.925 165.425 0.2
    endloop
  endfacet
  facet normal 1 0 0
    outer loop
      vertex 107.925 165.425 0
      vertex 107.925 165.115 0.2
      vertex 107.925 165.115 0
    endloop
  endfacet
  facet normal 0.981615 -0.19087 0
    outer loop
      vertex 107.925 165.425 0.2
      vertex 107.939 165.497 0
      vertex 107.939 165.497 0.2
    endloop
  endfacet
  facet normal 0.981615 -0.19087 0
    outer loop
      vertex 107.939 165.497 0
      vertex 107.925 165.425 0.2
      vertex 107.925 165.425 0
    endloop
  endfacet
  facet normal 0.834019 -0.551736 0
    outer loop
      vertex 107.939 165.497 0.2
      vertex 107.982 165.562 0
      vertex 107.982 165.562 0.2
    endloop
  endfacet
  facet normal 0.834019 -0.551736 0
    outer loop
      vertex 107.982 165.562 0
      vertex 107.939 165.497 0.2
      vertex 107.939 165.497 0
    endloop
  endfacet
  facet normal 0.5547 -0.83205 0
    outer loop
      vertex 107.982 165.562 0
      vertex 108.048 165.606 0.2
      vertex 107.982 165.562 0.2
    endloop
  endfacet
  facet normal 0.5547 -0.83205 0
    outer loop
      vertex 108.048 165.606 0.2
      vertex 107.982 165.562 0
      vertex 108.048 165.606 0
    endloop
  endfacet
  facet normal 0.19087 -0.981615 0
    outer loop
      vertex 108.048 165.606 0
      vertex 108.12 165.62 0.2
      vertex 108.048 165.606 0.2
    endloop
  endfacet
  facet normal 0.19087 -0.981615 0
    outer loop
      vertex 108.12 165.62 0.2
      vertex 108.048 165.606 0
      vertex 108.12 165.62 0
    endloop
  endfacet
  facet normal 0 -1 0
    outer loop
      vertex 108.12 165.62 0
      vertex 109.781 165.62 0.2
      vertex 108.12 165.62 0.2
    endloop
  endfacet
  facet normal 0 -1 -0
    outer loop
      vertex 109.781 165.62 0.2
      vertex 108.12 165.62 0
      vertex 109.781 165.62 0
    endloop
  endfacet
  facet normal -0.193458 -0.981109 0
    outer loop
      vertex 109.781 165.62 0
      vertex 109.852 165.606 0.2
      vertex 109.781 165.62 0.2
    endloop
  endfacet
  facet normal -0.193458 -0.981109 -0
    outer loop
      vertex 109.852 165.606 0.2
      vertex 109.781 165.62 0
      vertex 109.852 165.606 0
    endloop
  endfacet
  facet normal -0.566529 -0.824042 0
    outer loop
      vertex 104.903 165.606 0
      vertex 104.967 165.562 0.2
      vertex 104.903 165.606 0.2
    endloop
  endfacet
  facet normal -0.566529 -0.824042 -0
    outer loop
      vertex 104.967 165.562 0.2
      vertex 104.903 165.606 0
      vertex 104.967 165.562 0
    endloop
  endfacet
  facet normal -0.828109 -0.560566 0
    outer loop
      vertex 105.011 165.497 0
      vertex 104.967 165.562 0.2
      vertex 104.967 165.562 0
    endloop
  endfacet
  facet normal -0.828109 -0.560566 0
    outer loop
      vertex 104.967 165.562 0.2
      vertex 105.011 165.497 0
      vertex 105.011 165.497 0.2
    endloop
  endfacet
  facet normal -0.981615 -0.19087 0
    outer loop
      vertex 105.025 165.425 0
      vertex 105.011 165.497 0.2
      vertex 105.011 165.497 0
    endloop
  endfacet
  facet normal -0.981615 -0.19087 0
    outer loop
      vertex 105.011 165.497 0.2
      vertex 105.025 165.425 0
      vertex 105.025 165.425 0.2
    endloop
  endfacet
  facet normal -1 0 0
    outer loop
      vertex 105.025 165.115 0
      vertex 105.025 165.425 0.2
      vertex 105.025 165.425 0
    endloop
  endfacet
  facet normal -1 -0 0
    outer loop
      vertex 105.025 165.425 0.2
      vertex 105.025 165.115 0
      vertex 105.025 165.115 0.2
    endloop
  endfacet
  facet normal -0.981615 0.19087 0
    outer loop
      vertex 105.011 165.043 0
      vertex 105.025 165.115 0.2
      vertex 105.025 165.115 0
    endloop
  endfacet
  facet normal -0.981615 0.19087 0
    outer loop
      vertex 105.025 165.115 0.2
      vertex 105.011 165.043 0
      vertex 105.011 165.043 0.2
    endloop
  endfacet
  facet normal -0.828109 0.560566 0
    outer loop
      vertex 104.967 164.978 0
      vertex 105.011 165.043 0.2
      vertex 105.011 165.043 0
    endloop
  endfacet
  facet normal -0.828109 0.560566 0
    outer loop
      vertex 105.011 165.043 0.2
      vertex 104.967 164.978 0
      vertex 104.967 164.978 0.2
    endloop
  endfacet
  facet normal -0.566529 0.824042 0
    outer loop
      vertex 104.967 164.978 0
      vertex 104.903 164.934 0.2
      vertex 104.967 164.978 0.2
    endloop
  endfacet
  facet normal -0.566529 0.824042 0
    outer loop
      vertex 104.903 164.934 0.2
      vertex 104.967 164.978 0
      vertex 104.903 164.934 0
    endloop
  endfacet
  facet normal -0.188348 0.982102 0
    outer loop
      vertex 104.903 164.934 0
      vertex 104.83 164.92 0.2
      vertex 104.903 164.934 0.2
    endloop
  endfacet
  facet normal -0.188348 0.982102 0
    outer loop
      vertex 104.83 164.92 0.2
      vertex 104.903 164.934 0
      vertex 104.83 164.92 0
    endloop
  endfacet
  facet normal 0 1 -0
    outer loop
      vertex 104.83 164.92 0
      vertex 103.17 164.92 0.2
      vertex 104.83 164.92 0.2
    endloop
  endfacet
  facet normal 0 1 0
    outer loop
      vertex 103.17 164.92 0.2
      vertex 104.83 164.92 0
      vertex 103.17 164.92 0
    endloop
  endfacet
  facet normal 0.188348 0.982102 -0
    outer loop
      vertex 103.17 164.92 0
      vertex 103.097 164.934 0.2
      vertex 103.17 164.92 0.2
    endloop
  endfacet
  facet normal 0.188348 0.982102 0
    outer loop
      vertex 103.097 164.934 0.2
      vertex 103.17 164.92 0
      vertex 103.097 164.934 0
    endloop
  endfacet
  facet normal 0.566529 0.824042 -0
    outer loop
      vertex 103.097 164.934 0
      vertex 103.033 164.978 0.2
      vertex 103.097 164.934 0.2
    endloop
  endfacet
  facet normal 0.566529 0.824042 0
    outer loop
      vertex 103.033 164.978 0.2
      vertex 103.097 164.934 0
      vertex 103.033 164.978 0
    endloop
  endfacet
  facet normal 0.828109 0.560566 0
    outer loop
      vertex 103.033 164.978 0.2
      vertex 102.989 165.043 0
      vertex 102.989 165.043 0.2
    endloop
  endfacet
  facet normal 0.828109 0.560566 0
    outer loop
      vertex 102.989 165.043 0
      vertex 103.033 164.978 0.2
      vertex 103.033 164.978 0
    endloop
  endfacet
  facet normal 0.981615 0.19087 0
    outer loop
      vertex 102.989 165.043 0.2
      vertex 102.975 165.115 0
      vertex 102.975 165.115 0.2
    endloop
  endfacet
  facet normal 0.981615 0.19087 0
    outer loop
      vertex 102.975 165.115 0
      vertex 102.989 165.043 0.2
      vertex 102.989 165.043 0
    endloop
  endfacet
  facet normal 1 -0 0
    outer loop
      vertex 102.975 165.115 0.2
      vertex 102.975 165.425 0
      vertex 102.975 165.425 0.2
    endloop
  endfacet
  facet normal 1 0 0
    outer loop
      vertex 102.975 165.425 0
      vertex 102.975 165.115 0.2
      vertex 102.975 165.115 0
    endloop
  endfacet
  facet normal 0.981615 -0.19087 0
    outer loop
      vertex 102.975 165.425 0.2
      vertex 102.989 165.497 0
      vertex 102.989 165.497 0.2
    endloop
  endfacet
  facet normal 0.981615 -0.19087 0
    outer loop
      vertex 102.989 165.497 0
      vertex 102.975 165.425 0.2
      vertex 102.975 165.425 0
    endloop
  endfacet
  facet normal 0.828109 -0.560566 0
    outer loop
      vertex 102.989 165.497 0.2
      vertex 103.033 165.562 0
      vertex 103.033 165.562 0.2
    endloop
  endfacet
  facet normal 0.828109 -0.560566 0
    outer loop
      vertex 103.033 165.562 0
      vertex 102.989 165.497 0.2
      vertex 102.989 165.497 0
    endloop
  endfacet
  facet normal 0.566529 -0.824042 0
    outer loop
      vertex 103.033 165.562 0
      vertex 103.097 165.606 0.2
      vertex 103.033 165.562 0.2
    endloop
  endfacet
  facet normal 0.566529 -0.824042 0
    outer loop
      vertex 103.097 165.606 0.2
      vertex 103.033 165.562 0
      vertex 103.097 165.606 0
    endloop
  endfacet
  facet normal 0.188348 -0.982102 0
    outer loop
      vertex 103.097 165.606 0
      vertex 103.17 165.62 0.2
      vertex 103.097 165.606 0.2
    endloop
  endfacet
  facet normal 0.188348 -0.982102 0
    outer loop
      vertex 103.17 165.62 0.2
      vertex 103.097 165.606 0
      vertex 103.17 165.62 0
    endloop
  endfacet
  facet normal 0 -1 0
    outer loop
      vertex 103.17 165.62 0
      vertex 104.83 165.62 0.2
      vertex 103.17 165.62 0.2
    endloop
  endfacet
  facet normal 0 -1 -0
    outer loop
      vertex 104.83 165.62 0.2
      vertex 103.17 165.62 0
      vertex 104.83 165.62 0
    endloop
  endfacet
  facet normal -0.188348 -0.982102 0
    outer loop
      vertex 104.83 165.62 0
      vertex 104.903 165.606 0.2
      vertex 104.83 165.62 0.2
    endloop
  endfacet
  facet normal -0.188348 -0.982102 -0
    outer loop
      vertex 104.903 165.606 0.2
      vertex 104.83 165.62 0
      vertex 104.903 165.606 0
    endloop
  endfacet
  facet normal -0.551736 -0.834019 0
    outer loop
      vertex 109.852 166.875 0
      vertex 109.917 166.832 0.2
      vertex 109.852 166.875 0.2
    endloop
  endfacet
  facet normal -0.551736 -0.834019 -0
    outer loop
      vertex 109.917 166.832 0.2
      vertex 109.852 166.875 0
      vertex 109.917 166.832 0
    endloop
  endfacet
  facet normal -0.828109 -0.560566 0
    outer loop
      vertex 109.961 166.767 0
      vertex 109.917 166.832 0.2
      vertex 109.917 166.832 0
    endloop
  endfacet
  facet normal -0.828109 -0.560566 0
    outer loop
      vertex 109.917 166.832 0.2
      vertex 109.961 166.767 0
      vertex 109.961 166.767 0.2
    endloop
  endfacet
  facet normal -0.981615 -0.19087 0
    outer loop
      vertex 109.975 166.695 0
      vertex 109.961 166.767 0.2
      vertex 109.961 166.767 0
    endloop
  endfacet
  facet normal -0.981615 -0.19087 0
    outer loop
      vertex 109.961 166.767 0.2
      vertex 109.975 166.695 0
      vertex 109.975 166.695 0.2
    endloop
  endfacet
  facet normal -1 0 0
    outer loop
      vertex 109.975 166.385 0
      vertex 109.975 166.695 0.2
      vertex 109.975 166.695 0
    endloop
  endfacet
  facet normal -1 -0 0
    outer loop
      vertex 109.975 166.695 0.2
      vertex 109.975 166.385 0
      vertex 109.975 166.385 0.2
    endloop
  endfacet
  facet normal -0.981615 0.19087 0
    outer loop
      vertex 109.961 166.313 0
      vertex 109.975 166.385 0.2
      vertex 109.975 166.385 0
    endloop
  endfacet
  facet normal -0.981615 0.19087 0
    outer loop
      vertex 109.975 166.385 0.2
      vertex 109.961 166.313 0
      vertex 109.961 166.313 0.2
    endloop
  endfacet
  facet normal -0.828109 0.560566 0
    outer loop
      vertex 109.917 166.248 0
      vertex 109.961 166.313 0.2
      vertex 109.961 166.313 0
    endloop
  endfacet
  facet normal -0.828109 0.560566 0
    outer loop
      vertex 109.961 166.313 0.2
      vertex 109.917 166.248 0
      vertex 109.917 166.248 0.2
    endloop
  endfacet
  facet normal -0.560566 0.828109 0
    outer loop
      vertex 109.917 166.248 0
      vertex 109.852 166.204 0.2
      vertex 109.917 166.248 0.2
    endloop
  endfacet
  facet normal -0.560566 0.828109 0
    outer loop
      vertex 109.852 166.204 0.2
      vertex 109.917 166.248 0
      vertex 109.852 166.204 0
    endloop
  endfacet
  facet normal -0.19087 0.981615 0
    outer loop
      vertex 109.852 166.204 0
      vertex 109.78 166.19 0.2
      vertex 109.852 166.204 0.2
    endloop
  endfacet
  facet normal -0.19087 0.981615 0
    outer loop
      vertex 109.78 166.19 0.2
      vertex 109.852 166.204 0
      vertex 109.78 166.19 0
    endloop
  endfacet
  facet normal 0 1 -0
    outer loop
      vertex 109.78 166.19 0
      vertex 108.12 166.19 0.2
      vertex 109.78 166.19 0.2
    endloop
  endfacet
  facet normal 0 1 0
    outer loop
      vertex 108.12 166.19 0.2
      vertex 109.78 166.19 0
      vertex 108.12 166.19 0
    endloop
  endfacet
  facet normal 0.19087 0.981615 -0
    outer loop
      vertex 108.12 166.19 0
      vertex 108.048 166.204 0.2
      vertex 108.12 166.19 0.2
    endloop
  endfacet
  facet normal 0.19087 0.981615 0
    outer loop
      vertex 108.048 166.204 0.2
      vertex 108.12 166.19 0
      vertex 108.048 166.204 0
    endloop
  endfacet
  facet normal 0.5547 0.83205 -0
    outer loop
      vertex 108.048 166.204 0
      vertex 107.982 166.248 0.2
      vertex 108.048 166.204 0.2
    endloop
  endfacet
  facet normal 0.5547 0.83205 0
    outer loop
      vertex 107.982 166.248 0.2
      vertex 108.048 166.204 0
      vertex 107.982 166.248 0
    endloop
  endfacet
  facet normal 0.834019 0.551736 0
    outer loop
      vertex 107.982 166.248 0.2
      vertex 107.939 166.313 0
      vertex 107.939 166.313 0.2
    endloop
  endfacet
  facet normal 0.834019 0.551736 0
    outer loop
      vertex 107.939 166.313 0
      vertex 107.982 166.248 0.2
      vertex 107.982 166.248 0
    endloop
  endfacet
  facet normal 0.981615 0.19087 0
    outer loop
      vertex 107.939 166.313 0.2
      vertex 107.925 166.385 0
      vertex 107.925 166.385 0.2
    endloop
  endfacet
  facet normal 0.981615 0.19087 0
    outer loop
      vertex 107.925 166.385 0
      vertex 107.939 166.313 0.2
      vertex 107.939 166.313 0
    endloop
  endfacet
  facet normal 1 -0 0
    outer loop
      vertex 107.925 166.385 0.2
      vertex 107.925 166.696 0
      vertex 107.925 166.696 0.2
    endloop
  endfacet
  facet normal 1 0 0
    outer loop
      vertex 107.925 166.696 0
      vertex 107.925 166.385 0.2
      vertex 107.925 166.385 0
    endloop
  endfacet
  facet normal 0.981109 -0.193458 0
    outer loop
      vertex 107.925 166.696 0.2
      vertex 107.939 166.767 0
      vertex 107.939 166.767 0.2
    endloop
  endfacet
  facet normal 0.981109 -0.193458 0
    outer loop
      vertex 107.939 166.767 0
      vertex 107.925 166.696 0.2
      vertex 107.925 166.696 0
    endloop
  endfacet
  facet normal 0.834019 -0.551736 0
    outer loop
      vertex 107.939 166.767 0.2
      vertex 107.982 166.832 0
      vertex 107.982 166.832 0.2
    endloop
  endfacet
  facet normal 0.834019 -0.551736 0
    outer loop
      vertex 107.982 166.832 0
      vertex 107.939 166.767 0.2
      vertex 107.939 166.767 0
    endloop
  endfacet
  facet normal 0.54588 -0.837863 0
    outer loop
      vertex 107.982 166.832 0
      vertex 108.048 166.875 0.2
      vertex 107.982 166.832 0.2
    endloop
  endfacet
  facet normal 0.54588 -0.837863 0
    outer loop
      vertex 108.048 166.875 0.2
      vertex 107.982 166.832 0
      vertex 108.048 166.875 0
    endloop
  endfacet
  facet normal 0.203954 -0.97898 0
    outer loop
      vertex 108.048 166.875 0
      vertex 108.12 166.89 0.2
      vertex 108.048 166.875 0.2
    endloop
  endfacet
  facet normal 0.203954 -0.97898 0
    outer loop
      vertex 108.12 166.89 0.2
      vertex 108.048 166.875 0
      vertex 108.12 166.89 0
    endloop
  endfacet
  facet normal 0 -1 0
    outer loop
      vertex 108.12 166.89 0
      vertex 109.781 166.89 0.2
      vertex 108.12 166.89 0.2
    endloop
  endfacet
  facet normal 0 -1 -0
    outer loop
      vertex 109.781 166.89 0.2
      vertex 108.12 166.89 0
      vertex 109.781 166.89 0
    endloop
  endfacet
  facet normal -0.206705 -0.978403 0
    outer loop
      vertex 109.781 166.89 0
      vertex 109.852 166.875 0.2
      vertex 109.781 166.89 0.2
    endloop
  endfacet
  facet normal -0.206705 -0.978403 -0
    outer loop
      vertex 109.852 166.875 0.2
      vertex 109.781 166.89 0
      vertex 109.852 166.875 0
    endloop
  endfacet
  facet normal -0.55769 -0.83005 0
    outer loop
      vertex 104.903 166.875 0
      vertex 104.967 166.832 0.2
      vertex 104.903 166.875 0.2
    endloop
  endfacet
  facet normal -0.55769 -0.83005 -0
    outer loop
      vertex 104.967 166.832 0.2
      vertex 104.903 166.875 0
      vertex 104.967 166.832 0
    endloop
  endfacet
  facet normal -0.828109 -0.560566 0
    outer loop
      vertex 105.011 166.767 0
      vertex 104.967 166.832 0.2
      vertex 104.967 166.832 0
    endloop
  endfacet
  facet normal -0.828109 -0.560566 0
    outer loop
      vertex 104.967 166.832 0.2
      vertex 105.011 166.767 0
      vertex 105.011 166.767 0.2
    endloop
  endfacet
  facet normal -0.981615 -0.19087 0
    outer loop
      vertex 105.025 166.695 0
      vertex 105.011 166.767 0.2
      vertex 105.011 166.767 0
    endloop
  endfacet
  facet normal -0.981615 -0.19087 0
    outer loop
      vertex 105.011 166.767 0.2
      vertex 105.025 166.695 0
      vertex 105.025 166.695 0.2
    endloop
  endfacet
  facet normal -1 0 0
    outer loop
      vertex 105.025 166.385 0
      vertex 105.025 166.695 0.2
      vertex 105.025 166.695 0
    endloop
  endfacet
  facet normal -1 -0 0
    outer loop
      vertex 105.025 166.695 0.2
      vertex 105.025 166.385 0
      vertex 105.025 166.385 0.2
    endloop
  endfacet
  facet normal -0.981615 0.19087 0
    outer loop
      vertex 105.011 166.313 0
      vertex 105.025 166.385 0.2
      vertex 105.025 166.385 0
    endloop
  endfacet
  facet normal -0.981615 0.19087 0
    outer loop
      vertex 105.025 166.385 0.2
      vertex 105.011 166.313 0
      vertex 105.011 166.313 0.2
    endloop
  endfacet
  facet normal -0.828109 0.560566 0
    outer loop
      vertex 104.967 166.248 0
      vertex 105.011 166.313 0.2
      vertex 105.011 166.313 0
    endloop
  endfacet
  facet normal -0.828109 0.560566 0
    outer loop
      vertex 105.011 166.313 0.2
      vertex 104.967 166.248 0
      vertex 104.967 166.248 0.2
    endloop
  endfacet
  facet normal -0.566529 0.824042 0
    outer loop
      vertex 104.967 166.248 0
      vertex 104.903 166.204 0.2
      vertex 104.967 166.248 0.2
    endloop
  endfacet
  facet normal -0.566529 0.824042 0
    outer loop
      vertex 104.903 166.204 0.2
      vertex 104.967 166.248 0
      vertex 104.903 166.204 0
    endloop
  endfacet
  facet normal -0.188348 0.982102 0
    outer loop
      vertex 104.903 166.204 0
      vertex 104.83 166.19 0.2
      vertex 104.903 166.204 0.2
    endloop
  endfacet
  facet normal -0.188348 0.982102 0
    outer loop
      vertex 104.83 166.19 0.2
      vertex 104.903 166.204 0
      vertex 104.83 166.19 0
    endloop
  endfacet
  facet normal 0 1 -0
    outer loop
      vertex 104.83 166.19 0
      vertex 103.17 166.19 0.2
      vertex 104.83 166.19 0.2
    endloop
  endfacet
  facet normal 0 1 0
    outer loop
      vertex 103.17 166.19 0.2
      vertex 104.83 166.19 0
      vertex 103.17 166.19 0
    endloop
  endfacet
  facet normal 0.188348 0.982102 -0
    outer loop
      vertex 103.17 166.19 0
      vertex 103.097 166.204 0.2
      vertex 103.17 166.19 0.2
    endloop
  endfacet
  facet normal 0.188348 0.982102 0
    outer loop
      vertex 103.097 166.204 0.2
      vertex 103.17 166.19 0
      vertex 103.097 166.204 0
    endloop
  endfacet
  facet normal 0.566529 0.824042 -0
    outer loop
      vertex 103.097 166.204 0
      vertex 103.033 166.248 0.2
      vertex 103.097 166.204 0.2
    endloop
  endfacet
  facet normal 0.566529 0.824042 0
    outer loop
      vertex 103.033 166.248 0.2
      vertex 103.097 166.204 0
      vertex 103.033 166.248 0
    endloop
  endfacet
  facet normal 0.828109 0.560566 0
    outer loop
      vertex 103.033 166.248 0.2
      vertex 102.989 166.313 0
      vertex 102.989 166.313 0.2
    endloop
  endfacet
  facet normal 0.828109 0.560566 0
    outer loop
      vertex 102.989 166.313 0
      vertex 103.033 166.248 0.2
      vertex 103.033 166.248 0
    endloop
  endfacet
  facet normal 0.981615 0.19087 0
    outer loop
      vertex 102.989 166.313 0.2
      vertex 102.975 166.385 0
      vertex 102.975 166.385 0.2
    endloop
  endfacet
  facet normal 0.981615 0.19087 0
    outer loop
      vertex 102.975 166.385 0
      vertex 102.989 166.313 0.2
      vertex 102.989 166.313 0
    endloop
  endfacet
  facet normal 1 -0 0
    outer loop
      vertex 102.975 166.385 0.2
      vertex 102.975 166.695 0
      vertex 102.975 166.695 0.2
    endloop
  endfacet
  facet normal 1 0 0
    outer loop
      vertex 102.975 166.695 0
      vertex 102.975 166.385 0.2
      vertex 102.975 166.385 0
    endloop
  endfacet
  facet normal 0.981615 -0.19087 0
    outer loop
      vertex 102.975 166.695 0.2
      vertex 102.989 166.767 0
      vertex 102.989 166.767 0.2
    endloop
  endfacet
  facet normal 0.981615 -0.19087 0
    outer loop
      vertex 102.989 166.767 0
      vertex 102.975 166.695 0.2
      vertex 102.975 166.695 0
    endloop
  endfacet
  facet normal 0.828109 -0.560566 0
    outer loop
      vertex 102.989 166.767 0.2
      vertex 103.033 166.832 0
      vertex 103.033 166.832 0.2
    endloop
  endfacet
  facet normal 0.828109 -0.560566 0
    outer loop
      vertex 103.033 166.832 0
      vertex 102.989 166.767 0.2
      vertex 102.989 166.767 0
    endloop
  endfacet
  facet normal 0.55769 -0.83005 0
    outer loop
      vertex 103.033 166.832 0
      vertex 103.097 166.875 0.2
      vertex 103.033 166.832 0.2
    endloop
  endfacet
  facet normal 0.55769 -0.83005 0
    outer loop
      vertex 103.097 166.875 0.2
      vertex 103.033 166.832 0
      vertex 103.097 166.875 0
    endloop
  endfacet
  facet normal 0.201274 -0.979535 0
    outer loop
      vertex 103.097 166.875 0
      vertex 103.17 166.89 0.2
      vertex 103.097 166.875 0.2
    endloop
  endfacet
  facet normal 0.201274 -0.979535 0
    outer loop
      vertex 103.17 166.89 0.2
      vertex 103.097 166.875 0
      vertex 103.17 166.89 0
    endloop
  endfacet
  facet normal 0 -1 0
    outer loop
      vertex 103.17 166.89 0
      vertex 104.83 166.89 0.2
      vertex 103.17 166.89 0.2
    endloop
  endfacet
  facet normal 0 -1 -0
    outer loop
      vertex 104.83 166.89 0.2
      vertex 103.17 166.89 0
      vertex 104.83 166.89 0
    endloop
  endfacet
  facet normal -0.201274 -0.979535 0
    outer loop
      vertex 104.83 166.89 0
      vertex 104.903 166.875 0.2
      vertex 104.83 166.89 0.2
    endloop
  endfacet
  facet normal -0.201274 -0.979535 -0
    outer loop
      vertex 104.903 166.875 0.2
      vertex 104.83 166.89 0
      vertex 104.903 166.875 0
    endloop
  endfacet
  facet normal -0.548357 -0.836244 0
    outer loop
      vertex 126.268 168.707 0
      vertex 126.329 168.667 0.2
      vertex 126.268 168.707 0.2
    endloop
  endfacet
  facet normal -0.548357 -0.836244 -0
    outer loop
      vertex 126.329 168.667 0.2
      vertex 126.268 168.707 0
      vertex 126.329 168.667 0
    endloop
  endfacet
  facet normal -0.707107 -0.707107 0
    outer loop
      vertex 127.167 167.829 0
      vertex 126.329 168.667 0.2
      vertex 126.329 168.667 0
    endloop
  endfacet
  facet normal -0.707107 -0.707107 0
    outer loop
      vertex 126.329 168.667 0.2
      vertex 127.167 167.829 0
      vertex 127.167 167.829 0.2
    endloop
  endfacet
  facet normal -0.836244 -0.548357 0
    outer loop
      vertex 127.207 167.768 0
      vertex 127.167 167.829 0.2
      vertex 127.167 167.829 0
    endloop
  endfacet
  facet normal -0.836244 -0.548357 0
    outer loop
      vertex 127.167 167.829 0.2
      vertex 127.207 167.768 0
      vertex 127.207 167.768 0.2
    endloop
  endfacet
  facet normal -0.979603 -0.200944 0
    outer loop
      vertex 127.223 167.69 0
      vertex 127.207 167.768 0.2
      vertex 127.207 167.768 0
    endloop
  endfacet
  facet normal -0.979603 -0.200944 0
    outer loop
      vertex 127.207 167.768 0.2
      vertex 127.223 167.69 0
      vertex 127.223 167.69 0.2
    endloop
  endfacet
  facet normal -0.979086 0.203446 0
    outer loop
      vertex 127.207 167.613 0
      vertex 127.223 167.69 0.2
      vertex 127.223 167.69 0
    endloop
  endfacet
  facet normal -0.979086 0.203446 0
    outer loop
      vertex 127.223 167.69 0.2
      vertex 127.207 167.613 0
      vertex 127.207 167.613 0.2
    endloop
  endfacet
  facet normal -0.83205 0.5547 0
    outer loop
      vertex 127.167 167.553 0
      vertex 127.207 167.613 0.2
      vertex 127.207 167.613 0
    endloop
  endfacet
  facet normal -0.83205 0.5547 0
    outer loop
      vertex 127.207 167.613 0.2
      vertex 127.167 167.553 0
      vertex 127.167 167.553 0.2
    endloop
  endfacet
  facet normal -0.707107 0.707107 0
    outer loop
      vertex 126.947 167.333 0
      vertex 127.167 167.553 0.2
      vertex 127.167 167.553 0
    endloop
  endfacet
  facet normal -0.707107 0.707107 0
    outer loop
      vertex 127.167 167.553 0.2
      vertex 126.947 167.333 0
      vertex 126.947 167.333 0.2
    endloop
  endfacet
  facet normal -0.5547 0.83205 0
    outer loop
      vertex 126.947 167.333 0
      vertex 126.887 167.293 0.2
      vertex 126.947 167.333 0.2
    endloop
  endfacet
  facet normal -0.5547 0.83205 0
    outer loop
      vertex 126.887 167.293 0.2
      vertex 126.947 167.333 0
      vertex 126.887 167.293 0
    endloop
  endfacet
  facet normal -0.203446 0.979086 0
    outer loop
      vertex 126.887 167.293 0
      vertex 126.81 167.277 0.2
      vertex 126.887 167.293 0.2
    endloop
  endfacet
  facet normal -0.203446 0.979086 0
    outer loop
      vertex 126.81 167.277 0.2
      vertex 126.887 167.293 0
      vertex 126.81 167.277 0
    endloop
  endfacet
  facet normal 0.200944 0.979603 -0
    outer loop
      vertex 126.81 167.277 0
      vertex 126.732 167.293 0.2
      vertex 126.81 167.277 0.2
    endloop
  endfacet
  facet normal 0.200944 0.979603 0
    outer loop
      vertex 126.732 167.293 0.2
      vertex 126.81 167.277 0
      vertex 126.732 167.293 0
    endloop
  endfacet
  facet normal 0.548357 0.836244 -0
    outer loop
      vertex 126.732 167.293 0
      vertex 126.671 167.333 0.2
      vertex 126.732 167.293 0.2
    endloop
  endfacet
  facet normal 0.548357 0.836244 0
    outer loop
      vertex 126.671 167.333 0.2
      vertex 126.732 167.293 0
      vertex 126.671 167.333 0
    endloop
  endfacet
  facet normal 0.707107 0.707107 0
    outer loop
      vertex 126.671 167.333 0.2
      vertex 125.833 168.171 0
      vertex 125.833 168.171 0.2
    endloop
  endfacet
  facet normal 0.707107 0.707107 0
    outer loop
      vertex 125.833 168.171 0
      vertex 126.671 167.333 0.2
      vertex 126.671 167.333 0
    endloop
  endfacet
  facet normal 0.836244 0.548357 0
    outer loop
      vertex 125.833 168.171 0.2
      vertex 125.793 168.232 0
      vertex 125.793 168.232 0.2
    endloop
  endfacet
  facet normal 0.836244 0.548357 0
    outer loop
      vertex 125.793 168.232 0
      vertex 125.833 168.171 0.2
      vertex 125.833 168.171 0
    endloop
  endfacet
  facet normal 0.979603 0.200944 0
    outer loop
      vertex 125.793 168.232 0.2
      vertex 125.777 168.31 0
      vertex 125.777 168.31 0.2
    endloop
  endfacet
  facet normal 0.979603 0.200944 0
    outer loop
      vertex 125.777 168.31 0
      vertex 125.793 168.232 0.2
      vertex 125.793 168.232 0
    endloop
  endfacet
  facet normal 0.979086 -0.203446 0
    outer loop
      vertex 125.777 168.31 0.2
      vertex 125.793 168.387 0
      vertex 125.793 168.387 0.2
    endloop
  endfacet
  facet normal 0.979086 -0.203446 0
    outer loop
      vertex 125.793 168.387 0
      vertex 125.777 168.31 0.2
      vertex 125.777 168.31 0
    endloop
  endfacet
  facet normal 0.83205 -0.5547 0
    outer loop
      vertex 125.793 168.387 0.2
      vertex 125.833 168.447 0
      vertex 125.833 168.447 0.2
    endloop
  endfacet
  facet normal 0.83205 -0.5547 0
    outer loop
      vertex 125.833 168.447 0
      vertex 125.793 168.387 0.2
      vertex 125.793 168.387 0
    endloop
  endfacet
  facet normal 0.707107 -0.707107 0
    outer loop
      vertex 125.833 168.447 0.2
      vertex 126.053 168.667 0
      vertex 126.053 168.667 0.2
    endloop
  endfacet
  facet normal 0.707107 -0.707107 0
    outer loop
      vertex 126.053 168.667 0
      vertex 125.833 168.447 0.2
      vertex 125.833 168.447 0
    endloop
  endfacet
  facet normal 0.5547 -0.83205 0
    outer loop
      vertex 126.053 168.667 0
      vertex 126.113 168.707 0.2
      vertex 126.053 168.667 0.2
    endloop
  endfacet
  facet normal 0.5547 -0.83205 0
    outer loop
      vertex 126.113 168.707 0.2
      vertex 126.053 168.667 0
      vertex 126.113 168.707 0
    endloop
  endfacet
  facet normal 0.203446 -0.979086 0
    outer loop
      vertex 126.113 168.707 0
      vertex 126.19 168.723 0.2
      vertex 126.113 168.707 0.2
    endloop
  endfacet
  facet normal 0.203446 -0.979086 0
    outer loop
      vertex 126.19 168.723 0.2
      vertex 126.113 168.707 0
      vertex 126.19 168.723 0
    endloop
  endfacet
  facet normal -0.200944 -0.979603 0
    outer loop
      vertex 126.19 168.723 0
      vertex 126.268 168.707 0.2
      vertex 126.19 168.723 0.2
    endloop
  endfacet
  facet normal -0.200944 -0.979603 -0
    outer loop
      vertex 126.268 168.707 0.2
      vertex 126.19 168.723 0
      vertex 126.268 168.707 0
    endloop
  endfacet
  facet normal -0.566529 -0.824042 0
    outer loop
      vertex 104.903 168.146 0
      vertex 104.967 168.102 0.2
      vertex 104.903 168.146 0.2
    endloop
  endfacet
  facet normal -0.566529 -0.824042 -0
    outer loop
      vertex 104.967 168.102 0.2
      vertex 104.903 168.146 0
      vertex 104.967 168.102 0
    endloop
  endfacet
  facet normal -0.828109 -0.560566 0
    outer loop
      vertex 105.011 168.037 0
      vertex 104.967 168.102 0.2
      vertex 104.967 168.102 0
    endloop
  endfacet
  facet normal -0.828109 -0.560566 0
    outer loop
      vertex 104.967 168.102 0.2
      vertex 105.011 168.037 0
      vertex 105.011 168.037 0.2
    endloop
  endfacet
  facet normal -0.981615 -0.19087 0
    outer loop
      vertex 105.025 167.965 0
      vertex 105.011 168.037 0.2
      vertex 105.011 168.037 0
    endloop
  endfacet
  facet normal -0.981615 -0.19087 0
    outer loop
      vertex 105.011 168.037 0.2
      vertex 105.025 167.965 0
      vertex 105.025 167.965 0.2
    endloop
  endfacet
  facet normal -1 0 0
    outer loop
      vertex 105.025 167.656 0
      vertex 105.025 167.965 0.2
      vertex 105.025 167.965 0
    endloop
  endfacet
  facet normal -1 -0 0
    outer loop
      vertex 105.025 167.965 0.2
      vertex 105.025 167.656 0
      vertex 105.025 167.656 0.2
    endloop
  endfacet
  facet normal -0.982102 0.188348 0
    outer loop
      vertex 105.011 167.583 0
      vertex 105.025 167.656 0.2
      vertex 105.025 167.656 0
    endloop
  endfacet
  facet normal -0.982102 0.188348 0
    outer loop
      vertex 105.025 167.656 0.2
      vertex 105.011 167.583 0
      vertex 105.011 167.583 0.2
    endloop
  endfacet
  facet normal -0.828109 0.560566 0
    outer loop
      vertex 104.967 167.518 0
      vertex 105.011 167.583 0.2
      vertex 105.011 167.583 0
    endloop
  endfacet
  facet normal -0.828109 0.560566 0
    outer loop
      vertex 105.011 167.583 0.2
      vertex 104.967 167.518 0
      vertex 104.967 167.518 0.2
    endloop
  endfacet
  facet normal -0.566529 0.824042 0
    outer loop
      vertex 104.967 167.518 0
      vertex 104.903 167.474 0.2
      vertex 104.967 167.518 0.2
    endloop
  endfacet
  facet normal -0.566529 0.824042 0
    outer loop
      vertex 104.903 167.474 0.2
      vertex 104.967 167.518 0
      vertex 104.903 167.474 0
    endloop
  endfacet
  facet normal -0.188348 0.982102 0
    outer loop
      vertex 104.903 167.474 0
      vertex 104.83 167.46 0.2
      vertex 104.903 167.474 0.2
    endloop
  endfacet
  facet normal -0.188348 0.982102 0
    outer loop
      vertex 104.83 167.46 0.2
      vertex 104.903 167.474 0
      vertex 104.83 167.46 0
    endloop
  endfacet
  facet normal 0 1 -0
    outer loop
      vertex 104.83 167.46 0
      vertex 103.17 167.46 0.2
      vertex 104.83 167.46 0.2
    endloop
  endfacet
  facet normal 0 1 0
    outer loop
      vertex 103.17 167.46 0.2
      vertex 104.83 167.46 0
      vertex 103.17 167.46 0
    endloop
  endfacet
  facet normal 0.188348 0.982102 -0
    outer loop
      vertex 103.17 167.46 0
      vertex 103.097 167.474 0.2
      vertex 103.17 167.46 0.2
    endloop
  endfacet
  facet normal 0.188348 0.982102 0
    outer loop
      vertex 103.097 167.474 0.2
      vertex 103.17 167.46 0
      vertex 103.097 167.474 0
    endloop
  endfacet
  facet normal 0.566529 0.824042 -0
    outer loop
      vertex 103.097 167.474 0
      vertex 103.033 167.518 0.2
      vertex 103.097 167.474 0.2
    endloop
  endfacet
  facet normal 0.566529 0.824042 0
    outer loop
      vertex 103.033 167.518 0.2
      vertex 103.097 167.474 0
      vertex 103.033 167.518 0
    endloop
  endfacet
  facet normal 0.828109 0.560566 0
    outer loop
      vertex 103.033 167.518 0.2
      vertex 102.989 167.583 0
      vertex 102.989 167.583 0.2
    endloop
  endfacet
  facet normal 0.828109 0.560566 0
    outer loop
      vertex 102.989 167.583 0
      vertex 103.033 167.518 0.2
      vertex 103.033 167.518 0
    endloop
  endfacet
  facet normal 0.982102 0.188348 0
    outer loop
      vertex 102.989 167.583 0.2
      vertex 102.975 167.656 0
      vertex 102.975 167.656 0.2
    endloop
  endfacet
  facet normal 0.982102 0.188348 0
    outer loop
      vertex 102.975 167.656 0
      vertex 102.989 167.583 0.2
      vertex 102.989 167.583 0
    endloop
  endfacet
  facet normal 1 -0 0
    outer loop
      vertex 102.975 167.656 0.2
      vertex 102.975 167.965 0
      vertex 102.975 167.965 0.2
    endloop
  endfacet
  facet normal 1 0 0
    outer loop
      vertex 102.975 167.965 0
      vertex 102.975 167.656 0.2
      vertex 102.975 167.656 0
    endloop
  endfacet
  facet normal 0.981615 -0.19087 0
    outer loop
      vertex 102.975 167.965 0.2
      vertex 102.989 168.037 0
      vertex 102.989 168.037 0.2
    endloop
  endfacet
  facet normal 0.981615 -0.19087 0
    outer loop
      vertex 102.989 168.037 0
      vertex 102.975 167.965 0.2
      vertex 102.975 167.965 0
    endloop
  endfacet
  facet normal 0.828109 -0.560566 0
    outer loop
      vertex 102.989 168.037 0.2
      vertex 103.033 168.102 0
      vertex 103.033 168.102 0.2
    endloop
  endfacet
  facet normal 0.828109 -0.560566 0
    outer loop
      vertex 103.033 168.102 0
      vertex 102.989 168.037 0.2
      vertex 102.989 168.037 0
    endloop
  endfacet
  facet normal 0.566529 -0.824042 0
    outer loop
      vertex 103.033 168.102 0
      vertex 103.097 168.146 0.2
      vertex 103.033 168.102 0.2
    endloop
  endfacet
  facet normal 0.566529 -0.824042 0
    outer loop
      vertex 103.097 168.146 0.2
      vertex 103.033 168.102 0
      vertex 103.097 168.146 0
    endloop
  endfacet
  facet normal 0.188348 -0.982102 0
    outer loop
      vertex 103.097 168.146 0
      vertex 103.17 168.16 0.2
      vertex 103.097 168.146 0.2
    endloop
  endfacet
  facet normal 0.188348 -0.982102 0
    outer loop
      vertex 103.17 168.16 0.2
      vertex 103.097 168.146 0
      vertex 103.17 168.16 0
    endloop
  endfacet
  facet normal 0 -1 0
    outer loop
      vertex 103.17 168.16 0
      vertex 104.83 168.16 0.2
      vertex 103.17 168.16 0.2
    endloop
  endfacet
  facet normal 0 -1 -0
    outer loop
      vertex 104.83 168.16 0.2
      vertex 103.17 168.16 0
      vertex 104.83 168.16 0
    endloop
  endfacet
  facet normal -0.188348 -0.982102 0
    outer loop
      vertex 104.83 168.16 0
      vertex 104.903 168.146 0.2
      vertex 104.83 168.16 0.2
    endloop
  endfacet
  facet normal -0.188348 -0.982102 -0
    outer loop
      vertex 104.903 168.146 0.2
      vertex 104.83 168.16 0
      vertex 104.903 168.146 0
    endloop
  endfacet
  facet normal -0.551736 -0.834019 0
    outer loop
      vertex 109.852 168.146 0
      vertex 109.917 168.103 0.2
      vertex 109.852 168.146 0.2
    endloop
  endfacet
  facet normal -0.551736 -0.834019 -0
    outer loop
      vertex 109.917 168.103 0.2
      vertex 109.852 168.146 0
      vertex 109.917 168.103 0
    endloop
  endfacet
  facet normal -0.83205 -0.5547 0
    outer loop
      vertex 109.961 168.037 0
      vertex 109.917 168.103 0.2
      vertex 109.917 168.103 0
    endloop
  endfacet
  facet normal -0.83205 -0.5547 0
    outer loop
      vertex 109.917 168.103 0.2
      vertex 109.961 168.037 0
      vertex 109.961 168.037 0.2
    endloop
  endfacet
  facet normal -0.981615 -0.19087 0
    outer loop
      vertex 109.975 167.965 0
      vertex 109.961 168.037 0.2
      vertex 109.961 168.037 0
    endloop
  endfacet
  facet normal -0.981615 -0.19087 0
    outer loop
      vertex 109.961 168.037 0.2
      vertex 109.975 167.965 0
      vertex 109.975 167.965 0.2
    endloop
  endfacet
  facet normal -1 0 0
    outer loop
      vertex 109.975 167.656 0
      vertex 109.975 167.965 0.2
      vertex 109.975 167.965 0
    endloop
  endfacet
  facet normal -1 -0 0
    outer loop
      vertex 109.975 167.965 0.2
      vertex 109.975 167.656 0
      vertex 109.975 167.656 0.2
    endloop
  endfacet
  facet normal -0.982102 0.188348 0
    outer loop
      vertex 109.961 167.583 0
      vertex 109.975 167.656 0.2
      vertex 109.975 167.656 0
    endloop
  endfacet
  facet normal -0.982102 0.188348 0
    outer loop
      vertex 109.975 167.656 0.2
      vertex 109.961 167.583 0
      vertex 109.961 167.583 0.2
    endloop
  endfacet
  facet normal -0.83205 0.5547 0
    outer loop
      vertex 109.917 167.517 0
      vertex 109.961 167.583 0.2
      vertex 109.961 167.583 0
    endloop
  endfacet
  facet normal -0.83205 0.5547 0
    outer loop
      vertex 109.961 167.583 0.2
      vertex 109.917 167.517 0
      vertex 109.917 167.517 0.2
    endloop
  endfacet
  facet normal -0.551736 0.834019 0
    outer loop
      vertex 109.917 167.517 0
      vertex 109.852 167.474 0.2
      vertex 109.917 167.517 0.2
    endloop
  endfacet
  facet normal -0.551736 0.834019 0
    outer loop
      vertex 109.852 167.474 0.2
      vertex 109.917 167.517 0
      vertex 109.852 167.474 0
    endloop
  endfacet
  facet normal -0.193458 0.981109 0
    outer loop
      vertex 109.852 167.474 0
      vertex 109.781 167.46 0.2
      vertex 109.852 167.474 0.2
    endloop
  endfacet
  facet normal -0.193458 0.981109 0
    outer loop
      vertex 109.781 167.46 0.2
      vertex 109.852 167.474 0
      vertex 109.781 167.46 0
    endloop
  endfacet
  facet normal 0 1 -0
    outer loop
      vertex 109.781 167.46 0
      vertex 108.12 167.46 0.2
      vertex 109.781 167.46 0.2
    endloop
  endfacet
  facet normal 0 1 0
    outer loop
      vertex 108.12 167.46 0.2
      vertex 109.781 167.46 0
      vertex 108.12 167.46 0
    endloop
  endfacet
  facet normal 0.19087 0.981615 -0
    outer loop
      vertex 108.12 167.46 0
      vertex 108.048 167.474 0.2
      vertex 108.12 167.46 0.2
    endloop
  endfacet
  facet normal 0.19087 0.981615 0
    outer loop
      vertex 108.048 167.474 0.2
      vertex 108.12 167.46 0
      vertex 108.048 167.474 0
    endloop
  endfacet
  facet normal 0.5547 0.83205 -0
    outer loop
      vertex 108.048 167.474 0
      vertex 107.982 167.518 0.2
      vertex 108.048 167.474 0.2
    endloop
  endfacet
  facet normal 0.5547 0.83205 0
    outer loop
      vertex 107.982 167.518 0.2
      vertex 108.048 167.474 0
      vertex 107.982 167.518 0
    endloop
  endfacet
  facet normal 0.834019 0.551736 0
    outer loop
      vertex 107.982 167.518 0.2
      vertex 107.939 167.583 0
      vertex 107.939 167.583 0.2
    endloop
  endfacet
  facet normal 0.834019 0.551736 0
    outer loop
      vertex 107.939 167.583 0
      vertex 107.982 167.518 0.2
      vertex 107.982 167.518 0
    endloop
  endfacet
  facet normal 0.981615 0.19087 0
    outer loop
      vertex 107.939 167.583 0.2
      vertex 107.925 167.655 0
      vertex 107.925 167.655 0.2
    endloop
  endfacet
  facet normal 0.981615 0.19087 0
    outer loop
      vertex 107.925 167.655 0
      vertex 107.939 167.583 0.2
      vertex 107.939 167.583 0
    endloop
  endfacet
  facet normal 1 -0 0
    outer loop
      vertex 107.925 167.655 0.2
      vertex 107.925 167.965 0
      vertex 107.925 167.965 0.2
    endloop
  endfacet
  facet normal 1 0 0
    outer loop
      vertex 107.925 167.965 0
      vertex 107.925 167.655 0.2
      vertex 107.925 167.655 0
    endloop
  endfacet
  facet normal 0.981615 -0.19087 0
    outer loop
      vertex 107.925 167.965 0.2
      vertex 107.939 168.037 0
      vertex 107.939 168.037 0.2
    endloop
  endfacet
  facet normal 0.981615 -0.19087 0
    outer loop
      vertex 107.939 168.037 0
      vertex 107.925 167.965 0.2
      vertex 107.925 167.965 0
    endloop
  endfacet
  facet normal 0.834019 -0.551736 0
    outer loop
      vertex 107.939 168.037 0.2
      vertex 107.982 168.102 0
      vertex 107.982 168.102 0.2
    endloop
  endfacet
  facet normal 0.834019 -0.551736 0
    outer loop
      vertex 107.982 168.102 0
      vertex 107.939 168.037 0.2
      vertex 107.939 168.037 0
    endloop
  endfacet
  facet normal 0.5547 -0.83205 0
    outer loop
      vertex 107.982 168.102 0
      vertex 108.048 168.146 0.2
      vertex 107.982 168.102 0.2
    endloop
  endfacet
  facet normal 0.5547 -0.83205 0
    outer loop
      vertex 108.048 168.146 0.2
      vertex 107.982 168.102 0
      vertex 108.048 168.146 0
    endloop
  endfacet
  facet normal 0.19087 -0.981615 0
    outer loop
      vertex 108.048 168.146 0
      vertex 108.12 168.16 0.2
      vertex 108.048 168.146 0.2
    endloop
  endfacet
  facet normal 0.19087 -0.981615 0
    outer loop
      vertex 108.12 168.16 0.2
      vertex 108.048 168.146 0
      vertex 108.12 168.16 0
    endloop
  endfacet
  facet normal 0 -1 0
    outer loop
      vertex 108.12 168.16 0
      vertex 109.781 168.16 0.2
      vertex 108.12 168.16 0.2
    endloop
  endfacet
  facet normal 0 -1 -0
    outer loop
      vertex 109.781 168.16 0.2
      vertex 108.12 168.16 0
      vertex 109.781 168.16 0
    endloop
  endfacet
  facet normal -0.193458 -0.981109 0
    outer loop
      vertex 109.781 168.16 0
      vertex 109.852 168.146 0.2
      vertex 109.781 168.16 0.2
    endloop
  endfacet
  facet normal -0.193458 -0.981109 -0
    outer loop
      vertex 109.852 168.146 0.2
      vertex 109.781 168.16 0
      vertex 109.852 168.146 0
    endloop
  endfacet
  facet normal -0.567102 -0.823648 0
    outer loop
      vertex 124.27 169.362 0
      vertex 124.331 169.32 0.2
      vertex 124.27 169.362 0.2
    endloop
  endfacet
  facet normal -0.567102 -0.823648 -0
    outer loop
      vertex 124.331 169.32 0.2
      vertex 124.27 169.362 0
      vertex 124.331 169.32 0
    endloop
  endfacet
  facet normal -0.706685 -0.707529 0
    outer loop
      vertex 124.331 169.32 0
      vertex 125.169 168.483 0.2
      vertex 124.331 169.32 0.2
    endloop
  endfacet
  facet normal -0.706685 -0.707529 -0
    outer loop
      vertex 125.169 168.483 0.2
      vertex 124.331 169.32 0
      vertex 125.169 168.483 0
    endloop
  endfacet
  facet normal -0.836244 -0.548357 0
    outer loop
      vertex 125.209 168.422 0
      vertex 125.169 168.483 0.2
      vertex 125.169 168.483 0
    endloop
  endfacet
  facet normal -0.836244 -0.548357 0
    outer loop
      vertex 125.169 168.483 0.2
      vertex 125.209 168.422 0
      vertex 125.209 168.422 0.2
    endloop
  endfacet
  facet normal -0.979086 -0.203446 0
    outer loop
      vertex 125.225 168.345 0
      vertex 125.209 168.422 0.2
      vertex 125.209 168.422 0
    endloop
  endfacet
  facet normal -0.979086 -0.203446 0
    outer loop
      vertex 125.209 168.422 0.2
      vertex 125.225 168.345 0
      vertex 125.225 168.345 0.2
    endloop
  endfacet
  facet normal -0.979086 0.203446 0
    outer loop
      vertex 125.209 168.268 0
      vertex 125.225 168.345 0.2
      vertex 125.225 168.345 0
    endloop
  endfacet
  facet normal -0.979086 0.203446 0
    outer loop
      vertex 125.225 168.345 0.2
      vertex 125.209 168.268 0
      vertex 125.209 168.268 0.2
    endloop
  endfacet
  facet normal -0.836244 0.548357 0
    outer loop
      vertex 125.169 168.207 0
      vertex 125.209 168.268 0.2
      vertex 125.209 168.268 0
    endloop
  endfacet
  facet normal -0.836244 0.548357 0
    outer loop
      vertex 125.209 168.268 0.2
      vertex 125.169 168.207 0
      vertex 125.169 168.207 0.2
    endloop
  endfacet
  facet normal -0.708716 0.705494 0
    outer loop
      vertex 124.95 167.987 0
      vertex 125.169 168.207 0.2
      vertex 125.169 168.207 0
    endloop
  endfacet
  facet normal -0.708716 0.705494 0
    outer loop
      vertex 125.169 168.207 0.2
      vertex 124.95 167.987 0
      vertex 124.95 167.987 0.2
    endloop
  endfacet
  facet normal -0.548357 0.836244 0
    outer loop
      vertex 124.95 167.987 0
      vertex 124.889 167.947 0.2
      vertex 124.95 167.987 0.2
    endloop
  endfacet
  facet normal -0.548357 0.836244 0
    outer loop
      vertex 124.889 167.947 0.2
      vertex 124.95 167.987 0
      vertex 124.889 167.947 0
    endloop
  endfacet
  facet normal -0.203446 0.979086 0
    outer loop
      vertex 124.889 167.947 0
      vertex 124.812 167.931 0.2
      vertex 124.889 167.947 0.2
    endloop
  endfacet
  facet normal -0.203446 0.979086 0
    outer loop
      vertex 124.812 167.931 0.2
      vertex 124.889 167.947 0
      vertex 124.812 167.931 0
    endloop
  endfacet
  facet normal 0.200944 0.979603 -0
    outer loop
      vertex 124.812 167.931 0
      vertex 124.734 167.947 0.2
      vertex 124.812 167.931 0.2
    endloop
  endfacet
  facet normal 0.200944 0.979603 0
    outer loop
      vertex 124.734 167.947 0.2
      vertex 124.812 167.931 0
      vertex 124.734 167.947 0
    endloop
  endfacet
  facet normal 0.564191 0.825645 -0
    outer loop
      vertex 124.734 167.947 0
      vertex 124.674 167.988 0.2
      vertex 124.734 167.947 0.2
    endloop
  endfacet
  facet normal 0.564191 0.825645 0
    outer loop
      vertex 124.674 167.988 0.2
      vertex 124.734 167.947 0
      vertex 124.674 167.988 0
    endloop
  endfacet
  facet normal 0.707107 0.707107 0
    outer loop
      vertex 124.674 167.988 0.2
      vertex 123.836 168.826 0
      vertex 123.836 168.826 0.2
    endloop
  endfacet
  facet normal 0.707107 0.707107 0
    outer loop
      vertex 123.836 168.826 0
      vertex 124.674 167.988 0.2
      vertex 124.674 167.988 0
    endloop
  endfacet
  facet normal 0.836244 0.548357 0
    outer loop
      vertex 123.836 168.826 0.2
      vertex 123.796 168.887 0
      vertex 123.796 168.887 0.2
    endloop
  endfacet
  facet normal 0.836244 0.548357 0
    outer loop
      vertex 123.796 168.887 0
      vertex 123.836 168.826 0.2
      vertex 123.836 168.826 0
    endloop
  endfacet
  facet normal 0.979086 0.203446 0
    outer loop
      vertex 123.796 168.887 0.2
      vertex 123.78 168.964 0
      vertex 123.78 168.964 0.2
    endloop
  endfacet
  facet normal 0.979086 0.203446 0
    outer loop
      vertex 123.78 168.964 0
      vertex 123.796 168.887 0.2
      vertex 123.796 168.887 0
    endloop
  endfacet
  facet normal 0.97855 -0.20601 0
    outer loop
      vertex 123.78 168.964 0.2
      vertex 123.796 169.04 0
      vertex 123.796 169.04 0.2
    endloop
  endfacet
  facet normal 0.97855 -0.20601 0
    outer loop
      vertex 123.796 169.04 0
      vertex 123.78 168.964 0.2
      vertex 123.78 168.964 0
    endloop
  endfacet
  facet normal 0.836244 -0.548357 0
    outer loop
      vertex 123.796 169.04 0.2
      vertex 123.836 169.101 0
      vertex 123.836 169.101 0.2
    endloop
  endfacet
  facet normal 0.836244 -0.548357 0
    outer loop
      vertex 123.836 169.101 0
      vertex 123.796 169.04 0.2
      vertex 123.796 169.04 0
    endloop
  endfacet
  facet normal 0.707107 -0.707107 0
    outer loop
      vertex 123.836 169.101 0.2
      vertex 124.055 169.32 0
      vertex 124.055 169.32 0.2
    endloop
  endfacet
  facet normal 0.707107 -0.707107 0
    outer loop
      vertex 124.055 169.32 0
      vertex 123.836 169.101 0.2
      vertex 123.836 169.101 0
    endloop
  endfacet
  facet normal 0.567102 -0.823648 0
    outer loop
      vertex 124.055 169.32 0
      vertex 124.116 169.362 0.2
      vertex 124.055 169.32 0.2
    endloop
  endfacet
  facet normal 0.567102 -0.823648 0
    outer loop
      vertex 124.116 169.362 0.2
      vertex 124.055 169.32 0
      vertex 124.116 169.362 0
    endloop
  endfacet
  facet normal 0.178885 -0.98387 0
    outer loop
      vertex 124.116 169.362 0
      vertex 124.193 169.376 0.2
      vertex 124.116 169.362 0.2
    endloop
  endfacet
  facet normal 0.178885 -0.98387 0
    outer loop
      vertex 124.193 169.376 0.2
      vertex 124.116 169.362 0
      vertex 124.193 169.376 0
    endloop
  endfacet
  facet normal -0.178885 -0.98387 0
    outer loop
      vertex 124.193 169.376 0
      vertex 124.27 169.362 0.2
      vertex 124.193 169.376 0.2
    endloop
  endfacet
  facet normal -0.178885 -0.98387 -0
    outer loop
      vertex 124.27 169.362 0.2
      vertex 124.193 169.376 0
      vertex 124.27 169.362 0
    endloop
  endfacet
  facet normal -0.548357 -0.836244 0
    outer loop
      vertex 125.613 170.704 0
      vertex 125.674 170.664 0.2
      vertex 125.613 170.704 0.2
    endloop
  endfacet
  facet normal -0.548357 -0.836244 -0
    outer loop
      vertex 125.674 170.664 0.2
      vertex 125.613 170.704 0
      vertex 125.674 170.664 0
    endloop
  endfacet
  facet normal -0.707107 -0.707107 0
    outer loop
      vertex 126.512 169.826 0
      vertex 125.674 170.664 0.2
      vertex 125.674 170.664 0
    endloop
  endfacet
  facet normal -0.707107 -0.707107 0
    outer loop
      vertex 125.674 170.664 0.2
      vertex 126.512 169.826 0
      vertex 126.512 169.826 0.2
    endloop
  endfacet
  facet normal -0.825645 -0.564191 0
    outer loop
      vertex 126.553 169.766 0
      vertex 126.512 169.826 0.2
      vertex 126.512 169.826 0
    endloop
  endfacet
  facet normal -0.825645 -0.564191 0
    outer loop
      vertex 126.512 169.826 0.2
      vertex 126.553 169.766 0
      vertex 126.553 169.766 0.2
    endloop
  endfacet
  facet normal -0.979603 -0.200944 0
    outer loop
      vertex 126.569 169.688 0
      vertex 126.553 169.766 0.2
      vertex 126.553 169.766 0
    endloop
  endfacet
  facet normal -0.979603 -0.200944 0
    outer loop
      vertex 126.553 169.766 0.2
      vertex 126.569 169.688 0
      vertex 126.569 169.688 0.2
    endloop
  endfacet
  facet normal -0.979086 0.203446 0
    outer loop
      vertex 126.553 169.611 0
      vertex 126.569 169.688 0.2
      vertex 126.569 169.688 0
    endloop
  endfacet
  facet normal -0.979086 0.203446 0
    outer loop
      vertex 126.569 169.688 0.2
      vertex 126.553 169.611 0
      vertex 126.553 169.611 0.2
    endloop
  endfacet
  facet normal -0.836244 0.548357 0
    outer loop
      vertex 126.513 169.55 0
      vertex 126.553 169.611 0.2
      vertex 126.553 169.611 0
    endloop
  endfacet
  facet normal -0.836244 0.548357 0
    outer loop
      vertex 126.553 169.611 0.2
      vertex 126.513 169.55 0
      vertex 126.513 169.55 0.2
    endloop
  endfacet
  facet normal -0.705494 0.708716 0
    outer loop
      vertex 126.293 169.331 0
      vertex 126.513 169.55 0.2
      vertex 126.513 169.55 0
    endloop
  endfacet
  facet normal -0.705494 0.708716 0
    outer loop
      vertex 126.513 169.55 0.2
      vertex 126.293 169.331 0
      vertex 126.293 169.331 0.2
    endloop
  endfacet
  facet normal -0.548357 0.836244 0
    outer loop
      vertex 126.293 169.331 0
      vertex 126.232 169.291 0.2
      vertex 126.293 169.331 0.2
    endloop
  endfacet
  facet normal -0.548357 0.836244 0
    outer loop
      vertex 126.232 169.291 0.2
      vertex 126.293 169.331 0
      vertex 126.232 169.291 0
    endloop
  endfacet
  facet normal -0.203446 0.979086 0
    outer loop
      vertex 126.232 169.291 0
      vertex 126.155 169.275 0.2
      vertex 126.232 169.291 0.2
    endloop
  endfacet
  facet normal -0.203446 0.979086 0
    outer loop
      vertex 126.155 169.275 0.2
      vertex 126.232 169.291 0
      vertex 126.155 169.275 0
    endloop
  endfacet
  facet normal 0.203446 0.979086 -0
    outer loop
      vertex 126.155 169.275 0
      vertex 126.078 169.291 0.2
      vertex 126.155 169.275 0.2
    endloop
  endfacet
  facet normal 0.203446 0.979086 0
    outer loop
      vertex 126.078 169.291 0.2
      vertex 126.155 169.275 0
      vertex 126.078 169.291 0
    endloop
  endfacet
  facet normal 0.548357 0.836244 -0
    outer loop
      vertex 126.078 169.291 0
      vertex 126.017 169.331 0.2
      vertex 126.078 169.291 0.2
    endloop
  endfacet
  facet normal 0.548357 0.836244 0
    outer loop
      vertex 126.017 169.331 0.2
      vertex 126.078 169.291 0
      vertex 126.017 169.331 0
    endloop
  endfacet
  facet normal 0.707529 0.706685 0
    outer loop
      vertex 126.017 169.331 0.2
      vertex 125.18 170.169 0
      vertex 125.18 170.169 0.2
    endloop
  endfacet
  facet normal 0.707529 0.706685 0
    outer loop
      vertex 125.18 170.169 0
      vertex 126.017 169.331 0.2
      vertex 126.017 169.331 0
    endloop
  endfacet
  facet normal 0.823648 0.567102 0
    outer loop
      vertex 125.18 170.169 0.2
      vertex 125.138 170.23 0
      vertex 125.138 170.23 0.2
    endloop
  endfacet
  facet normal 0.823648 0.567102 0
    outer loop
      vertex 125.138 170.23 0
      vertex 125.18 170.169 0.2
      vertex 125.18 170.169 0
    endloop
  endfacet
  facet normal 0.98387 0.178885 0
    outer loop
      vertex 125.138 170.23 0.2
      vertex 125.124 170.307 0
      vertex 125.124 170.307 0.2
    endloop
  endfacet
  facet normal 0.98387 0.178885 0
    outer loop
      vertex 125.124 170.307 0
      vertex 125.138 170.23 0.2
      vertex 125.138 170.23 0
    endloop
  endfacet
  facet normal 0.98387 -0.178885 0
    outer loop
      vertex 125.124 170.307 0.2
      vertex 125.138 170.384 0
      vertex 125.138 170.384 0.2
    endloop
  endfacet
  facet normal 0.98387 -0.178885 0
    outer loop
      vertex 125.138 170.384 0
      vertex 125.124 170.307 0.2
      vertex 125.124 170.307 0
    endloop
  endfacet
  facet normal 0.823648 -0.567102 0
    outer loop
      vertex 125.138 170.384 0.2
      vertex 125.18 170.445 0
      vertex 125.18 170.445 0.2
    endloop
  endfacet
  facet normal 0.823648 -0.567102 0
    outer loop
      vertex 125.18 170.445 0
      vertex 125.138 170.384 0.2
      vertex 125.138 170.384 0
    endloop
  endfacet
  facet normal 0.707107 -0.707107 0
    outer loop
      vertex 125.18 170.445 0.2
      vertex 125.399 170.664 0
      vertex 125.399 170.664 0.2
    endloop
  endfacet
  facet normal 0.707107 -0.707107 0
    outer loop
      vertex 125.399 170.664 0
      vertex 125.18 170.445 0.2
      vertex 125.18 170.445 0
    endloop
  endfacet
  facet normal 0.548357 -0.836244 0
    outer loop
      vertex 125.399 170.664 0
      vertex 125.46 170.704 0.2
      vertex 125.399 170.664 0.2
    endloop
  endfacet
  facet normal 0.548357 -0.836244 0
    outer loop
      vertex 125.46 170.704 0.2
      vertex 125.399 170.664 0
      vertex 125.46 170.704 0
    endloop
  endfacet
  facet normal 0.20601 -0.97855 0
    outer loop
      vertex 125.46 170.704 0
      vertex 125.536 170.72 0.2
      vertex 125.46 170.704 0.2
    endloop
  endfacet
  facet normal 0.20601 -0.97855 0
    outer loop
      vertex 125.536 170.72 0.2
      vertex 125.46 170.704 0
      vertex 125.536 170.72 0
    endloop
  endfacet
  facet normal -0.203446 -0.979086 0
    outer loop
      vertex 125.536 170.72 0
      vertex 125.613 170.704 0.2
      vertex 125.536 170.72 0.2
    endloop
  endfacet
  facet normal -0.203446 -0.979086 -0
    outer loop
      vertex 125.613 170.704 0.2
      vertex 125.536 170.72 0
      vertex 125.613 170.704 0
    endloop
  endfacet
  facet normal -0.556675 -0.83073 0
    outer loop
      vertex 112.915 171.928 0
      vertex 113.012 171.863 0.2
      vertex 112.915 171.928 0.2
    endloop
  endfacet
  facet normal -0.556675 -0.83073 -0
    outer loop
      vertex 113.012 171.863 0.2
      vertex 112.915 171.928 0
      vertex 113.012 171.863 0
    endloop
  endfacet
  facet normal -0.826768 -0.562543 0
    outer loop
      vertex 113.078 171.766 0
      vertex 113.012 171.863 0.2
      vertex 113.012 171.863 0
    endloop
  endfacet
  facet normal -0.826768 -0.562543 0
    outer loop
      vertex 113.012 171.863 0.2
      vertex 113.078 171.766 0
      vertex 113.078 171.766 0.2
    endloop
  endfacet
  facet normal -0.980919 -0.194416 0
    outer loop
      vertex 113.1 171.655 0
      vertex 113.078 171.766 0.2
      vertex 113.078 171.766 0
    endloop
  endfacet
  facet normal -0.980919 -0.194416 0
    outer loop
      vertex 113.078 171.766 0.2
      vertex 113.1 171.655 0
      vertex 113.1 171.655 0.2
    endloop
  endfacet
  facet normal -1 0 0
    outer loop
      vertex 113.1 170.345 0
      vertex 113.1 171.655 0.2
      vertex 113.1 171.655 0
    endloop
  endfacet
  facet normal -1 -0 0
    outer loop
      vertex 113.1 171.655 0.2
      vertex 113.1 170.345 0
      vertex 113.1 170.345 0.2
    endloop
  endfacet
  facet normal -0.980919 0.194416 0
    outer loop
      vertex 113.078 170.234 0
      vertex 113.1 170.345 0.2
      vertex 113.1 170.345 0
    endloop
  endfacet
  facet normal -0.980919 0.194416 0
    outer loop
      vertex 113.1 170.345 0.2
      vertex 113.078 170.234 0
      vertex 113.078 170.234 0.2
    endloop
  endfacet
  facet normal -0.826768 0.562543 0
    outer loop
      vertex 113.012 170.137 0
      vertex 113.078 170.234 0.2
      vertex 113.078 170.234 0
    endloop
  endfacet
  facet normal -0.826768 0.562543 0
    outer loop
      vertex 113.078 170.234 0.2
      vertex 113.012 170.137 0
      vertex 113.012 170.137 0.2
    endloop
  endfacet
  facet normal -0.556675 0.83073 0
    outer loop
      vertex 113.012 170.137 0
      vertex 112.915 170.072 0.2
      vertex 113.012 170.137 0.2
    endloop
  endfacet
  facet normal -0.556675 0.83073 0
    outer loop
      vertex 112.915 170.072 0.2
      vertex 113.012 170.137 0
      vertex 112.915 170.072 0
    endloop
  endfacet
  facet normal -0.196116 0.980581 0
    outer loop
      vertex 112.915 170.072 0
      vertex 112.805 170.05 0.2
      vertex 112.915 170.072 0.2
    endloop
  endfacet
  facet normal -0.196116 0.980581 0
    outer loop
      vertex 112.805 170.05 0.2
      vertex 112.915 170.072 0
      vertex 112.805 170.05 0
    endloop
  endfacet
  facet normal 0 1 -0
    outer loop
      vertex 112.805 170.05 0
      vertex 112.145 170.05 0.2
      vertex 112.805 170.05 0.2
    endloop
  endfacet
  facet normal 0 1 0
    outer loop
      vertex 112.145 170.05 0.2
      vertex 112.805 170.05 0
      vertex 112.145 170.05 0
    endloop
  endfacet
  facet normal 0.196116 0.980581 -0
    outer loop
      vertex 112.145 170.05 0
      vertex 112.035 170.072 0.2
      vertex 112.145 170.05 0.2
    endloop
  endfacet
  facet normal 0.196116 0.980581 0
    outer loop
      vertex 112.035 170.072 0.2
      vertex 112.145 170.05 0
      vertex 112.035 170.072 0
    endloop
  endfacet
  facet normal 0.556675 0.83073 -0
    outer loop
      vertex 112.035 170.072 0
      vertex 111.938 170.137 0.2
      vertex 112.035 170.072 0.2
    endloop
  endfacet
  facet normal 0.556675 0.83073 0
    outer loop
      vertex 111.938 170.137 0.2
      vertex 112.035 170.072 0
      vertex 111.938 170.137 0
    endloop
  endfacet
  facet normal 0.826768 0.562543 0
    outer loop
      vertex 111.938 170.137 0.2
      vertex 111.872 170.234 0
      vertex 111.872 170.234 0.2
    endloop
  endfacet
  facet normal 0.826768 0.562543 0
    outer loop
      vertex 111.872 170.234 0
      vertex 111.938 170.137 0.2
      vertex 111.938 170.137 0
    endloop
  endfacet
  facet normal 0.980919 0.194416 0
    outer loop
      vertex 111.872 170.234 0.2
      vertex 111.85 170.345 0
      vertex 111.85 170.345 0.2
    endloop
  endfacet
  facet normal 0.980919 0.194416 0
    outer loop
      vertex 111.85 170.345 0
      vertex 111.872 170.234 0.2
      vertex 111.872 170.234 0
    endloop
  endfacet
  facet normal 1 -0 0
    outer loop
      vertex 111.85 170.345 0.2
      vertex 111.85 171.655 0
      vertex 111.85 171.655 0.2
    endloop
  endfacet
  facet normal 1 0 0
    outer loop
      vertex 111.85 171.655 0
      vertex 111.85 170.345 0.2
      vertex 111.85 170.345 0
    endloop
  endfacet
  facet normal 0.980919 -0.194416 0
    outer loop
      vertex 111.85 171.655 0.2
      vertex 111.872 171.766 0
      vertex 111.872 171.766 0.2
    endloop
  endfacet
  facet normal 0.980919 -0.194416 0
    outer loop
      vertex 111.872 171.766 0
      vertex 111.85 171.655 0.2
      vertex 111.85 171.655 0
    endloop
  endfacet
  facet normal 0.826768 -0.562543 0
    outer loop
      vertex 111.872 171.766 0.2
      vertex 111.938 171.863 0
      vertex 111.938 171.863 0.2
    endloop
  endfacet
  facet normal 0.826768 -0.562543 0
    outer loop
      vertex 111.938 171.863 0
      vertex 111.872 171.766 0.2
      vertex 111.872 171.766 0
    endloop
  endfacet
  facet normal 0.556675 -0.83073 0
    outer loop
      vertex 111.938 171.863 0
      vertex 112.035 171.928 0.2
      vertex 111.938 171.863 0.2
    endloop
  endfacet
  facet normal 0.556675 -0.83073 0
    outer loop
      vertex 112.035 171.928 0.2
      vertex 111.938 171.863 0
      vertex 112.035 171.928 0
    endloop
  endfacet
  facet normal 0.196116 -0.980581 0
    outer loop
      vertex 112.035 171.928 0
      vertex 112.145 171.95 0.2
      vertex 112.035 171.928 0.2
    endloop
  endfacet
  facet normal 0.196116 -0.980581 0
    outer loop
      vertex 112.145 171.95 0.2
      vertex 112.035 171.928 0
      vertex 112.145 171.95 0
    endloop
  endfacet
  facet normal 0 -1 0
    outer loop
      vertex 112.145 171.95 0
      vertex 112.805 171.95 0.2
      vertex 112.145 171.95 0.2
    endloop
  endfacet
  facet normal 0 -1 -0
    outer loop
      vertex 112.805 171.95 0.2
      vertex 112.145 171.95 0
      vertex 112.805 171.95 0
    endloop
  endfacet
  facet normal -0.196116 -0.980581 0
    outer loop
      vertex 112.805 171.95 0
      vertex 112.915 171.928 0.2
      vertex 112.805 171.95 0.2
    endloop
  endfacet
  facet normal -0.196116 -0.980581 -0
    outer loop
      vertex 112.915 171.928 0.2
      vertex 112.805 171.95 0
      vertex 112.915 171.928 0
    endloop
  endfacet
  facet normal -0.556675 -0.83073 0
    outer loop
      vertex 109.965 171.928 0
      vertex 110.062 171.863 0.2
      vertex 109.965 171.928 0.2
    endloop
  endfacet
  facet normal -0.556675 -0.83073 -0
    outer loop
      vertex 110.062 171.863 0.2
      vertex 109.965 171.928 0
      vertex 110.062 171.863 0
    endloop
  endfacet
  facet normal -0.826768 -0.562543 0
    outer loop
      vertex 110.128 171.766 0
      vertex 110.062 171.863 0.2
      vertex 110.062 171.863 0
    endloop
  endfacet
  facet normal -0.826768 -0.562543 0
    outer loop
      vertex 110.062 171.863 0.2
      vertex 110.128 171.766 0
      vertex 110.128 171.766 0.2
    endloop
  endfacet
  facet normal -0.980919 -0.194416 0
    outer loop
      vertex 110.15 171.655 0
      vertex 110.128 171.766 0.2
      vertex 110.128 171.766 0
    endloop
  endfacet
  facet normal -0.980919 -0.194416 0
    outer loop
      vertex 110.128 171.766 0.2
      vertex 110.15 171.655 0
      vertex 110.15 171.655 0.2
    endloop
  endfacet
  facet normal -1 0 0
    outer loop
      vertex 110.15 170.345 0
      vertex 110.15 171.655 0.2
      vertex 110.15 171.655 0
    endloop
  endfacet
  facet normal -1 -0 0
    outer loop
      vertex 110.15 171.655 0.2
      vertex 110.15 170.345 0
      vertex 110.15 170.345 0.2
    endloop
  endfacet
  facet normal -0.980919 0.194416 0
    outer loop
      vertex 110.128 170.234 0
      vertex 110.15 170.345 0.2
      vertex 110.15 170.345 0
    endloop
  endfacet
  facet normal -0.980919 0.194416 0
    outer loop
      vertex 110.15 170.345 0.2
      vertex 110.128 170.234 0
      vertex 110.128 170.234 0.2
    endloop
  endfacet
  facet normal -0.826768 0.562543 0
    outer loop
      vertex 110.062 170.137 0
      vertex 110.128 170.234 0.2
      vertex 110.128 170.234 0
    endloop
  endfacet
  facet normal -0.826768 0.562543 0
    outer loop
      vertex 110.128 170.234 0.2
      vertex 110.062 170.137 0
      vertex 110.062 170.137 0.2
    endloop
  endfacet
  facet normal -0.556675 0.83073 0
    outer loop
      vertex 110.062 170.137 0
      vertex 109.965 170.072 0.2
      vertex 110.062 170.137 0.2
    endloop
  endfacet
  facet normal -0.556675 0.83073 0
    outer loop
      vertex 109.965 170.072 0.2
      vertex 110.062 170.137 0
      vertex 109.965 170.072 0
    endloop
  endfacet
  facet normal -0.196116 0.980581 0
    outer loop
      vertex 109.965 170.072 0
      vertex 109.855 170.05 0.2
      vertex 109.965 170.072 0.2
    endloop
  endfacet
  facet normal -0.196116 0.980581 0
    outer loop
      vertex 109.855 170.05 0.2
      vertex 109.965 170.072 0
      vertex 109.855 170.05 0
    endloop
  endfacet
  facet normal 0 1 -0
    outer loop
      vertex 109.855 170.05 0
      vertex 109.195 170.05 0.2
      vertex 109.855 170.05 0.2
    endloop
  endfacet
  facet normal 0 1 0
    outer loop
      vertex 109.195 170.05 0.2
      vertex 109.855 170.05 0
      vertex 109.195 170.05 0
    endloop
  endfacet
  facet normal 0.196116 0.980581 -0
    outer loop
      vertex 109.195 170.05 0
      vertex 109.085 170.072 0.2
      vertex 109.195 170.05 0.2
    endloop
  endfacet
  facet normal 0.196116 0.980581 0
    outer loop
      vertex 109.085 170.072 0.2
      vertex 109.195 170.05 0
      vertex 109.085 170.072 0
    endloop
  endfacet
  facet normal 0.556675 0.83073 -0
    outer loop
      vertex 109.085 170.072 0
      vertex 108.988 170.137 0.2
      vertex 109.085 170.072 0.2
    endloop
  endfacet
  facet normal 0.556675 0.83073 0
    outer loop
      vertex 108.988 170.137 0.2
      vertex 109.085 170.072 0
      vertex 108.988 170.137 0
    endloop
  endfacet
  facet normal 0.826768 0.562543 0
    outer loop
      vertex 108.988 170.137 0.2
      vertex 108.922 170.234 0
      vertex 108.922 170.234 0.2
    endloop
  endfacet
  facet normal 0.826768 0.562543 0
    outer loop
      vertex 108.922 170.234 0
      vertex 108.988 170.137 0.2
      vertex 108.988 170.137 0
    endloop
  endfacet
  facet normal 0.980919 0.194416 0
    outer loop
      vertex 108.922 170.234 0.2
      vertex 108.9 170.345 0
      vertex 108.9 170.345 0.2
    endloop
  endfacet
  facet normal 0.980919 0.194416 0
    outer loop
      vertex 108.9 170.345 0
      vertex 108.922 170.234 0.2
      vertex 108.922 170.234 0
    endloop
  endfacet
  facet normal 1 -0 0
    outer loop
      vertex 108.9 170.345 0.2
      vertex 108.9 171.655 0
      vertex 108.9 171.655 0.2
    endloop
  endfacet
  facet normal 1 0 0
    outer loop
      vertex 108.9 171.655 0
      vertex 108.9 170.345 0.2
      vertex 108.9 170.345 0
    endloop
  endfacet
  facet normal 0.980919 -0.194416 0
    outer loop
      vertex 108.9 171.655 0.2
      vertex 108.922 171.766 0
      vertex 108.922 171.766 0.2
    endloop
  endfacet
  facet normal 0.980919 -0.194416 0
    outer loop
      vertex 108.922 171.766 0
      vertex 108.9 171.655 0.2
      vertex 108.9 171.655 0
    endloop
  endfacet
  facet normal 0.826768 -0.562543 0
    outer loop
      vertex 108.922 171.766 0.2
      vertex 108.988 171.863 0
      vertex 108.988 171.863 0.2
    endloop
  endfacet
  facet normal 0.826768 -0.562543 0
    outer loop
      vertex 108.988 171.863 0
      vertex 108.922 171.766 0.2
      vertex 108.922 171.766 0
    endloop
  endfacet
  facet normal 0.556675 -0.83073 0
    outer loop
      vertex 108.988 171.863 0
      vertex 109.085 171.928 0.2
      vertex 108.988 171.863 0.2
    endloop
  endfacet
  facet normal 0.556675 -0.83073 0
    outer loop
      vertex 109.085 171.928 0.2
      vertex 108.988 171.863 0
      vertex 109.085 171.928 0
    endloop
  endfacet
  facet normal 0.196116 -0.980581 0
    outer loop
      vertex 109.085 171.928 0
      vertex 109.195 171.95 0.2
      vertex 109.085 171.928 0.2
    endloop
  endfacet
  facet normal 0.196116 -0.980581 0
    outer loop
      vertex 109.195 171.95 0.2
      vertex 109.085 171.928 0
      vertex 109.195 171.95 0
    endloop
  endfacet
  facet normal 0 -1 0
    outer loop
      vertex 109.195 171.95 0
      vertex 109.855 171.95 0.2
      vertex 109.195 171.95 0.2
    endloop
  endfacet
  facet normal 0 -1 -0
    outer loop
      vertex 109.855 171.95 0.2
      vertex 109.195 171.95 0
      vertex 109.855 171.95 0
    endloop
  endfacet
  facet normal -0.196116 -0.980581 0
    outer loop
      vertex 109.855 171.95 0
      vertex 109.965 171.928 0.2
      vertex 109.855 171.95 0.2
    endloop
  endfacet
  facet normal -0.196116 -0.980581 -0
    outer loop
      vertex 109.965 171.928 0.2
      vertex 109.855 171.95 0
      vertex 109.965 171.928 0
    endloop
  endfacet
  facet normal -0.556675 -0.83073 0
    outer loop
      vertex 104.915 171.928 0
      vertex 105.012 171.863 0.2
      vertex 104.915 171.928 0.2
    endloop
  endfacet
  facet normal -0.556675 -0.83073 -0
    outer loop
      vertex 105.012 171.863 0.2
      vertex 104.915 171.928 0
      vertex 105.012 171.863 0
    endloop
  endfacet
  facet normal -0.826768 -0.562543 0
    outer loop
      vertex 105.078 171.766 0
      vertex 105.012 171.863 0.2
      vertex 105.012 171.863 0
    endloop
  endfacet
  facet normal -0.826768 -0.562543 0
    outer loop
      vertex 105.012 171.863 0.2
      vertex 105.078 171.766 0
      vertex 105.078 171.766 0.2
    endloop
  endfacet
  facet normal -0.980919 -0.194416 0
    outer loop
      vertex 105.1 171.655 0
      vertex 105.078 171.766 0.2
      vertex 105.078 171.766 0
    endloop
  endfacet
  facet normal -0.980919 -0.194416 0
    outer loop
      vertex 105.078 171.766 0.2
      vertex 105.1 171.655 0
      vertex 105.1 171.655 0.2
    endloop
  endfacet
  facet normal -1 0 0
    outer loop
      vertex 105.1 170.345 0
      vertex 105.1 171.655 0.2
      vertex 105.1 171.655 0
    endloop
  endfacet
  facet normal -1 -0 0
    outer loop
      vertex 105.1 171.655 0.2
      vertex 105.1 170.345 0
      vertex 105.1 170.345 0.2
    endloop
  endfacet
  facet normal -0.980919 0.194416 0
    outer loop
      vertex 105.078 170.234 0
      vertex 105.1 170.345 0.2
      vertex 105.1 170.345 0
    endloop
  endfacet
  facet normal -0.980919 0.194416 0
    outer loop
      vertex 105.1 170.345 0.2
      vertex 105.078 170.234 0
      vertex 105.078 170.234 0.2
    endloop
  endfacet
  facet normal -0.826768 0.562543 0
    outer loop
      vertex 105.012 170.137 0
      vertex 105.078 170.234 0.2
      vertex 105.078 170.234 0
    endloop
  endfacet
  facet normal -0.826768 0.562543 0
    outer loop
      vertex 105.078 170.234 0.2
      vertex 105.012 170.137 0
      vertex 105.012 170.137 0.2
    endloop
  endfacet
  facet normal -0.556675 0.83073 0
    outer loop
      vertex 105.012 170.137 0
      vertex 104.915 170.072 0.2
      vertex 105.012 170.137 0.2
    endloop
  endfacet
  facet normal -0.556675 0.83073 0
    outer loop
      vertex 104.915 170.072 0.2
      vertex 105.012 170.137 0
      vertex 104.915 170.072 0
    endloop
  endfacet
  facet normal -0.196116 0.980581 0
    outer loop
      vertex 104.915 170.072 0
      vertex 104.805 170.05 0.2
      vertex 104.915 170.072 0.2
    endloop
  endfacet
  facet normal -0.196116 0.980581 0
    outer loop
      vertex 104.805 170.05 0.2
      vertex 104.915 170.072 0
      vertex 104.805 170.05 0
    endloop
  endfacet
  facet normal 0 1 -0
    outer loop
      vertex 104.805 170.05 0
      vertex 104.145 170.05 0.2
      vertex 104.805 170.05 0.2
    endloop
  endfacet
  facet normal 0 1 0
    outer loop
      vertex 104.145 170.05 0.2
      vertex 104.805 170.05 0
      vertex 104.145 170.05 0
    endloop
  endfacet
  facet normal 0.196116 0.980581 -0
    outer loop
      vertex 104.145 170.05 0
      vertex 104.035 170.072 0.2
      vertex 104.145 170.05 0.2
    endloop
  endfacet
  facet normal 0.196116 0.980581 0
    outer loop
      vertex 104.035 170.072 0.2
      vertex 104.145 170.05 0
      vertex 104.035 170.072 0
    endloop
  endfacet
  facet normal 0.556675 0.83073 -0
    outer loop
      vertex 104.035 170.072 0
      vertex 103.938 170.137 0.2
      vertex 104.035 170.072 0.2
    endloop
  endfacet
  facet normal 0.556675 0.83073 0
    outer loop
      vertex 103.938 170.137 0.2
      vertex 104.035 170.072 0
      vertex 103.938 170.137 0
    endloop
  endfacet
  facet normal 0.826768 0.562543 0
    outer loop
      vertex 103.938 170.137 0.2
      vertex 103.872 170.234 0
      vertex 103.872 170.234 0.2
    endloop
  endfacet
  facet normal 0.826768 0.562543 0
    outer loop
      vertex 103.872 170.234 0
      vertex 103.938 170.137 0.2
      vertex 103.938 170.137 0
    endloop
  endfacet
  facet normal 0.980919 0.194416 0
    outer loop
      vertex 103.872 170.234 0.2
      vertex 103.85 170.345 0
      vertex 103.85 170.345 0.2
    endloop
  endfacet
  facet normal 0.980919 0.194416 0
    outer loop
      vertex 103.85 170.345 0
      vertex 103.872 170.234 0.2
      vertex 103.872 170.234 0
    endloop
  endfacet
  facet normal 1 -0 0
    outer loop
      vertex 103.85 170.345 0.2
      vertex 103.85 171.655 0
      vertex 103.85 171.655 0.2
    endloop
  endfacet
  facet normal 1 0 0
    outer loop
      vertex 103.85 171.655 0
      vertex 103.85 170.345 0.2
      vertex 103.85 170.345 0
    endloop
  endfacet
  facet normal 0.980919 -0.194416 0
    outer loop
      vertex 103.85 171.655 0.2
      vertex 103.872 171.766 0
      vertex 103.872 171.766 0.2
    endloop
  endfacet
  facet normal 0.980919 -0.194416 0
    outer loop
      vertex 103.872 171.766 0
      vertex 103.85 171.655 0.2
      vertex 103.85 171.655 0
    endloop
  endfacet
  facet normal 0.826768 -0.562543 0
    outer loop
      vertex 103.872 171.766 0.2
      vertex 103.938 171.863 0
      vertex 103.938 171.863 0.2
    endloop
  endfacet
  facet normal 0.826768 -0.562543 0
    outer loop
      vertex 103.938 171.863 0
      vertex 103.872 171.766 0.2
      vertex 103.872 171.766 0
    endloop
  endfacet
  facet normal 0.556675 -0.83073 0
    outer loop
      vertex 103.938 171.863 0
      vertex 104.035 171.928 0.2
      vertex 103.938 171.863 0.2
    endloop
  endfacet
  facet normal 0.556675 -0.83073 0
    outer loop
      vertex 104.035 171.928 0.2
      vertex 103.938 171.863 0
      vertex 104.035 171.928 0
    endloop
  endfacet
  facet normal 0.196116 -0.980581 0
    outer loop
      vertex 104.035 171.928 0
      vertex 104.145 171.95 0.2
      vertex 104.035 171.928 0.2
    endloop
  endfacet
  facet normal 0.196116 -0.980581 0
    outer loop
      vertex 104.145 171.95 0.2
      vertex 104.035 171.928 0
      vertex 104.145 171.95 0
    endloop
  endfacet
  facet normal 0 -1 0
    outer loop
      vertex 104.145 171.95 0
      vertex 104.805 171.95 0.2
      vertex 104.145 171.95 0.2
    endloop
  endfacet
  facet normal 0 -1 -0
    outer loop
      vertex 104.805 171.95 0.2
      vertex 104.145 171.95 0
      vertex 104.805 171.95 0
    endloop
  endfacet
  facet normal -0.196116 -0.980581 0
    outer loop
      vertex 104.805 171.95 0
      vertex 104.915 171.928 0.2
      vertex 104.805 171.95 0.2
    endloop
  endfacet
  facet normal -0.196116 -0.980581 -0
    outer loop
      vertex 104.915 171.928 0.2
      vertex 104.805 171.95 0
      vertex 104.915 171.928 0
    endloop
  endfacet
  facet normal -0.556675 -0.83073 0
    outer loop
      vertex 101.965 171.928 0
      vertex 102.062 171.863 0.2
      vertex 101.965 171.928 0.2
    endloop
  endfacet
  facet normal -0.556675 -0.83073 -0
    outer loop
      vertex 102.062 171.863 0.2
      vertex 101.965 171.928 0
      vertex 102.062 171.863 0
    endloop
  endfacet
  facet normal -0.826768 -0.562543 0
    outer loop
      vertex 102.128 171.766 0
      vertex 102.062 171.863 0.2
      vertex 102.062 171.863 0
    endloop
  endfacet
  facet normal -0.826768 -0.562543 0
    outer loop
      vertex 102.062 171.863 0.2
      vertex 102.128 171.766 0
      vertex 102.128 171.766 0.2
    endloop
  endfacet
  facet normal -0.980919 -0.194416 0
    outer loop
      vertex 102.15 171.655 0
      vertex 102.128 171.766 0.2
      vertex 102.128 171.766 0
    endloop
  endfacet
  facet normal -0.980919 -0.194416 0
    outer loop
      vertex 102.128 171.766 0.2
      vertex 102.15 171.655 0
      vertex 102.15 171.655 0.2
    endloop
  endfacet
  facet normal -1 0 0
    outer loop
      vertex 102.15 170.345 0
      vertex 102.15 171.655 0.2
      vertex 102.15 171.655 0
    endloop
  endfacet
  facet normal -1 -0 0
    outer loop
      vertex 102.15 171.655 0.2
      vertex 102.15 170.345 0
      vertex 102.15 170.345 0.2
    endloop
  endfacet
  facet normal -0.980919 0.194416 0
    outer loop
      vertex 102.128 170.234 0
      vertex 102.15 170.345 0.2
      vertex 102.15 170.345 0
    endloop
  endfacet
  facet normal -0.980919 0.194416 0
    outer loop
      vertex 102.15 170.345 0.2
      vertex 102.128 170.234 0
      vertex 102.128 170.234 0.2
    endloop
  endfacet
  facet normal -0.826768 0.562543 0
    outer loop
      vertex 102.062 170.137 0
      vertex 102.128 170.234 0.2
      vertex 102.128 170.234 0
    endloop
  endfacet
  facet normal -0.826768 0.562543 0
    outer loop
      vertex 102.128 170.234 0.2
      vertex 102.062 170.137 0
      vertex 102.062 170.137 0.2
    endloop
  endfacet
  facet normal -0.556675 0.83073 0
    outer loop
      vertex 102.062 170.137 0
      vertex 101.965 170.072 0.2
      vertex 102.062 170.137 0.2
    endloop
  endfacet
  facet normal -0.556675 0.83073 0
    outer loop
      vertex 101.965 170.072 0.2
      vertex 102.062 170.137 0
      vertex 101.965 170.072 0
    endloop
  endfacet
  facet normal -0.196116 0.980581 0
    outer loop
      vertex 101.965 170.072 0
      vertex 101.855 170.05 0.2
      vertex 101.965 170.072 0.2
    endloop
  endfacet
  facet normal -0.196116 0.980581 0
    outer loop
      vertex 101.855 170.05 0.2
      vertex 101.965 170.072 0
      vertex 101.855 170.05 0
    endloop
  endfacet
  facet normal 0 1 -0
    outer loop
      vertex 101.855 170.05 0
      vertex 101.195 170.05 0.2
      vertex 101.855 170.05 0.2
    endloop
  endfacet
  facet normal 0 1 0
    outer loop
      vertex 101.195 170.05 0.2
      vertex 101.855 170.05 0
      vertex 101.195 170.05 0
    endloop
  endfacet
  facet normal 0.196116 0.980581 -0
    outer loop
      vertex 101.195 170.05 0
      vertex 101.085 170.072 0.2
      vertex 101.195 170.05 0.2
    endloop
  endfacet
  facet normal 0.196116 0.980581 0
    outer loop
      vertex 101.085 170.072 0.2
      vertex 101.195 170.05 0
      vertex 101.085 170.072 0
    endloop
  endfacet
  facet normal 0.556675 0.83073 -0
    outer loop
      vertex 101.085 170.072 0
      vertex 100.988 170.137 0.2
      vertex 101.085 170.072 0.2
    endloop
  endfacet
  facet normal 0.556675 0.83073 0
    outer loop
      vertex 100.988 170.137 0.2
      vertex 101.085 170.072 0
      vertex 100.988 170.137 0
    endloop
  endfacet
  facet normal 0.826768 0.562543 0
    outer loop
      vertex 100.988 170.137 0.2
      vertex 100.922 170.234 0
      vertex 100.922 170.234 0.2
    endloop
  endfacet
  facet normal 0.826768 0.562543 0
    outer loop
      vertex 100.922 170.234 0
      vertex 100.988 170.137 0.2
      vertex 100.988 170.137 0
    endloop
  endfacet
  facet normal 0.980919 0.194416 0
    outer loop
      vertex 100.922 170.234 0.2
      vertex 100.9 170.345 0
      vertex 100.9 170.345 0.2
    endloop
  endfacet
  facet normal 0.980919 0.194416 0
    outer loop
      vertex 100.9 170.345 0
      vertex 100.922 170.234 0.2
      vertex 100.922 170.234 0
    endloop
  endfacet
  facet normal 1 -0 0
    outer loop
      vertex 100.9 170.345 0.2
      vertex 100.9 171.655 0
      vertex 100.9 171.655 0.2
    endloop
  endfacet
  facet normal 1 0 0
    outer loop
      vertex 100.9 171.655 0
      vertex 100.9 170.345 0.2
      vertex 100.9 170.345 0
    endloop
  endfacet
  facet normal 0.980919 -0.194416 0
    outer loop
      vertex 100.9 171.655 0.2
      vertex 100.922 171.766 0
      vertex 100.922 171.766 0.2
    endloop
  endfacet
  facet normal 0.980919 -0.194416 0
    outer loop
      vertex 100.922 171.766 0
      vertex 100.9 171.655 0.2
      vertex 100.9 171.655 0
    endloop
  endfacet
  facet normal 0.826768 -0.562543 0
    outer loop
      vertex 100.922 171.766 0.2
      vertex 100.988 171.863 0
      vertex 100.988 171.863 0.2
    endloop
  endfacet
  facet normal 0.826768 -0.562543 0
    outer loop
      vertex 100.988 171.863 0
      vertex 100.922 171.766 0.2
      vertex 100.922 171.766 0
    endloop
  endfacet
  facet normal 0.556675 -0.83073 0
    outer loop
      vertex 100.988 171.863 0
      vertex 101.085 171.928 0.2
      vertex 100.988 171.863 0.2
    endloop
  endfacet
  facet normal 0.556675 -0.83073 0
    outer loop
      vertex 101.085 171.928 0.2
      vertex 100.988 171.863 0
      vertex 101.085 171.928 0
    endloop
  endfacet
  facet normal 0.196116 -0.980581 0
    outer loop
      vertex 101.085 171.928 0
      vertex 101.195 171.95 0.2
      vertex 101.085 171.928 0.2
    endloop
  endfacet
  facet normal 0.196116 -0.980581 0
    outer loop
      vertex 101.195 171.95 0.2
      vertex 101.085 171.928 0
      vertex 101.195 171.95 0
    endloop
  endfacet
  facet normal 0 -1 0
    outer loop
      vertex 101.195 171.95 0
      vertex 101.855 171.95 0.2
      vertex 101.195 171.95 0.2
    endloop
  endfacet
  facet normal 0 -1 -0
    outer loop
      vertex 101.855 171.95 0.2
      vertex 101.195 171.95 0
      vertex 101.855 171.95 0
    endloop
  endfacet
  facet normal -0.196116 -0.980581 0
    outer loop
      vertex 101.855 171.95 0
      vertex 101.965 171.928 0.2
      vertex 101.855 171.95 0.2
    endloop
  endfacet
  facet normal -0.196116 -0.980581 -0
    outer loop
      vertex 101.965 171.928 0.2
      vertex 101.855 171.95 0
      vertex 101.965 171.928 0
    endloop
  endfacet
  facet normal -0.556675 -0.83073 0
    outer loop
      vertex 129.215 172.928 0
      vertex 129.312 172.863 0.2
      vertex 129.215 172.928 0.2
    endloop
  endfacet
  facet normal -0.556675 -0.83073 -0
    outer loop
      vertex 129.312 172.863 0.2
      vertex 129.215 172.928 0
      vertex 129.312 172.863 0
    endloop
  endfacet
  facet normal -0.826768 -0.562543 0
    outer loop
      vertex 129.378 172.766 0
      vertex 129.312 172.863 0.2
      vertex 129.312 172.863 0
    endloop
  endfacet
  facet normal -0.826768 -0.562543 0
    outer loop
      vertex 129.312 172.863 0.2
      vertex 129.378 172.766 0
      vertex 129.378 172.766 0.2
    endloop
  endfacet
  facet normal -0.980919 -0.194416 0
    outer loop
      vertex 129.4 172.655 0
      vertex 129.378 172.766 0.2
      vertex 129.378 172.766 0
    endloop
  endfacet
  facet normal -0.980919 -0.194416 0
    outer loop
      vertex 129.378 172.766 0.2
      vertex 129.4 172.655 0
      vertex 129.4 172.655 0.2
    endloop
  endfacet
  facet normal -1 0 0
    outer loop
      vertex 129.4 171.345 0
      vertex 129.4 172.655 0.2
      vertex 129.4 172.655 0
    endloop
  endfacet
  facet normal -1 -0 0
    outer loop
      vertex 129.4 172.655 0.2
      vertex 129.4 171.345 0
      vertex 129.4 171.345 0.2
    endloop
  endfacet
  facet normal -0.980919 0.194416 0
    outer loop
      vertex 129.378 171.234 0
      vertex 129.4 171.345 0.2
      vertex 129.4 171.345 0
    endloop
  endfacet
  facet normal -0.980919 0.194416 0
    outer loop
      vertex 129.4 171.345 0.2
      vertex 129.378 171.234 0
      vertex 129.378 171.234 0.2
    endloop
  endfacet
  facet normal -0.826768 0.562543 0
    outer loop
      vertex 129.312 171.137 0
      vertex 129.378 171.234 0.2
      vertex 129.378 171.234 0
    endloop
  endfacet
  facet normal -0.826768 0.562543 0
    outer loop
      vertex 129.378 171.234 0.2
      vertex 129.312 171.137 0
      vertex 129.312 171.137 0.2
    endloop
  endfacet
  facet normal -0.556675 0.83073 0
    outer loop
      vertex 129.312 171.137 0
      vertex 129.215 171.072 0.2
      vertex 129.312 171.137 0.2
    endloop
  endfacet
  facet normal -0.556675 0.83073 0
    outer loop
      vertex 129.215 171.072 0.2
      vertex 129.312 171.137 0
      vertex 129.215 171.072 0
    endloop
  endfacet
  facet normal -0.196116 0.980581 0
    outer loop
      vertex 129.215 171.072 0
      vertex 129.105 171.05 0.2
      vertex 129.215 171.072 0.2
    endloop
  endfacet
  facet normal -0.196116 0.980581 0
    outer loop
      vertex 129.105 171.05 0.2
      vertex 129.215 171.072 0
      vertex 129.105 171.05 0
    endloop
  endfacet
  facet normal 0 1 -0
    outer loop
      vertex 129.105 171.05 0
      vertex 128.445 171.05 0.2
      vertex 129.105 171.05 0.2
    endloop
  endfacet
  facet normal 0 1 0
    outer loop
      vertex 128.445 171.05 0.2
      vertex 129.105 171.05 0
      vertex 128.445 171.05 0
    endloop
  endfacet
  facet normal 0.196116 0.980581 -0
    outer loop
      vertex 128.445 171.05 0
      vertex 128.335 171.072 0.2
      vertex 128.445 171.05 0.2
    endloop
  endfacet
  facet normal 0.196116 0.980581 0
    outer loop
      vertex 128.335 171.072 0.2
      vertex 128.445 171.05 0
      vertex 128.335 171.072 0
    endloop
  endfacet
  facet normal 0.556675 0.83073 -0
    outer loop
      vertex 128.335 171.072 0
      vertex 128.238 171.137 0.2
      vertex 128.335 171.072 0.2
    endloop
  endfacet
  facet normal 0.556675 0.83073 0
    outer loop
      vertex 128.238 171.137 0.2
      vertex 128.335 171.072 0
      vertex 128.238 171.137 0
    endloop
  endfacet
  facet normal 0.826768 0.562543 0
    outer loop
      vertex 128.238 171.137 0.2
      vertex 128.172 171.234 0
      vertex 128.172 171.234 0.2
    endloop
  endfacet
  facet normal 0.826768 0.562543 0
    outer loop
      vertex 128.172 171.234 0
      vertex 128.238 171.137 0.2
      vertex 128.238 171.137 0
    endloop
  endfacet
  facet normal 0.980919 0.194416 0
    outer loop
      vertex 128.172 171.234 0.2
      vertex 128.15 171.345 0
      vertex 128.15 171.345 0.2
    endloop
  endfacet
  facet normal 0.980919 0.194416 0
    outer loop
      vertex 128.15 171.345 0
      vertex 128.172 171.234 0.2
      vertex 128.172 171.234 0
    endloop
  endfacet
  facet normal 1 -0 0
    outer loop
      vertex 128.15 171.345 0.2
      vertex 128.15 172.655 0
      vertex 128.15 172.655 0.2
    endloop
  endfacet
  facet normal 1 0 0
    outer loop
      vertex 128.15 172.655 0
      vertex 128.15 171.345 0.2
      vertex 128.15 171.345 0
    endloop
  endfacet
  facet normal 0.980919 -0.194416 0
    outer loop
      vertex 128.15 172.655 0.2
      vertex 128.172 172.766 0
      vertex 128.172 172.766 0.2
    endloop
  endfacet
  facet normal 0.980919 -0.194416 0
    outer loop
      vertex 128.172 172.766 0
      vertex 128.15 172.655 0.2
      vertex 128.15 172.655 0
    endloop
  endfacet
  facet normal 0.826768 -0.562543 0
    outer loop
      vertex 128.172 172.766 0.2
      vertex 128.238 172.863 0
      vertex 128.238 172.863 0.2
    endloop
  endfacet
  facet normal 0.826768 -0.562543 0
    outer loop
      vertex 128.238 172.863 0
      vertex 128.172 172.766 0.2
      vertex 128.172 172.766 0
    endloop
  endfacet
  facet normal 0.556675 -0.83073 0
    outer loop
      vertex 128.238 172.863 0
      vertex 128.335 172.928 0.2
      vertex 128.238 172.863 0.2
    endloop
  endfacet
  facet normal 0.556675 -0.83073 0
    outer loop
      vertex 128.335 172.928 0.2
      vertex 128.238 172.863 0
      vertex 128.335 172.928 0
    endloop
  endfacet
  facet normal 0.196116 -0.980581 0
    outer loop
      vertex 128.335 172.928 0
      vertex 128.445 172.95 0.2
      vertex 128.335 172.928 0.2
    endloop
  endfacet
  facet normal 0.196116 -0.980581 0
    outer loop
      vertex 128.445 172.95 0.2
      vertex 128.335 172.928 0
      vertex 128.445 172.95 0
    endloop
  endfacet
  facet normal 0 -1 0
    outer loop
      vertex 128.445 172.95 0
      vertex 129.105 172.95 0.2
      vertex 128.445 172.95 0.2
    endloop
  endfacet
  facet normal 0 -1 -0
    outer loop
      vertex 129.105 172.95 0.2
      vertex 128.445 172.95 0
      vertex 129.105 172.95 0
    endloop
  endfacet
  facet normal -0.196116 -0.980581 0
    outer loop
      vertex 129.105 172.95 0
      vertex 129.215 172.928 0.2
      vertex 129.105 172.95 0.2
    endloop
  endfacet
  facet normal -0.196116 -0.980581 -0
    outer loop
      vertex 129.215 172.928 0.2
      vertex 129.105 172.95 0
      vertex 129.215 172.928 0
    endloop
  endfacet
  facet normal -0.556675 -0.83073 0
    outer loop
      vertex 132.165 172.928 0
      vertex 132.262 172.863 0.2
      vertex 132.165 172.928 0.2
    endloop
  endfacet
  facet normal -0.556675 -0.83073 -0
    outer loop
      vertex 132.262 172.863 0.2
      vertex 132.165 172.928 0
      vertex 132.262 172.863 0
    endloop
  endfacet
  facet normal -0.826768 -0.562543 0
    outer loop
      vertex 132.328 172.766 0
      vertex 132.262 172.863 0.2
      vertex 132.262 172.863 0
    endloop
  endfacet
  facet normal -0.826768 -0.562543 0
    outer loop
      vertex 132.262 172.863 0.2
      vertex 132.328 172.766 0
      vertex 132.328 172.766 0.2
    endloop
  endfacet
  facet normal -0.980919 -0.194416 0
    outer loop
      vertex 132.35 172.655 0
      vertex 132.328 172.766 0.2
      vertex 132.328 172.766 0
    endloop
  endfacet
  facet normal -0.980919 -0.194416 0
    outer loop
      vertex 132.328 172.766 0.2
      vertex 132.35 172.655 0
      vertex 132.35 172.655 0.2
    endloop
  endfacet
  facet normal -1 0 0
    outer loop
      vertex 132.35 171.345 0
      vertex 132.35 172.655 0.2
      vertex 132.35 172.655 0
    endloop
  endfacet
  facet normal -1 -0 0
    outer loop
      vertex 132.35 172.655 0.2
      vertex 132.35 171.345 0
      vertex 132.35 171.345 0.2
    endloop
  endfacet
  facet normal -0.980919 0.194416 0
    outer loop
      vertex 132.328 171.234 0
      vertex 132.35 171.345 0.2
      vertex 132.35 171.345 0
    endloop
  endfacet
  facet normal -0.980919 0.194416 0
    outer loop
      vertex 132.35 171.345 0.2
      vertex 132.328 171.234 0
      vertex 132.328 171.234 0.2
    endloop
  endfacet
  facet normal -0.826768 0.562543 0
    outer loop
      vertex 132.262 171.137 0
      vertex 132.328 171.234 0.2
      vertex 132.328 171.234 0
    endloop
  endfacet
  facet normal -0.826768 0.562543 0
    outer loop
      vertex 132.328 171.234 0.2
      vertex 132.262 171.137 0
      vertex 132.262 171.137 0.2
    endloop
  endfacet
  facet normal -0.556675 0.83073 0
    outer loop
      vertex 132.262 171.137 0
      vertex 132.165 171.072 0.2
      vertex 132.262 171.137 0.2
    endloop
  endfacet
  facet normal -0.556675 0.83073 0
    outer loop
      vertex 132.165 171.072 0.2
      vertex 132.262 171.137 0
      vertex 132.165 171.072 0
    endloop
  endfacet
  facet normal -0.196116 0.980581 0
    outer loop
      vertex 132.165 171.072 0
      vertex 132.055 171.05 0.2
      vertex 132.165 171.072 0.2
    endloop
  endfacet
  facet normal -0.196116 0.980581 0
    outer loop
      vertex 132.055 171.05 0.2
      vertex 132.165 171.072 0
      vertex 132.055 171.05 0
    endloop
  endfacet
  facet normal 0 1 -0
    outer loop
      vertex 132.055 171.05 0
      vertex 131.395 171.05 0.2
      vertex 132.055 171.05 0.2
    endloop
  endfacet
  facet normal 0 1 0
    outer loop
      vertex 131.395 171.05 0.2
      vertex 132.055 171.05 0
      vertex 131.395 171.05 0
    endloop
  endfacet
  facet normal 0.196116 0.980581 -0
    outer loop
      vertex 131.395 171.05 0
      vertex 131.285 171.072 0.2
      vertex 131.395 171.05 0.2
    endloop
  endfacet
  facet normal 0.196116 0.980581 0
    outer loop
      vertex 131.285 171.072 0.2
      vertex 131.395 171.05 0
      vertex 131.285 171.072 0
    endloop
  endfacet
  facet normal 0.556675 0.83073 -0
    outer loop
      vertex 131.285 171.072 0
      vertex 131.188 171.137 0.2
      vertex 131.285 171.072 0.2
    endloop
  endfacet
  facet normal 0.556675 0.83073 0
    outer loop
      vertex 131.188 171.137 0.2
      vertex 131.285 171.072 0
      vertex 131.188 171.137 0
    endloop
  endfacet
  facet normal 0.826768 0.562543 0
    outer loop
      vertex 131.188 171.137 0.2
      vertex 131.122 171.234 0
      vertex 131.122 171.234 0.2
    endloop
  endfacet
  facet normal 0.826768 0.562543 0
    outer loop
      vertex 131.122 171.234 0
      vertex 131.188 171.137 0.2
      vertex 131.188 171.137 0
    endloop
  endfacet
  facet normal 0.980919 0.194416 0
    outer loop
      vertex 131.122 171.234 0.2
      vertex 131.1 171.345 0
      vertex 131.1 171.345 0.2
    endloop
  endfacet
  facet normal 0.980919 0.194416 0
    outer loop
      vertex 131.1 171.345 0
      vertex 131.122 171.234 0.2
      vertex 131.122 171.234 0
    endloop
  endfacet
  facet normal 1 -0 0
    outer loop
      vertex 131.1 171.345 0.2
      vertex 131.1 172.655 0
      vertex 131.1 172.655 0.2
    endloop
  endfacet
  facet normal 1 0 0
    outer loop
      vertex 131.1 172.655 0
      vertex 131.1 171.345 0.2
      vertex 131.1 171.345 0
    endloop
  endfacet
  facet normal 0.980919 -0.194416 0
    outer loop
      vertex 131.1 172.655 0.2
      vertex 131.122 172.766 0
      vertex 131.122 172.766 0.2
    endloop
  endfacet
  facet normal 0.980919 -0.194416 0
    outer loop
      vertex 131.122 172.766 0
      vertex 131.1 172.655 0.2
      vertex 131.1 172.655 0
    endloop
  endfacet
  facet normal 0.826768 -0.562543 0
    outer loop
      vertex 131.122 172.766 0.2
      vertex 131.188 172.863 0
      vertex 131.188 172.863 0.2
    endloop
  endfacet
  facet normal 0.826768 -0.562543 0
    outer loop
      vertex 131.188 172.863 0
      vertex 131.122 172.766 0.2
      vertex 131.122 172.766 0
    endloop
  endfacet
  facet normal 0.556675 -0.83073 0
    outer loop
      vertex 131.188 172.863 0
      vertex 131.285 172.928 0.2
      vertex 131.188 172.863 0.2
    endloop
  endfacet
  facet normal 0.556675 -0.83073 0
    outer loop
      vertex 131.285 172.928 0.2
      vertex 131.188 172.863 0
      vertex 131.285 172.928 0
    endloop
  endfacet
  facet normal 0.196116 -0.980581 0
    outer loop
      vertex 131.285 172.928 0
      vertex 131.395 172.95 0.2
      vertex 131.285 172.928 0.2
    endloop
  endfacet
  facet normal 0.196116 -0.980581 0
    outer loop
      vertex 131.395 172.95 0.2
      vertex 131.285 172.928 0
      vertex 131.395 172.95 0
    endloop
  endfacet
  facet normal 0 -1 0
    outer loop
      vertex 131.395 172.95 0
      vertex 132.055 172.95 0.2
      vertex 131.395 172.95 0.2
    endloop
  endfacet
  facet normal 0 -1 -0
    outer loop
      vertex 132.055 172.95 0.2
      vertex 131.395 172.95 0
      vertex 132.055 172.95 0
    endloop
  endfacet
  facet normal -0.196116 -0.980581 0
    outer loop
      vertex 132.055 172.95 0
      vertex 132.165 172.928 0.2
      vertex 132.055 172.95 0.2
    endloop
  endfacet
  facet normal -0.196116 -0.980581 -0
    outer loop
      vertex 132.165 172.928 0.2
      vertex 132.055 172.95 0
      vertex 132.165 172.928 0
    endloop
  endfacet
endsolid OpenSCAD_Model
