solid OpenSCAD_Model
  facet normal 0 0 -1
    outer loop
      vertex 98.1367 73.0963 0
      vertex 99.7367 74.6963 0
      vertex 99.6902 74.3134 0
    endloop
  endfacet
  facet normal -0 0 -1
    outer loop
      vertex 100.969 170.254 0
      vertex 89.7024 164.428 0
      vertex 94.9124 174.931 0
    endloop
  endfacet
  facet normal -0 0 -1
    outer loop
      vertex 103.117 163.711 0
      vertex 89.5394 163.608 0
      vertex 89.7024 164.428 0
    endloop
  endfacet
  facet normal 0 0 -1
    outer loop
      vertex 89.7024 164.428 0
      vertex 89.5394 163.608 0
      vertex 89.5599 163.994 0
    endloop
  endfacet
  facet normal 0 0 -1
    outer loop
      vertex 103.919 170.254 0
      vertex 102.081 170.254 0
      vertex 102.1 170.35 0
    endloop
  endfacet
  facet normal 0 0 -1
    outer loop
      vertex 89.7024 164.428 0
      vertex 103.025 163.85 0
      vertex 103.036 163.793 0
    endloop
  endfacet
  facet normal 0 0 -1
    outer loop
      vertex 103.025 163.85 0
      vertex 102.026 170.173 0
      vertex 102.081 170.254 0
    endloop
  endfacet
  facet normal 0 0 -1
    outer loop
      vertex 92.0693 126.37 0
      vertex 102.129 90.9344 0
      vertex 101.907 90.9586 0
    endloop
  endfacet
  facet normal 0 0 -1
    outer loop
      vertex 103.025 163.85 0
      vertex 101.945 170.119 0
      vertex 102.026 170.173 0
    endloop
  endfacet
  facet normal 0 0 -1
    outer loop
      vertex 92.0693 126.37 0
      vertex 101.907 90.9586 0
      vertex 101.685 90.9586 0
    endloop
  endfacet
  facet normal 0 0 -1
    outer loop
      vertex 92.0693 126.37 0
      vertex 101.685 90.9586 0
      vertex 101.463 90.9344 0
    endloop
  endfacet
  facet normal 0 0 -1
    outer loop
      vertex 92.0693 126.37 0
      vertex 101.463 90.9344 0
      vertex 101.244 90.8863 0
    endloop
  endfacet
  facet normal 0 0 -1
    outer loop
      vertex 103.025 163.85 0
      vertex 101.85 170.1 0
      vertex 101.945 170.119 0
    endloop
  endfacet
  facet normal 0 0 -1
    outer loop
      vertex 103.025 163.85 0
      vertex 101.2 170.1 0
      vertex 101.85 170.1 0
    endloop
  endfacet
  facet normal 0 0 -1
    outer loop
      vertex 92.0693 126.37 0
      vertex 101.244 90.8863 0
      vertex 101.035 90.816 0
    endloop
  endfacet
  facet normal 0 0 -1
    outer loop
      vertex 103.025 163.85 0
      vertex 101.104 170.119 0
      vertex 101.2 170.1 0
    endloop
  endfacet
  facet normal 0 0 -1
    outer loop
      vertex 103.025 163.85 0
      vertex 101.023 170.173 0
      vertex 101.104 170.119 0
    endloop
  endfacet
  facet normal 0 0 -1
    outer loop
      vertex 89.7024 164.428 0
      vertex 101.023 170.173 0
      vertex 103.025 163.85 0
    endloop
  endfacet
  facet normal 0 0 -1
    outer loop
      vertex 89.7024 164.428 0
      vertex 100.969 170.254 0
      vertex 101.023 170.173 0
    endloop
  endfacet
  facet normal 0 0 -1
    outer loop
      vertex 92.0693 126.37 0
      vertex 101.035 90.816 0
      vertex 100.833 90.7224 0
    endloop
  endfacet
  facet normal 0 0 -1
    outer loop
      vertex 104.964 166.747 0
      vertex 104.975 167.66 0
      vertex 104.975 166.69 0
    endloop
  endfacet
  facet normal 0 0 -1
    outer loop
      vertex 104.964 166.747 0
      vertex 104.964 167.603 0
      vertex 104.975 167.66 0
    endloop
  endfacet
  facet normal 0 0 -1
    outer loop
      vertex 104.931 166.796 0
      vertex 104.964 167.603 0
      vertex 104.964 166.747 0
    endloop
  endfacet
  facet normal 0 0 -1
    outer loop
      vertex 104.931 166.796 0
      vertex 104.931 167.554 0
      vertex 104.964 167.603 0
    endloop
  endfacet
  facet normal 0 0 -1
    outer loop
      vertex 104.883 166.828 0
      vertex 104.931 167.554 0
      vertex 104.931 166.796 0
    endloop
  endfacet
  facet normal 0 0 -1
    outer loop
      vertex 104.883 166.828 0
      vertex 104.883 167.521 0
      vertex 104.931 167.554 0
    endloop
  endfacet
  facet normal 0 0 -1
    outer loop
      vertex 104.825 166.84 0
      vertex 104.883 167.521 0
      vertex 104.883 166.828 0
    endloop
  endfacet
  facet normal 0 0 -1
    outer loop
      vertex 104.825 166.84 0
      vertex 104.825 167.51 0
      vertex 104.883 167.521 0
    endloop
  endfacet
  facet normal 0 0 -1
    outer loop
      vertex 103.175 166.84 0
      vertex 104.825 167.51 0
      vertex 104.825 166.84 0
    endloop
  endfacet
  facet normal 0 0 -1
    outer loop
      vertex 103.175 166.84 0
      vertex 103.175 167.51 0
      vertex 104.825 167.51 0
    endloop
  endfacet
  facet normal 0 0 -1
    outer loop
      vertex 103.117 166.828 0
      vertex 103.175 167.51 0
      vertex 103.175 166.84 0
    endloop
  endfacet
  facet normal 0 0 -1
    outer loop
      vertex 103.117 166.828 0
      vertex 103.117 167.521 0
      vertex 103.175 167.51 0
    endloop
  endfacet
  facet normal 0 0 -1
    outer loop
      vertex 103.069 166.796 0
      vertex 103.117 167.521 0
      vertex 103.117 166.828 0
    endloop
  endfacet
  facet normal 0 0 -1
    outer loop
      vertex 103.069 166.796 0
      vertex 103.069 167.554 0
      vertex 103.117 167.521 0
    endloop
  endfacet
  facet normal 0 0 -1
    outer loop
      vertex 103.036 166.747 0
      vertex 103.069 167.554 0
      vertex 103.069 166.796 0
    endloop
  endfacet
  facet normal 0 0 -1
    outer loop
      vertex 103.036 166.747 0
      vertex 103.036 167.603 0
      vertex 103.069 167.554 0
    endloop
  endfacet
  facet normal 0 0 -1
    outer loop
      vertex 103.025 166.69 0
      vertex 103.036 167.603 0
      vertex 103.036 166.747 0
    endloop
  endfacet
  facet normal -0 0 -1
    outer loop
      vertex 103.036 167.603 0
      vertex 103.025 166.69 0
      vertex 103.025 167.66 0
    endloop
  endfacet
  facet normal 0 0 -1
    outer loop
      vertex 104.964 166.333 0
      vertex 107.986 163.793 0
      vertex 104.964 165.478 0
    endloop
  endfacet
  facet normal 0 0 -1
    outer loop
      vertex 107.986 163.793 0
      vertex 104.964 166.333 0
      vertex 104.975 166.39 0
    endloop
  endfacet
  facet normal 0 0 -1
    outer loop
      vertex 104.931 165.526 0
      vertex 104.964 166.333 0
      vertex 104.964 165.478 0
    endloop
  endfacet
  facet normal 0 0 -1
    outer loop
      vertex 104.931 165.526 0
      vertex 104.931 166.284 0
      vertex 104.964 166.333 0
    endloop
  endfacet
  facet normal 0 0 -1
    outer loop
      vertex 104.883 166.251 0
      vertex 104.931 165.526 0
      vertex 104.883 165.559 0
    endloop
  endfacet
  facet normal 0 0 -1
    outer loop
      vertex 104.931 165.526 0
      vertex 104.883 166.251 0
      vertex 104.931 166.284 0
    endloop
  endfacet
  facet normal 0 0 -1
    outer loop
      vertex 104.825 165.57 0
      vertex 104.883 166.251 0
      vertex 104.883 165.559 0
    endloop
  endfacet
  facet normal 0 0 -1
    outer loop
      vertex 104.825 165.57 0
      vertex 104.825 166.24 0
      vertex 104.883 166.251 0
    endloop
  endfacet
  facet normal 0 0 -1
    outer loop
      vertex 103.175 165.57 0
      vertex 104.825 166.24 0
      vertex 104.825 165.57 0
    endloop
  endfacet
  facet normal 0 0 -1
    outer loop
      vertex 103.175 165.57 0
      vertex 103.175 166.24 0
      vertex 104.825 166.24 0
    endloop
  endfacet
  facet normal 0 0 -1
    outer loop
      vertex 103.117 166.251 0
      vertex 103.175 165.57 0
      vertex 103.117 165.559 0
    endloop
  endfacet
  facet normal 0 0 -1
    outer loop
      vertex 103.175 165.57 0
      vertex 103.117 166.251 0
      vertex 103.175 166.24 0
    endloop
  endfacet
  facet normal 0 0 -1
    outer loop
      vertex 103.069 165.526 0
      vertex 103.117 166.251 0
      vertex 103.117 165.559 0
    endloop
  endfacet
  facet normal 0 0 -1
    outer loop
      vertex 103.069 165.526 0
      vertex 103.069 166.284 0
      vertex 103.117 166.251 0
    endloop
  endfacet
  facet normal 0 0 -1
    outer loop
      vertex 103.036 165.478 0
      vertex 103.069 166.284 0
      vertex 103.069 165.526 0
    endloop
  endfacet
  facet normal 0 0 -1
    outer loop
      vertex 103.036 165.478 0
      vertex 103.036 166.333 0
      vertex 103.069 166.284 0
    endloop
  endfacet
  facet normal 0 0 -1
    outer loop
      vertex 103.025 165.42 0
      vertex 103.036 166.333 0
      vertex 103.036 165.478 0
    endloop
  endfacet
  facet normal -0 0 -1
    outer loop
      vertex 103.036 166.333 0
      vertex 103.025 165.42 0
      vertex 103.025 166.39 0
    endloop
  endfacet
  facet normal 0 0 -1
    outer loop
      vertex 104.964 165.062 0
      vertex 107.986 163.793 0
      vertex 104.964 164.207 0
    endloop
  endfacet
  facet normal 0 0 -1
    outer loop
      vertex 107.986 163.793 0
      vertex 104.964 165.062 0
      vertex 104.975 165.12 0
    endloop
  endfacet
  facet normal 0 0 -1
    outer loop
      vertex 104.931 164.256 0
      vertex 104.964 165.062 0
      vertex 104.964 164.207 0
    endloop
  endfacet
  facet normal 0 0 -1
    outer loop
      vertex 104.931 164.256 0
      vertex 104.931 165.014 0
      vertex 104.964 165.062 0
    endloop
  endfacet
  facet normal 0 0 -1
    outer loop
      vertex 104.883 164.289 0
      vertex 104.931 165.014 0
      vertex 104.931 164.256 0
    endloop
  endfacet
  facet normal 0 0 -1
    outer loop
      vertex 104.883 164.289 0
      vertex 104.883 164.981 0
      vertex 104.931 165.014 0
    endloop
  endfacet
  facet normal 0 0 -1
    outer loop
      vertex 104.825 164.97 0
      vertex 104.883 164.289 0
      vertex 104.825 164.3 0
    endloop
  endfacet
  facet normal 0 0 -1
    outer loop
      vertex 104.883 164.289 0
      vertex 104.825 164.97 0
      vertex 104.883 164.981 0
    endloop
  endfacet
  facet normal 0 0 -1
    outer loop
      vertex 103.175 164.3 0
      vertex 104.825 164.97 0
      vertex 104.825 164.3 0
    endloop
  endfacet
  facet normal 0 0 -1
    outer loop
      vertex 103.175 164.3 0
      vertex 103.175 164.97 0
      vertex 104.825 164.97 0
    endloop
  endfacet
  facet normal 0 0 -1
    outer loop
      vertex 103.117 164.289 0
      vertex 103.175 164.97 0
      vertex 103.175 164.3 0
    endloop
  endfacet
  facet normal 0 0 -1
    outer loop
      vertex 103.117 164.289 0
      vertex 103.117 164.981 0
      vertex 103.175 164.97 0
    endloop
  endfacet
  facet normal 0 0 -1
    outer loop
      vertex 103.069 165.014 0
      vertex 103.117 164.289 0
      vertex 103.069 164.256 0
    endloop
  endfacet
  facet normal 0 0 -1
    outer loop
      vertex 103.117 164.289 0
      vertex 103.069 165.014 0
      vertex 103.117 164.981 0
    endloop
  endfacet
  facet normal 0 0 -1
    outer loop
      vertex 103.036 164.207 0
      vertex 103.069 165.014 0
      vertex 103.069 164.256 0
    endloop
  endfacet
  facet normal 0 0 -1
    outer loop
      vertex 103.036 164.207 0
      vertex 103.036 165.062 0
      vertex 103.069 165.014 0
    endloop
  endfacet
  facet normal 0 0 -1
    outer loop
      vertex 103.025 164.15 0
      vertex 103.036 165.062 0
      vertex 103.036 164.207 0
    endloop
  endfacet
  facet normal -0 0 -1
    outer loop
      vertex 103.036 165.062 0
      vertex 103.025 164.15 0
      vertex 103.025 165.12 0
    endloop
  endfacet
  facet normal 0 0 -1
    outer loop
      vertex 108.969 170.254 0
      vertex 105.031 170.254 0
      vertex 105.05 170.35 0
    endloop
  endfacet
  facet normal 0 0 -1
    outer loop
      vertex 104.975 164.15 0
      vertex 107.986 163.793 0
      vertex 104.975 163.85 0
    endloop
  endfacet
  facet normal 0 0 -1
    outer loop
      vertex 104.964 164.207 0
      vertex 107.986 163.793 0
      vertex 104.975 164.15 0
    endloop
  endfacet
  facet normal 0 0 -1
    outer loop
      vertex 103.289 90.32 0
      vertex 131.1 101.7 0
      vertex 103.433 90.1498 0
    endloop
  endfacet
  facet normal -0 0 -1
    outer loop
      vertex 131.1 101.7 0
      vertex 103.289 90.32 0
      vertex 131.1 102.35 0
    endloop
  endfacet
  facet normal 0 0 -1
    outer loop
      vertex 107.986 163.793 0
      vertex 104.964 163.793 0
      vertex 104.975 163.85 0
    endloop
  endfacet
  facet normal 0 0 -1
    outer loop
      vertex 103.128 90.473 0
      vertex 131.1 102.35 0
      vertex 103.289 90.32 0
    endloop
  endfacet
  facet normal 0 0 -1
    outer loop
      vertex 103.855 74.6963 0
      vertex 105.072 73.1428 0
      vertex 104.712 73.2796 0
    endloop
  endfacet
  facet normal 0 0 -1
    outer loop
      vertex 103.855 74.6963 0
      vertex 104.712 73.2796 0
      vertex 104.394 73.4987 0
    endloop
  endfacet
  facet normal 0 0 -1
    outer loop
      vertex 103.855 74.6963 0
      vertex 104.394 73.4987 0
      vertex 104.138 73.7874 0
    endloop
  endfacet
  facet normal 0 0 -1
    outer loop
      vertex 103.855 74.6963 0
      vertex 104.138 73.7874 0
      vertex 103.959 74.1289 0
    endloop
  endfacet
  facet normal 0 0 -1
    outer loop
      vertex 105.072 73.1428 0
      vertex 103.855 74.6963 0
      vertex 103.855 88.8611 0
    endloop
  endfacet
  facet normal -0 0 -1
    outer loop
      vertex 131.1 102.35 0
      vertex 103.128 90.473 0
      vertex 131.1 104.65 0
    endloop
  endfacet
  facet normal 0 0 -1
    outer loop
      vertex 102.952 90.6065 0
      vertex 131.1 104.65 0
      vertex 103.128 90.473 0
    endloop
  endfacet
  facet normal -0 0 -1
    outer loop
      vertex 131.1 104.65 0
      vertex 102.952 90.6065 0
      vertex 131.1 105.3 0
    endloop
  endfacet
  facet normal 0 0 -1
    outer loop
      vertex 108.019 163.744 0
      vertex 104.964 163.793 0
      vertex 107.986 163.793 0
    endloop
  endfacet
  facet normal 0 0 -1
    outer loop
      vertex 102.759 90.7224 0
      vertex 131.1 105.3 0
      vertex 102.952 90.6065 0
    endloop
  endfacet
  facet normal 0 0 -1
    outer loop
      vertex 102.557 90.8163 0
      vertex 131.1 105.3 0
      vertex 102.759 90.7224 0
    endloop
  endfacet
  facet normal 0 0 -1
    outer loop
      vertex 102.348 90.8863 0
      vertex 131.1 105.3 0
      vertex 102.557 90.8163 0
    endloop
  endfacet
  facet normal 0 -0 -1
    outer loop
      vertex 104.964 163.793 0
      vertex 108.019 163.744 0
      vertex 104.931 163.744 0
    endloop
  endfacet
  facet normal 0 0 -1
    outer loop
      vertex 92.0693 126.37 0
      vertex 102.348 90.8863 0
      vertex 102.129 90.9344 0
    endloop
  endfacet
  facet normal 0 0 -1
    outer loop
      vertex 102.348 90.8863 0
      vertex 92.0693 126.37 0
      vertex 131.1 105.3 0
    endloop
  endfacet
  facet normal 0 -0 -1
    outer loop
      vertex 104.825 163.7 0
      vertex 108.125 163.7 0
      vertex 92.0693 126.37 0
    endloop
  endfacet
  facet normal 0 -0 -1
    outer loop
      vertex 104.883 163.711 0
      vertex 108.067 163.711 0
      vertex 104.825 163.7 0
    endloop
  endfacet
  facet normal 0 -0 -1
    outer loop
      vertex 104.931 163.744 0
      vertex 108.019 163.744 0
      vertex 104.883 163.711 0
    endloop
  endfacet
  facet normal 0 0 -1
    outer loop
      vertex 108.067 163.711 0
      vertex 104.883 163.711 0
      vertex 108.019 163.744 0
    endloop
  endfacet
  facet normal 0 0 -1
    outer loop
      vertex 102.081 170.254 0
      vertex 103.025 164.15 0
      vertex 103.025 163.85 0
    endloop
  endfacet
  facet normal 0 0 -1
    outer loop
      vertex 102.081 170.254 0
      vertex 103.025 165.12 0
      vertex 103.025 164.15 0
    endloop
  endfacet
  facet normal 0 0 -1
    outer loop
      vertex 102.081 170.254 0
      vertex 103.025 165.42 0
      vertex 103.025 165.12 0
    endloop
  endfacet
  facet normal 0 0 -1
    outer loop
      vertex 102.081 170.254 0
      vertex 103.025 166.39 0
      vertex 103.025 165.42 0
    endloop
  endfacet
  facet normal 0 0 -1
    outer loop
      vertex 102.081 170.254 0
      vertex 103.025 166.69 0
      vertex 103.025 166.39 0
    endloop
  endfacet
  facet normal 0 0 -1
    outer loop
      vertex 102.081 170.254 0
      vertex 103.025 167.66 0
      vertex 103.025 166.69 0
    endloop
  endfacet
  facet normal -0 0 -1
    outer loop
      vertex 104.825 163.7 0
      vertex 92.0693 126.37 0
      vertex 103.175 163.7 0
    endloop
  endfacet
  facet normal 0 0 -1
    outer loop
      vertex 108.125 163.7 0
      vertex 104.825 163.7 0
      vertex 108.067 163.711 0
    endloop
  endfacet
  facet normal 0 0 -1
    outer loop
      vertex 104.975 165.42 0
      vertex 107.986 163.793 0
      vertex 104.975 165.12 0
    endloop
  endfacet
  facet normal 0 0 -1
    outer loop
      vertex 104.964 165.478 0
      vertex 107.986 163.793 0
      vertex 104.975 165.42 0
    endloop
  endfacet
  facet normal 0 0 -1
    outer loop
      vertex 104.975 166.69 0
      vertex 107.986 163.793 0
      vertex 104.975 166.39 0
    endloop
  endfacet
  facet normal 0 0 -1
    outer loop
      vertex 104.975 167.66 0
      vertex 107.986 163.793 0
      vertex 104.975 166.69 0
    endloop
  endfacet
  facet normal 0 0 -1
    outer loop
      vertex 104.975 167.96 0
      vertex 107.986 163.793 0
      vertex 104.975 167.66 0
    endloop
  endfacet
  facet normal 0 0 -1
    outer loop
      vertex 107.986 163.793 0
      vertex 104.975 167.96 0
      vertex 105.031 170.254 0
    endloop
  endfacet
  facet normal 0 0 -1
    outer loop
      vertex 104.964 168.018 0
      vertex 105.031 170.254 0
      vertex 104.975 167.96 0
    endloop
  endfacet
  facet normal 0 0 -1
    outer loop
      vertex 105.031 170.254 0
      vertex 104.964 168.018 0
      vertex 104.977 170.173 0
    endloop
  endfacet
  facet normal 0 0 -1
    outer loop
      vertex 104.931 168.066 0
      vertex 104.977 170.173 0
      vertex 104.964 168.018 0
    endloop
  endfacet
  facet normal 0 0 -1
    outer loop
      vertex 104.931 168.066 0
      vertex 104.896 170.119 0
      vertex 104.977 170.173 0
    endloop
  endfacet
  facet normal 0 0 -1
    outer loop
      vertex 104.883 168.099 0
      vertex 104.896 170.119 0
      vertex 104.931 168.066 0
    endloop
  endfacet
  facet normal 0 0 -1
    outer loop
      vertex 104.825 168.11 0
      vertex 104.896 170.119 0
      vertex 104.883 168.099 0
    endloop
  endfacet
  facet normal 0 0 -1
    outer loop
      vertex 104.825 168.11 0
      vertex 104.8 170.1 0
      vertex 104.896 170.119 0
    endloop
  endfacet
  facet normal 0 0 -1
    outer loop
      vertex 104.825 168.11 0
      vertex 104.15 170.1 0
      vertex 104.8 170.1 0
    endloop
  endfacet
  facet normal 0 0 -1
    outer loop
      vertex 103.175 168.11 0
      vertex 104.15 170.1 0
      vertex 104.825 168.11 0
    endloop
  endfacet
  facet normal -0 0 -1
    outer loop
      vertex 104.15 170.1 0
      vertex 103.175 168.11 0
      vertex 104.055 170.119 0
    endloop
  endfacet
  facet normal -0 0 -1
    outer loop
      vertex 104.055 170.119 0
      vertex 103.175 168.11 0
      vertex 103.974 170.173 0
    endloop
  endfacet
  facet normal 0 0 -1
    outer loop
      vertex 103.919 170.254 0
      vertex 102.1 170.35 0
      vertex 103.9 170.35 0
    endloop
  endfacet
  facet normal 0 0 -1
    outer loop
      vertex 102.081 170.254 0
      vertex 103.919 170.254 0
      vertex 103.974 170.173 0
    endloop
  endfacet
  facet normal 0 0 -1
    outer loop
      vertex 102.081 170.254 0
      vertex 103.974 170.173 0
      vertex 103.175 168.11 0
    endloop
  endfacet
  facet normal 0 0 -1
    outer loop
      vertex 109.914 166.747 0
      vertex 109.925 167.66 0
      vertex 109.925 166.69 0
    endloop
  endfacet
  facet normal 0 0 -1
    outer loop
      vertex 109.914 166.747 0
      vertex 109.914 167.603 0
      vertex 109.925 167.66 0
    endloop
  endfacet
  facet normal 0 0 -1
    outer loop
      vertex 109.881 166.796 0
      vertex 109.914 167.603 0
      vertex 109.914 166.747 0
    endloop
  endfacet
  facet normal 0 0 -1
    outer loop
      vertex 109.881 166.796 0
      vertex 109.881 167.554 0
      vertex 109.914 167.603 0
    endloop
  endfacet
  facet normal 0 0 -1
    outer loop
      vertex 109.832 166.828 0
      vertex 109.881 167.554 0
      vertex 109.881 166.796 0
    endloop
  endfacet
  facet normal 0 0 -1
    outer loop
      vertex 109.832 166.828 0
      vertex 109.832 167.521 0
      vertex 109.881 167.554 0
    endloop
  endfacet
  facet normal 0 0 -1
    outer loop
      vertex 109.775 166.84 0
      vertex 109.832 167.521 0
      vertex 109.832 166.828 0
    endloop
  endfacet
  facet normal 0 0 -1
    outer loop
      vertex 109.775 166.84 0
      vertex 109.775 167.51 0
      vertex 109.832 167.521 0
    endloop
  endfacet
  facet normal 0 0 -1
    outer loop
      vertex 108.125 166.84 0
      vertex 109.775 167.51 0
      vertex 109.775 166.84 0
    endloop
  endfacet
  facet normal 0 0 -1
    outer loop
      vertex 108.125 166.84 0
      vertex 108.125 167.51 0
      vertex 109.775 167.51 0
    endloop
  endfacet
  facet normal 0 0 -1
    outer loop
      vertex 108.067 166.828 0
      vertex 108.125 167.51 0
      vertex 108.125 166.84 0
    endloop
  endfacet
  facet normal 0 0 -1
    outer loop
      vertex 108.067 166.828 0
      vertex 108.067 167.521 0
      vertex 108.125 167.51 0
    endloop
  endfacet
  facet normal 0 0 -1
    outer loop
      vertex 108.019 166.796 0
      vertex 108.067 167.521 0
      vertex 108.067 166.828 0
    endloop
  endfacet
  facet normal 0 0 -1
    outer loop
      vertex 108.019 166.796 0
      vertex 108.019 167.554 0
      vertex 108.067 167.521 0
    endloop
  endfacet
  facet normal 0 0 -1
    outer loop
      vertex 107.986 166.747 0
      vertex 108.019 167.554 0
      vertex 108.019 166.796 0
    endloop
  endfacet
  facet normal 0 0 -1
    outer loop
      vertex 107.986 166.747 0
      vertex 107.986 167.603 0
      vertex 108.019 167.554 0
    endloop
  endfacet
  facet normal 0 0 -1
    outer loop
      vertex 107.975 166.69 0
      vertex 107.986 167.603 0
      vertex 107.986 166.747 0
    endloop
  endfacet
  facet normal -0 0 -1
    outer loop
      vertex 107.986 167.603 0
      vertex 107.975 166.69 0
      vertex 107.975 167.66 0
    endloop
  endfacet
  facet normal 0 0 -1
    outer loop
      vertex 109.914 165.478 0
      vertex 109.925 166.39 0
      vertex 109.925 165.42 0
    endloop
  endfacet
  facet normal 0 0 -1
    outer loop
      vertex 109.914 165.478 0
      vertex 109.914 166.333 0
      vertex 109.925 166.39 0
    endloop
  endfacet
  facet normal 0 0 -1
    outer loop
      vertex 109.881 165.526 0
      vertex 109.914 166.333 0
      vertex 109.914 165.478 0
    endloop
  endfacet
  facet normal 0 0 -1
    outer loop
      vertex 109.881 165.526 0
      vertex 109.881 166.284 0
      vertex 109.914 166.333 0
    endloop
  endfacet
  facet normal 0 0 -1
    outer loop
      vertex 109.832 166.251 0
      vertex 109.881 165.526 0
      vertex 109.832 165.559 0
    endloop
  endfacet
  facet normal 0 0 -1
    outer loop
      vertex 109.881 165.526 0
      vertex 109.832 166.251 0
      vertex 109.881 166.284 0
    endloop
  endfacet
  facet normal 0 0 -1
    outer loop
      vertex 109.775 165.57 0
      vertex 109.832 166.251 0
      vertex 109.832 165.559 0
    endloop
  endfacet
  facet normal 0 0 -1
    outer loop
      vertex 109.775 165.57 0
      vertex 109.775 166.24 0
      vertex 109.832 166.251 0
    endloop
  endfacet
  facet normal 0 0 -1
    outer loop
      vertex 108.125 165.57 0
      vertex 109.775 166.24 0
      vertex 109.775 165.57 0
    endloop
  endfacet
  facet normal 0 0 -1
    outer loop
      vertex 108.125 165.57 0
      vertex 108.125 166.24 0
      vertex 109.775 166.24 0
    endloop
  endfacet
  facet normal 0 0 -1
    outer loop
      vertex 108.067 166.251 0
      vertex 108.125 165.57 0
      vertex 108.067 165.559 0
    endloop
  endfacet
  facet normal 0 0 -1
    outer loop
      vertex 108.125 165.57 0
      vertex 108.067 166.251 0
      vertex 108.125 166.24 0
    endloop
  endfacet
  facet normal 0 0 -1
    outer loop
      vertex 108.019 165.526 0
      vertex 108.067 166.251 0
      vertex 108.067 165.559 0
    endloop
  endfacet
  facet normal 0 0 -1
    outer loop
      vertex 108.019 165.526 0
      vertex 108.019 166.284 0
      vertex 108.067 166.251 0
    endloop
  endfacet
  facet normal 0 0 -1
    outer loop
      vertex 107.986 165.478 0
      vertex 108.019 166.284 0
      vertex 108.019 165.526 0
    endloop
  endfacet
  facet normal 0 0 -1
    outer loop
      vertex 107.986 165.478 0
      vertex 107.986 166.333 0
      vertex 108.019 166.284 0
    endloop
  endfacet
  facet normal 0 0 -1
    outer loop
      vertex 107.975 165.42 0
      vertex 107.986 166.333 0
      vertex 107.986 165.478 0
    endloop
  endfacet
  facet normal -0 0 -1
    outer loop
      vertex 107.986 166.333 0
      vertex 107.975 165.42 0
      vertex 107.975 166.39 0
    endloop
  endfacet
  facet normal 0 0 -1
    outer loop
      vertex 109.914 164.207 0
      vertex 109.925 165.12 0
      vertex 109.925 164.15 0
    endloop
  endfacet
  facet normal 0 0 -1
    outer loop
      vertex 109.914 164.207 0
      vertex 109.914 165.062 0
      vertex 109.925 165.12 0
    endloop
  endfacet
  facet normal 0 0 -1
    outer loop
      vertex 109.881 164.256 0
      vertex 109.914 165.062 0
      vertex 109.914 164.207 0
    endloop
  endfacet
  facet normal 0 0 -1
    outer loop
      vertex 109.881 164.256 0
      vertex 109.881 165.014 0
      vertex 109.914 165.062 0
    endloop
  endfacet
  facet normal 0 0 -1
    outer loop
      vertex 109.832 164.289 0
      vertex 109.881 165.014 0
      vertex 109.881 164.256 0
    endloop
  endfacet
  facet normal 0 0 -1
    outer loop
      vertex 109.832 164.289 0
      vertex 109.832 164.981 0
      vertex 109.881 165.014 0
    endloop
  endfacet
  facet normal 0 0 -1
    outer loop
      vertex 109.775 164.97 0
      vertex 109.832 164.289 0
      vertex 109.775 164.3 0
    endloop
  endfacet
  facet normal 0 0 -1
    outer loop
      vertex 109.832 164.289 0
      vertex 109.775 164.97 0
      vertex 109.832 164.981 0
    endloop
  endfacet
  facet normal 0 0 -1
    outer loop
      vertex 108.125 164.3 0
      vertex 109.775 164.97 0
      vertex 109.775 164.3 0
    endloop
  endfacet
  facet normal 0 0 -1
    outer loop
      vertex 108.125 164.3 0
      vertex 108.125 164.97 0
      vertex 109.775 164.97 0
    endloop
  endfacet
  facet normal 0 0 -1
    outer loop
      vertex 108.067 164.289 0
      vertex 108.125 164.97 0
      vertex 108.125 164.3 0
    endloop
  endfacet
  facet normal 0 0 -1
    outer loop
      vertex 108.067 164.289 0
      vertex 108.067 164.981 0
      vertex 108.125 164.97 0
    endloop
  endfacet
  facet normal 0 0 -1
    outer loop
      vertex 108.019 165.014 0
      vertex 108.067 164.289 0
      vertex 108.019 164.256 0
    endloop
  endfacet
  facet normal 0 0 -1
    outer loop
      vertex 108.067 164.289 0
      vertex 108.019 165.014 0
      vertex 108.067 164.981 0
    endloop
  endfacet
  facet normal 0 0 -1
    outer loop
      vertex 107.986 164.207 0
      vertex 108.019 165.014 0
      vertex 108.019 164.256 0
    endloop
  endfacet
  facet normal 0 0 -1
    outer loop
      vertex 107.986 164.207 0
      vertex 107.986 165.062 0
      vertex 108.019 165.014 0
    endloop
  endfacet
  facet normal 0 0 -1
    outer loop
      vertex 107.975 164.15 0
      vertex 107.986 165.062 0
      vertex 107.986 164.207 0
    endloop
  endfacet
  facet normal -0 0 -1
    outer loop
      vertex 107.986 165.062 0
      vertex 107.975 164.15 0
      vertex 107.975 165.12 0
    endloop
  endfacet
  facet normal 0 0 -1
    outer loop
      vertex 111.919 170.254 0
      vertex 110.081 170.254 0
      vertex 110.1 170.35 0
    endloop
  endfacet
  facet normal 0 0 -1
    outer loop
      vertex 131.1 105.3 0
      vertex 109.925 163.85 0
      vertex 110.081 170.254 0
    endloop
  endfacet
  facet normal 0 0 -1
    outer loop
      vertex 109.925 164.15 0
      vertex 110.081 170.254 0
      vertex 109.925 163.85 0
    endloop
  endfacet
  facet normal 0 0 -1
    outer loop
      vertex 109.925 165.12 0
      vertex 110.081 170.254 0
      vertex 109.925 164.15 0
    endloop
  endfacet
  facet normal 0 0 -1
    outer loop
      vertex 131.1 105.3 0
      vertex 109.914 163.793 0
      vertex 109.925 163.85 0
    endloop
  endfacet
  facet normal 0 0 -1
    outer loop
      vertex 131.1 105.3 0
      vertex 109.881 163.744 0
      vertex 109.914 163.793 0
    endloop
  endfacet
  facet normal 0 0 -1
    outer loop
      vertex 131.1 105.3 0
      vertex 109.832 163.711 0
      vertex 109.881 163.744 0
    endloop
  endfacet
  facet normal 0 0 -1
    outer loop
      vertex 92.0693 126.37 0
      vertex 109.832 163.711 0
      vertex 131.1 105.3 0
    endloop
  endfacet
  facet normal 0 0 -1
    outer loop
      vertex 109.832 163.711 0
      vertex 92.0693 126.37 0
      vertex 109.775 163.7 0
    endloop
  endfacet
  facet normal 0 0 -1
    outer loop
      vertex 103.663 89.7687 0
      vertex 131.119 101.604 0
      vertex 103.745 89.5612 0
    endloop
  endfacet
  facet normal -0 0 -1
    outer loop
      vertex 109.775 163.7 0
      vertex 92.0693 126.37 0
      vertex 108.125 163.7 0
    endloop
  endfacet
  facet normal 0 0 -1
    outer loop
      vertex 103.559 89.9643 0
      vertex 131.119 101.604 0
      vertex 103.663 89.7687 0
    endloop
  endfacet
  facet normal -0 0 -1
    outer loop
      vertex 131.119 101.604 0
      vertex 103.559 89.9643 0
      vertex 131.1 101.7 0
    endloop
  endfacet
  facet normal 0 0 -1
    outer loop
      vertex 105.031 170.254 0
      vertex 107.975 164.15 0
      vertex 107.975 163.85 0
    endloop
  endfacet
  facet normal 0 0 -1
    outer loop
      vertex 105.031 170.254 0
      vertex 107.975 165.12 0
      vertex 107.975 164.15 0
    endloop
  endfacet
  facet normal 0 0 -1
    outer loop
      vertex 105.031 170.254 0
      vertex 107.975 165.42 0
      vertex 107.975 165.12 0
    endloop
  endfacet
  facet normal 0 0 -1
    outer loop
      vertex 105.031 170.254 0
      vertex 107.975 166.39 0
      vertex 107.975 165.42 0
    endloop
  endfacet
  facet normal 0 0 -1
    outer loop
      vertex 105.031 170.254 0
      vertex 107.975 166.69 0
      vertex 107.975 166.39 0
    endloop
  endfacet
  facet normal 0 0 -1
    outer loop
      vertex 105.031 170.254 0
      vertex 107.975 167.66 0
      vertex 107.975 166.69 0
    endloop
  endfacet
  facet normal 0 0 -1
    outer loop
      vertex 103.433 90.1498 0
      vertex 131.1 101.7 0
      vertex 103.559 89.9643 0
    endloop
  endfacet
  facet normal 0 0 -1
    outer loop
      vertex 103.855 88.8611 0
      vertex 105.455 73.0963 0
      vertex 105.072 73.1428 0
    endloop
  endfacet
  facet normal 0 0 -1
    outer loop
      vertex 109.925 165.42 0
      vertex 110.081 170.254 0
      vertex 109.925 165.12 0
    endloop
  endfacet
  facet normal 0 0 -1
    outer loop
      vertex 109.925 166.39 0
      vertex 110.081 170.254 0
      vertex 109.925 165.42 0
    endloop
  endfacet
  facet normal 0 0 -1
    outer loop
      vertex 109.925 166.69 0
      vertex 110.081 170.254 0
      vertex 109.925 166.39 0
    endloop
  endfacet
  facet normal 0 0 -1
    outer loop
      vertex 109.925 167.66 0
      vertex 110.081 170.254 0
      vertex 109.925 166.69 0
    endloop
  endfacet
  facet normal 0 0 -1
    outer loop
      vertex 109.925 167.96 0
      vertex 110.081 170.254 0
      vertex 109.925 167.66 0
    endloop
  endfacet
  facet normal 0 0 -1
    outer loop
      vertex 109.914 168.018 0
      vertex 110.081 170.254 0
      vertex 109.925 167.96 0
    endloop
  endfacet
  facet normal 0 0 -1
    outer loop
      vertex 110.081 170.254 0
      vertex 109.914 168.018 0
      vertex 110.026 170.173 0
    endloop
  endfacet
  facet normal 0 0 -1
    outer loop
      vertex 109.881 168.066 0
      vertex 110.026 170.173 0
      vertex 109.914 168.018 0
    endloop
  endfacet
  facet normal 0 0 -1
    outer loop
      vertex 110.026 170.173 0
      vertex 109.881 168.066 0
      vertex 109.945 170.119 0
    endloop
  endfacet
  facet normal 0 0 -1
    outer loop
      vertex 109.832 168.099 0
      vertex 109.945 170.119 0
      vertex 109.881 168.066 0
    endloop
  endfacet
  facet normal 0 0 -1
    outer loop
      vertex 109.945 170.119 0
      vertex 109.832 168.099 0
      vertex 109.85 170.1 0
    endloop
  endfacet
  facet normal 0 0 -1
    outer loop
      vertex 109.775 168.11 0
      vertex 109.85 170.1 0
      vertex 109.832 168.099 0
    endloop
  endfacet
  facet normal 0 0 -1
    outer loop
      vertex 109.775 168.11 0
      vertex 109.2 170.1 0
      vertex 109.85 170.1 0
    endloop
  endfacet
  facet normal 0 0 -1
    outer loop
      vertex 108.125 168.11 0
      vertex 109.2 170.1 0
      vertex 109.775 168.11 0
    endloop
  endfacet
  facet normal -0 0 -1
    outer loop
      vertex 109.2 170.1 0
      vertex 108.125 168.11 0
      vertex 109.104 170.119 0
    endloop
  endfacet
  facet normal -0 0 -1
    outer loop
      vertex 109.104 170.119 0
      vertex 108.125 168.11 0
      vertex 109.023 170.173 0
    endloop
  endfacet
  facet normal 0 0 -1
    outer loop
      vertex 105.031 170.254 0
      vertex 108.969 170.254 0
      vertex 108.067 168.099 0
    endloop
  endfacet
  facet normal 0 0 -1
    outer loop
      vertex 108.067 168.099 0
      vertex 108.969 170.254 0
      vertex 108.125 168.11 0
    endloop
  endfacet
  facet normal -0 0 -1
    outer loop
      vertex 109.023 170.173 0
      vertex 108.125 168.11 0
      vertex 108.969 170.254 0
    endloop
  endfacet
  facet normal 0 0 -1
    outer loop
      vertex 128.45 171.1 0
      vertex 126.506 169.631 0
      vertex 126.518 169.688 0
    endloop
  endfacet
  facet normal 0 0 -1
    outer loop
      vertex 127.128 167.797 0
      vertex 126.474 169.582 0
      vertex 126.506 169.631 0
    endloop
  endfacet
  facet normal 0 0 -1
    outer loop
      vertex 126.297 168.628 0
      vertex 126.474 169.582 0
      vertex 127.128 167.797 0
    endloop
  endfacet
  facet normal 0 0 -1
    outer loop
      vertex 126.297 168.628 0
      vertex 126.262 169.37 0
      vertex 126.474 169.582 0
    endloop
  endfacet
  facet normal 0 0 -1
    outer loop
      vertex 126.248 168.66 0
      vertex 126.262 169.37 0
      vertex 126.297 168.628 0
    endloop
  endfacet
  facet normal 0 0 -1
    outer loop
      vertex 126.248 168.66 0
      vertex 126.213 169.338 0
      vertex 126.262 169.37 0
    endloop
  endfacet
  facet normal 0 0 -1
    outer loop
      vertex 126.19 168.672 0
      vertex 126.213 169.338 0
      vertex 126.248 168.66 0
    endloop
  endfacet
  facet normal 0 0 -1
    outer loop
      vertex 126.19 168.672 0
      vertex 126.155 169.326 0
      vertex 126.213 169.338 0
    endloop
  endfacet
  facet normal 0 0 -1
    outer loop
      vertex 126.133 168.66 0
      vertex 126.155 169.326 0
      vertex 126.19 168.672 0
    endloop
  endfacet
  facet normal 0 0 -1
    outer loop
      vertex 126.133 168.66 0
      vertex 126.098 169.338 0
      vertex 126.155 169.326 0
    endloop
  endfacet
  facet normal 0 0 -1
    outer loop
      vertex 126.085 168.628 0
      vertex 126.098 169.338 0
      vertex 126.133 168.66 0
    endloop
  endfacet
  facet normal 0 0 -1
    outer loop
      vertex 126.085 168.628 0
      vertex 126.049 169.37 0
      vertex 126.098 169.338 0
    endloop
  endfacet
  facet normal 0 0 -1
    outer loop
      vertex 125.872 168.415 0
      vertex 126.049 169.37 0
      vertex 126.085 168.628 0
    endloop
  endfacet
  facet normal 0 0 -1
    outer loop
      vertex 125.162 168.402 0
      vertex 125.872 168.415 0
      vertex 125.84 168.367 0
    endloop
  endfacet
  facet normal 0 0 -1
    outer loop
      vertex 125.872 168.415 0
      vertex 125.13 168.451 0
      vertex 126.049 169.37 0
    endloop
  endfacet
  facet normal 0 0 -1
    outer loop
      vertex 125.174 168.345 0
      vertex 125.84 168.367 0
      vertex 125.828 168.31 0
    endloop
  endfacet
  facet normal 0 0 -1
    outer loop
      vertex 135.088 174.931 0
      vertex 132.281 171.254 0
      vertex 132.3 171.35 0
    endloop
  endfacet
  facet normal 0 0 -1
    outer loop
      vertex 137.931 126.37 0
      vertex 132.227 171.173 0
      vertex 132.281 171.254 0
    endloop
  endfacet
  facet normal 0 0 -1
    outer loop
      vertex 137.931 126.37 0
      vertex 132.146 171.119 0
      vertex 132.227 171.173 0
    endloop
  endfacet
  facet normal 0 0 -1
    outer loop
      vertex 137.931 126.37 0
      vertex 132.05 171.1 0
      vertex 132.146 171.119 0
    endloop
  endfacet
  facet normal 0 0 -1
    outer loop
      vertex 137.931 126.37 0
      vertex 131.4 171.1 0
      vertex 132.05 171.1 0
    endloop
  endfacet
  facet normal 0 0 -1
    outer loop
      vertex 131.254 105.531 0
      vertex 137.931 126.37 0
      vertex 131.35 105.55 0
    endloop
  endfacet
  facet normal 0 0 -1
    outer loop
      vertex 137.931 126.37 0
      vertex 129.35 171.35 0
      vertex 131.4 171.1 0
    endloop
  endfacet
  facet normal 0 0 -1
    outer loop
      vertex 131.173 105.477 0
      vertex 137.931 126.37 0
      vertex 131.254 105.531 0
    endloop
  endfacet
  facet normal 0 0 -1
    outer loop
      vertex 131.4 171.1 0
      vertex 129.35 171.35 0
      vertex 131.305 171.119 0
    endloop
  endfacet
  facet normal 0 0 -1
    outer loop
      vertex 131.119 105.396 0
      vertex 137.931 126.37 0
      vertex 131.173 105.477 0
    endloop
  endfacet
  facet normal 0 0 -1
    outer loop
      vertex 131.305 171.119 0
      vertex 129.35 171.35 0
      vertex 131.224 171.173 0
    endloop
  endfacet
  facet normal 0 0 -1
    outer loop
      vertex 131.224 171.173 0
      vertex 129.35 171.35 0
      vertex 131.169 171.254 0
    endloop
  endfacet
  facet normal 0 0 -1
    outer loop
      vertex 131.169 171.254 0
      vertex 129.35 171.35 0
      vertex 131.15 171.35 0
    endloop
  endfacet
  facet normal -0 0 -1
    outer loop
      vertex 137.931 126.37 0
      vertex 131.119 105.396 0
      vertex 129.35 171.35 0
    endloop
  endfacet
  facet normal 0 0 -1
    outer loop
      vertex 132.881 104.555 0
      vertex 140.236 102.21 0
      vertex 132.881 102.445 0
    endloop
  endfacet
  facet normal 0 0 -1
    outer loop
      vertex 140.236 102.21 0
      vertex 132.881 104.555 0
      vertex 132.9 104.65 0
    endloop
  endfacet
  facet normal 0 0 -1
    outer loop
      vertex 132.827 102.526 0
      vertex 132.881 104.555 0
      vertex 132.881 102.445 0
    endloop
  endfacet
  facet normal 0 0 -1
    outer loop
      vertex 132.827 102.526 0
      vertex 132.827 104.474 0
      vertex 132.881 104.555 0
    endloop
  endfacet
  facet normal 0 0 -1
    outer loop
      vertex 132.746 102.581 0
      vertex 132.827 104.474 0
      vertex 132.827 102.526 0
    endloop
  endfacet
  facet normal 0 0 -1
    outer loop
      vertex 132.746 102.581 0
      vertex 132.746 104.419 0
      vertex 132.827 104.474 0
    endloop
  endfacet
  facet normal 0 0 -1
    outer loop
      vertex 132.65 102.6 0
      vertex 132.746 104.419 0
      vertex 132.746 102.581 0
    endloop
  endfacet
  facet normal 0 0 -1
    outer loop
      vertex 132.65 102.6 0
      vertex 132.65 104.4 0
      vertex 132.746 104.419 0
    endloop
  endfacet
  facet normal 0 0 -1
    outer loop
      vertex 131.35 102.6 0
      vertex 132.65 104.4 0
      vertex 132.65 102.6 0
    endloop
  endfacet
  facet normal 0 0 -1
    outer loop
      vertex 131.35 102.6 0
      vertex 131.35 104.4 0
      vertex 132.65 104.4 0
    endloop
  endfacet
  facet normal 0 0 -1
    outer loop
      vertex 131.254 102.581 0
      vertex 131.35 104.4 0
      vertex 131.35 102.6 0
    endloop
  endfacet
  facet normal 0 0 -1
    outer loop
      vertex 131.254 102.581 0
      vertex 131.254 104.419 0
      vertex 131.35 104.4 0
    endloop
  endfacet
  facet normal 0 0 -1
    outer loop
      vertex 131.173 102.526 0
      vertex 131.254 104.419 0
      vertex 131.254 102.581 0
    endloop
  endfacet
  facet normal 0 0 -1
    outer loop
      vertex 131.173 102.526 0
      vertex 131.173 104.474 0
      vertex 131.254 104.419 0
    endloop
  endfacet
  facet normal 0 0 -1
    outer loop
      vertex 131.119 102.445 0
      vertex 131.173 104.474 0
      vertex 131.173 102.526 0
    endloop
  endfacet
  facet normal 0 0 -1
    outer loop
      vertex 131.119 102.445 0
      vertex 131.119 104.555 0
      vertex 131.173 104.474 0
    endloop
  endfacet
  facet normal 0 0 -1
    outer loop
      vertex 131.1 102.35 0
      vertex 131.119 104.555 0
      vertex 131.119 102.445 0
    endloop
  endfacet
  facet normal -0 0 -1
    outer loop
      vertex 131.119 104.555 0
      vertex 131.1 102.35 0
      vertex 131.1 104.65 0
    endloop
  endfacet
  facet normal 0 0 -1
    outer loop
      vertex 140.59 102.762 0
      vertex 140.683 103.522 0
      vertex 140.683 103.137 0
    endloop
  endfacet
  facet normal 0 0 -1
    outer loop
      vertex 140.411 102.421 0
      vertex 140.683 103.522 0
      vertex 140.59 102.762 0
    endloop
  endfacet
  facet normal 0 0 -1
    outer loop
      vertex 140.236 102.21 0
      vertex 140.683 103.522 0
      vertex 140.411 102.421 0
    endloop
  endfacet
  facet normal 0 0 -1
    outer loop
      vertex 132.9 104.65 0
      vertex 140.683 103.522 0
      vertex 140.236 102.21 0
    endloop
  endfacet
  facet normal 0 0 -1
    outer loop
      vertex 132.281 171.254 0
      vertex 135.088 174.931 0
      vertex 140.298 164.428 0
    endloop
  endfacet
  facet normal 0 0 -1
    outer loop
      vertex 132.3 172.65 0
      vertex 135.088 174.931 0
      vertex 132.3 171.35 0
    endloop
  endfacet
  facet normal 0 0 -1
    outer loop
      vertex 132.281 172.746 0
      vertex 135.088 174.931 0
      vertex 132.3 172.65 0
    endloop
  endfacet
  facet normal 0 0 -1
    outer loop
      vertex 132.227 172.827 0
      vertex 135.088 174.931 0
      vertex 132.281 172.746 0
    endloop
  endfacet
  facet normal 0 -0 -1
    outer loop
      vertex 133.654 175.82 0
      vertex 135.088 174.931 0
      vertex 132.227 172.827 0
    endloop
  endfacet
  facet normal 0 0 -1
    outer loop
      vertex 132.881 102.445 0
      vertex 140.236 102.21 0
      vertex 132.9 102.35 0
    endloop
  endfacet
  facet normal 0 0 -1
    outer loop
      vertex 132.9 102.35 0
      vertex 140.236 102.21 0
      vertex 132.9 101.7 0
    endloop
  endfacet
  facet normal 0 0 -1
    outer loop
      vertex 140.236 102.21 0
      vertex 132.881 101.604 0
      vertex 132.9 101.7 0
    endloop
  endfacet
  facet normal 0 0 -1
    outer loop
      vertex 140.236 102.21 0
      vertex 132.827 101.523 0
      vertex 132.881 101.604 0
    endloop
  endfacet
  facet normal 0 0 -1
    outer loop
      vertex 140.236 102.21 0
      vertex 132.746 101.469 0
      vertex 132.827 101.523 0
    endloop
  endfacet
  facet normal 0 0 -1
    outer loop
      vertex 112.119 73.5753 0
      vertex 132.746 101.469 0
      vertex 140.236 102.21 0
    endloop
  endfacet
  facet normal 0 0 -1
    outer loop
      vertex 110.978 73.0963 0
      vertex 103.855 88.8611 0
      vertex 112.119 73.5753 0
    endloop
  endfacet
  facet normal 0 0 -1
    outer loop
      vertex 103.805 89.3472 0
      vertex 131.173 101.523 0
      vertex 103.841 89.1287 0
    endloop
  endfacet
  facet normal -0 0 -1
    outer loop
      vertex 131.173 101.523 0
      vertex 103.805 89.3472 0
      vertex 131.119 101.604 0
    endloop
  endfacet
  facet normal 0 0 -1
    outer loop
      vertex 131.1 105.3 0
      vertex 129.331 171.254 0
      vertex 129.35 171.35 0
    endloop
  endfacet
  facet normal 0 0 -1
    outer loop
      vertex 131.1 105.3 0
      vertex 127.16 167.633 0
      vertex 129.331 171.254 0
    endloop
  endfacet
  facet normal 0 0 -1
    outer loop
      vertex 129.331 171.254 0
      vertex 127.16 167.633 0
      vertex 129.276 171.173 0
    endloop
  endfacet
  facet normal 0 -0 -1
    outer loop
      vertex 127.172 167.69 0
      vertex 129.276 171.173 0
      vertex 127.16 167.633 0
    endloop
  endfacet
  facet normal 0 0 -1
    outer loop
      vertex 129.276 171.173 0
      vertex 127.172 167.69 0
      vertex 129.195 171.119 0
    endloop
  endfacet
  facet normal 0 0 -1
    outer loop
      vertex 127.16 167.748 0
      vertex 129.195 171.119 0
      vertex 127.172 167.69 0
    endloop
  endfacet
  facet normal 0 0 -1
    outer loop
      vertex 129.195 171.119 0
      vertex 127.16 167.748 0
      vertex 129.1 171.1 0
    endloop
  endfacet
  facet normal 0 0 -1
    outer loop
      vertex 127.128 167.797 0
      vertex 129.1 171.1 0
      vertex 127.16 167.748 0
    endloop
  endfacet
  facet normal -0 0 -1
    outer loop
      vertex 129.1 171.1 0
      vertex 127.128 167.797 0
      vertex 128.45 171.1 0
    endloop
  endfacet
  facet normal 0 0 -1
    outer loop
      vertex 126.506 169.746 0
      vertex 128.354 171.119 0
      vertex 126.518 169.688 0
    endloop
  endfacet
  facet normal 0 0 -1
    outer loop
      vertex 126.506 169.631 0
      vertex 128.45 171.1 0
      vertex 127.128 167.797 0
    endloop
  endfacet
  facet normal -0 0 -1
    outer loop
      vertex 128.45 171.1 0
      vertex 126.518 169.688 0
      vertex 128.354 171.119 0
    endloop
  endfacet
  facet normal 0 0 -1
    outer loop
      vertex 131.1 105.3 0
      vertex 127.128 167.585 0
      vertex 127.16 167.633 0
    endloop
  endfacet
  facet normal 0 0 -1
    outer loop
      vertex 131.1 105.3 0
      vertex 126.915 167.372 0
      vertex 127.128 167.585 0
    endloop
  endfacet
  facet normal 0 0 -1
    outer loop
      vertex 131.1 105.3 0
      vertex 126.867 167.34 0
      vertex 126.915 167.372 0
    endloop
  endfacet
  facet normal 0 0 -1
    outer loop
      vertex 131.1 105.3 0
      vertex 126.81 167.328 0
      vertex 126.867 167.34 0
    endloop
  endfacet
  facet normal 0 0 -1
    outer loop
      vertex 131.1 105.3 0
      vertex 126.752 167.34 0
      vertex 126.81 167.328 0
    endloop
  endfacet
  facet normal 0 0 -1
    outer loop
      vertex 131.1 105.3 0
      vertex 124.754 167.994 0
      vertex 126.752 167.34 0
    endloop
  endfacet
  facet normal -0 -0 -1
    outer loop
      vertex 124.812 167.982 0
      vertex 126.752 167.34 0
      vertex 124.754 167.994 0
    endloop
  endfacet
  facet normal 0 -0 -1
    outer loop
      vertex 124.918 168.026 0
      vertex 126.703 167.372 0
      vertex 124.869 167.994 0
    endloop
  endfacet
  facet normal 0 0 -1
    outer loop
      vertex 126.703 167.372 0
      vertex 124.918 168.026 0
      vertex 125.872 168.203 0
    endloop
  endfacet
  facet normal 0 -0 -1
    outer loop
      vertex 125.13 168.238 0
      vertex 125.872 168.203 0
      vertex 124.918 168.026 0
    endloop
  endfacet
  facet normal -0 0 -1
    outer loop
      vertex 125.84 168.367 0
      vertex 125.174 168.345 0
      vertex 125.162 168.402 0
    endloop
  endfacet
  facet normal -0 0 -1
    outer loop
      vertex 125.872 168.415 0
      vertex 125.162 168.402 0
      vertex 125.13 168.451 0
    endloop
  endfacet
  facet normal -0 0 -1
    outer loop
      vertex 126.049 169.37 0
      vertex 125.13 168.451 0
      vertex 125.219 170.201 0
    endloop
  endfacet
  facet normal -0 0 -1
    outer loop
      vertex 125.828 168.31 0
      vertex 125.162 168.287 0
      vertex 125.174 168.345 0
    endloop
  endfacet
  facet normal 0 0 -1
    outer loop
      vertex 125.84 168.252 0
      vertex 125.162 168.287 0
      vertex 125.828 168.31 0
    endloop
  endfacet
  facet normal 0 -0 -1
    outer loop
      vertex 125.162 168.287 0
      vertex 125.84 168.252 0
      vertex 125.13 168.238 0
    endloop
  endfacet
  facet normal 0 0 -1
    outer loop
      vertex 125.872 168.203 0
      vertex 125.13 168.238 0
      vertex 125.84 168.252 0
    endloop
  endfacet
  facet normal 0 0 -1
    outer loop
      vertex 126.703 167.372 0
      vertex 124.812 167.982 0
      vertex 124.869 167.994 0
    endloop
  endfacet
  facet normal 0 0 -1
    outer loop
      vertex 126.752 167.34 0
      vertex 124.812 167.982 0
      vertex 126.703 167.372 0
    endloop
  endfacet
  facet normal 0 0 -1
    outer loop
      vertex 131.1 105.3 0
      vertex 112.8 170.1 0
      vertex 124.754 167.994 0
    endloop
  endfacet
  facet normal 0 -0 -1
    outer loop
      vertex 112.896 170.119 0
      vertex 124.754 167.994 0
      vertex 112.8 170.1 0
    endloop
  endfacet
  facet normal 0 0 -1
    outer loop
      vertex 124.754 167.994 0
      vertex 112.896 170.119 0
      vertex 124.706 168.026 0
    endloop
  endfacet
  facet normal 0 0 -1
    outer loop
      vertex 124.706 168.026 0
      vertex 112.896 170.119 0
      vertex 123.875 168.857 0
    endloop
  endfacet
  facet normal 0 -0 -1
    outer loop
      vertex 112.977 170.173 0
      vertex 123.875 168.857 0
      vertex 112.896 170.119 0
    endloop
  endfacet
  facet normal 0 0 -1
    outer loop
      vertex 103.841 89.1287 0
      vertex 131.173 101.523 0
      vertex 103.855 88.8611 0
    endloop
  endfacet
  facet normal 0 0 -1
    outer loop
      vertex 123.831 168.964 0
      vertex 113.031 170.254 0
      vertex 113.05 170.35 0
    endloop
  endfacet
  facet normal 0 0 -1
    outer loop
      vertex 123.843 168.906 0
      vertex 113.031 170.254 0
      vertex 123.831 168.964 0
    endloop
  endfacet
  facet normal 0 -0 -1
    outer loop
      vertex 113.031 170.254 0
      vertex 123.843 168.906 0
      vertex 112.977 170.173 0
    endloop
  endfacet
  facet normal 0 0 -1
    outer loop
      vertex 123.875 168.857 0
      vertex 112.977 170.173 0
      vertex 123.843 168.906 0
    endloop
  endfacet
  facet normal 0 0 -1
    outer loop
      vertex 131.1 105.3 0
      vertex 112.15 170.1 0
      vertex 112.8 170.1 0
    endloop
  endfacet
  facet normal 0 0 -1
    outer loop
      vertex 132.746 101.469 0
      vertex 112.119 73.5753 0
      vertex 132.65 101.45 0
    endloop
  endfacet
  facet normal 0 0 -1
    outer loop
      vertex 112.119 73.5753 0
      vertex 131.35 101.45 0
      vertex 132.65 101.45 0
    endloop
  endfacet
  facet normal 0 0 -1
    outer loop
      vertex 112.119 73.5753 0
      vertex 131.254 101.469 0
      vertex 131.35 101.45 0
    endloop
  endfacet
  facet normal 0 0 -1
    outer loop
      vertex 112.119 73.5753 0
      vertex 131.173 101.523 0
      vertex 131.254 101.469 0
    endloop
  endfacet
  facet normal 0 0 -1
    outer loop
      vertex 103.855 88.8611 0
      vertex 131.173 101.523 0
      vertex 112.119 73.5753 0
    endloop
  endfacet
  facet normal 0 0 -1
    outer loop
      vertex 110.978 73.0963 0
      vertex 112.119 73.5753 0
      vertex 111.818 73.3346 0
    endloop
  endfacet
  facet normal 0 0 -1
    outer loop
      vertex 110.081 170.254 0
      vertex 112.15 170.1 0
      vertex 131.1 105.3 0
    endloop
  endfacet
  facet normal 0 0 -1
    outer loop
      vertex 110.081 170.254 0
      vertex 112.055 170.119 0
      vertex 112.15 170.1 0
    endloop
  endfacet
  facet normal 0 0 -1
    outer loop
      vertex 110.081 170.254 0
      vertex 111.974 170.173 0
      vertex 112.055 170.119 0
    endloop
  endfacet
  facet normal 0 0 -1
    outer loop
      vertex 110.081 170.254 0
      vertex 111.919 170.254 0
      vertex 111.974 170.173 0
    endloop
  endfacet
  facet normal 0 0 -1
    outer loop
      vertex 111.919 170.254 0
      vertex 110.1 170.35 0
      vertex 111.9 170.35 0
    endloop
  endfacet
  facet normal 0 0 -1
    outer loop
      vertex 105.455 73.0963 0
      vertex 103.855 88.8611 0
      vertex 110.978 73.0963 0
    endloop
  endfacet
  facet normal 0 0 -1
    outer loop
      vertex 140.461 163.608 0
      vertex 140.298 164.428 0
      vertex 140.426 164.064 0
    endloop
  endfacet
  facet normal 0 0 -1
    outer loop
      vertex 132.281 171.254 0
      vertex 140.461 163.608 0
      vertex 137.931 126.37 0
    endloop
  endfacet
  facet normal 0 0 -1
    outer loop
      vertex 132.281 171.254 0
      vertex 140.298 164.428 0
      vertex 140.461 163.608 0
    endloop
  endfacet
  facet normal 0 0 -1
    outer loop
      vertex 140.683 103.522 0
      vertex 132.9 104.65 0
      vertex 132.9 105.3 0
    endloop
  endfacet
  facet normal 0 0 -1
    outer loop
      vertex 140.683 103.522 0
      vertex 132.9 105.3 0
      vertex 132.881 105.396 0
    endloop
  endfacet
  facet normal 0 0 -1
    outer loop
      vertex 140.683 103.522 0
      vertex 132.881 105.396 0
      vertex 132.827 105.477 0
    endloop
  endfacet
  facet normal 0 0 -1
    outer loop
      vertex 140.683 103.522 0
      vertex 132.827 105.477 0
      vertex 137.931 126.37 0
    endloop
  endfacet
  facet normal 0 0 -1
    outer loop
      vertex 132.746 105.531 0
      vertex 137.931 126.37 0
      vertex 132.827 105.477 0
    endloop
  endfacet
  facet normal 0 0 -1
    outer loop
      vertex 132.65 105.55 0
      vertex 137.931 126.37 0
      vertex 132.746 105.531 0
    endloop
  endfacet
  facet normal 0 0 -1
    outer loop
      vertex 131.35 105.55 0
      vertex 137.931 126.37 0
      vertex 132.65 105.55 0
    endloop
  endfacet
  facet normal 0 0 -1
    outer loop
      vertex 135.088 174.931 0
      vertex 133.654 175.82 0
      vertex 134.971 175.129 0
    endloop
  endfacet
  facet normal 0 0 -1
    outer loop
      vertex 134.971 175.129 0
      vertex 133.654 175.82 0
      vertex 134.715 175.417 0
    endloop
  endfacet
  facet normal 0 0 -1
    outer loop
      vertex 134.715 175.417 0
      vertex 133.654 175.82 0
      vertex 134.398 175.636 0
    endloop
  endfacet
  facet normal 0 0 -1
    outer loop
      vertex 134.398 175.636 0
      vertex 133.654 175.82 0
      vertex 134.037 175.773 0
    endloop
  endfacet
  facet normal 0 0 -1
    outer loop
      vertex 132.146 172.881 0
      vertex 133.654 175.82 0
      vertex 132.227 172.827 0
    endloop
  endfacet
  facet normal 0 0 -1
    outer loop
      vertex 132.05 172.9 0
      vertex 133.654 175.82 0
      vertex 132.146 172.881 0
    endloop
  endfacet
  facet normal 0 0 -1
    outer loop
      vertex 131.4 172.9 0
      vertex 133.654 175.82 0
      vertex 132.05 172.9 0
    endloop
  endfacet
  facet normal 0 0 -1
    outer loop
      vertex 131.305 172.881 0
      vertex 133.654 175.82 0
      vertex 131.4 172.9 0
    endloop
  endfacet
  facet normal 0 0 -1
    outer loop
      vertex 129.195 172.881 0
      vertex 131.305 172.881 0
      vertex 131.224 172.827 0
    endloop
  endfacet
  facet normal 0 0 -1
    outer loop
      vertex 129.35 171.35 0
      vertex 131.119 105.396 0
      vertex 131.1 105.3 0
    endloop
  endfacet
  facet normal 0 0 -1
    outer loop
      vertex 131.15 171.35 0
      vertex 129.35 171.35 0
      vertex 131.15 172.65 0
    endloop
  endfacet
  facet normal 0 0 -1
    outer loop
      vertex 129.35 172.65 0
      vertex 131.15 172.65 0
      vertex 129.35 171.35 0
    endloop
  endfacet
  facet normal 0 0 -1
    outer loop
      vertex 131.15 172.65 0
      vertex 129.35 172.65 0
      vertex 131.169 172.746 0
    endloop
  endfacet
  facet normal 0 0 -1
    outer loop
      vertex 129.331 172.746 0
      vertex 131.169 172.746 0
      vertex 129.35 172.65 0
    endloop
  endfacet
  facet normal 0 0 -1
    outer loop
      vertex 131.169 172.746 0
      vertex 129.331 172.746 0
      vertex 131.224 172.827 0
    endloop
  endfacet
  facet normal 0 0 -1
    outer loop
      vertex 129.276 172.827 0
      vertex 131.224 172.827 0
      vertex 129.331 172.746 0
    endloop
  endfacet
  facet normal 0 0 -1
    outer loop
      vertex 129.195 172.881 0
      vertex 131.224 172.827 0
      vertex 129.276 172.827 0
    endloop
  endfacet
  facet normal 0 0 -1
    outer loop
      vertex 131.305 172.881 0
      vertex 129.195 172.881 0
      vertex 133.654 175.82 0
    endloop
  endfacet
  facet normal 0 0 -1
    outer loop
      vertex 129.1 172.9 0
      vertex 133.654 175.82 0
      vertex 129.195 172.881 0
    endloop
  endfacet
  facet normal 0 0 -1
    outer loop
      vertex 128.45 172.9 0
      vertex 133.654 175.82 0
      vertex 129.1 172.9 0
    endloop
  endfacet
  facet normal 0 0 -1
    outer loop
      vertex 128.354 172.881 0
      vertex 133.654 175.82 0
      vertex 128.45 172.9 0
    endloop
  endfacet
  facet normal -0 0 -1
    outer loop
      vertex 128.354 171.119 0
      vertex 126.506 169.746 0
      vertex 128.273 171.173 0
    endloop
  endfacet
  facet normal 0 0 -1
    outer loop
      vertex 126.474 169.794 0
      vertex 128.273 171.173 0
      vertex 126.506 169.746 0
    endloop
  endfacet
  facet normal -0 0 -1
    outer loop
      vertex 128.273 171.173 0
      vertex 126.474 169.794 0
      vertex 128.219 171.254 0
    endloop
  endfacet
  facet normal -0 0 -1
    outer loop
      vertex 128.219 171.254 0
      vertex 126.474 169.794 0
      vertex 128.2 171.35 0
    endloop
  endfacet
  facet normal 0 0 -1
    outer loop
      vertex 125.643 170.625 0
      vertex 128.2 171.35 0
      vertex 126.474 169.794 0
    endloop
  endfacet
  facet normal -0 0 -1
    outer loop
      vertex 128.2 171.35 0
      vertex 125.643 170.625 0
      vertex 128.2 172.65 0
    endloop
  endfacet
  facet normal 0 0 -1
    outer loop
      vertex 125.594 170.657 0
      vertex 128.2 172.65 0
      vertex 125.643 170.625 0
    endloop
  endfacet
  facet normal 0 0 -1
    outer loop
      vertex 125.536 170.669 0
      vertex 128.2 172.65 0
      vertex 125.594 170.657 0
    endloop
  endfacet
  facet normal -0 0 -1
    outer loop
      vertex 128.2 172.65 0
      vertex 125.536 170.669 0
      vertex 128.219 172.746 0
    endloop
  endfacet
  facet normal 0 0 -1
    outer loop
      vertex 125.479 170.657 0
      vertex 128.219 172.746 0
      vertex 125.536 170.669 0
    endloop
  endfacet
  facet normal -0 0 -1
    outer loop
      vertex 128.219 172.746 0
      vertex 125.479 170.657 0
      vertex 128.273 172.827 0
    endloop
  endfacet
  facet normal 0 0 -1
    outer loop
      vertex 112.977 171.827 0
      vertex 125.479 170.657 0
      vertex 125.431 170.625 0
    endloop
  endfacet
  facet normal 0 0 -1
    outer loop
      vertex 124.299 169.281 0
      vertex 125.219 170.201 0
      vertex 125.13 168.451 0
    endloop
  endfacet
  facet normal -0 0 -1
    outer loop
      vertex 125.219 170.201 0
      vertex 124.299 169.281 0
      vertex 125.186 170.25 0
    endloop
  endfacet
  facet normal 0 0 -1
    outer loop
      vertex 124.25 169.314 0
      vertex 125.186 170.25 0
      vertex 124.299 169.281 0
    endloop
  endfacet
  facet normal -0 0 -1
    outer loop
      vertex 125.186 170.25 0
      vertex 124.25 169.314 0
      vertex 125.175 170.307 0
    endloop
  endfacet
  facet normal 0 0 -1
    outer loop
      vertex 124.193 169.325 0
      vertex 125.175 170.307 0
      vertex 124.25 169.314 0
    endloop
  endfacet
  facet normal -0 0 -1
    outer loop
      vertex 125.175 170.307 0
      vertex 124.193 169.325 0
      vertex 125.186 170.364 0
    endloop
  endfacet
  facet normal 0 0 -1
    outer loop
      vertex 124.136 169.314 0
      vertex 125.186 170.364 0
      vertex 124.193 169.325 0
    endloop
  endfacet
  facet normal -0 0 -1
    outer loop
      vertex 125.186 170.364 0
      vertex 124.136 169.314 0
      vertex 125.219 170.413 0
    endloop
  endfacet
  facet normal 0 0 -1
    outer loop
      vertex 124.087 169.281 0
      vertex 125.219 170.413 0
      vertex 124.136 169.314 0
    endloop
  endfacet
  facet normal 0 0 -1
    outer loop
      vertex 113.031 171.746 0
      vertex 125.219 170.413 0
      vertex 124.087 169.281 0
    endloop
  endfacet
  facet normal 0 0 -1
    outer loop
      vertex 113.031 171.746 0
      vertex 124.087 169.281 0
      vertex 123.875 169.069 0
    endloop
  endfacet
  facet normal 0 0 -1
    outer loop
      vertex 113.05 170.35 0
      vertex 123.843 169.021 0
      vertex 123.831 168.964 0
    endloop
  endfacet
  facet normal 0 0 -1
    outer loop
      vertex 113.05 171.65 0
      vertex 123.843 169.021 0
      vertex 113.05 170.35 0
    endloop
  endfacet
  facet normal 0 0 -1
    outer loop
      vertex 123.843 169.021 0
      vertex 113.05 171.65 0
      vertex 123.875 169.069 0
    endloop
  endfacet
  facet normal 0 0 -1
    outer loop
      vertex 113.031 171.746 0
      vertex 123.875 169.069 0
      vertex 113.05 171.65 0
    endloop
  endfacet
  facet normal 0 0 -1
    outer loop
      vertex 125.219 170.413 0
      vertex 113.031 171.746 0
      vertex 125.431 170.625 0
    endloop
  endfacet
  facet normal 0 0 -1
    outer loop
      vertex 112.977 171.827 0
      vertex 125.431 170.625 0
      vertex 113.031 171.746 0
    endloop
  endfacet
  facet normal 0 0 -1
    outer loop
      vertex 125.479 170.657 0
      vertex 112.977 171.827 0
      vertex 128.273 172.827 0
    endloop
  endfacet
  facet normal 0 0 -1
    outer loop
      vertex 112.896 171.881 0
      vertex 128.273 172.827 0
      vertex 112.977 171.827 0
    endloop
  endfacet
  facet normal -0 0 -1
    outer loop
      vertex 128.273 172.827 0
      vertex 112.896 171.881 0
      vertex 128.354 172.881 0
    endloop
  endfacet
  facet normal -0 0 -1
    outer loop
      vertex 128.354 172.881 0
      vertex 112.896 171.881 0
      vertex 133.654 175.82 0
    endloop
  endfacet
  facet normal 0 0 -1
    outer loop
      vertex 112.8 171.9 0
      vertex 133.654 175.82 0
      vertex 112.896 171.881 0
    endloop
  endfacet
  facet normal 0 0 -1
    outer loop
      vertex 96.3457 175.82 0
      vertex 112.8 171.9 0
      vertex 112.15 171.9 0
    endloop
  endfacet
  facet normal 0 0 -1
    outer loop
      vertex 110.978 73.0963 0
      vertex 111.818 73.3346 0
      vertex 111.467 73.1731 0
    endloop
  endfacet
  facet normal 0 0 -1
    outer loop
      vertex 103.745 89.5612 0
      vertex 131.119 101.604 0
      vertex 103.805 89.3472 0
    endloop
  endfacet
  facet normal 0 0 -1
    outer loop
      vertex 111.9 170.35 0
      vertex 110.1 170.35 0
      vertex 111.9 171.65 0
    endloop
  endfacet
  facet normal 0 0 -1
    outer loop
      vertex 110.1 171.65 0
      vertex 111.9 171.65 0
      vertex 110.1 170.35 0
    endloop
  endfacet
  facet normal 0 0 -1
    outer loop
      vertex 111.9 171.65 0
      vertex 110.1 171.65 0
      vertex 111.919 171.746 0
    endloop
  endfacet
  facet normal 0 0 -1
    outer loop
      vertex 110.081 171.746 0
      vertex 111.919 171.746 0
      vertex 110.1 171.65 0
    endloop
  endfacet
  facet normal 0 0 -1
    outer loop
      vertex 111.919 171.746 0
      vertex 110.081 171.746 0
      vertex 111.974 171.827 0
    endloop
  endfacet
  facet normal 0 0 -1
    outer loop
      vertex 110.026 171.827 0
      vertex 111.974 171.827 0
      vertex 110.081 171.746 0
    endloop
  endfacet
  facet normal 0 0 -1
    outer loop
      vertex 111.974 171.827 0
      vertex 110.026 171.827 0
      vertex 112.055 171.881 0
    endloop
  endfacet
  facet normal 0 0 -1
    outer loop
      vertex 109.945 171.881 0
      vertex 112.055 171.881 0
      vertex 110.026 171.827 0
    endloop
  endfacet
  facet normal 0 0 -1
    outer loop
      vertex 112.055 171.881 0
      vertex 109.945 171.881 0
      vertex 112.15 171.9 0
    endloop
  endfacet
  facet normal 0 0 -1
    outer loop
      vertex 109.85 171.9 0
      vertex 112.15 171.9 0
      vertex 109.945 171.881 0
    endloop
  endfacet
  facet normal 0 0 -1
    outer loop
      vertex 96.3457 175.82 0
      vertex 112.15 171.9 0
      vertex 109.85 171.9 0
    endloop
  endfacet
  facet normal 0 0 -1
    outer loop
      vertex 96.3457 175.82 0
      vertex 109.85 171.9 0
      vertex 109.2 171.9 0
    endloop
  endfacet
  facet normal 0 0 -1
    outer loop
      vertex 108.969 170.254 0
      vertex 105.05 170.35 0
      vertex 108.95 170.35 0
    endloop
  endfacet
  facet normal 0 0 -1
    outer loop
      vertex 108.95 170.35 0
      vertex 105.05 170.35 0
      vertex 108.95 171.65 0
    endloop
  endfacet
  facet normal 0 0 -1
    outer loop
      vertex 105.031 170.254 0
      vertex 108.067 168.099 0
      vertex 108.019 168.066 0
    endloop
  endfacet
  facet normal 0 0 -1
    outer loop
      vertex 105.031 170.254 0
      vertex 108.019 168.066 0
      vertex 107.986 168.018 0
    endloop
  endfacet
  facet normal 0 0 -1
    outer loop
      vertex 105.031 170.254 0
      vertex 107.975 163.85 0
      vertex 107.986 163.793 0
    endloop
  endfacet
  facet normal 0 0 -1
    outer loop
      vertex 105.031 170.254 0
      vertex 107.975 167.96 0
      vertex 107.975 167.66 0
    endloop
  endfacet
  facet normal 0 0 -1
    outer loop
      vertex 105.031 170.254 0
      vertex 107.986 168.018 0
      vertex 107.975 167.96 0
    endloop
  endfacet
  facet normal 0 0 -1
    outer loop
      vertex 105.05 171.65 0
      vertex 108.95 171.65 0
      vertex 105.05 170.35 0
    endloop
  endfacet
  facet normal 0 0 -1
    outer loop
      vertex 108.95 171.65 0
      vertex 105.05 171.65 0
      vertex 108.969 171.746 0
    endloop
  endfacet
  facet normal 0 0 -1
    outer loop
      vertex 105.031 171.746 0
      vertex 108.969 171.746 0
      vertex 105.05 171.65 0
    endloop
  endfacet
  facet normal 0 0 -1
    outer loop
      vertex 108.969 171.746 0
      vertex 105.031 171.746 0
      vertex 109.023 171.827 0
    endloop
  endfacet
  facet normal 0 0 -1
    outer loop
      vertex 104.977 171.827 0
      vertex 109.023 171.827 0
      vertex 105.031 171.746 0
    endloop
  endfacet
  facet normal 0 0 -1
    outer loop
      vertex 109.023 171.827 0
      vertex 104.977 171.827 0
      vertex 109.104 171.881 0
    endloop
  endfacet
  facet normal 0 0 -1
    outer loop
      vertex 104.896 171.881 0
      vertex 109.104 171.881 0
      vertex 104.977 171.827 0
    endloop
  endfacet
  facet normal 0 0 -1
    outer loop
      vertex 109.104 171.881 0
      vertex 104.896 171.881 0
      vertex 109.2 171.9 0
    endloop
  endfacet
  facet normal 0 0 -1
    outer loop
      vertex 104.8 171.9 0
      vertex 109.2 171.9 0
      vertex 104.896 171.881 0
    endloop
  endfacet
  facet normal 0 0 -1
    outer loop
      vertex 109.2 171.9 0
      vertex 104.8 171.9 0
      vertex 96.3457 175.82 0
    endloop
  endfacet
  facet normal 0 0 -1
    outer loop
      vertex 96.3457 175.82 0
      vertex 104.8 171.9 0
      vertex 104.15 171.9 0
    endloop
  endfacet
  facet normal 0 0 -1
    outer loop
      vertex 103.9 170.35 0
      vertex 102.1 170.35 0
      vertex 103.9 171.65 0
    endloop
  endfacet
  facet normal 0 0 -1
    outer loop
      vertex 102.081 170.254 0
      vertex 103.175 168.11 0
      vertex 103.117 168.099 0
    endloop
  endfacet
  facet normal 0 0 -1
    outer loop
      vertex 102.081 170.254 0
      vertex 103.117 168.099 0
      vertex 103.069 168.066 0
    endloop
  endfacet
  facet normal 0 0 -1
    outer loop
      vertex 102.081 170.254 0
      vertex 103.069 168.066 0
      vertex 103.036 168.018 0
    endloop
  endfacet
  facet normal -0 0 -1
    outer loop
      vertex 103.175 163.7 0
      vertex 92.0693 126.37 0
      vertex 103.117 163.711 0
    endloop
  endfacet
  facet normal 0 0 -1
    outer loop
      vertex 89.5394 163.608 0
      vertex 103.117 163.711 0
      vertex 92.0693 126.37 0
    endloop
  endfacet
  facet normal 0 0 -1
    outer loop
      vertex 103.117 163.711 0
      vertex 89.7024 164.428 0
      vertex 103.069 163.744 0
    endloop
  endfacet
  facet normal 0 0 -1
    outer loop
      vertex 103.069 163.744 0
      vertex 89.7024 164.428 0
      vertex 103.036 163.793 0
    endloop
  endfacet
  facet normal 0 0 -1
    outer loop
      vertex 102.081 170.254 0
      vertex 103.025 167.96 0
      vertex 103.025 167.66 0
    endloop
  endfacet
  facet normal 0 0 -1
    outer loop
      vertex 102.081 170.254 0
      vertex 103.036 168.018 0
      vertex 103.025 167.96 0
    endloop
  endfacet
  facet normal 0 0 -1
    outer loop
      vertex 102.1 171.65 0
      vertex 103.9 171.65 0
      vertex 102.1 170.35 0
    endloop
  endfacet
  facet normal 0 0 -1
    outer loop
      vertex 103.9 171.65 0
      vertex 102.1 171.65 0
      vertex 103.919 171.746 0
    endloop
  endfacet
  facet normal 0 0 -1
    outer loop
      vertex 102.081 171.746 0
      vertex 103.919 171.746 0
      vertex 102.1 171.65 0
    endloop
  endfacet
  facet normal 0 0 -1
    outer loop
      vertex 103.919 171.746 0
      vertex 102.081 171.746 0
      vertex 103.974 171.827 0
    endloop
  endfacet
  facet normal 0 0 -1
    outer loop
      vertex 102.026 171.827 0
      vertex 103.974 171.827 0
      vertex 102.081 171.746 0
    endloop
  endfacet
  facet normal 0 0 -1
    outer loop
      vertex 103.974 171.827 0
      vertex 102.026 171.827 0
      vertex 104.055 171.881 0
    endloop
  endfacet
  facet normal 0 0 -1
    outer loop
      vertex 101.945 171.881 0
      vertex 104.055 171.881 0
      vertex 102.026 171.827 0
    endloop
  endfacet
  facet normal 0 0 -1
    outer loop
      vertex 104.055 171.881 0
      vertex 101.945 171.881 0
      vertex 104.15 171.9 0
    endloop
  endfacet
  facet normal 0 0 -1
    outer loop
      vertex 101.85 171.9 0
      vertex 104.15 171.9 0
      vertex 101.945 171.881 0
    endloop
  endfacet
  facet normal 0 0 -1
    outer loop
      vertex 104.15 171.9 0
      vertex 101.85 171.9 0
      vertex 96.3457 175.82 0
    endloop
  endfacet
  facet normal 0 0 -1
    outer loop
      vertex 96.3457 175.82 0
      vertex 101.85 171.9 0
      vertex 101.2 171.9 0
    endloop
  endfacet
  facet normal 0 0 -1
    outer loop
      vertex 92.0693 126.37 0
      vertex 100.833 90.7224 0
      vertex 100.64 90.6065 0
    endloop
  endfacet
  facet normal 0 0 -1
    outer loop
      vertex 92.0693 126.37 0
      vertex 100.64 90.6065 0
      vertex 100.465 90.4738 0
    endloop
  endfacet
  facet normal 0 0 -1
    outer loop
      vertex 92.0693 126.37 0
      vertex 100.465 90.4738 0
      vertex 100.304 90.32 0
    endloop
  endfacet
  facet normal 0 0 -1
    outer loop
      vertex 92.0693 126.37 0
      vertex 100.304 90.32 0
      vertex 100.158 90.1486 0
    endloop
  endfacet
  facet normal 0 0 -1
    outer loop
      vertex 86.5453 80.5254 0
      vertex 100.158 90.1486 0
      vertex 100.033 89.9643 0
    endloop
  endfacet
  facet normal 0 0 -1
    outer loop
      vertex 86.5453 80.5254 0
      vertex 100.033 89.9643 0
      vertex 99.9289 89.7687 0
    endloop
  endfacet
  facet normal 0 0 -1
    outer loop
      vertex 86.5453 80.5254 0
      vertex 99.9289 89.7687 0
      vertex 99.8464 89.5612 0
    endloop
  endfacet
  facet normal 0 0 -1
    outer loop
      vertex 86.5453 80.5254 0
      vertex 99.8464 89.5612 0
      vertex 99.7867 89.3472 0
    endloop
  endfacet
  facet normal 0 0 -1
    outer loop
      vertex 86.5453 80.5254 0
      vertex 99.7867 89.3472 0
      vertex 99.7512 89.1287 0
    endloop
  endfacet
  facet normal 0 0 -1
    outer loop
      vertex 86.5453 80.5254 0
      vertex 99.7512 89.1287 0
      vertex 99.7367 88.8611 0
    endloop
  endfacet
  facet normal 0 0 -1
    outer loop
      vertex 98.1367 73.0963 0
      vertex 99.6902 74.3134 0
      vertex 99.5535 73.9527 0
    endloop
  endfacet
  facet normal 0 0 -1
    outer loop
      vertex 98.1367 73.0963 0
      vertex 99.5535 73.9527 0
      vertex 99.3343 73.6353 0
    endloop
  endfacet
  facet normal -0 0 -1
    outer loop
      vertex 99.7367 74.6963 0
      vertex 95.4769 73.3755 0
      vertex 99.7367 88.8611 0
    endloop
  endfacet
  facet normal 0 0 -1
    outer loop
      vertex 98.1367 73.0963 0
      vertex 99.3343 73.6353 0
      vertex 99.0456 73.3795 0
    endloop
  endfacet
  facet normal 0 0 -1
    outer loop
      vertex 98.1367 73.0963 0
      vertex 99.0456 73.3795 0
      vertex 98.7041 73.2003 0
    endloop
  endfacet
  facet normal 0 0 -1
    outer loop
      vertex 99.7367 74.6963 0
      vertex 98.1367 73.0963 0
      vertex 96.3799 73.0963 0
    endloop
  endfacet
  facet normal 0 0 -1
    outer loop
      vertex 99.7367 74.6963 0
      vertex 96.3799 73.0963 0
      vertex 95.4769 73.3755 0
    endloop
  endfacet
  facet normal 0 0 -1
    outer loop
      vertex 112.8 171.9 0
      vertex 96.3457 175.82 0
      vertex 133.654 175.82 0
    endloop
  endfacet
  facet normal 0 0 -1
    outer loop
      vertex 101.104 171.881 0
      vertex 96.3457 175.82 0
      vertex 101.2 171.9 0
    endloop
  endfacet
  facet normal 0 0 -1
    outer loop
      vertex 101.023 171.827 0
      vertex 96.3457 175.82 0
      vertex 101.104 171.881 0
    endloop
  endfacet
  facet normal 0 0 -1
    outer loop
      vertex 100.969 171.746 0
      vertex 96.3457 175.82 0
      vertex 101.023 171.827 0
    endloop
  endfacet
  facet normal 0 0 -1
    outer loop
      vertex 94.9124 174.931 0
      vertex 100.969 171.746 0
      vertex 100.95 171.65 0
    endloop
  endfacet
  facet normal 0 0 -1
    outer loop
      vertex 100.969 170.254 0
      vertex 94.9124 174.931 0
      vertex 100.95 170.35 0
    endloop
  endfacet
  facet normal 0 0 -1
    outer loop
      vertex 100.95 170.35 0
      vertex 94.9124 174.931 0
      vertex 100.95 171.65 0
    endloop
  endfacet
  facet normal 0 0 -1
    outer loop
      vertex 95.4769 73.3755 0
      vertex 96.3799 73.0963 0
      vertex 95.997 73.1428 0
    endloop
  endfacet
  facet normal 0 0 -1
    outer loop
      vertex 100.969 171.746 0
      vertex 94.9124 174.931 0
      vertex 96.3457 175.82 0
    endloop
  endfacet
  facet normal 0 0 -1
    outer loop
      vertex 99.7367 88.8611 0
      vertex 95.4769 73.3755 0
      vertex 87.2308 79.0132 0
    endloop
  endfacet
  facet normal 0 0 -1
    outer loop
      vertex 96.3457 175.82 0
      vertex 94.9124 174.931 0
      vertex 96.1166 175.803 0
    endloop
  endfacet
  facet normal 0 0 -1
    outer loop
      vertex 96.1166 175.803 0
      vertex 94.9124 174.931 0
      vertex 95.7443 175.702 0
    endloop
  endfacet
  facet normal 0 0 -1
    outer loop
      vertex 95.7443 175.702 0
      vertex 94.9124 174.931 0
      vertex 95.407 175.515 0
    endloop
  endfacet
  facet normal 0 0 -1
    outer loop
      vertex 95.407 175.515 0
      vertex 94.9124 174.931 0
      vertex 95.1242 175.253 0
    endloop
  endfacet
  facet normal 0 0 -1
    outer loop
      vertex 99.7367 88.8611 0
      vertex 87.2308 79.0132 0
      vertex 86.5453 80.5254 0
    endloop
  endfacet
  facet normal 0 0 -1
    outer loop
      vertex 86.5453 80.5254 0
      vertex 87.2308 79.0132 0
      vertex 86.9409 79.2677 0
    endloop
  endfacet
  facet normal 0 0 -1
    outer loop
      vertex 86.5453 80.5254 0
      vertex 86.9409 79.2677 0
      vertex 86.7204 79.5841 0
    endloop
  endfacet
  facet normal 0 0 -1
    outer loop
      vertex 86.5453 80.5254 0
      vertex 86.7204 79.5841 0
      vertex 86.582 79.9442 0
    endloop
  endfacet
  facet normal -0 0 -1
    outer loop
      vertex 100.158 90.1486 0
      vertex 86.5453 80.5254 0
      vertex 92.0693 126.37 0
    endloop
  endfacet
  facet normal 0 -0 -1
    outer loop
      vertex 86.5453 80.5254 0
      vertex 86.582 79.9442 0
      vertex 86.5338 80.3268 0
    endloop
  endfacet
  facet normal 0 0 1
    outer loop
      vertex 140.426 164.064 1.5
      vertex 138.954 163.761 1.5
      vertex 138.964 163.71 1.5
    endloop
  endfacet
  facet normal 0 0 1
    outer loop
      vertex 135.088 174.931 1.5
      vertex 138.954 163.761 1.5
      vertex 140.298 164.428 1.5
    endloop
  endfacet
  facet normal 0 0 1
    outer loop
      vertex 133.744 174.264 1.5
      vertex 135.088 174.931 1.5
      vertex 134.971 175.129 1.5
    endloop
  endfacet
  facet normal 0 0 1
    outer loop
      vertex 133.744 174.264 1.5
      vertex 134.971 175.129 1.5
      vertex 134.715 175.417 1.5
    endloop
  endfacet
  facet normal 0 0 1
    outer loop
      vertex 133.744 174.264 1.5
      vertex 134.715 175.417 1.5
      vertex 134.398 175.636 1.5
    endloop
  endfacet
  facet normal 0 0 1
    outer loop
      vertex 133.654 174.32 1.5
      vertex 134.398 175.636 1.5
      vertex 134.037 175.773 1.5
    endloop
  endfacet
  facet normal 0 0 1
    outer loop
      vertex 135.088 174.931 1.5
      vertex 133.744 174.264 1.5
      vertex 138.954 163.761 1.5
    endloop
  endfacet
  facet normal 0 0 1
    outer loop
      vertex 133.654 174.32 1.5
      vertex 134.037 175.773 1.5
      vertex 133.654 175.82 1.5
    endloop
  endfacet
  facet normal 0 0 1
    outer loop
      vertex 134.398 175.636 1.5
      vertex 133.654 174.32 1.5
      vertex 133.744 174.264 1.5
    endloop
  endfacet
  facet normal -0 0 1
    outer loop
      vertex 96.3457 175.82 1.5
      vertex 133.654 174.32 1.5
      vertex 133.654 175.82 1.5
    endloop
  endfacet
  facet normal 0 0 1
    outer loop
      vertex 96.3457 175.82 1.5
      vertex 96.3457 174.32 1.5
      vertex 133.654 174.32 1.5
    endloop
  endfacet
  facet normal -0 0 1
    outer loop
      vertex 96.1166 175.803 1.5
      vertex 96.3457 174.32 1.5
      vertex 96.3457 175.82 1.5
    endloop
  endfacet
  facet normal -0 0 1
    outer loop
      vertex 95.7443 175.702 1.5
      vertex 96.3457 174.32 1.5
      vertex 96.1166 175.803 1.5
    endloop
  endfacet
  facet normal -0 0 1
    outer loop
      vertex 95.407 175.515 1.5
      vertex 96.3457 174.32 1.5
      vertex 95.7443 175.702 1.5
    endloop
  endfacet
  facet normal 0 0 1
    outer loop
      vertex 96.3457 174.32 1.5
      vertex 95.407 175.515 1.5
      vertex 96.2561 174.264 1.5
    endloop
  endfacet
  facet normal -0 0 1
    outer loop
      vertex 95.1242 175.253 1.5
      vertex 96.2561 174.264 1.5
      vertex 95.407 175.515 1.5
    endloop
  endfacet
  facet normal -0 0 1
    outer loop
      vertex 94.9124 174.931 1.5
      vertex 96.2561 174.264 1.5
      vertex 95.1242 175.253 1.5
    endloop
  endfacet
  facet normal 0 0 1
    outer loop
      vertex 94.9124 174.931 1.5
      vertex 91.0462 163.761 1.5
      vertex 96.2561 174.264 1.5
    endloop
  endfacet
  facet normal -0 0 1
    outer loop
      vertex 89.5599 163.994 1.5
      vertex 91.0462 163.761 1.5
      vertex 89.7024 164.428 1.5
    endloop
  endfacet
  facet normal -0 0 1
    outer loop
      vertex 89.7024 164.428 1.5
      vertex 91.0462 163.761 1.5
      vertex 94.9124 174.931 1.5
    endloop
  endfacet
  facet normal 0 0 1
    outer loop
      vertex 138.954 163.761 1.5
      vertex 140.426 164.064 1.5
      vertex 140.298 164.428 1.5
    endloop
  endfacet
  facet normal 0 0 1
    outer loop
      vertex 140.426 164.064 1.5
      vertex 138.964 163.71 1.5
      vertex 140.461 163.608 1.5
    endloop
  endfacet
  facet normal 0 0 1
    outer loop
      vertex 138.964 163.71 1.5
      vertex 137.931 126.37 1.5
      vertex 140.461 163.608 1.5
    endloop
  endfacet
  facet normal 0 -0 1
    outer loop
      vertex 137.931 126.37 1.5
      vertex 138.964 163.71 1.5
      vertex 136.425 126.331 1.5
    endloop
  endfacet
  facet normal -0 0 1
    outer loop
      vertex 139.194 103.343 1.5
      vertex 140.683 103.137 1.5
      vertex 140.683 103.522 1.5
    endloop
  endfacet
  facet normal 0 0 1
    outer loop
      vertex 140.683 103.137 1.5
      vertex 139.194 103.343 1.5
      vertex 140.59 102.762 1.5
    endloop
  endfacet
  facet normal -0 0 1
    outer loop
      vertex 139.166 103.261 1.5
      vertex 140.59 102.762 1.5
      vertex 139.194 103.343 1.5
    endloop
  endfacet
  facet normal 0 0 1
    outer loop
      vertex 140.59 102.762 1.5
      vertex 139.166 103.261 1.5
      vertex 140.411 102.421 1.5
    endloop
  endfacet
  facet normal 0 0 1
    outer loop
      vertex 137.931 126.37 1.5
      vertex 139.194 103.343 1.5
      vertex 140.683 103.522 1.5
    endloop
  endfacet
  facet normal 0 0 1
    outer loop
      vertex 139.194 103.343 1.5
      vertex 137.931 126.37 1.5
      vertex 136.425 126.331 1.5
    endloop
  endfacet
  facet normal 0 0 1
    outer loop
      vertex 140.411 102.421 1.5
      vertex 139.166 103.261 1.5
      vertex 140.236 102.21 1.5
    endloop
  endfacet
  facet normal 0 0 1
    outer loop
      vertex 139.166 103.261 1.5
      vertex 112.119 73.5753 1.5
      vertex 140.236 102.21 1.5
    endloop
  endfacet
  facet normal -0 0 1
    outer loop
      vertex 111.049 74.6262 1.5
      vertex 112.119 73.5753 1.5
      vertex 139.166 103.261 1.5
    endloop
  endfacet
  facet normal 0 0 1
    outer loop
      vertex 112.119 73.5753 1.5
      vertex 111.049 74.6262 1.5
      vertex 111.818 73.3346 1.5
    endloop
  endfacet
  facet normal 0 0 1
    outer loop
      vertex 111.818 73.3346 1.5
      vertex 111.049 74.6262 1.5
      vertex 111.467 73.1731 1.5
    endloop
  endfacet
  facet normal -0 0 1
    outer loop
      vertex 110.978 74.5963 1.5
      vertex 111.467 73.1731 1.5
      vertex 111.049 74.6262 1.5
    endloop
  endfacet
  facet normal 0 0 1
    outer loop
      vertex 110.978 74.5963 1.5
      vertex 110.978 73.0963 1.5
      vertex 111.467 73.1731 1.5
    endloop
  endfacet
  facet normal -0 0 1
    outer loop
      vertex 105.455 74.5963 1.5
      vertex 110.978 73.0963 1.5
      vertex 110.978 74.5963 1.5
    endloop
  endfacet
  facet normal 0 0 1
    outer loop
      vertex 105.455 74.5963 1.5
      vertex 105.455 73.0963 1.5
      vertex 110.978 73.0963 1.5
    endloop
  endfacet
  facet normal 0 0 1
    outer loop
      vertex 104.394 73.4987 1.5
      vertex 105.455 74.5963 1.5
      vertex 105.355 74.6963 1.5
    endloop
  endfacet
  facet normal 0 0 1
    outer loop
      vertex 105.334 89.29 1.5
      vertex 103.841 89.1287 1.5
      vertex 105.355 88.9017 1.5
    endloop
  endfacet
  facet normal 0 0 1
    outer loop
      vertex 103.805 89.3472 1.5
      vertex 105.272 89.6699 1.5
      vertex 105.169 90.0413 1.5
    endloop
  endfacet
  facet normal 0 0 1
    outer loop
      vertex 105.455 74.5963 1.5
      vertex 105.072 73.1428 1.5
      vertex 105.455 73.0963 1.5
    endloop
  endfacet
  facet normal 0 0 1
    outer loop
      vertex 105.355 88.9017 1.5
      vertex 103.855 88.8611 1.5
      vertex 105.355 74.6963 1.5
    endloop
  endfacet
  facet normal 0 0 1
    outer loop
      vertex 103.745 89.5612 1.5
      vertex 105.169 90.0413 1.5
      vertex 105.026 90.3993 1.5
    endloop
  endfacet
  facet normal 0 0 1
    outer loop
      vertex 103.663 89.7687 1.5
      vertex 105.026 90.3993 1.5
      vertex 104.846 90.7393 1.5
    endloop
  endfacet
  facet normal 0 0 1
    outer loop
      vertex 105.355 74.6963 1.5
      vertex 103.855 88.8611 1.5
      vertex 103.855 74.6963 1.5
    endloop
  endfacet
  facet normal 0 0 1
    outer loop
      vertex 103.559 89.9643 1.5
      vertex 104.846 90.7393 1.5
      vertex 104.629 91.0586 1.5
    endloop
  endfacet
  facet normal 0 -0 1
    outer loop
      vertex 103.959 74.1289 1.5
      vertex 105.355 74.6963 1.5
      vertex 103.855 74.6963 1.5
    endloop
  endfacet
  facet normal 0 0 1
    outer loop
      vertex 103.433 90.1498 1.5
      vertex 104.629 91.0586 1.5
      vertex 104.38 91.3521 1.5
    endloop
  endfacet
  facet normal 0 0 1
    outer loop
      vertex 105.455 74.5963 1.5
      vertex 104.712 73.2796 1.5
      vertex 105.072 73.1428 1.5
    endloop
  endfacet
  facet normal 0 0 1
    outer loop
      vertex 103.289 90.32 1.5
      vertex 104.38 91.3521 1.5
      vertex 104.1 91.618 1.5
    endloop
  endfacet
  facet normal 0 0 1
    outer loop
      vertex 105.455 74.5963 1.5
      vertex 104.394 73.4987 1.5
      vertex 104.712 73.2796 1.5
    endloop
  endfacet
  facet normal 0 0 1
    outer loop
      vertex 105.355 74.6963 1.5
      vertex 104.138 73.7874 1.5
      vertex 104.394 73.4987 1.5
    endloop
  endfacet
  facet normal 0 0 1
    outer loop
      vertex 105.355 88.9017 1.5
      vertex 103.841 89.1287 1.5
      vertex 103.855 88.8611 1.5
    endloop
  endfacet
  facet normal 0 0 1
    outer loop
      vertex 105.272 89.6699 1.5
      vertex 103.805 89.3472 1.5
      vertex 103.841 89.1287 1.5
    endloop
  endfacet
  facet normal 0 0 1
    outer loop
      vertex 103.128 90.473 1.5
      vertex 104.1 91.618 1.5
      vertex 103.793 91.8507 1.5
    endloop
  endfacet
  facet normal 0 0 1
    outer loop
      vertex 105.169 90.0413 1.5
      vertex 103.745 89.5612 1.5
      vertex 103.805 89.3472 1.5
    endloop
  endfacet
  facet normal 0 0 1
    outer loop
      vertex 105.026 90.3993 1.5
      vertex 103.663 89.7687 1.5
      vertex 103.745 89.5612 1.5
    endloop
  endfacet
  facet normal 0 0 1
    outer loop
      vertex 104.846 90.7393 1.5
      vertex 103.559 89.9643 1.5
      vertex 103.663 89.7687 1.5
    endloop
  endfacet
  facet normal 0 0 1
    outer loop
      vertex 102.952 90.6065 1.5
      vertex 103.793 91.8507 1.5
      vertex 103.463 92.0492 1.5
    endloop
  endfacet
  facet normal 0 0 1
    outer loop
      vertex 104.629 91.0586 1.5
      vertex 103.433 90.1498 1.5
      vertex 103.559 89.9643 1.5
    endloop
  endfacet
  facet normal 0 0 1
    outer loop
      vertex 104.38 91.3521 1.5
      vertex 103.289 90.32 1.5
      vertex 103.433 90.1498 1.5
    endloop
  endfacet
  facet normal 0 0 1
    outer loop
      vertex 104.1 91.618 1.5
      vertex 103.128 90.473 1.5
      vertex 103.289 90.32 1.5
    endloop
  endfacet
  facet normal 0 0 1
    outer loop
      vertex 102.759 90.7224 1.5
      vertex 103.463 92.0492 1.5
      vertex 103.113 92.2117 1.5
    endloop
  endfacet
  facet normal 0 0 1
    outer loop
      vertex 103.793 91.8507 1.5
      vertex 102.952 90.6065 1.5
      vertex 103.128 90.473 1.5
    endloop
  endfacet
  facet normal 0 0 1
    outer loop
      vertex 103.463 92.0492 1.5
      vertex 102.759 90.7224 1.5
      vertex 102.952 90.6065 1.5
    endloop
  endfacet
  facet normal 0 0 1
    outer loop
      vertex 102.557 90.8163 1.5
      vertex 103.113 92.2117 1.5
      vertex 102.749 92.3341 1.5
    endloop
  endfacet
  facet normal 0 0 1
    outer loop
      vertex 103.113 92.2117 1.5
      vertex 102.557 90.8163 1.5
      vertex 102.759 90.7224 1.5
    endloop
  endfacet
  facet normal 0 0 1
    outer loop
      vertex 102.348 90.8863 1.5
      vertex 102.749 92.3341 1.5
      vertex 102.371 92.4168 1.5
    endloop
  endfacet
  facet normal 0 0 1
    outer loop
      vertex 102.749 92.3341 1.5
      vertex 102.348 90.8863 1.5
      vertex 102.557 90.8163 1.5
    endloop
  endfacet
  facet normal 0 0 1
    outer loop
      vertex 102.371 92.4168 1.5
      vertex 102.129 90.9344 1.5
      vertex 102.348 90.8863 1.5
    endloop
  endfacet
  facet normal 0 0 1
    outer loop
      vertex 101.989 92.4586 1.5
      vertex 102.129 90.9344 1.5
      vertex 102.371 92.4168 1.5
    endloop
  endfacet
  facet normal 0 0 1
    outer loop
      vertex 101.989 92.4586 1.5
      vertex 101.907 90.9586 1.5
      vertex 102.129 90.9344 1.5
    endloop
  endfacet
  facet normal 0 0 1
    outer loop
      vertex 101.989 92.4586 1.5
      vertex 101.685 90.9586 1.5
      vertex 101.907 90.9586 1.5
    endloop
  endfacet
  facet normal -0 0 1
    outer loop
      vertex 101.603 92.4586 1.5
      vertex 101.685 90.9586 1.5
      vertex 101.989 92.4586 1.5
    endloop
  endfacet
  facet normal 0 0 1
    outer loop
      vertex 101.603 92.4586 1.5
      vertex 101.463 90.9344 1.5
      vertex 101.685 90.9586 1.5
    endloop
  endfacet
  facet normal -0 0 1
    outer loop
      vertex 101.22 92.4168 1.5
      vertex 101.463 90.9344 1.5
      vertex 101.603 92.4586 1.5
    endloop
  endfacet
  facet normal 0 0 1
    outer loop
      vertex 101.463 90.9344 1.5
      vertex 101.22 92.4168 1.5
      vertex 101.244 90.8863 1.5
    endloop
  endfacet
  facet normal -0 0 1
    outer loop
      vertex 100.844 92.3341 1.5
      vertex 101.244 90.8863 1.5
      vertex 101.22 92.4168 1.5
    endloop
  endfacet
  facet normal 0 0 1
    outer loop
      vertex 101.244 90.8863 1.5
      vertex 100.844 92.3341 1.5
      vertex 101.035 90.816 1.5
    endloop
  endfacet
  facet normal -0 0 1
    outer loop
      vertex 100.478 92.2116 1.5
      vertex 101.035 90.816 1.5
      vertex 100.844 92.3341 1.5
    endloop
  endfacet
  facet normal 0 0 1
    outer loop
      vertex 101.035 90.816 1.5
      vertex 100.478 92.2116 1.5
      vertex 100.833 90.7224 1.5
    endloop
  endfacet
  facet normal -0 0 1
    outer loop
      vertex 100.129 92.0492 1.5
      vertex 100.833 90.7224 1.5
      vertex 100.478 92.2116 1.5
    endloop
  endfacet
  facet normal 0 0 1
    outer loop
      vertex 100.833 90.7224 1.5
      vertex 100.129 92.0492 1.5
      vertex 100.64 90.6065 1.5
    endloop
  endfacet
  facet normal -0 0 1
    outer loop
      vertex 99.7983 91.8507 1.5
      vertex 100.64 90.6065 1.5
      vertex 100.129 92.0492 1.5
    endloop
  endfacet
  facet normal 0 0 1
    outer loop
      vertex 100.64 90.6065 1.5
      vertex 99.7983 91.8507 1.5
      vertex 100.465 90.4738 1.5
    endloop
  endfacet
  facet normal -0 0 1
    outer loop
      vertex 99.4917 91.6181 1.5
      vertex 100.465 90.4738 1.5
      vertex 99.7983 91.8507 1.5
    endloop
  endfacet
  facet normal 0 0 1
    outer loop
      vertex 100.465 90.4738 1.5
      vertex 99.4917 91.6181 1.5
      vertex 100.304 90.32 1.5
    endloop
  endfacet
  facet normal -0 0 1
    outer loop
      vertex 99.2124 91.3521 1.5
      vertex 100.304 90.32 1.5
      vertex 99.4917 91.6181 1.5
    endloop
  endfacet
  facet normal 0 0 1
    outer loop
      vertex 100.304 90.32 1.5
      vertex 99.2124 91.3521 1.5
      vertex 100.158 90.1486 1.5
    endloop
  endfacet
  facet normal -0 0 1
    outer loop
      vertex 98.9625 91.0584 1.5
      vertex 100.158 90.1486 1.5
      vertex 99.2124 91.3521 1.5
    endloop
  endfacet
  facet normal 0 0 1
    outer loop
      vertex 100.158 90.1486 1.5
      vertex 98.9625 91.0584 1.5
      vertex 100.033 89.9643 1.5
    endloop
  endfacet
  facet normal -0 0 1
    outer loop
      vertex 98.7459 90.7393 1.5
      vertex 100.033 89.9643 1.5
      vertex 98.9625 91.0584 1.5
    endloop
  endfacet
  facet normal 0 0 1
    outer loop
      vertex 100.033 89.9643 1.5
      vertex 98.7459 90.7393 1.5
      vertex 99.9289 89.7687 1.5
    endloop
  endfacet
  facet normal 0 0 1
    outer loop
      vertex 98.2367 74.6963 1.5
      vertex 99.7367 74.6963 1.5
      vertex 99.7367 88.8611 1.5
    endloop
  endfacet
  facet normal 0 0 1
    outer loop
      vertex 99.7367 74.6963 1.5
      vertex 98.2367 74.6963 1.5
      vertex 99.6902 74.3134 1.5
    endloop
  endfacet
  facet normal -0 0 1
    outer loop
      vertex 98.5655 90.3993 1.5
      vertex 99.9289 89.7687 1.5
      vertex 98.7459 90.7393 1.5
    endloop
  endfacet
  facet normal 0 0 1
    outer loop
      vertex 99.9289 89.7687 1.5
      vertex 98.5655 90.3993 1.5
      vertex 99.8464 89.5612 1.5
    endloop
  endfacet
  facet normal 0 0 1
    outer loop
      vertex 98.2367 74.6963 1.5
      vertex 99.7367 88.8611 1.5
      vertex 98.2367 88.9017 1.5
    endloop
  endfacet
  facet normal -0 0 1
    outer loop
      vertex 98.423 90.0413 1.5
      vertex 99.8464 89.5612 1.5
      vertex 98.5655 90.3993 1.5
    endloop
  endfacet
  facet normal 0 0 1
    outer loop
      vertex 99.6902 74.3134 1.5
      vertex 98.2367 74.6963 1.5
      vertex 99.5535 73.9527 1.5
    endloop
  endfacet
  facet normal 0 0 1
    outer loop
      vertex 99.8464 89.5612 1.5
      vertex 98.423 90.0413 1.5
      vertex 99.7867 89.3472 1.5
    endloop
  endfacet
  facet normal -0 0 1
    outer loop
      vertex 98.3195 89.6699 1.5
      vertex 99.7867 89.3472 1.5
      vertex 98.423 90.0413 1.5
    endloop
  endfacet
  facet normal 0 0 1
    outer loop
      vertex 99.5535 73.9527 1.5
      vertex 98.2367 74.6963 1.5
      vertex 99.3343 73.6353 1.5
    endloop
  endfacet
  facet normal 0 0 1
    outer loop
      vertex 99.7867 89.3472 1.5
      vertex 98.3195 89.6699 1.5
      vertex 99.7512 89.1287 1.5
    endloop
  endfacet
  facet normal -0 0 1
    outer loop
      vertex 98.2578 89.29 1.5
      vertex 99.7512 89.1287 1.5
      vertex 98.3195 89.6699 1.5
    endloop
  endfacet
  facet normal 0 0 1
    outer loop
      vertex 98.2367 88.9017 1.5
      vertex 99.7512 89.1287 1.5
      vertex 98.2578 89.29 1.5
    endloop
  endfacet
  facet normal 0 0 1
    outer loop
      vertex 99.7512 89.1287 1.5
      vertex 98.2367 88.9017 1.5
      vertex 99.7367 88.8611 1.5
    endloop
  endfacet
  facet normal -0 0 1
    outer loop
      vertex 98.1367 74.5963 1.5
      vertex 99.3343 73.6353 1.5
      vertex 98.2367 74.6963 1.5
    endloop
  endfacet
  facet normal 0 0 1
    outer loop
      vertex 99.3343 73.6353 1.5
      vertex 98.1367 74.5963 1.5
      vertex 99.0456 73.3795 1.5
    endloop
  endfacet
  facet normal 0 0 1
    outer loop
      vertex 99.0456 73.3795 1.5
      vertex 98.1367 74.5963 1.5
      vertex 98.7041 73.2003 1.5
    endloop
  endfacet
  facet normal 0 0 1
    outer loop
      vertex 98.1367 74.5963 1.5
      vertex 98.1367 73.0963 1.5
      vertex 98.7041 73.2003 1.5
    endloop
  endfacet
  facet normal -0 0 1
    outer loop
      vertex 96.3799 74.5963 1.5
      vertex 98.1367 73.0963 1.5
      vertex 98.1367 74.5963 1.5
    endloop
  endfacet
  facet normal 0 0 1
    outer loop
      vertex 96.3799 74.5963 1.5
      vertex 96.3799 73.0963 1.5
      vertex 98.1367 73.0963 1.5
    endloop
  endfacet
  facet normal 0 0 1
    outer loop
      vertex 95.997 73.1428 1.5
      vertex 96.3799 74.5963 1.5
      vertex 96.3234 74.6137 1.5
    endloop
  endfacet
  facet normal 0 0 1
    outer loop
      vertex 96.3799 74.5963 1.5
      vertex 95.997 73.1428 1.5
      vertex 96.3799 73.0963 1.5
    endloop
  endfacet
  facet normal 0 0 1
    outer loop
      vertex 96.3234 74.6137 1.5
      vertex 95.4769 73.3755 1.5
      vertex 95.997 73.1428 1.5
    endloop
  endfacet
  facet normal 0 0 1
    outer loop
      vertex 88.0773 80.2514 1.5
      vertex 95.4769 73.3755 1.5
      vertex 96.3234 74.6137 1.5
    endloop
  endfacet
  facet normal 0 0 1
    outer loop
      vertex 88.0773 80.2514 1.5
      vertex 87.2308 79.0132 1.5
      vertex 95.4769 73.3755 1.5
    endloop
  endfacet
  facet normal 0 0 1
    outer loop
      vertex 86.7204 79.5841 1.5
      vertex 88.0773 80.2514 1.5
      vertex 88.0345 80.3459 1.5
    endloop
  endfacet
  facet normal 0 0 1
    outer loop
      vertex 105.355 74.6963 1.5
      vertex 103.959 74.1289 1.5
      vertex 104.138 73.7874 1.5
    endloop
  endfacet
  facet normal 0 0 1
    outer loop
      vertex 103.841 89.1287 1.5
      vertex 105.334 89.29 1.5
      vertex 105.272 89.6699 1.5
    endloop
  endfacet
  facet normal 0 0 1
    outer loop
      vertex 91.036 163.71 1.5
      vertex 92.0693 126.37 1.5
      vertex 93.5754 126.331 1.5
    endloop
  endfacet
  facet normal 0 0 1
    outer loop
      vertex 91.0462 163.761 1.5
      vertex 89.5599 163.994 1.5
      vertex 91.036 163.71 1.5
    endloop
  endfacet
  facet normal 0 0 1
    outer loop
      vertex 91.036 163.71 1.5
      vertex 89.5599 163.994 1.5
      vertex 89.5394 163.608 1.5
    endloop
  endfacet
  facet normal 0 0 1
    outer loop
      vertex 91.036 163.71 1.5
      vertex 89.5394 163.608 1.5
      vertex 92.0693 126.37 1.5
    endloop
  endfacet
  facet normal 0 0 1
    outer loop
      vertex 92.0693 126.37 1.5
      vertex 88.0345 80.3459 1.5
      vertex 93.5754 126.331 1.5
    endloop
  endfacet
  facet normal -0 0 1
    outer loop
      vertex 86.5453 80.5254 1.5
      vertex 88.0345 80.3459 1.5
      vertex 92.0693 126.37 1.5
    endloop
  endfacet
  facet normal 0 0 1
    outer loop
      vertex 86.5338 80.3268 1.5
      vertex 88.0345 80.3459 1.5
      vertex 86.5453 80.5254 1.5
    endloop
  endfacet
  facet normal 0 0 1
    outer loop
      vertex 88.0773 80.2514 1.5
      vertex 86.9409 79.2677 1.5
      vertex 87.2308 79.0132 1.5
    endloop
  endfacet
  facet normal 0 0 1
    outer loop
      vertex 88.0773 80.2514 1.5
      vertex 86.7204 79.5841 1.5
      vertex 86.9409 79.2677 1.5
    endloop
  endfacet
  facet normal 0 0 1
    outer loop
      vertex 88.0345 80.3459 1.5
      vertex 86.582 79.9442 1.5
      vertex 86.7204 79.5841 1.5
    endloop
  endfacet
  facet normal 0 0 1
    outer loop
      vertex 88.0345 80.3459 1.5
      vertex 86.5338 80.3268 1.5
      vertex 86.582 79.9442 1.5
    endloop
  endfacet
  facet normal 0.35481 0.934938 -0
    outer loop
      vertex 134.398 175.636 0
      vertex 134.037 175.773 1.5
      vertex 134.398 175.636 1.5
    endloop
  endfacet
  facet normal 0.35481 0.934938 0
    outer loop
      vertex 134.037 175.773 1.5
      vertex 134.398 175.636 0
      vertex 134.037 175.773 0
    endloop
  endfacet
  facet normal 0.5684 0.822752 -0
    outer loop
      vertex 134.715 175.417 0
      vertex 134.398 175.636 1.5
      vertex 134.715 175.417 1.5
    endloop
  endfacet
  facet normal 0.5684 0.822752 0
    outer loop
      vertex 134.398 175.636 1.5
      vertex 134.715 175.417 0
      vertex 134.398 175.636 0
    endloop
  endfacet
  facet normal 0.747409 0.664364 0
    outer loop
      vertex 134.971 175.129 1.5
      vertex 134.715 175.417 0
      vertex 134.715 175.417 1.5
    endloop
  endfacet
  facet normal 0.747409 0.664364 0
    outer loop
      vertex 134.715 175.417 0
      vertex 134.971 175.129 1.5
      vertex 134.971 175.129 0
    endloop
  endfacet
  facet normal 0.860927 0.508729 0
    outer loop
      vertex 135.088 174.931 1.5
      vertex 134.971 175.129 0
      vertex 134.971 175.129 1.5
    endloop
  endfacet
  facet normal 0.860927 0.508729 0
    outer loop
      vertex 134.971 175.129 0
      vertex 135.088 174.931 1.5
      vertex 135.088 174.931 0
    endloop
  endfacet
  facet normal 0.895839 0.44438 0
    outer loop
      vertex 140.298 164.428 1.5
      vertex 135.088 174.931 0
      vertex 135.088 174.931 1.5
    endloop
  endfacet
  facet normal 0.895839 0.44438 0
    outer loop
      vertex 135.088 174.931 0
      vertex 140.298 164.428 1.5
      vertex 140.298 164.428 0
    endloop
  endfacet
  facet normal 0.943372 0.331735 0
    outer loop
      vertex 140.426 164.064 1.5
      vertex 140.298 164.428 0
      vertex 140.298 164.428 1.5
    endloop
  endfacet
  facet normal 0.943372 0.331735 0
    outer loop
      vertex 140.298 164.428 0
      vertex 140.426 164.064 1.5
      vertex 140.426 164.064 0
    endloop
  endfacet
  facet normal 0.997067 0.0765293 0
    outer loop
      vertex 140.461 163.608 1.5
      vertex 140.426 164.064 0
      vertex 140.426 164.064 1.5
    endloop
  endfacet
  facet normal 0.997067 0.0765293 0
    outer loop
      vertex 140.426 164.064 0
      vertex 140.461 163.608 1.5
      vertex 140.461 163.608 0
    endloop
  endfacet
  facet normal 0.9977 -0.0677851 0
    outer loop
      vertex 137.931 126.37 1.5
      vertex 140.461 163.608 0
      vertex 140.461 163.608 1.5
    endloop
  endfacet
  facet normal 0.9977 -0.0677851 0
    outer loop
      vertex 140.461 163.608 0
      vertex 137.931 126.37 1.5
      vertex 137.931 126.37 0
    endloop
  endfacet
  facet normal 0.992824 0.119584 0
    outer loop
      vertex 140.683 103.522 1.5
      vertex 137.931 126.37 0
      vertex 137.931 126.37 1.5
    endloop
  endfacet
  facet normal 0.992824 0.119584 0
    outer loop
      vertex 137.931 126.37 0
      vertex 140.683 103.522 1.5
      vertex 140.683 103.522 0
    endloop
  endfacet
  facet normal 1 -0 0
    outer loop
      vertex 140.683 103.137 1.5
      vertex 140.683 103.522 0
      vertex 140.683 103.522 1.5
    endloop
  endfacet
  facet normal 1 0 0
    outer loop
      vertex 140.683 103.522 0
      vertex 140.683 103.137 1.5
      vertex 140.683 103.137 0
    endloop
  endfacet
  facet normal 0.970598 -0.240708 0
    outer loop
      vertex 140.59 102.762 1.5
      vertex 140.683 103.137 0
      vertex 140.683 103.137 1.5
    endloop
  endfacet
  facet normal 0.970598 -0.240708 0
    outer loop
      vertex 140.683 103.137 0
      vertex 140.59 102.762 1.5
      vertex 140.59 102.762 0
    endloop
  endfacet
  facet normal 0.885425 -0.464783 0
    outer loop
      vertex 140.411 102.421 1.5
      vertex 140.59 102.762 0
      vertex 140.59 102.762 1.5
    endloop
  endfacet
  facet normal 0.885425 -0.464783 0
    outer loop
      vertex 140.59 102.762 0
      vertex 140.411 102.421 1.5
      vertex 140.411 102.421 0
    endloop
  endfacet
  facet normal 0.769714 -0.638389 0
    outer loop
      vertex 140.236 102.21 1.5
      vertex 140.411 102.421 0
      vertex 140.411 102.421 1.5
    endloop
  endfacet
  facet normal 0.769714 -0.638389 0
    outer loop
      vertex 140.411 102.421 0
      vertex 140.236 102.21 1.5
      vertex 140.236 102.21 0
    endloop
  endfacet
  facet normal 0.713527 -0.700627 0
    outer loop
      vertex 112.119 73.5753 1.5
      vertex 140.236 102.21 0
      vertex 140.236 102.21 1.5
    endloop
  endfacet
  facet normal 0.713527 -0.700627 0
    outer loop
      vertex 140.236 102.21 0
      vertex 112.119 73.5753 1.5
      vertex 112.119 73.5753 0
    endloop
  endfacet
  facet normal 0.624537 -0.780995 0
    outer loop
      vertex 111.818 73.3346 0
      vertex 112.119 73.5753 1.5
      vertex 111.818 73.3346 1.5
    endloop
  endfacet
  facet normal 0.624537 -0.780995 0
    outer loop
      vertex 112.119 73.5753 1.5
      vertex 111.818 73.3346 0
      vertex 112.119 73.5753 0
    endloop
  endfacet
  facet normal 0.417991 -0.908451 0
    outer loop
      vertex 111.467 73.1731 0
      vertex 111.818 73.3346 1.5
      vertex 111.467 73.1731 1.5
    endloop
  endfacet
  facet normal 0.417991 -0.908451 0
    outer loop
      vertex 111.818 73.3346 1.5
      vertex 111.467 73.1731 0
      vertex 111.818 73.3346 0
    endloop
  endfacet
  facet normal 0.155153 -0.98789 0
    outer loop
      vertex 110.978 73.0963 0
      vertex 111.467 73.1731 1.5
      vertex 110.978 73.0963 1.5
    endloop
  endfacet
  facet normal 0.155153 -0.98789 0
    outer loop
      vertex 111.467 73.1731 1.5
      vertex 110.978 73.0963 0
      vertex 111.467 73.1731 0
    endloop
  endfacet
  facet normal 0 -1 0
    outer loop
      vertex 105.455 73.0963 0
      vertex 110.978 73.0963 1.5
      vertex 105.455 73.0963 1.5
    endloop
  endfacet
  facet normal 0 -1 -0
    outer loop
      vertex 110.978 73.0963 1.5
      vertex 105.455 73.0963 0
      vertex 110.978 73.0963 0
    endloop
  endfacet
  facet normal -0.120525 -0.99271 0
    outer loop
      vertex 105.072 73.1428 0
      vertex 105.455 73.0963 1.5
      vertex 105.072 73.1428 1.5
    endloop
  endfacet
  facet normal -0.120525 -0.99271 -0
    outer loop
      vertex 105.455 73.0963 1.5
      vertex 105.072 73.1428 0
      vertex 105.455 73.0963 0
    endloop
  endfacet
  facet normal -0.355218 -0.934784 0
    outer loop
      vertex 104.712 73.2796 0
      vertex 105.072 73.1428 1.5
      vertex 104.712 73.2796 1.5
    endloop
  endfacet
  facet normal -0.355218 -0.934784 -0
    outer loop
      vertex 105.072 73.1428 1.5
      vertex 104.712 73.2796 0
      vertex 105.072 73.1428 0
    endloop
  endfacet
  facet normal -0.567364 -0.823467 0
    outer loop
      vertex 104.394 73.4987 0
      vertex 104.712 73.2796 1.5
      vertex 104.394 73.4987 1.5
    endloop
  endfacet
  facet normal -0.567364 -0.823467 -0
    outer loop
      vertex 104.712 73.2796 1.5
      vertex 104.394 73.4987 0
      vertex 104.712 73.2796 0
    endloop
  endfacet
  facet normal -0.74821 -0.663463 0
    outer loop
      vertex 104.394 73.4987 0
      vertex 104.138 73.7874 1.5
      vertex 104.138 73.7874 0
    endloop
  endfacet
  facet normal -0.74821 -0.663463 0
    outer loop
      vertex 104.138 73.7874 1.5
      vertex 104.394 73.4987 0
      vertex 104.394 73.4987 1.5
    endloop
  endfacet
  facet normal -0.885705 -0.464249 0
    outer loop
      vertex 104.138 73.7874 0
      vertex 103.959 74.1289 1.5
      vertex 103.959 74.1289 0
    endloop
  endfacet
  facet normal -0.885705 -0.464249 0
    outer loop
      vertex 103.959 74.1289 1.5
      vertex 104.138 73.7874 0
      vertex 104.138 73.7874 1.5
    endloop
  endfacet
  facet normal -0.983614 -0.180289 0
    outer loop
      vertex 103.959 74.1289 0
      vertex 103.855 74.6963 1.5
      vertex 103.855 74.6963 0
    endloop
  endfacet
  facet normal -0.983614 -0.180289 0
    outer loop
      vertex 103.855 74.6963 1.5
      vertex 103.959 74.1289 0
      vertex 103.959 74.1289 1.5
    endloop
  endfacet
  facet normal -1 0 0
    outer loop
      vertex 103.855 74.6963 0
      vertex 103.855 88.8611 1.5
      vertex 103.855 88.8611 0
    endloop
  endfacet
  facet normal -1 -0 0
    outer loop
      vertex 103.855 88.8611 1.5
      vertex 103.855 74.6963 0
      vertex 103.855 74.6963 1.5
    endloop
  endfacet
  facet normal -0.998634 -0.0522454 0
    outer loop
      vertex 103.855 88.8611 0
      vertex 103.841 89.1287 1.5
      vertex 103.841 89.1287 0
    endloop
  endfacet
  facet normal -0.998634 -0.0522454 0
    outer loop
      vertex 103.841 89.1287 1.5
      vertex 103.855 88.8611 0
      vertex 103.855 88.8611 1.5
    endloop
  endfacet
  facet normal -0.986697 -0.162568 0
    outer loop
      vertex 103.841 89.1287 0
      vertex 103.805 89.3472 1.5
      vertex 103.805 89.3472 0
    endloop
  endfacet
  facet normal -0.986697 -0.162568 0
    outer loop
      vertex 103.805 89.3472 1.5
      vertex 103.841 89.1287 0
      vertex 103.841 89.1287 1.5
    endloop
  endfacet
  facet normal -0.962871 -0.269964 0
    outer loop
      vertex 103.805 89.3472 0
      vertex 103.745 89.5612 1.5
      vertex 103.745 89.5612 0
    endloop
  endfacet
  facet normal -0.962871 -0.269964 0
    outer loop
      vertex 103.745 89.5612 1.5
      vertex 103.805 89.3472 0
      vertex 103.805 89.3472 1.5
    endloop
  endfacet
  facet normal -0.930014 -0.367524 0
    outer loop
      vertex 103.745 89.5612 0
      vertex 103.663 89.7687 1.5
      vertex 103.663 89.7687 0
    endloop
  endfacet
  facet normal -0.930014 -0.367524 0
    outer loop
      vertex 103.663 89.7687 1.5
      vertex 103.745 89.5612 0
      vertex 103.745 89.5612 1.5
    endloop
  endfacet
  facet normal -0.882952 -0.469463 0
    outer loop
      vertex 103.663 89.7687 0
      vertex 103.559 89.9643 1.5
      vertex 103.559 89.9643 0
    endloop
  endfacet
  facet normal -0.882952 -0.469463 0
    outer loop
      vertex 103.559 89.9643 1.5
      vertex 103.663 89.7687 0
      vertex 103.663 89.7687 1.5
    endloop
  endfacet
  facet normal -0.827217 -0.561883 0
    outer loop
      vertex 103.559 89.9643 0
      vertex 103.433 90.1498 1.5
      vertex 103.433 90.1498 0
    endloop
  endfacet
  facet normal -0.827217 -0.561883 0
    outer loop
      vertex 103.433 90.1498 1.5
      vertex 103.559 89.9643 0
      vertex 103.559 89.9643 1.5
    endloop
  endfacet
  facet normal -0.76342 -0.645902 0
    outer loop
      vertex 103.433 90.1498 0
      vertex 103.289 90.32 1.5
      vertex 103.289 90.32 0
    endloop
  endfacet
  facet normal -0.76342 -0.645902 0
    outer loop
      vertex 103.289 90.32 1.5
      vertex 103.433 90.1498 0
      vertex 103.433 90.1498 1.5
    endloop
  endfacet
  facet normal -0.688868 -0.724887 0
    outer loop
      vertex 103.128 90.473 0
      vertex 103.289 90.32 1.5
      vertex 103.128 90.473 1.5
    endloop
  endfacet
  facet normal -0.688868 -0.724887 -0
    outer loop
      vertex 103.289 90.32 1.5
      vertex 103.128 90.473 0
      vertex 103.289 90.32 0
    endloop
  endfacet
  facet normal -0.604337 -0.796729 0
    outer loop
      vertex 102.952 90.6065 0
      vertex 103.128 90.473 1.5
      vertex 102.952 90.6065 1.5
    endloop
  endfacet
  facet normal -0.604337 -0.796729 -0
    outer loop
      vertex 103.128 90.473 1.5
      vertex 102.952 90.6065 0
      vertex 103.128 90.473 0
    endloop
  endfacet
  facet normal -0.514822 -0.857297 0
    outer loop
      vertex 102.759 90.7224 0
      vertex 102.952 90.6065 1.5
      vertex 102.759 90.7224 1.5
    endloop
  endfacet
  facet normal -0.514822 -0.857297 -0
    outer loop
      vertex 102.952 90.6065 1.5
      vertex 102.759 90.7224 0
      vertex 102.952 90.6065 0
    endloop
  endfacet
  facet normal -0.421533 -0.906813 0
    outer loop
      vertex 102.557 90.8163 0
      vertex 102.759 90.7224 1.5
      vertex 102.557 90.8163 1.5
    endloop
  endfacet
  facet normal -0.421533 -0.906813 -0
    outer loop
      vertex 102.759 90.7224 1.5
      vertex 102.557 90.8163 0
      vertex 102.759 90.7224 0
    endloop
  endfacet
  facet normal -0.317589 -0.948229 0
    outer loop
      vertex 102.348 90.8863 0
      vertex 102.557 90.8163 1.5
      vertex 102.348 90.8863 1.5
    endloop
  endfacet
  facet normal -0.317589 -0.948229 -0
    outer loop
      vertex 102.557 90.8163 1.5
      vertex 102.348 90.8863 0
      vertex 102.557 90.8163 0
    endloop
  endfacet
  facet normal -0.214521 -0.976719 0
    outer loop
      vertex 102.129 90.9344 0
      vertex 102.348 90.8863 1.5
      vertex 102.129 90.9344 1.5
    endloop
  endfacet
  facet normal -0.214521 -0.976719 -0
    outer loop
      vertex 102.348 90.8863 1.5
      vertex 102.129 90.9344 0
      vertex 102.348 90.8863 0
    endloop
  endfacet
  facet normal -0.108367 -0.994111 0
    outer loop
      vertex 101.907 90.9586 0
      vertex 102.129 90.9344 1.5
      vertex 101.907 90.9586 1.5
    endloop
  endfacet
  facet normal -0.108367 -0.994111 -0
    outer loop
      vertex 102.129 90.9344 1.5
      vertex 101.907 90.9586 0
      vertex 102.129 90.9344 0
    endloop
  endfacet
  facet normal 0 -1 0
    outer loop
      vertex 101.685 90.9586 0
      vertex 101.907 90.9586 1.5
      vertex 101.685 90.9586 1.5
    endloop
  endfacet
  facet normal 0 -1 -0
    outer loop
      vertex 101.907 90.9586 1.5
      vertex 101.685 90.9586 0
      vertex 101.907 90.9586 0
    endloop
  endfacet
  facet normal 0.108367 -0.994111 0
    outer loop
      vertex 101.463 90.9344 0
      vertex 101.685 90.9586 1.5
      vertex 101.463 90.9344 1.5
    endloop
  endfacet
  facet normal 0.108367 -0.994111 0
    outer loop
      vertex 101.685 90.9586 1.5
      vertex 101.463 90.9344 0
      vertex 101.685 90.9586 0
    endloop
  endfacet
  facet normal 0.214521 -0.976719 0
    outer loop
      vertex 101.244 90.8863 0
      vertex 101.463 90.9344 1.5
      vertex 101.244 90.8863 1.5
    endloop
  endfacet
  facet normal 0.214521 -0.976719 0
    outer loop
      vertex 101.463 90.9344 1.5
      vertex 101.244 90.8863 0
      vertex 101.463 90.9344 0
    endloop
  endfacet
  facet normal 0.318812 -0.947818 0
    outer loop
      vertex 101.035 90.816 0
      vertex 101.244 90.8863 1.5
      vertex 101.035 90.816 1.5
    endloop
  endfacet
  facet normal 0.318812 -0.947818 0
    outer loop
      vertex 101.244 90.8863 1.5
      vertex 101.035 90.816 0
      vertex 101.244 90.8863 0
    endloop
  endfacet
  facet normal 0.420425 -0.907327 0
    outer loop
      vertex 100.833 90.7224 0
      vertex 101.035 90.816 1.5
      vertex 100.833 90.7224 1.5
    endloop
  endfacet
  facet normal 0.420425 -0.907327 0
    outer loop
      vertex 101.035 90.816 1.5
      vertex 100.833 90.7224 0
      vertex 101.035 90.816 0
    endloop
  endfacet
  facet normal 0.514822 -0.857297 0
    outer loop
      vertex 100.64 90.6065 0
      vertex 100.833 90.7224 1.5
      vertex 100.64 90.6065 1.5
    endloop
  endfacet
  facet normal 0.514822 -0.857297 0
    outer loop
      vertex 100.833 90.7224 1.5
      vertex 100.64 90.6065 0
      vertex 100.833 90.7224 0
    endloop
  endfacet
  facet normal 0.604217 -0.79682 0
    outer loop
      vertex 100.465 90.4738 0
      vertex 100.64 90.6065 1.5
      vertex 100.465 90.4738 1.5
    endloop
  endfacet
  facet normal 0.604217 -0.79682 0
    outer loop
      vertex 100.64 90.6065 1.5
      vertex 100.465 90.4738 0
      vertex 100.64 90.6065 0
    endloop
  endfacet
  facet normal 0.690753 -0.72309 0
    outer loop
      vertex 100.304 90.32 0
      vertex 100.465 90.4738 1.5
      vertex 100.304 90.32 1.5
    endloop
  endfacet
  facet normal 0.690753 -0.72309 0
    outer loop
      vertex 100.465 90.4738 1.5
      vertex 100.304 90.32 0
      vertex 100.465 90.4738 0
    endloop
  endfacet
  facet normal 0.761259 -0.648447 0
    outer loop
      vertex 100.158 90.1486 1.5
      vertex 100.304 90.32 0
      vertex 100.304 90.32 1.5
    endloop
  endfacet
  facet normal 0.761259 -0.648447 0
    outer loop
      vertex 100.304 90.32 0
      vertex 100.158 90.1486 1.5
      vertex 100.158 90.1486 0
    endloop
  endfacet
  facet normal 0.827602 -0.561315 0
    outer loop
      vertex 100.033 89.9643 1.5
      vertex 100.158 90.1486 0
      vertex 100.158 90.1486 1.5
    endloop
  endfacet
  facet normal 0.827602 -0.561315 0
    outer loop
      vertex 100.158 90.1486 0
      vertex 100.033 89.9643 1.5
      vertex 100.033 89.9643 0
    endloop
  endfacet
  facet normal 0.882765 -0.469815 0
    outer loop
      vertex 99.9289 89.7687 1.5
      vertex 100.033 89.9643 0
      vertex 100.033 89.9643 1.5
    endloop
  endfacet
  facet normal 0.882765 -0.469815 0
    outer loop
      vertex 100.033 89.9643 0
      vertex 99.9289 89.7687 1.5
      vertex 99.9289 89.7687 0
    endloop
  endfacet
  facet normal 0.929247 -0.36946 0
    outer loop
      vertex 99.8464 89.5612 1.5
      vertex 99.9289 89.7687 0
      vertex 99.9289 89.7687 1.5
    endloop
  endfacet
  facet normal 0.929247 -0.36946 0
    outer loop
      vertex 99.9289 89.7687 0
      vertex 99.8464 89.5612 1.5
      vertex 99.8464 89.5612 0
    endloop
  endfacet
  facet normal 0.963221 -0.268712 0
    outer loop
      vertex 99.7867 89.3472 1.5
      vertex 99.8464 89.5612 0
      vertex 99.8464 89.5612 1.5
    endloop
  endfacet
  facet normal 0.963221 -0.268712 0
    outer loop
      vertex 99.8464 89.5612 0
      vertex 99.7867 89.3472 1.5
      vertex 99.7867 89.3472 0
    endloop
  endfacet
  facet normal 0.987057 -0.160369 0
    outer loop
      vertex 99.7512 89.1287 1.5
      vertex 99.7867 89.3472 0
      vertex 99.7867 89.3472 1.5
    endloop
  endfacet
  facet normal 0.987057 -0.160369 0
    outer loop
      vertex 99.7867 89.3472 0
      vertex 99.7512 89.1287 1.5
      vertex 99.7512 89.1287 0
    endloop
  endfacet
  facet normal 0.998535 -0.054106 0
    outer loop
      vertex 99.7367 88.8611 1.5
      vertex 99.7512 89.1287 0
      vertex 99.7512 89.1287 1.5
    endloop
  endfacet
  facet normal 0.998535 -0.054106 0
    outer loop
      vertex 99.7512 89.1287 0
      vertex 99.7367 88.8611 1.5
      vertex 99.7367 88.8611 0
    endloop
  endfacet
  facet normal 1 -0 0
    outer loop
      vertex 99.7367 74.6963 1.5
      vertex 99.7367 88.8611 0
      vertex 99.7367 88.8611 1.5
    endloop
  endfacet
  facet normal 1 0 0
    outer loop
      vertex 99.7367 88.8611 0
      vertex 99.7367 74.6963 1.5
      vertex 99.7367 74.6963 0
    endloop
  endfacet
  facet normal 0.992707 -0.120556 0
    outer loop
      vertex 99.6902 74.3134 1.5
      vertex 99.7367 74.6963 0
      vertex 99.7367 74.6963 1.5
    endloop
  endfacet
  facet normal 0.992707 -0.120556 0
    outer loop
      vertex 99.7367 74.6963 0
      vertex 99.6902 74.3134 1.5
      vertex 99.6902 74.3134 0
    endloop
  endfacet
  facet normal 0.935098 -0.354389 0
    outer loop
      vertex 99.5535 73.9527 1.5
      vertex 99.6902 74.3134 0
      vertex 99.6902 74.3134 1.5
    endloop
  endfacet
  facet normal 0.935098 -0.354389 0
    outer loop
      vertex 99.6902 74.3134 0
      vertex 99.5535 73.9527 1.5
      vertex 99.5535 73.9527 0
    endloop
  endfacet
  facet normal 0.822845 -0.568266 0
    outer loop
      vertex 99.3343 73.6353 1.5
      vertex 99.5535 73.9527 0
      vertex 99.5535 73.9527 1.5
    endloop
  endfacet
  facet normal 0.822845 -0.568266 0
    outer loop
      vertex 99.5535 73.9527 0
      vertex 99.3343 73.6353 1.5
      vertex 99.3343 73.6353 0
    endloop
  endfacet
  facet normal 0.663172 -0.748467 0
    outer loop
      vertex 99.0456 73.3795 0
      vertex 99.3343 73.6353 1.5
      vertex 99.0456 73.3795 1.5
    endloop
  endfacet
  facet normal 0.663172 -0.748467 0
    outer loop
      vertex 99.3343 73.6353 1.5
      vertex 99.0456 73.3795 0
      vertex 99.3343 73.6353 0
    endloop
  endfacet
  facet normal 0.464656 -0.885491 0
    outer loop
      vertex 98.7041 73.2003 0
      vertex 99.0456 73.3795 1.5
      vertex 98.7041 73.2003 1.5
    endloop
  endfacet
  facet normal 0.464656 -0.885491 0
    outer loop
      vertex 99.0456 73.3795 1.5
      vertex 98.7041 73.2003 0
      vertex 99.0456 73.3795 0
    endloop
  endfacet
  facet normal 0.180289 -0.983614 0
    outer loop
      vertex 98.1367 73.0963 0
      vertex 98.7041 73.2003 1.5
      vertex 98.1367 73.0963 1.5
    endloop
  endfacet
  facet normal 0.180289 -0.983614 0
    outer loop
      vertex 98.7041 73.2003 1.5
      vertex 98.1367 73.0963 0
      vertex 98.7041 73.2003 0
    endloop
  endfacet
  facet normal 0 -1 0
    outer loop
      vertex 96.3799 73.0963 0
      vertex 98.1367 73.0963 1.5
      vertex 96.3799 73.0963 1.5
    endloop
  endfacet
  facet normal 0 -1 -0
    outer loop
      vertex 98.1367 73.0963 1.5
      vertex 96.3799 73.0963 0
      vertex 98.1367 73.0963 0
    endloop
  endfacet
  facet normal -0.120556 -0.992707 0
    outer loop
      vertex 95.997 73.1428 0
      vertex 96.3799 73.0963 1.5
      vertex 95.997 73.1428 1.5
    endloop
  endfacet
  facet normal -0.120556 -0.992707 -0
    outer loop
      vertex 96.3799 73.0963 1.5
      vertex 95.997 73.1428 0
      vertex 96.3799 73.0963 0
    endloop
  endfacet
  facet normal -0.408401 -0.912803 0
    outer loop
      vertex 95.4769 73.3755 0
      vertex 95.997 73.1428 1.5
      vertex 95.4769 73.3755 1.5
    endloop
  endfacet
  facet normal -0.408401 -0.912803 -0
    outer loop
      vertex 95.997 73.1428 1.5
      vertex 95.4769 73.3755 0
      vertex 95.997 73.1428 0
    endloop
  endfacet
  facet normal -0.564386 -0.825511 0
    outer loop
      vertex 87.2308 79.0132 0
      vertex 95.4769 73.3755 1.5
      vertex 87.2308 79.0132 1.5
    endloop
  endfacet
  facet normal -0.564386 -0.825511 -0
    outer loop
      vertex 95.4769 73.3755 1.5
      vertex 87.2308 79.0132 0
      vertex 95.4769 73.3755 0
    endloop
  endfacet
  facet normal -0.659733 -0.7515 0
    outer loop
      vertex 86.9409 79.2677 0
      vertex 87.2308 79.0132 1.5
      vertex 86.9409 79.2677 1.5
    endloop
  endfacet
  facet normal -0.659733 -0.7515 -0
    outer loop
      vertex 87.2308 79.0132 1.5
      vertex 86.9409 79.2677 0
      vertex 87.2308 79.0132 0
    endloop
  endfacet
  facet normal -0.820424 -0.571756 0
    outer loop
      vertex 86.9409 79.2677 0
      vertex 86.7204 79.5841 1.5
      vertex 86.7204 79.5841 0
    endloop
  endfacet
  facet normal -0.820424 -0.571756 0
    outer loop
      vertex 86.7204 79.5841 1.5
      vertex 86.9409 79.2677 0
      vertex 86.9409 79.2677 1.5
    endloop
  endfacet
  facet normal -0.933432 -0.358753 0
    outer loop
      vertex 86.7204 79.5841 0
      vertex 86.582 79.9442 1.5
      vertex 86.582 79.9442 0
    endloop
  endfacet
  facet normal -0.933432 -0.358753 0
    outer loop
      vertex 86.582 79.9442 1.5
      vertex 86.7204 79.5841 0
      vertex 86.7204 79.5841 1.5
    endloop
  endfacet
  facet normal -0.992158 -0.124992 0
    outer loop
      vertex 86.582 79.9442 0
      vertex 86.5338 80.3268 1.5
      vertex 86.5338 80.3268 0
    endloop
  endfacet
  facet normal -0.992158 -0.124992 0
    outer loop
      vertex 86.5338 80.3268 1.5
      vertex 86.582 79.9442 0
      vertex 86.582 79.9442 1.5
    endloop
  endfacet
  facet normal -0.998328 0.0578085 0
    outer loop
      vertex 86.5338 80.3268 0
      vertex 86.5453 80.5254 1.5
      vertex 86.5453 80.5254 0
    endloop
  endfacet
  facet normal -0.998328 0.0578085 0
    outer loop
      vertex 86.5453 80.5254 1.5
      vertex 86.5338 80.3268 0
      vertex 86.5338 80.3268 1.5
    endloop
  endfacet
  facet normal -0.992819 0.119629 0
    outer loop
      vertex 86.5453 80.5254 0
      vertex 92.0693 126.37 1.5
      vertex 92.0693 126.37 0
    endloop
  endfacet
  facet normal -0.992819 0.119629 0
    outer loop
      vertex 92.0693 126.37 1.5
      vertex 86.5453 80.5254 0
      vertex 86.5453 80.5254 1.5
    endloop
  endfacet
  facet normal -0.9977 -0.0677824 0
    outer loop
      vertex 92.0693 126.37 0
      vertex 89.5394 163.608 1.5
      vertex 89.5394 163.608 0
    endloop
  endfacet
  facet normal -0.9977 -0.0677824 0
    outer loop
      vertex 89.5394 163.608 1.5
      vertex 92.0693 126.37 0
      vertex 92.0693 126.37 1.5
    endloop
  endfacet
  facet normal -0.998593 0.0530341 0
    outer loop
      vertex 89.5394 163.608 0
      vertex 89.5599 163.994 1.5
      vertex 89.5599 163.994 0
    endloop
  endfacet
  facet normal -0.998593 0.0530341 0
    outer loop
      vertex 89.5599 163.994 1.5
      vertex 89.5394 163.608 0
      vertex 89.5394 163.608 1.5
    endloop
  endfacet
  facet normal -0.950097 0.311956 0
    outer loop
      vertex 89.5599 163.994 0
      vertex 89.7024 164.428 1.5
      vertex 89.7024 164.428 0
    endloop
  endfacet
  facet normal -0.950097 0.311956 0
    outer loop
      vertex 89.7024 164.428 1.5
      vertex 89.5599 163.994 0
      vertex 89.5599 163.994 1.5
    endloop
  endfacet
  facet normal -0.895839 0.44438 0
    outer loop
      vertex 89.7024 164.428 0
      vertex 94.9124 174.931 1.5
      vertex 94.9124 174.931 0
    endloop
  endfacet
  facet normal -0.895839 0.44438 0
    outer loop
      vertex 94.9124 174.931 1.5
      vertex 89.7024 164.428 0
      vertex 89.7024 164.428 1.5
    endloop
  endfacet
  facet normal -0.835467 0.54954 0
    outer loop
      vertex 94.9124 174.931 0
      vertex 95.1242 175.253 1.5
      vertex 95.1242 175.253 0
    endloop
  endfacet
  facet normal -0.835467 0.54954 0
    outer loop
      vertex 95.1242 175.253 1.5
      vertex 94.9124 174.931 0
      vertex 94.9124 174.931 1.5
    endloop
  endfacet
  facet normal -0.679615 0.733569 0
    outer loop
      vertex 95.407 175.515 0
      vertex 95.1242 175.253 1.5
      vertex 95.407 175.515 1.5
    endloop
  endfacet
  facet normal -0.679615 0.733569 0
    outer loop
      vertex 95.1242 175.253 1.5
      vertex 95.407 175.515 0
      vertex 95.1242 175.253 0
    endloop
  endfacet
  facet normal -0.484872 0.874585 0
    outer loop
      vertex 95.7443 175.702 0
      vertex 95.407 175.515 1.5
      vertex 95.7443 175.702 1.5
    endloop
  endfacet
  facet normal -0.484872 0.874585 0
    outer loop
      vertex 95.407 175.515 1.5
      vertex 95.7443 175.702 0
      vertex 95.407 175.515 0
    endloop
  endfacet
  facet normal -0.261823 0.965116 0
    outer loop
      vertex 96.1166 175.803 0
      vertex 95.7443 175.702 1.5
      vertex 96.1166 175.803 1.5
    endloop
  endfacet
  facet normal -0.261823 0.965116 0
    outer loop
      vertex 95.7443 175.702 1.5
      vertex 96.1166 175.803 0
      vertex 95.7443 175.702 0
    endloop
  endfacet
  facet normal -0.074 0.997258 0
    outer loop
      vertex 96.3457 175.82 0
      vertex 96.1166 175.803 1.5
      vertex 96.3457 175.82 1.5
    endloop
  endfacet
  facet normal -0.074 0.997258 0
    outer loop
      vertex 96.1166 175.803 1.5
      vertex 96.3457 175.82 0
      vertex 96.1166 175.803 0
    endloop
  endfacet
  facet normal 0 1 -0
    outer loop
      vertex 133.654 175.82 0
      vertex 96.3457 175.82 1.5
      vertex 133.654 175.82 1.5
    endloop
  endfacet
  facet normal 0 1 0
    outer loop
      vertex 96.3457 175.82 1.5
      vertex 133.654 175.82 0
      vertex 96.3457 175.82 0
    endloop
  endfacet
  facet normal 0.121802 0.992554 -0
    outer loop
      vertex 134.037 175.773 0
      vertex 133.654 175.82 1.5
      vertex 134.037 175.773 1.5
    endloop
  endfacet
  facet normal 0.121802 0.992554 0
    outer loop
      vertex 133.654 175.82 1.5
      vertex 134.037 175.773 0
      vertex 133.654 175.82 0
    endloop
  endfacet
  facet normal 0 0 1
    outer loop
      vertex 126.915 167.372 0.2
      vertex 138.964 163.71 0.2
      vertex 138.954 163.761 0.2
    endloop
  endfacet
  facet normal -0 0 1
    outer loop
      vertex 132.281 171.254 0.2
      vertex 138.954 163.761 0.2
      vertex 133.744 174.264 0.2
    endloop
  endfacet
  facet normal -0 0 1
    outer loop
      vertex 132.827 105.477 0.2
      vertex 139.194 103.343 0.2
      vertex 136.425 126.331 0.2
    endloop
  endfacet
  facet normal 0 0 1
    outer loop
      vertex 132.281 172.746 0.2
      vertex 133.744 174.264 0.2
      vertex 133.654 174.32 0.2
    endloop
  endfacet
  facet normal -0 0 1
    outer loop
      vertex 132.227 171.173 0.2
      vertex 138.954 163.761 0.2
      vertex 132.281 171.254 0.2
    endloop
  endfacet
  facet normal -0 -0 1
    outer loop
      vertex 132.9 105.3 0.2
      vertex 139.194 103.343 0.2
      vertex 132.881 105.396 0.2
    endloop
  endfacet
  facet normal 0 0 1
    outer loop
      vertex 139.194 103.343 0.2
      vertex 132.9 104.65 0.2
      vertex 139.166 103.261 0.2
    endloop
  endfacet
  facet normal -0 0 1
    outer loop
      vertex 132.881 104.555 0.2
      vertex 139.166 103.261 0.2
      vertex 132.9 104.65 0.2
    endloop
  endfacet
  facet normal 0 0 1
    outer loop
      vertex 132.9 101.7 0.2
      vertex 139.166 103.261 0.2
      vertex 132.9 102.35 0.2
    endloop
  endfacet
  facet normal 0 0 1
    outer loop
      vertex 132.881 101.604 0.2
      vertex 139.166 103.261 0.2
      vertex 132.9 101.7 0.2
    endloop
  endfacet
  facet normal 0 0 1
    outer loop
      vertex 132.827 101.523 0.2
      vertex 139.166 103.261 0.2
      vertex 132.881 101.604 0.2
    endloop
  endfacet
  facet normal 0 0 1
    outer loop
      vertex 132.746 101.469 0.2
      vertex 139.166 103.261 0.2
      vertex 132.827 101.523 0.2
    endloop
  endfacet
  facet normal -0 0 1
    outer loop
      vertex 109.832 163.711 0.2
      vertex 136.425 126.331 0.2
      vertex 126.81 167.328 0.2
    endloop
  endfacet
  facet normal 0 0 1
    outer loop
      vertex 136.425 126.331 0.2
      vertex 131.35 105.55 0.2
      vertex 132.65 105.55 0.2
    endloop
  endfacet
  facet normal 0 0 1
    outer loop
      vertex 127.16 167.633 0.2
      vertex 129.331 171.254 0.2
      vertex 129.276 171.173 0.2
    endloop
  endfacet
  facet normal 0 0 1
    outer loop
      vertex 127.172 167.69 0.2
      vertex 129.276 171.173 0.2
      vertex 129.195 171.119 0.2
    endloop
  endfacet
  facet normal 0 0 1
    outer loop
      vertex 127.16 167.748 0.2
      vertex 129.195 171.119 0.2
      vertex 129.1 171.1 0.2
    endloop
  endfacet
  facet normal 0 0 1
    outer loop
      vertex 127.128 167.797 0.2
      vertex 129.1 171.1 0.2
      vertex 128.45 171.1 0.2
    endloop
  endfacet
  facet normal 0 0 1
    outer loop
      vertex 126.518 169.688 0.2
      vertex 128.45 171.1 0.2
      vertex 128.354 171.119 0.2
    endloop
  endfacet
  facet normal 0 0 1
    outer loop
      vertex 126.506 169.746 0.2
      vertex 128.354 171.119 0.2
      vertex 128.273 171.173 0.2
    endloop
  endfacet
  facet normal 0 0 1
    outer loop
      vertex 126.474 169.794 0.2
      vertex 128.273 171.173 0.2
      vertex 128.219 171.254 0.2
    endloop
  endfacet
  facet normal 0 0 1
    outer loop
      vertex 126.474 169.794 0.2
      vertex 128.219 171.254 0.2
      vertex 128.2 171.35 0.2
    endloop
  endfacet
  facet normal 0 0 1
    outer loop
      vertex 129.276 171.173 0.2
      vertex 127.172 167.69 0.2
      vertex 127.16 167.633 0.2
    endloop
  endfacet
  facet normal 0 0 1
    outer loop
      vertex 136.425 126.331 0.2
      vertex 131.254 105.531 0.2
      vertex 131.35 105.55 0.2
    endloop
  endfacet
  facet normal 0 0 1
    outer loop
      vertex 93.5754 126.331 0.2
      vertex 136.425 126.331 0.2
      vertex 109.832 163.711 0.2
    endloop
  endfacet
  facet normal 0 -0 1
    outer loop
      vertex 131.173 105.477 0.2
      vertex 136.425 126.331 0.2
      vertex 93.5754 126.331 0.2
    endloop
  endfacet
  facet normal 0 0 1
    outer loop
      vertex 136.425 126.331 0.2
      vertex 131.173 105.477 0.2
      vertex 131.254 105.531 0.2
    endloop
  endfacet
  facet normal 0 0 1
    outer loop
      vertex 131.173 105.477 0.2
      vertex 93.5754 126.331 0.2
      vertex 131.119 105.396 0.2
    endloop
  endfacet
  facet normal 0 0 1
    outer loop
      vertex 109.881 163.744 0.2
      vertex 126.81 167.328 0.2
      vertex 126.752 167.34 0.2
    endloop
  endfacet
  facet normal 0 0 1
    outer loop
      vertex 124.812 167.982 0.2
      vertex 126.752 167.34 0.2
      vertex 126.703 167.372 0.2
    endloop
  endfacet
  facet normal -0 0 1
    outer loop
      vertex 124.918 168.026 0.2
      vertex 126.703 167.372 0.2
      vertex 125.872 168.203 0.2
    endloop
  endfacet
  facet normal -0 0 1
    outer loop
      vertex 125.13 168.238 0.2
      vertex 125.872 168.203 0.2
      vertex 125.84 168.252 0.2
    endloop
  endfacet
  facet normal -0 0 1
    outer loop
      vertex 125.162 168.287 0.2
      vertex 125.84 168.252 0.2
      vertex 125.828 168.31 0.2
    endloop
  endfacet
  facet normal 0 0 1
    outer loop
      vertex 125.872 168.415 0.2
      vertex 125.162 168.402 0.2
      vertex 125.84 168.367 0.2
    endloop
  endfacet
  facet normal 0 0 1
    outer loop
      vertex 124.299 169.281 0.2
      vertex 125.219 170.201 0.2
      vertex 125.186 170.25 0.2
    endloop
  endfacet
  facet normal 0 0 1
    outer loop
      vertex 124.25 169.314 0.2
      vertex 125.186 170.25 0.2
      vertex 125.175 170.307 0.2
    endloop
  endfacet
  facet normal 0 0 1
    outer loop
      vertex 125.162 168.287 0.2
      vertex 125.828 168.31 0.2
      vertex 125.174 168.345 0.2
    endloop
  endfacet
  facet normal 0 0 1
    outer loop
      vertex 125.84 168.252 0.2
      vertex 125.162 168.287 0.2
      vertex 125.13 168.238 0.2
    endloop
  endfacet
  facet normal 0 0 1
    outer loop
      vertex 125.872 168.203 0.2
      vertex 125.13 168.238 0.2
      vertex 124.918 168.026 0.2
    endloop
  endfacet
  facet normal 0 0 1
    outer loop
      vertex 126.703 167.372 0.2
      vertex 124.918 168.026 0.2
      vertex 124.869 167.994 0.2
    endloop
  endfacet
  facet normal -0 0 1
    outer loop
      vertex 124.812 167.982 0.2
      vertex 126.703 167.372 0.2
      vertex 124.869 167.994 0.2
    endloop
  endfacet
  facet normal 0 0 1
    outer loop
      vertex 126.752 167.34 0.2
      vertex 124.812 167.982 0.2
      vertex 124.754 167.994 0.2
    endloop
  endfacet
  facet normal 0 0 1
    outer loop
      vertex 126.752 167.34 0.2
      vertex 124.754 167.994 0.2
      vertex 109.881 163.744 0.2
    endloop
  endfacet
  facet normal 0 0 1
    outer loop
      vertex 109.914 163.793 0.2
      vertex 124.754 167.994 0.2
      vertex 124.706 168.026 0.2
    endloop
  endfacet
  facet normal 0 0 1
    outer loop
      vertex 109.925 163.85 0.2
      vertex 124.706 168.026 0.2
      vertex 123.875 168.857 0.2
    endloop
  endfacet
  facet normal 0 0 1
    outer loop
      vertex 112.977 170.173 0.2
      vertex 123.875 168.857 0.2
      vertex 123.843 168.906 0.2
    endloop
  endfacet
  facet normal 0 0 1
    outer loop
      vertex 113.031 170.254 0.2
      vertex 123.843 168.906 0.2
      vertex 123.831 168.964 0.2
    endloop
  endfacet
  facet normal 0 0 1
    outer loop
      vertex 123.843 169.021 0.2
      vertex 113.05 170.35 0.2
      vertex 123.831 168.964 0.2
    endloop
  endfacet
  facet normal -0 0 1
    outer loop
      vertex 113.031 170.254 0.2
      vertex 123.831 168.964 0.2
      vertex 113.05 170.35 0.2
    endloop
  endfacet
  facet normal 0 0 1
    outer loop
      vertex 123.843 168.906 0.2
      vertex 113.031 170.254 0.2
      vertex 112.977 170.173 0.2
    endloop
  endfacet
  facet normal 0 0 1
    outer loop
      vertex 124.754 167.994 0.2
      vertex 109.914 163.793 0.2
      vertex 109.881 163.744 0.2
    endloop
  endfacet
  facet normal 0 0 1
    outer loop
      vertex 123.875 168.857 0.2
      vertex 112.977 170.173 0.2
      vertex 109.925 163.85 0.2
    endloop
  endfacet
  facet normal 0 0 1
    outer loop
      vertex 109.925 164.15 0.2
      vertex 112.977 170.173 0.2
      vertex 112.896 170.119 0.2
    endloop
  endfacet
  facet normal 0 0 1
    outer loop
      vertex 109.925 166.39 0.2
      vertex 112.896 170.119 0.2
      vertex 112.8 170.1 0.2
    endloop
  endfacet
  facet normal 0 0 1
    outer loop
      vertex 109.925 167.66 0.2
      vertex 112.8 170.1 0.2
      vertex 112.15 170.1 0.2
    endloop
  endfacet
  facet normal 0 0 1
    outer loop
      vertex 109.925 167.96 0.2
      vertex 112.15 170.1 0.2
      vertex 112.055 170.119 0.2
    endloop
  endfacet
  facet normal 0 0 1
    outer loop
      vertex 109.914 168.018 0.2
      vertex 112.055 170.119 0.2
      vertex 111.974 170.173 0.2
    endloop
  endfacet
  facet normal 0 0 1
    outer loop
      vertex 110.026 170.173 0.2
      vertex 111.974 170.173 0.2
      vertex 111.919 170.254 0.2
    endloop
  endfacet
  facet normal -0 0 1
    outer loop
      vertex 132.746 101.469 0.2
      vertex 111.049 74.6262 0.2
      vertex 139.166 103.261 0.2
    endloop
  endfacet
  facet normal -0 0 1
    outer loop
      vertex 132.65 101.45 0.2
      vertex 111.049 74.6262 0.2
      vertex 132.746 101.469 0.2
    endloop
  endfacet
  facet normal -0 0 1
    outer loop
      vertex 131.35 101.45 0.2
      vertex 111.049 74.6262 0.2
      vertex 132.65 101.45 0.2
    endloop
  endfacet
  facet normal 0 0 1
    outer loop
      vertex 131.254 101.469 0.2
      vertex 111.049 74.6262 0.2
      vertex 131.35 101.45 0.2
    endloop
  endfacet
  facet normal 0 0 1
    outer loop
      vertex 105.355 88.9017 0.2
      vertex 131.254 101.469 0.2
      vertex 131.173 101.523 0.2
    endloop
  endfacet
  facet normal 0 0 1
    outer loop
      vertex 105.272 89.6699 0.2
      vertex 131.173 101.523 0.2
      vertex 131.119 101.604 0.2
    endloop
  endfacet
  facet normal 0 0 1
    outer loop
      vertex 126.81 167.328 0.2
      vertex 109.881 163.744 0.2
      vertex 109.832 163.711 0.2
    endloop
  endfacet
  facet normal -0 0 1
    outer loop
      vertex 110.1 170.35 0.2
      vertex 111.919 170.254 0.2
      vertex 111.9 170.35 0.2
    endloop
  endfacet
  facet normal 0 0 1
    outer loop
      vertex 103.069 163.744 0.2
      vertex 91.036 163.71 0.2
      vertex 103.117 163.711 0.2
    endloop
  endfacet
  facet normal 0 0 1
    outer loop
      vertex 103.117 163.711 0.2
      vertex 91.036 163.71 0.2
      vertex 93.5754 126.331 0.2
    endloop
  endfacet
  facet normal 0 0 1
    outer loop
      vertex 104.964 164.207 0.2
      vertex 107.986 164.207 0.2
      vertex 104.964 165.062 0.2
    endloop
  endfacet
  facet normal 0 0 1
    outer loop
      vertex 107.986 164.207 0.2
      vertex 104.964 164.207 0.2
      vertex 104.975 164.15 0.2
    endloop
  endfacet
  facet normal -0 0 1
    outer loop
      vertex 104.931 165.014 0.2
      vertex 104.964 164.207 0.2
      vertex 104.964 165.062 0.2
    endloop
  endfacet
  facet normal 0 0 1
    outer loop
      vertex 104.931 165.014 0.2
      vertex 104.931 164.256 0.2
      vertex 104.964 164.207 0.2
    endloop
  endfacet
  facet normal 0 0 1
    outer loop
      vertex 104.883 164.289 0.2
      vertex 104.931 165.014 0.2
      vertex 104.883 164.981 0.2
    endloop
  endfacet
  facet normal 0 0 1
    outer loop
      vertex 104.931 165.014 0.2
      vertex 104.883 164.289 0.2
      vertex 104.931 164.256 0.2
    endloop
  endfacet
  facet normal -0 0 1
    outer loop
      vertex 104.825 164.97 0.2
      vertex 104.883 164.289 0.2
      vertex 104.883 164.981 0.2
    endloop
  endfacet
  facet normal 0 0 1
    outer loop
      vertex 104.825 164.97 0.2
      vertex 104.825 164.3 0.2
      vertex 104.883 164.289 0.2
    endloop
  endfacet
  facet normal -0 0 1
    outer loop
      vertex 103.175 164.97 0.2
      vertex 104.825 164.3 0.2
      vertex 104.825 164.97 0.2
    endloop
  endfacet
  facet normal 0 0 1
    outer loop
      vertex 103.175 164.97 0.2
      vertex 103.175 164.3 0.2
      vertex 104.825 164.3 0.2
    endloop
  endfacet
  facet normal 0 0 1
    outer loop
      vertex 103.117 164.289 0.2
      vertex 103.175 164.97 0.2
      vertex 103.117 164.981 0.2
    endloop
  endfacet
  facet normal 0 0 1
    outer loop
      vertex 103.175 164.97 0.2
      vertex 103.117 164.289 0.2
      vertex 103.175 164.3 0.2
    endloop
  endfacet
  facet normal 0 0 1
    outer loop
      vertex 103.069 165.014 0.2
      vertex 103.117 164.289 0.2
      vertex 103.117 164.981 0.2
    endloop
  endfacet
  facet normal 0 0 1
    outer loop
      vertex 103.069 165.014 0.2
      vertex 103.069 164.256 0.2
      vertex 103.117 164.289 0.2
    endloop
  endfacet
  facet normal 0 0 1
    outer loop
      vertex 103.036 165.062 0.2
      vertex 103.069 164.256 0.2
      vertex 103.069 165.014 0.2
    endloop
  endfacet
  facet normal 0 0 1
    outer loop
      vertex 103.036 165.062 0.2
      vertex 103.036 164.207 0.2
      vertex 103.069 164.256 0.2
    endloop
  endfacet
  facet normal 0 0 1
    outer loop
      vertex 103.025 165.12 0.2
      vertex 103.036 164.207 0.2
      vertex 103.036 165.062 0.2
    endloop
  endfacet
  facet normal 0 0 1
    outer loop
      vertex 103.036 164.207 0.2
      vertex 103.025 165.12 0.2
      vertex 103.025 164.15 0.2
    endloop
  endfacet
  facet normal 0 0 1
    outer loop
      vertex 104.964 165.478 0.2
      vertex 107.986 165.478 0.2
      vertex 104.964 166.333 0.2
    endloop
  endfacet
  facet normal 0 0 1
    outer loop
      vertex 107.986 165.478 0.2
      vertex 104.964 165.478 0.2
      vertex 104.975 165.42 0.2
    endloop
  endfacet
  facet normal -0 0 1
    outer loop
      vertex 104.931 166.284 0.2
      vertex 104.964 165.478 0.2
      vertex 104.964 166.333 0.2
    endloop
  endfacet
  facet normal 0 0 1
    outer loop
      vertex 104.931 166.284 0.2
      vertex 104.931 165.526 0.2
      vertex 104.964 165.478 0.2
    endloop
  endfacet
  facet normal -0 0 1
    outer loop
      vertex 104.883 166.251 0.2
      vertex 104.931 165.526 0.2
      vertex 104.931 166.284 0.2
    endloop
  endfacet
  facet normal 0 0 1
    outer loop
      vertex 104.883 166.251 0.2
      vertex 104.883 165.559 0.2
      vertex 104.931 165.526 0.2
    endloop
  endfacet
  facet normal 0 0 1
    outer loop
      vertex 104.825 165.57 0.2
      vertex 104.883 166.251 0.2
      vertex 104.825 166.24 0.2
    endloop
  endfacet
  facet normal 0 0 1
    outer loop
      vertex 104.883 166.251 0.2
      vertex 104.825 165.57 0.2
      vertex 104.883 165.559 0.2
    endloop
  endfacet
  facet normal -0 0 1
    outer loop
      vertex 103.175 166.24 0.2
      vertex 104.825 165.57 0.2
      vertex 104.825 166.24 0.2
    endloop
  endfacet
  facet normal 0 0 1
    outer loop
      vertex 103.175 166.24 0.2
      vertex 103.175 165.57 0.2
      vertex 104.825 165.57 0.2
    endloop
  endfacet
  facet normal 0 0 1
    outer loop
      vertex 103.117 166.251 0.2
      vertex 103.175 165.57 0.2
      vertex 103.175 166.24 0.2
    endloop
  endfacet
  facet normal 0 0 1
    outer loop
      vertex 103.117 166.251 0.2
      vertex 103.117 165.559 0.2
      vertex 103.175 165.57 0.2
    endloop
  endfacet
  facet normal 0 0 1
    outer loop
      vertex 103.069 165.526 0.2
      vertex 103.117 166.251 0.2
      vertex 103.069 166.284 0.2
    endloop
  endfacet
  facet normal 0 0 1
    outer loop
      vertex 103.117 166.251 0.2
      vertex 103.069 165.526 0.2
      vertex 103.117 165.559 0.2
    endloop
  endfacet
  facet normal 0 0 1
    outer loop
      vertex 103.036 166.333 0.2
      vertex 103.069 165.526 0.2
      vertex 103.069 166.284 0.2
    endloop
  endfacet
  facet normal 0 0 1
    outer loop
      vertex 103.036 166.333 0.2
      vertex 103.036 165.478 0.2
      vertex 103.069 165.526 0.2
    endloop
  endfacet
  facet normal 0 0 1
    outer loop
      vertex 103.025 166.39 0.2
      vertex 103.036 165.478 0.2
      vertex 103.036 166.333 0.2
    endloop
  endfacet
  facet normal 0 0 1
    outer loop
      vertex 103.036 165.478 0.2
      vertex 103.025 166.39 0.2
      vertex 103.025 165.42 0.2
    endloop
  endfacet
  facet normal 0 0 1
    outer loop
      vertex 104.964 166.747 0.2
      vertex 107.986 166.747 0.2
      vertex 104.964 167.603 0.2
    endloop
  endfacet
  facet normal 0 0 1
    outer loop
      vertex 107.986 166.747 0.2
      vertex 104.964 166.747 0.2
      vertex 104.975 166.69 0.2
    endloop
  endfacet
  facet normal -0 0 1
    outer loop
      vertex 104.931 167.554 0.2
      vertex 104.964 166.747 0.2
      vertex 104.964 167.603 0.2
    endloop
  endfacet
  facet normal 0 0 1
    outer loop
      vertex 104.931 167.554 0.2
      vertex 104.931 166.796 0.2
      vertex 104.964 166.747 0.2
    endloop
  endfacet
  facet normal -0 0 1
    outer loop
      vertex 104.883 167.521 0.2
      vertex 104.931 166.796 0.2
      vertex 104.931 167.554 0.2
    endloop
  endfacet
  facet normal 0 0 1
    outer loop
      vertex 104.883 167.521 0.2
      vertex 104.883 166.828 0.2
      vertex 104.931 166.796 0.2
    endloop
  endfacet
  facet normal -0 0 1
    outer loop
      vertex 104.825 167.51 0.2
      vertex 104.883 166.828 0.2
      vertex 104.883 167.521 0.2
    endloop
  endfacet
  facet normal 0 0 1
    outer loop
      vertex 104.825 167.51 0.2
      vertex 104.825 166.84 0.2
      vertex 104.883 166.828 0.2
    endloop
  endfacet
  facet normal -0 0 1
    outer loop
      vertex 103.175 167.51 0.2
      vertex 104.825 166.84 0.2
      vertex 104.825 167.51 0.2
    endloop
  endfacet
  facet normal 0 0 1
    outer loop
      vertex 103.175 167.51 0.2
      vertex 103.175 166.84 0.2
      vertex 104.825 166.84 0.2
    endloop
  endfacet
  facet normal 0 0 1
    outer loop
      vertex 103.117 167.521 0.2
      vertex 103.175 166.84 0.2
      vertex 103.175 167.51 0.2
    endloop
  endfacet
  facet normal 0 0 1
    outer loop
      vertex 103.117 167.521 0.2
      vertex 103.117 166.828 0.2
      vertex 103.175 166.84 0.2
    endloop
  endfacet
  facet normal 0 0 1
    outer loop
      vertex 103.069 167.554 0.2
      vertex 103.117 166.828 0.2
      vertex 103.117 167.521 0.2
    endloop
  endfacet
  facet normal 0 0 1
    outer loop
      vertex 103.069 167.554 0.2
      vertex 103.069 166.796 0.2
      vertex 103.117 166.828 0.2
    endloop
  endfacet
  facet normal 0 0 1
    outer loop
      vertex 103.036 167.603 0.2
      vertex 103.069 166.796 0.2
      vertex 103.069 167.554 0.2
    endloop
  endfacet
  facet normal 0 0 1
    outer loop
      vertex 103.036 167.603 0.2
      vertex 103.036 166.747 0.2
      vertex 103.069 166.796 0.2
    endloop
  endfacet
  facet normal 0 0 1
    outer loop
      vertex 103.025 167.66 0.2
      vertex 103.036 166.747 0.2
      vertex 103.036 167.603 0.2
    endloop
  endfacet
  facet normal 0 0 1
    outer loop
      vertex 103.036 166.747 0.2
      vertex 103.025 167.66 0.2
      vertex 103.025 166.69 0.2
    endloop
  endfacet
  facet normal 0 0 1
    outer loop
      vertex 107.975 167.96 0.2
      vertex 104.964 168.018 0.2
      vertex 104.975 167.96 0.2
    endloop
  endfacet
  facet normal 0 0 1
    outer loop
      vertex 104.977 170.173 0.2
      vertex 104.931 168.066 0.2
      vertex 104.964 168.018 0.2
    endloop
  endfacet
  facet normal -0 0 1
    outer loop
      vertex 104.896 170.119 0.2
      vertex 104.931 168.066 0.2
      vertex 104.977 170.173 0.2
    endloop
  endfacet
  facet normal 0 0 1
    outer loop
      vertex 104.896 170.119 0.2
      vertex 104.883 168.099 0.2
      vertex 104.931 168.066 0.2
    endloop
  endfacet
  facet normal 0 0 1
    outer loop
      vertex 104.896 170.119 0.2
      vertex 104.825 168.11 0.2
      vertex 104.883 168.099 0.2
    endloop
  endfacet
  facet normal -0 0 1
    outer loop
      vertex 104.8 170.1 0.2
      vertex 104.825 168.11 0.2
      vertex 104.896 170.119 0.2
    endloop
  endfacet
  facet normal -0 0 1
    outer loop
      vertex 104.15 170.1 0.2
      vertex 104.825 168.11 0.2
      vertex 104.8 170.1 0.2
    endloop
  endfacet
  facet normal 0 0 1
    outer loop
      vertex 103.175 168.11 0.2
      vertex 104.15 170.1 0.2
      vertex 104.055 170.119 0.2
    endloop
  endfacet
  facet normal 0 0 1
    outer loop
      vertex 103.175 168.11 0.2
      vertex 104.055 170.119 0.2
      vertex 103.974 170.173 0.2
    endloop
  endfacet
  facet normal 0 0 1
    outer loop
      vertex 102.026 170.173 0.2
      vertex 103.974 170.173 0.2
      vertex 103.919 170.254 0.2
    endloop
  endfacet
  facet normal 0 0 1
    outer loop
      vertex 104.15 170.1 0.2
      vertex 103.175 168.11 0.2
      vertex 104.825 168.11 0.2
    endloop
  endfacet
  facet normal 0 0 1
    outer loop
      vertex 102.081 170.254 0.2
      vertex 103.919 170.254 0.2
      vertex 103.9 170.35 0.2
    endloop
  endfacet
  facet normal -0 0 1
    outer loop
      vertex 109.914 165.062 0.2
      vertex 109.925 164.15 0.2
      vertex 109.925 165.12 0.2
    endloop
  endfacet
  facet normal 0 0 1
    outer loop
      vertex 109.914 165.062 0.2
      vertex 109.914 164.207 0.2
      vertex 109.925 164.15 0.2
    endloop
  endfacet
  facet normal -0 0 1
    outer loop
      vertex 109.881 165.014 0.2
      vertex 109.914 164.207 0.2
      vertex 109.914 165.062 0.2
    endloop
  endfacet
  facet normal 0 0 1
    outer loop
      vertex 109.881 165.014 0.2
      vertex 109.881 164.256 0.2
      vertex 109.914 164.207 0.2
    endloop
  endfacet
  facet normal 0 0 1
    outer loop
      vertex 109.832 164.289 0.2
      vertex 109.881 165.014 0.2
      vertex 109.832 164.981 0.2
    endloop
  endfacet
  facet normal 0 0 1
    outer loop
      vertex 109.881 165.014 0.2
      vertex 109.832 164.289 0.2
      vertex 109.881 164.256 0.2
    endloop
  endfacet
  facet normal -0 0 1
    outer loop
      vertex 109.775 164.97 0.2
      vertex 109.832 164.289 0.2
      vertex 109.832 164.981 0.2
    endloop
  endfacet
  facet normal 0 0 1
    outer loop
      vertex 109.775 164.97 0.2
      vertex 109.775 164.3 0.2
      vertex 109.832 164.289 0.2
    endloop
  endfacet
  facet normal -0 0 1
    outer loop
      vertex 108.125 164.97 0.2
      vertex 109.775 164.3 0.2
      vertex 109.775 164.97 0.2
    endloop
  endfacet
  facet normal 0 0 1
    outer loop
      vertex 108.125 164.97 0.2
      vertex 108.125 164.3 0.2
      vertex 109.775 164.3 0.2
    endloop
  endfacet
  facet normal 0 0 1
    outer loop
      vertex 108.067 164.289 0.2
      vertex 108.125 164.97 0.2
      vertex 108.067 164.981 0.2
    endloop
  endfacet
  facet normal 0 0 1
    outer loop
      vertex 108.125 164.97 0.2
      vertex 108.067 164.289 0.2
      vertex 108.125 164.3 0.2
    endloop
  endfacet
  facet normal 0 0 1
    outer loop
      vertex 108.019 165.014 0.2
      vertex 108.067 164.289 0.2
      vertex 108.067 164.981 0.2
    endloop
  endfacet
  facet normal 0 0 1
    outer loop
      vertex 108.019 165.014 0.2
      vertex 108.019 164.256 0.2
      vertex 108.067 164.289 0.2
    endloop
  endfacet
  facet normal 0 0 1
    outer loop
      vertex 107.986 165.062 0.2
      vertex 108.019 164.256 0.2
      vertex 108.019 165.014 0.2
    endloop
  endfacet
  facet normal 0 0 1
    outer loop
      vertex 107.986 165.062 0.2
      vertex 107.986 164.207 0.2
      vertex 108.019 164.256 0.2
    endloop
  endfacet
  facet normal 0 0 1
    outer loop
      vertex 104.964 165.062 0.2
      vertex 107.975 165.12 0.2
      vertex 104.975 165.12 0.2
    endloop
  endfacet
  facet normal 0 0 1
    outer loop
      vertex 107.975 165.12 0.2
      vertex 104.964 165.062 0.2
      vertex 107.986 165.062 0.2
    endloop
  endfacet
  facet normal -0 0 1
    outer loop
      vertex 109.914 166.333 0.2
      vertex 109.925 165.42 0.2
      vertex 109.925 166.39 0.2
    endloop
  endfacet
  facet normal 0 0 1
    outer loop
      vertex 109.914 166.333 0.2
      vertex 109.914 165.478 0.2
      vertex 109.925 165.42 0.2
    endloop
  endfacet
  facet normal -0 0 1
    outer loop
      vertex 109.881 166.284 0.2
      vertex 109.914 165.478 0.2
      vertex 109.914 166.333 0.2
    endloop
  endfacet
  facet normal 0 0 1
    outer loop
      vertex 109.881 166.284 0.2
      vertex 109.881 165.526 0.2
      vertex 109.914 165.478 0.2
    endloop
  endfacet
  facet normal -0 0 1
    outer loop
      vertex 109.832 166.251 0.2
      vertex 109.881 165.526 0.2
      vertex 109.881 166.284 0.2
    endloop
  endfacet
  facet normal 0 0 1
    outer loop
      vertex 109.832 166.251 0.2
      vertex 109.832 165.559 0.2
      vertex 109.881 165.526 0.2
    endloop
  endfacet
  facet normal 0 0 1
    outer loop
      vertex 109.775 165.57 0.2
      vertex 109.832 166.251 0.2
      vertex 109.775 166.24 0.2
    endloop
  endfacet
  facet normal 0 0 1
    outer loop
      vertex 109.832 166.251 0.2
      vertex 109.775 165.57 0.2
      vertex 109.832 165.559 0.2
    endloop
  endfacet
  facet normal -0 0 1
    outer loop
      vertex 108.125 166.24 0.2
      vertex 109.775 165.57 0.2
      vertex 109.775 166.24 0.2
    endloop
  endfacet
  facet normal 0 0 1
    outer loop
      vertex 108.125 166.24 0.2
      vertex 108.125 165.57 0.2
      vertex 109.775 165.57 0.2
    endloop
  endfacet
  facet normal 0 0 1
    outer loop
      vertex 108.067 166.251 0.2
      vertex 108.125 165.57 0.2
      vertex 108.125 166.24 0.2
    endloop
  endfacet
  facet normal 0 0 1
    outer loop
      vertex 108.067 166.251 0.2
      vertex 108.067 165.559 0.2
      vertex 108.125 165.57 0.2
    endloop
  endfacet
  facet normal 0 0 1
    outer loop
      vertex 108.019 165.526 0.2
      vertex 108.067 166.251 0.2
      vertex 108.019 166.284 0.2
    endloop
  endfacet
  facet normal 0 0 1
    outer loop
      vertex 108.067 166.251 0.2
      vertex 108.019 165.526 0.2
      vertex 108.067 165.559 0.2
    endloop
  endfacet
  facet normal 0 0 1
    outer loop
      vertex 107.986 166.333 0.2
      vertex 108.019 165.526 0.2
      vertex 108.019 166.284 0.2
    endloop
  endfacet
  facet normal 0 0 1
    outer loop
      vertex 107.986 166.333 0.2
      vertex 107.986 165.478 0.2
      vertex 108.019 165.526 0.2
    endloop
  endfacet
  facet normal 0 0 1
    outer loop
      vertex 104.964 166.333 0.2
      vertex 107.975 166.39 0.2
      vertex 104.975 166.39 0.2
    endloop
  endfacet
  facet normal 0 0 1
    outer loop
      vertex 107.975 166.39 0.2
      vertex 104.964 166.333 0.2
      vertex 107.986 166.333 0.2
    endloop
  endfacet
  facet normal -0 0 1
    outer loop
      vertex 109.914 167.603 0.2
      vertex 109.925 166.69 0.2
      vertex 109.925 167.66 0.2
    endloop
  endfacet
  facet normal 0 0 1
    outer loop
      vertex 109.914 167.603 0.2
      vertex 109.914 166.747 0.2
      vertex 109.925 166.69 0.2
    endloop
  endfacet
  facet normal -0 0 1
    outer loop
      vertex 109.881 167.554 0.2
      vertex 109.914 166.747 0.2
      vertex 109.914 167.603 0.2
    endloop
  endfacet
  facet normal 0 0 1
    outer loop
      vertex 109.881 167.554 0.2
      vertex 109.881 166.796 0.2
      vertex 109.914 166.747 0.2
    endloop
  endfacet
  facet normal -0 0 1
    outer loop
      vertex 109.832 167.521 0.2
      vertex 109.881 166.796 0.2
      vertex 109.881 167.554 0.2
    endloop
  endfacet
  facet normal 0 0 1
    outer loop
      vertex 109.832 167.521 0.2
      vertex 109.832 166.828 0.2
      vertex 109.881 166.796 0.2
    endloop
  endfacet
  facet normal -0 0 1
    outer loop
      vertex 109.775 167.51 0.2
      vertex 109.832 166.828 0.2
      vertex 109.832 167.521 0.2
    endloop
  endfacet
  facet normal 0 0 1
    outer loop
      vertex 109.775 167.51 0.2
      vertex 109.775 166.84 0.2
      vertex 109.832 166.828 0.2
    endloop
  endfacet
  facet normal -0 0 1
    outer loop
      vertex 108.125 167.51 0.2
      vertex 109.775 166.84 0.2
      vertex 109.775 167.51 0.2
    endloop
  endfacet
  facet normal 0 0 1
    outer loop
      vertex 108.125 167.51 0.2
      vertex 108.125 166.84 0.2
      vertex 109.775 166.84 0.2
    endloop
  endfacet
  facet normal 0 0 1
    outer loop
      vertex 108.067 167.521 0.2
      vertex 108.125 166.84 0.2
      vertex 108.125 167.51 0.2
    endloop
  endfacet
  facet normal 0 0 1
    outer loop
      vertex 108.067 167.521 0.2
      vertex 108.067 166.828 0.2
      vertex 108.125 166.84 0.2
    endloop
  endfacet
  facet normal 0 0 1
    outer loop
      vertex 108.019 167.554 0.2
      vertex 108.067 166.828 0.2
      vertex 108.067 167.521 0.2
    endloop
  endfacet
  facet normal 0 0 1
    outer loop
      vertex 108.019 167.554 0.2
      vertex 108.019 166.796 0.2
      vertex 108.067 166.828 0.2
    endloop
  endfacet
  facet normal 0 0 1
    outer loop
      vertex 107.986 167.603 0.2
      vertex 108.019 166.796 0.2
      vertex 108.019 167.554 0.2
    endloop
  endfacet
  facet normal 0 0 1
    outer loop
      vertex 107.986 167.603 0.2
      vertex 107.986 166.747 0.2
      vertex 108.019 166.796 0.2
    endloop
  endfacet
  facet normal 0 0 1
    outer loop
      vertex 104.964 167.603 0.2
      vertex 107.975 167.66 0.2
      vertex 104.975 167.66 0.2
    endloop
  endfacet
  facet normal 0 0 1
    outer loop
      vertex 107.975 167.66 0.2
      vertex 104.964 167.603 0.2
      vertex 107.986 167.603 0.2
    endloop
  endfacet
  facet normal 0 0 1
    outer loop
      vertex 112.055 170.119 0.2
      vertex 109.914 168.018 0.2
      vertex 109.925 167.96 0.2
    endloop
  endfacet
  facet normal 0 0 1
    outer loop
      vertex 111.974 170.173 0.2
      vertex 109.881 168.066 0.2
      vertex 109.914 168.018 0.2
    endloop
  endfacet
  facet normal 0 0 1
    outer loop
      vertex 109.832 168.099 0.2
      vertex 109.945 170.119 0.2
      vertex 109.85 170.1 0.2
    endloop
  endfacet
  facet normal 0 0 1
    outer loop
      vertex 109.945 170.119 0.2
      vertex 109.832 168.099 0.2
      vertex 109.881 168.066 0.2
    endloop
  endfacet
  facet normal 0 0 1
    outer loop
      vertex 109.85 170.1 0.2
      vertex 109.775 168.11 0.2
      vertex 109.832 168.099 0.2
    endloop
  endfacet
  facet normal -0 0 1
    outer loop
      vertex 109.2 170.1 0.2
      vertex 109.775 168.11 0.2
      vertex 109.85 170.1 0.2
    endloop
  endfacet
  facet normal 0 0 1
    outer loop
      vertex 108.125 168.11 0.2
      vertex 109.2 170.1 0.2
      vertex 109.104 170.119 0.2
    endloop
  endfacet
  facet normal 0 0 1
    outer loop
      vertex 108.125 168.11 0.2
      vertex 109.104 170.119 0.2
      vertex 109.023 170.173 0.2
    endloop
  endfacet
  facet normal 0 0 1
    outer loop
      vertex 108.125 168.11 0.2
      vertex 109.023 170.173 0.2
      vertex 108.969 170.254 0.2
    endloop
  endfacet
  facet normal 0 0 1
    outer loop
      vertex 109.2 170.1 0.2
      vertex 108.125 168.11 0.2
      vertex 109.775 168.11 0.2
    endloop
  endfacet
  facet normal 0 0 1
    outer loop
      vertex 105.031 170.254 0.2
      vertex 108.969 170.254 0.2
      vertex 108.95 170.35 0.2
    endloop
  endfacet
  facet normal 0 0 1
    outer loop
      vertex 124.706 168.026 0.2
      vertex 109.925 163.85 0.2
      vertex 109.914 163.793 0.2
    endloop
  endfacet
  facet normal 0 0 1
    outer loop
      vertex 110.026 170.173 0.2
      vertex 111.919 170.254 0.2
      vertex 110.081 170.254 0.2
    endloop
  endfacet
  facet normal 0 0 1
    outer loop
      vertex 111.974 170.173 0.2
      vertex 110.026 170.173 0.2
      vertex 109.881 168.066 0.2
    endloop
  endfacet
  facet normal 0 0 1
    outer loop
      vertex 109.881 168.066 0.2
      vertex 110.026 170.173 0.2
      vertex 109.945 170.119 0.2
    endloop
  endfacet
  facet normal 0 0 1
    outer loop
      vertex 112.15 170.1 0.2
      vertex 109.925 167.96 0.2
      vertex 109.925 167.66 0.2
    endloop
  endfacet
  facet normal 0 0 1
    outer loop
      vertex 112.8 170.1 0.2
      vertex 109.925 167.66 0.2
      vertex 109.925 166.69 0.2
    endloop
  endfacet
  facet normal 0 0 1
    outer loop
      vertex 112.8 170.1 0.2
      vertex 109.925 166.69 0.2
      vertex 109.925 166.39 0.2
    endloop
  endfacet
  facet normal 0 0 1
    outer loop
      vertex 112.896 170.119 0.2
      vertex 109.925 166.39 0.2
      vertex 109.925 165.42 0.2
    endloop
  endfacet
  facet normal 0 0 1
    outer loop
      vertex 112.896 170.119 0.2
      vertex 109.925 165.42 0.2
      vertex 109.925 165.12 0.2
    endloop
  endfacet
  facet normal 0 0 1
    outer loop
      vertex 112.896 170.119 0.2
      vertex 109.925 165.12 0.2
      vertex 109.925 164.15 0.2
    endloop
  endfacet
  facet normal 0 0 1
    outer loop
      vertex 112.977 170.173 0.2
      vertex 109.925 164.15 0.2
      vertex 109.925 163.85 0.2
    endloop
  endfacet
  facet normal 0 -0 1
    outer loop
      vertex 103.113 92.2117 0.2
      vertex 131.119 105.396 0.2
      vertex 93.5754 126.331 0.2
    endloop
  endfacet
  facet normal 0 -0 1
    outer loop
      vertex 105.272 89.6699 0.2
      vertex 131.119 101.604 0.2
      vertex 105.169 90.0413 0.2
    endloop
  endfacet
  facet normal 0 -0 1
    outer loop
      vertex 103.463 92.0492 0.2
      vertex 131.119 105.396 0.2
      vertex 103.113 92.2117 0.2
    endloop
  endfacet
  facet normal 0 0 1
    outer loop
      vertex 93.5754 126.331 0.2
      vertex 109.832 163.711 0.2
      vertex 109.775 163.7 0.2
    endloop
  endfacet
  facet normal 0 0 1
    outer loop
      vertex 102.749 92.3341 0.2
      vertex 93.5754 126.331 0.2
      vertex 102.371 92.4168 0.2
    endloop
  endfacet
  facet normal 0 0 1
    outer loop
      vertex 93.5754 126.331 0.2
      vertex 109.775 163.7 0.2
      vertex 108.125 163.7 0.2
    endloop
  endfacet
  facet normal 0 0 1
    outer loop
      vertex 104.825 163.7 0.2
      vertex 108.125 163.7 0.2
      vertex 108.067 163.711 0.2
    endloop
  endfacet
  facet normal 0 0 1
    outer loop
      vertex 104.883 163.711 0.2
      vertex 108.067 163.711 0.2
      vertex 108.019 163.744 0.2
    endloop
  endfacet
  facet normal -0 0 1
    outer loop
      vertex 104.964 163.793 0.2
      vertex 108.019 163.744 0.2
      vertex 107.986 163.793 0.2
    endloop
  endfacet
  facet normal 0 0 1
    outer loop
      vertex 104.964 163.793 0.2
      vertex 107.986 163.793 0.2
      vertex 107.975 163.85 0.2
    endloop
  endfacet
  facet normal 0 0 1
    outer loop
      vertex 131.173 101.523 0.2
      vertex 105.272 89.6699 0.2
      vertex 105.334 89.29 0.2
    endloop
  endfacet
  facet normal 0 0 1
    outer loop
      vertex 110.978 74.5963 0.2
      vertex 105.355 74.6963 0.2
      vertex 105.455 74.5963 0.2
    endloop
  endfacet
  facet normal 0 0 1
    outer loop
      vertex 104.975 166.39 0.2
      vertex 107.975 166.39 0.2
      vertex 104.975 166.69 0.2
    endloop
  endfacet
  facet normal 0 0 1
    outer loop
      vertex 107.986 166.333 0.2
      vertex 104.964 166.333 0.2
      vertex 107.986 165.478 0.2
    endloop
  endfacet
  facet normal 0 0 1
    outer loop
      vertex 107.975 163.85 0.2
      vertex 104.975 164.15 0.2
      vertex 104.975 163.85 0.2
    endloop
  endfacet
  facet normal 0 0 1
    outer loop
      vertex 104.964 168.018 0.2
      vertex 105.031 170.254 0.2
      vertex 104.977 170.173 0.2
    endloop
  endfacet
  facet normal 0 0 1
    outer loop
      vertex 107.986 165.478 0.2
      vertex 104.975 165.42 0.2
      vertex 107.975 165.42 0.2
    endloop
  endfacet
  facet normal 0 0 1
    outer loop
      vertex 107.975 165.42 0.2
      vertex 104.975 165.42 0.2
      vertex 107.975 165.12 0.2
    endloop
  endfacet
  facet normal 0 0 1
    outer loop
      vertex 104.975 165.12 0.2
      vertex 107.975 165.12 0.2
      vertex 104.975 165.42 0.2
    endloop
  endfacet
  facet normal 0 0 1
    outer loop
      vertex 107.986 165.062 0.2
      vertex 104.964 165.062 0.2
      vertex 107.986 164.207 0.2
    endloop
  endfacet
  facet normal 0 0 1
    outer loop
      vertex 107.986 164.207 0.2
      vertex 104.975 164.15 0.2
      vertex 107.975 164.15 0.2
    endloop
  endfacet
  facet normal 0 0 1
    outer loop
      vertex 107.975 164.15 0.2
      vertex 104.975 164.15 0.2
      vertex 107.975 163.85 0.2
    endloop
  endfacet
  facet normal 0 0 1
    outer loop
      vertex 104.964 163.793 0.2
      vertex 107.975 163.85 0.2
      vertex 104.975 163.85 0.2
    endloop
  endfacet
  facet normal 0 0 1
    outer loop
      vertex 108.019 163.744 0.2
      vertex 104.964 163.793 0.2
      vertex 104.931 163.744 0.2
    endloop
  endfacet
  facet normal 0 0 1
    outer loop
      vertex 131.119 101.604 0.2
      vertex 105.026 90.3993 0.2
      vertex 105.169 90.0413 0.2
    endloop
  endfacet
  facet normal 0 0 1
    outer loop
      vertex 108.019 163.744 0.2
      vertex 104.931 163.744 0.2
      vertex 104.883 163.711 0.2
    endloop
  endfacet
  facet normal 0 0 1
    outer loop
      vertex 108.067 163.711 0.2
      vertex 104.883 163.711 0.2
      vertex 104.825 163.7 0.2
    endloop
  endfacet
  facet normal 0 0 1
    outer loop
      vertex 131.119 101.604 0.2
      vertex 104.846 90.7393 0.2
      vertex 105.026 90.3993 0.2
    endloop
  endfacet
  facet normal 0 0 1
    outer loop
      vertex 108.125 163.7 0.2
      vertex 104.825 163.7 0.2
      vertex 93.5754 126.331 0.2
    endloop
  endfacet
  facet normal 0 0 1
    outer loop
      vertex 131.1 101.7 0.2
      vertex 104.846 90.7393 0.2
      vertex 131.119 101.604 0.2
    endloop
  endfacet
  facet normal 0 -0 1
    outer loop
      vertex 104.846 90.7393 0.2
      vertex 131.1 101.7 0.2
      vertex 104.629 91.0586 0.2
    endloop
  endfacet
  facet normal 0 -0 1
    outer loop
      vertex 104.629 91.0586 0.2
      vertex 131.1 101.7 0.2
      vertex 104.38 91.3521 0.2
    endloop
  endfacet
  facet normal 0 -0 1
    outer loop
      vertex 104.38 91.3521 0.2
      vertex 131.1 101.7 0.2
      vertex 104.1 91.618 0.2
    endloop
  endfacet
  facet normal 0 0 1
    outer loop
      vertex 131.1 105.3 0.2
      vertex 104.1 91.618 0.2
      vertex 131.1 101.7 0.2
    endloop
  endfacet
  facet normal 0 0 1
    outer loop
      vertex 93.5754 126.331 0.2
      vertex 104.825 163.7 0.2
      vertex 103.175 163.7 0.2
    endloop
  endfacet
  facet normal 0 0 1
    outer loop
      vertex 93.5754 126.331 0.2
      vertex 103.175 163.7 0.2
      vertex 103.117 163.711 0.2
    endloop
  endfacet
  facet normal 0 -0 1
    outer loop
      vertex 104.1 91.618 0.2
      vertex 131.1 105.3 0.2
      vertex 103.793 91.8507 0.2
    endloop
  endfacet
  facet normal 0 0 1
    outer loop
      vertex 103.036 163.793 0.2
      vertex 91.036 163.71 0.2
      vertex 103.069 163.744 0.2
    endloop
  endfacet
  facet normal 0 0 1
    outer loop
      vertex 91.036 163.71 0.2
      vertex 103.036 163.793 0.2
      vertex 91.0462 163.761 0.2
    endloop
  endfacet
  facet normal 0 0 1
    outer loop
      vertex 103.025 164.15 0.2
      vertex 91.0462 163.761 0.2
      vertex 103.025 163.85 0.2
    endloop
  endfacet
  facet normal 0 -0 1
    outer loop
      vertex 103.793 91.8507 0.2
      vertex 131.1 105.3 0.2
      vertex 103.463 92.0492 0.2
    endloop
  endfacet
  facet normal 0 0 1
    outer loop
      vertex 103.025 167.66 0.2
      vertex 101.104 170.119 0.2
      vertex 103.025 166.69 0.2
    endloop
  endfacet
  facet normal 0 0 1
    outer loop
      vertex 103.025 166.69 0.2
      vertex 101.104 170.119 0.2
      vertex 103.025 166.39 0.2
    endloop
  endfacet
  facet normal 0 0 1
    outer loop
      vertex 101.023 170.173 0.2
      vertex 103.025 166.39 0.2
      vertex 101.104 170.119 0.2
    endloop
  endfacet
  facet normal 0 0 1
    outer loop
      vertex 103.113 92.2117 0.2
      vertex 93.5754 126.331 0.2
      vertex 102.749 92.3341 0.2
    endloop
  endfacet
  facet normal 0 0 1
    outer loop
      vertex 103.025 166.39 0.2
      vertex 101.023 170.173 0.2
      vertex 103.025 165.42 0.2
    endloop
  endfacet
  facet normal 0 0 1
    outer loop
      vertex 91.0462 163.761 0.2
      vertex 103.025 165.42 0.2
      vertex 101.023 170.173 0.2
    endloop
  endfacet
  facet normal 0 0 1
    outer loop
      vertex 102.371 92.4168 0.2
      vertex 93.5754 126.331 0.2
      vertex 101.989 92.4586 0.2
    endloop
  endfacet
  facet normal 0 0 1
    outer loop
      vertex 101.989 92.4586 0.2
      vertex 93.5754 126.331 0.2
      vertex 101.603 92.4586 0.2
    endloop
  endfacet
  facet normal 0 0 1
    outer loop
      vertex 103.025 165.42 0.2
      vertex 91.0462 163.761 0.2
      vertex 103.025 165.12 0.2
    endloop
  endfacet
  facet normal 0 0 1
    outer loop
      vertex 103.025 165.12 0.2
      vertex 91.0462 163.761 0.2
      vertex 103.025 164.15 0.2
    endloop
  endfacet
  facet normal 0 0 1
    outer loop
      vertex 100.969 170.254 0.2
      vertex 91.0462 163.761 0.2
      vertex 101.023 170.173 0.2
    endloop
  endfacet
  facet normal 0 0 1
    outer loop
      vertex 91.0462 163.761 0.2
      vertex 100.969 170.254 0.2
      vertex 96.2561 174.264 0.2
    endloop
  endfacet
  facet normal 0 0 1
    outer loop
      vertex 96.2561 174.264 0.2
      vertex 100.969 170.254 0.2
      vertex 100.95 170.35 0.2
    endloop
  endfacet
  facet normal 0 0 1
    outer loop
      vertex 101.603 92.4586 0.2
      vertex 93.5754 126.331 0.2
      vertex 101.22 92.4168 0.2
    endloop
  endfacet
  facet normal 0 0 1
    outer loop
      vertex 132.881 102.445 0.2
      vertex 139.166 103.261 0.2
      vertex 132.881 104.555 0.2
    endloop
  endfacet
  facet normal 0 0 1
    outer loop
      vertex 139.166 103.261 0.2
      vertex 132.881 102.445 0.2
      vertex 132.9 102.35 0.2
    endloop
  endfacet
  facet normal -0 0 1
    outer loop
      vertex 132.827 104.474 0.2
      vertex 132.881 102.445 0.2
      vertex 132.881 104.555 0.2
    endloop
  endfacet
  facet normal 0 0 1
    outer loop
      vertex 132.827 104.474 0.2
      vertex 132.827 102.526 0.2
      vertex 132.881 102.445 0.2
    endloop
  endfacet
  facet normal -0 0 1
    outer loop
      vertex 132.746 104.419 0.2
      vertex 132.827 102.526 0.2
      vertex 132.827 104.474 0.2
    endloop
  endfacet
  facet normal 0 0 1
    outer loop
      vertex 132.746 104.419 0.2
      vertex 132.746 102.581 0.2
      vertex 132.827 102.526 0.2
    endloop
  endfacet
  facet normal -0 0 1
    outer loop
      vertex 132.65 104.4 0.2
      vertex 132.746 102.581 0.2
      vertex 132.746 104.419 0.2
    endloop
  endfacet
  facet normal 0 0 1
    outer loop
      vertex 132.65 104.4 0.2
      vertex 132.65 102.6 0.2
      vertex 132.746 102.581 0.2
    endloop
  endfacet
  facet normal -0 0 1
    outer loop
      vertex 131.35 104.4 0.2
      vertex 132.65 102.6 0.2
      vertex 132.65 104.4 0.2
    endloop
  endfacet
  facet normal 0 0 1
    outer loop
      vertex 131.35 104.4 0.2
      vertex 131.35 102.6 0.2
      vertex 132.65 102.6 0.2
    endloop
  endfacet
  facet normal 0 0 1
    outer loop
      vertex 131.254 104.419 0.2
      vertex 131.35 102.6 0.2
      vertex 131.35 104.4 0.2
    endloop
  endfacet
  facet normal 0 0 1
    outer loop
      vertex 131.254 104.419 0.2
      vertex 131.254 102.581 0.2
      vertex 131.35 102.6 0.2
    endloop
  endfacet
  facet normal 0 0 1
    outer loop
      vertex 131.173 104.474 0.2
      vertex 131.254 102.581 0.2
      vertex 131.254 104.419 0.2
    endloop
  endfacet
  facet normal 0 0 1
    outer loop
      vertex 131.173 104.474 0.2
      vertex 131.173 102.526 0.2
      vertex 131.254 102.581 0.2
    endloop
  endfacet
  facet normal 0 0 1
    outer loop
      vertex 131.119 104.555 0.2
      vertex 131.173 102.526 0.2
      vertex 131.173 104.474 0.2
    endloop
  endfacet
  facet normal 0 0 1
    outer loop
      vertex 131.119 104.555 0.2
      vertex 131.119 102.445 0.2
      vertex 131.173 102.526 0.2
    endloop
  endfacet
  facet normal 0 0 1
    outer loop
      vertex 131.1 104.65 0.2
      vertex 131.119 102.445 0.2
      vertex 131.119 104.555 0.2
    endloop
  endfacet
  facet normal 0 0 1
    outer loop
      vertex 131.119 102.445 0.2
      vertex 131.1 104.65 0.2
      vertex 131.1 102.35 0.2
    endloop
  endfacet
  facet normal -0 0 1
    outer loop
      vertex 132.9 104.65 0.2
      vertex 139.194 103.343 0.2
      vertex 132.9 105.3 0.2
    endloop
  endfacet
  facet normal -0 0 1
    outer loop
      vertex 132.146 171.119 0.2
      vertex 138.954 163.761 0.2
      vertex 132.227 171.173 0.2
    endloop
  endfacet
  facet normal 0 0 1
    outer loop
      vertex 139.194 103.343 0.2
      vertex 132.827 105.477 0.2
      vertex 132.881 105.396 0.2
    endloop
  endfacet
  facet normal -0 0 1
    outer loop
      vertex 132.05 171.1 0.2
      vertex 138.954 163.761 0.2
      vertex 132.146 171.119 0.2
    endloop
  endfacet
  facet normal 0 0 1
    outer loop
      vertex 133.744 174.264 0.2
      vertex 132.3 172.65 0.2
      vertex 132.3 171.35 0.2
    endloop
  endfacet
  facet normal 0 0 1
    outer loop
      vertex 133.744 174.264 0.2
      vertex 132.281 172.746 0.2
      vertex 132.3 172.65 0.2
    endloop
  endfacet
  facet normal 0 0 1
    outer loop
      vertex 133.654 174.32 0.2
      vertex 132.227 172.827 0.2
      vertex 132.281 172.746 0.2
    endloop
  endfacet
  facet normal 0 0 1
    outer loop
      vertex 133.654 174.32 0.2
      vertex 132.146 172.881 0.2
      vertex 132.227 172.827 0.2
    endloop
  endfacet
  facet normal 0 0 1
    outer loop
      vertex 133.654 174.32 0.2
      vertex 132.05 172.9 0.2
      vertex 132.146 172.881 0.2
    endloop
  endfacet
  facet normal 0 0 1
    outer loop
      vertex 133.654 174.32 0.2
      vertex 131.4 172.9 0.2
      vertex 132.05 172.9 0.2
    endloop
  endfacet
  facet normal 0 0 1
    outer loop
      vertex 133.654 174.32 0.2
      vertex 131.305 172.881 0.2
      vertex 131.4 172.9 0.2
    endloop
  endfacet
  facet normal -0 0 1
    outer loop
      vertex 129.35 172.65 0.2
      vertex 131.15 171.35 0.2
      vertex 131.15 172.65 0.2
    endloop
  endfacet
  facet normal 0 0 1
    outer loop
      vertex 129.35 171.35 0.2
      vertex 131.15 171.35 0.2
      vertex 129.35 172.65 0.2
    endloop
  endfacet
  facet normal 0 0 0
    outer loop
      vertex 131.1 105.3 0.2
      vertex 131.1 102.35 0.2
      vertex 131.1 104.65 0.2
    endloop
  endfacet
  facet normal 0 0 0
    outer loop
      vertex 131.1 105.3 0.2
      vertex 131.1 101.7 0.2
      vertex 131.1 102.35 0.2
    endloop
  endfacet
  facet normal 0 0 1
    outer loop
      vertex 136.425 126.331 0.2
      vertex 132.65 105.55 0.2
      vertex 132.746 105.531 0.2
    endloop
  endfacet
  facet normal 0 0 1
    outer loop
      vertex 138.964 163.71 0.2
      vertex 126.81 167.328 0.2
      vertex 136.425 126.331 0.2
    endloop
  endfacet
  facet normal 0 0 1
    outer loop
      vertex 131.169 172.746 0.2
      vertex 129.35 172.65 0.2
      vertex 131.15 172.65 0.2
    endloop
  endfacet
  facet normal 0 0 1
    outer loop
      vertex 129.331 172.746 0.2
      vertex 131.169 172.746 0.2
      vertex 131.224 172.827 0.2
    endloop
  endfacet
  facet normal 0 0 1
    outer loop
      vertex 129.276 172.827 0.2
      vertex 131.224 172.827 0.2
      vertex 131.305 172.881 0.2
    endloop
  endfacet
  facet normal 0 0 1
    outer loop
      vertex 129.195 172.881 0.2
      vertex 131.305 172.881 0.2
      vertex 133.654 174.32 0.2
    endloop
  endfacet
  facet normal 0 0 1
    outer loop
      vertex 131.169 172.746 0.2
      vertex 129.331 172.746 0.2
      vertex 129.35 172.65 0.2
    endloop
  endfacet
  facet normal 0 0 1
    outer loop
      vertex 131.224 172.827 0.2
      vertex 129.276 172.827 0.2
      vertex 129.331 172.746 0.2
    endloop
  endfacet
  facet normal 0 0 1
    outer loop
      vertex 131.305 172.881 0.2
      vertex 129.195 172.881 0.2
      vertex 129.276 172.827 0.2
    endloop
  endfacet
  facet normal 0 0 1
    outer loop
      vertex 133.654 174.32 0.2
      vertex 129.1 172.9 0.2
      vertex 129.195 172.881 0.2
    endloop
  endfacet
  facet normal 0 0 1
    outer loop
      vertex 133.654 174.32 0.2
      vertex 128.45 172.9 0.2
      vertex 129.1 172.9 0.2
    endloop
  endfacet
  facet normal 0 0 1
    outer loop
      vertex 133.654 174.32 0.2
      vertex 128.354 172.881 0.2
      vertex 128.45 172.9 0.2
    endloop
  endfacet
  facet normal 0 0 1
    outer loop
      vertex 125.643 170.625 0.2
      vertex 128.2 171.35 0.2
      vertex 128.2 172.65 0.2
    endloop
  endfacet
  facet normal 0 0 1
    outer loop
      vertex 125.536 170.669 0.2
      vertex 128.2 172.65 0.2
      vertex 128.219 172.746 0.2
    endloop
  endfacet
  facet normal 0 0 1
    outer loop
      vertex 129.195 171.119 0.2
      vertex 127.16 167.748 0.2
      vertex 127.172 167.69 0.2
    endloop
  endfacet
  facet normal 0 0 1
    outer loop
      vertex 129.1 171.1 0.2
      vertex 127.128 167.797 0.2
      vertex 127.16 167.748 0.2
    endloop
  endfacet
  facet normal 0 0 1
    outer loop
      vertex 128.45 171.1 0.2
      vertex 126.518 169.688 0.2
      vertex 126.506 169.631 0.2
    endloop
  endfacet
  facet normal 0 0 1
    outer loop
      vertex 128.354 171.119 0.2
      vertex 126.506 169.746 0.2
      vertex 126.518 169.688 0.2
    endloop
  endfacet
  facet normal 0 0 1
    outer loop
      vertex 128.273 171.173 0.2
      vertex 126.474 169.794 0.2
      vertex 126.506 169.746 0.2
    endloop
  endfacet
  facet normal 0 0 1
    outer loop
      vertex 128.2 171.35 0.2
      vertex 125.643 170.625 0.2
      vertex 126.474 169.794 0.2
    endloop
  endfacet
  facet normal 0 0 1
    outer loop
      vertex 125.479 170.657 0.2
      vertex 128.219 172.746 0.2
      vertex 128.273 172.827 0.2
    endloop
  endfacet
  facet normal 0 0 1
    outer loop
      vertex 128.2 172.65 0.2
      vertex 125.594 170.657 0.2
      vertex 125.643 170.625 0.2
    endloop
  endfacet
  facet normal 0 0 1
    outer loop
      vertex 128.2 172.65 0.2
      vertex 125.536 170.669 0.2
      vertex 125.594 170.657 0.2
    endloop
  endfacet
  facet normal 0 0 1
    outer loop
      vertex 128.219 172.746 0.2
      vertex 125.479 170.657 0.2
      vertex 125.536 170.669 0.2
    endloop
  endfacet
  facet normal -0 0 1
    outer loop
      vertex 112.977 171.827 0.2
      vertex 125.479 170.657 0.2
      vertex 128.273 172.827 0.2
    endloop
  endfacet
  facet normal 0 0 1
    outer loop
      vertex 125.84 168.367 0.2
      vertex 125.174 168.345 0.2
      vertex 125.828 168.31 0.2
    endloop
  endfacet
  facet normal 0 -0 1
    outer loop
      vertex 125.174 168.345 0.2
      vertex 125.84 168.367 0.2
      vertex 125.162 168.402 0.2
    endloop
  endfacet
  facet normal 0 0 1
    outer loop
      vertex 125.219 170.201 0.2
      vertex 124.299 169.281 0.2
      vertex 125.13 168.451 0.2
    endloop
  endfacet
  facet normal 0 0 1
    outer loop
      vertex 124.193 169.325 0.2
      vertex 125.175 170.307 0.2
      vertex 125.186 170.364 0.2
    endloop
  endfacet
  facet normal 0 0 1
    outer loop
      vertex 124.136 169.314 0.2
      vertex 125.186 170.364 0.2
      vertex 125.219 170.413 0.2
    endloop
  endfacet
  facet normal 0 0 1
    outer loop
      vertex 125.186 170.25 0.2
      vertex 124.25 169.314 0.2
      vertex 124.299 169.281 0.2
    endloop
  endfacet
  facet normal 0 0 1
    outer loop
      vertex 125.175 170.307 0.2
      vertex 124.193 169.325 0.2
      vertex 124.25 169.314 0.2
    endloop
  endfacet
  facet normal 0 0 1
    outer loop
      vertex 125.186 170.364 0.2
      vertex 124.136 169.314 0.2
      vertex 124.193 169.325 0.2
    endloop
  endfacet
  facet normal 0 0 1
    outer loop
      vertex 125.219 170.413 0.2
      vertex 124.087 169.281 0.2
      vertex 124.136 169.314 0.2
    endloop
  endfacet
  facet normal 0 0 1
    outer loop
      vertex 113.031 171.746 0.2
      vertex 125.219 170.413 0.2
      vertex 125.431 170.625 0.2
    endloop
  endfacet
  facet normal 0 0 1
    outer loop
      vertex 125.219 170.413 0.2
      vertex 113.031 171.746 0.2
      vertex 124.087 169.281 0.2
    endloop
  endfacet
  facet normal -0 0 1
    outer loop
      vertex 113.05 170.35 0.2
      vertex 123.843 169.021 0.2
      vertex 113.05 171.65 0.2
    endloop
  endfacet
  facet normal 0 0 1
    outer loop
      vertex 123.875 169.069 0.2
      vertex 113.05 171.65 0.2
      vertex 123.843 169.021 0.2
    endloop
  endfacet
  facet normal 0 0 1
    outer loop
      vertex 124.087 169.281 0.2
      vertex 113.031 171.746 0.2
      vertex 123.875 169.069 0.2
    endloop
  endfacet
  facet normal 0 0 1
    outer loop
      vertex 125.479 170.657 0.2
      vertex 112.977 171.827 0.2
      vertex 125.431 170.625 0.2
    endloop
  endfacet
  facet normal 0 0 1
    outer loop
      vertex 112.896 171.881 0.2
      vertex 128.273 172.827 0.2
      vertex 128.354 172.881 0.2
    endloop
  endfacet
  facet normal 0 0 1
    outer loop
      vertex 112.8 171.9 0.2
      vertex 128.354 172.881 0.2
      vertex 133.654 174.32 0.2
    endloop
  endfacet
  facet normal 0 0 1
    outer loop
      vertex 123.875 169.069 0.2
      vertex 113.031 171.746 0.2
      vertex 113.05 171.65 0.2
    endloop
  endfacet
  facet normal 0 0 1
    outer loop
      vertex 125.431 170.625 0.2
      vertex 112.977 171.827 0.2
      vertex 113.031 171.746 0.2
    endloop
  endfacet
  facet normal 0 0 1
    outer loop
      vertex 128.273 172.827 0.2
      vertex 112.896 171.881 0.2
      vertex 112.977 171.827 0.2
    endloop
  endfacet
  facet normal 0 0 1
    outer loop
      vertex 128.354 172.881 0.2
      vertex 112.8 171.9 0.2
      vertex 112.896 171.881 0.2
    endloop
  endfacet
  facet normal -0 0 1
    outer loop
      vertex 96.3457 174.32 0.2
      vertex 112.8 171.9 0.2
      vertex 133.654 174.32 0.2
    endloop
  endfacet
  facet normal -0 0 1
    outer loop
      vertex 110.1 171.65 0.2
      vertex 111.9 170.35 0.2
      vertex 111.9 171.65 0.2
    endloop
  endfacet
  facet normal 0 0 1
    outer loop
      vertex 110.1 170.35 0.2
      vertex 111.9 170.35 0.2
      vertex 110.1 171.65 0.2
    endloop
  endfacet
  facet normal 0 0 1
    outer loop
      vertex 110.081 170.254 0.2
      vertex 111.919 170.254 0.2
      vertex 110.1 170.35 0.2
    endloop
  endfacet
  facet normal 0 0 1
    outer loop
      vertex 111.919 171.746 0.2
      vertex 110.1 171.65 0.2
      vertex 111.9 171.65 0.2
    endloop
  endfacet
  facet normal 0 0 1
    outer loop
      vertex 110.081 171.746 0.2
      vertex 111.919 171.746 0.2
      vertex 111.974 171.827 0.2
    endloop
  endfacet
  facet normal 0 0 1
    outer loop
      vertex 110.026 171.827 0.2
      vertex 111.974 171.827 0.2
      vertex 112.055 171.881 0.2
    endloop
  endfacet
  facet normal 0 0 1
    outer loop
      vertex 109.945 171.881 0.2
      vertex 112.055 171.881 0.2
      vertex 112.15 171.9 0.2
    endloop
  endfacet
  facet normal 0 0 1
    outer loop
      vertex 111.919 171.746 0.2
      vertex 110.081 171.746 0.2
      vertex 110.1 171.65 0.2
    endloop
  endfacet
  facet normal 0 0 1
    outer loop
      vertex 112.8 171.9 0.2
      vertex 96.3457 174.32 0.2
      vertex 112.15 171.9 0.2
    endloop
  endfacet
  facet normal 0 0 1
    outer loop
      vertex 111.974 171.827 0.2
      vertex 110.026 171.827 0.2
      vertex 110.081 171.746 0.2
    endloop
  endfacet
  facet normal 0 0 1
    outer loop
      vertex 112.055 171.881 0.2
      vertex 109.945 171.881 0.2
      vertex 110.026 171.827 0.2
    endloop
  endfacet
  facet normal 0 0 1
    outer loop
      vertex 112.15 171.9 0.2
      vertex 109.85 171.9 0.2
      vertex 109.945 171.881 0.2
    endloop
  endfacet
  facet normal 0 0 1
    outer loop
      vertex 112.15 171.9 0.2
      vertex 96.3457 174.32 0.2
      vertex 109.85 171.9 0.2
    endloop
  endfacet
  facet normal -0 0 1
    outer loop
      vertex 105.05 171.65 0.2
      vertex 108.95 170.35 0.2
      vertex 108.95 171.65 0.2
    endloop
  endfacet
  facet normal 0 0 1
    outer loop
      vertex 105.05 171.65 0.2
      vertex 108.95 171.65 0.2
      vertex 108.969 171.746 0.2
    endloop
  endfacet
  facet normal 0 0 1
    outer loop
      vertex 108.969 170.254 0.2
      vertex 108.067 168.099 0.2
      vertex 108.125 168.11 0.2
    endloop
  endfacet
  facet normal 0 0 1
    outer loop
      vertex 105.05 170.35 0.2
      vertex 108.95 170.35 0.2
      vertex 105.05 171.65 0.2
    endloop
  endfacet
  facet normal 0 0 1
    outer loop
      vertex 105.031 170.254 0.2
      vertex 108.95 170.35 0.2
      vertex 105.05 170.35 0.2
    endloop
  endfacet
  facet normal 0 0 1
    outer loop
      vertex 104.964 168.018 0.2
      vertex 108.019 168.066 0.2
      vertex 105.031 170.254 0.2
    endloop
  endfacet
  facet normal 0 0 1
    outer loop
      vertex 108.019 168.066 0.2
      vertex 104.964 168.018 0.2
      vertex 107.986 168.018 0.2
    endloop
  endfacet
  facet normal -0 0 1
    outer loop
      vertex 104.964 168.018 0.2
      vertex 107.975 167.96 0.2
      vertex 107.986 168.018 0.2
    endloop
  endfacet
  facet normal 0 0 1
    outer loop
      vertex 107.975 167.96 0.2
      vertex 104.975 167.96 0.2
      vertex 107.975 167.66 0.2
    endloop
  endfacet
  facet normal 0 0 1
    outer loop
      vertex 104.975 167.66 0.2
      vertex 107.975 167.66 0.2
      vertex 104.975 167.96 0.2
    endloop
  endfacet
  facet normal 0 0 1
    outer loop
      vertex 107.986 167.603 0.2
      vertex 104.964 167.603 0.2
      vertex 107.986 166.747 0.2
    endloop
  endfacet
  facet normal 0 0 1
    outer loop
      vertex 107.986 166.747 0.2
      vertex 104.975 166.69 0.2
      vertex 107.975 166.69 0.2
    endloop
  endfacet
  facet normal 0 0 1
    outer loop
      vertex 111.049 74.6262 0.2
      vertex 105.355 74.6963 0.2
      vertex 110.978 74.5963 0.2
    endloop
  endfacet
  facet normal -0 0 1
    outer loop
      vertex 105.355 74.6963 0.2
      vertex 111.049 74.6262 0.2
      vertex 105.355 88.9017 0.2
    endloop
  endfacet
  facet normal 0 0 1
    outer loop
      vertex 131.254 101.469 0.2
      vertex 105.355 88.9017 0.2
      vertex 111.049 74.6262 0.2
    endloop
  endfacet
  facet normal 0 0 1
    outer loop
      vertex 131.173 101.523 0.2
      vertex 105.334 89.29 0.2
      vertex 105.355 88.9017 0.2
    endloop
  endfacet
  facet normal 0 0 1
    outer loop
      vertex 107.975 166.69 0.2
      vertex 104.975 166.69 0.2
      vertex 107.975 166.39 0.2
    endloop
  endfacet
  facet normal 0 0 1
    outer loop
      vertex 108.067 168.099 0.2
      vertex 105.031 170.254 0.2
      vertex 108.019 168.066 0.2
    endloop
  endfacet
  facet normal 0 0 1
    outer loop
      vertex 108.969 170.254 0.2
      vertex 105.031 170.254 0.2
      vertex 108.067 168.099 0.2
    endloop
  endfacet
  facet normal 0 0 1
    outer loop
      vertex 105.031 171.746 0.2
      vertex 108.969 171.746 0.2
      vertex 109.023 171.827 0.2
    endloop
  endfacet
  facet normal 0 0 1
    outer loop
      vertex 104.977 171.827 0.2
      vertex 109.023 171.827 0.2
      vertex 109.104 171.881 0.2
    endloop
  endfacet
  facet normal 0 0 1
    outer loop
      vertex 104.896 171.881 0.2
      vertex 109.104 171.881 0.2
      vertex 109.2 171.9 0.2
    endloop
  endfacet
  facet normal 0 0 1
    outer loop
      vertex 109.85 171.9 0.2
      vertex 96.3457 174.32 0.2
      vertex 109.2 171.9 0.2
    endloop
  endfacet
  facet normal 0 0 1
    outer loop
      vertex 108.969 171.746 0.2
      vertex 105.031 171.746 0.2
      vertex 105.05 171.65 0.2
    endloop
  endfacet
  facet normal 0 0 1
    outer loop
      vertex 109.023 171.827 0.2
      vertex 104.977 171.827 0.2
      vertex 105.031 171.746 0.2
    endloop
  endfacet
  facet normal 0 0 1
    outer loop
      vertex 109.104 171.881 0.2
      vertex 104.896 171.881 0.2
      vertex 104.977 171.827 0.2
    endloop
  endfacet
  facet normal 0 0 1
    outer loop
      vertex 109.2 171.9 0.2
      vertex 104.8 171.9 0.2
      vertex 104.896 171.881 0.2
    endloop
  endfacet
  facet normal 0 0 1
    outer loop
      vertex 109.2 171.9 0.2
      vertex 96.3457 174.32 0.2
      vertex 104.8 171.9 0.2
    endloop
  endfacet
  facet normal -0 0 1
    outer loop
      vertex 102.1 171.65 0.2
      vertex 103.9 170.35 0.2
      vertex 103.9 171.65 0.2
    endloop
  endfacet
  facet normal 0 0 1
    outer loop
      vertex 102.1 171.65 0.2
      vertex 103.9 171.65 0.2
      vertex 103.919 171.746 0.2
    endloop
  endfacet
  facet normal 0 0 1
    outer loop
      vertex 102.1 170.35 0.2
      vertex 103.9 170.35 0.2
      vertex 102.1 171.65 0.2
    endloop
  endfacet
  facet normal 0 0 1
    outer loop
      vertex 102.081 170.254 0.2
      vertex 103.9 170.35 0.2
      vertex 102.1 170.35 0.2
    endloop
  endfacet
  facet normal 0 0 1
    outer loop
      vertex 103.919 170.254 0.2
      vertex 102.081 170.254 0.2
      vertex 102.026 170.173 0.2
    endloop
  endfacet
  facet normal -0 0 1
    outer loop
      vertex 101.945 170.119 0.2
      vertex 103.117 168.099 0.2
      vertex 102.026 170.173 0.2
    endloop
  endfacet
  facet normal 0 0 1
    outer loop
      vertex 103.117 168.099 0.2
      vertex 101.945 170.119 0.2
      vertex 103.069 168.066 0.2
    endloop
  endfacet
  facet normal -0 0 1
    outer loop
      vertex 101.85 170.1 0.2
      vertex 103.069 168.066 0.2
      vertex 101.945 170.119 0.2
    endloop
  endfacet
  facet normal 0 0 1
    outer loop
      vertex 103.069 168.066 0.2
      vertex 101.85 170.1 0.2
      vertex 103.036 168.018 0.2
    endloop
  endfacet
  facet normal -0 0 1
    outer loop
      vertex 101.2 170.1 0.2
      vertex 103.036 168.018 0.2
      vertex 101.85 170.1 0.2
    endloop
  endfacet
  facet normal 0 0 1
    outer loop
      vertex 103.036 168.018 0.2
      vertex 101.2 170.1 0.2
      vertex 103.025 167.96 0.2
    endloop
  endfacet
  facet normal 0 0 1
    outer loop
      vertex 103.025 167.96 0.2
      vertex 101.2 170.1 0.2
      vertex 103.025 167.66 0.2
    endloop
  endfacet
  facet normal 0 0 1
    outer loop
      vertex 131.119 105.396 0.2
      vertex 103.463 92.0492 0.2
      vertex 131.1 105.3 0.2
    endloop
  endfacet
  facet normal 0 0 1
    outer loop
      vertex 101.104 170.119 0.2
      vertex 103.025 167.66 0.2
      vertex 101.2 170.1 0.2
    endloop
  endfacet
  facet normal 0 0 1
    outer loop
      vertex 103.175 168.11 0.2
      vertex 102.026 170.173 0.2
      vertex 103.117 168.099 0.2
    endloop
  endfacet
  facet normal 0 0 1
    outer loop
      vertex 103.974 170.173 0.2
      vertex 102.026 170.173 0.2
      vertex 103.175 168.11 0.2
    endloop
  endfacet
  facet normal 0 0 1
    outer loop
      vertex 102.081 171.746 0.2
      vertex 103.919 171.746 0.2
      vertex 103.974 171.827 0.2
    endloop
  endfacet
  facet normal 0 0 1
    outer loop
      vertex 102.026 171.827 0.2
      vertex 103.974 171.827 0.2
      vertex 104.055 171.881 0.2
    endloop
  endfacet
  facet normal 0 0 1
    outer loop
      vertex 101.945 171.881 0.2
      vertex 104.055 171.881 0.2
      vertex 104.15 171.9 0.2
    endloop
  endfacet
  facet normal 0 0 1
    outer loop
      vertex 103.919 171.746 0.2
      vertex 102.081 171.746 0.2
      vertex 102.1 171.65 0.2
    endloop
  endfacet
  facet normal 0 0 1
    outer loop
      vertex 104.8 171.9 0.2
      vertex 96.3457 174.32 0.2
      vertex 104.15 171.9 0.2
    endloop
  endfacet
  facet normal 0 0 1
    outer loop
      vertex 103.974 171.827 0.2
      vertex 102.026 171.827 0.2
      vertex 102.081 171.746 0.2
    endloop
  endfacet
  facet normal 0 0 1
    outer loop
      vertex 104.055 171.881 0.2
      vertex 101.945 171.881 0.2
      vertex 102.026 171.827 0.2
    endloop
  endfacet
  facet normal 0 -0 1
    outer loop
      vertex 101.85 171.9 0.2
      vertex 104.15 171.9 0.2
      vertex 96.3457 174.32 0.2
    endloop
  endfacet
  facet normal 0 0 1
    outer loop
      vertex 104.15 171.9 0.2
      vertex 101.85 171.9 0.2
      vertex 101.945 171.881 0.2
    endloop
  endfacet
  facet normal 0 0 1
    outer loop
      vertex 96.2561 174.264 0.2
      vertex 100.95 170.35 0.2
      vertex 100.95 171.65 0.2
    endloop
  endfacet
  facet normal 0 0 1
    outer loop
      vertex 101.22 92.4168 0.2
      vertex 93.5754 126.331 0.2
      vertex 100.844 92.3341 0.2
    endloop
  endfacet
  facet normal 0 0 1
    outer loop
      vertex 100.844 92.3341 0.2
      vertex 93.5754 126.331 0.2
      vertex 100.478 92.2116 0.2
    endloop
  endfacet
  facet normal 0 0 1
    outer loop
      vertex 100.478 92.2116 0.2
      vertex 93.5754 126.331 0.2
      vertex 100.129 92.0492 0.2
    endloop
  endfacet
  facet normal 0 0 1
    outer loop
      vertex 100.129 92.0492 0.2
      vertex 93.5754 126.331 0.2
      vertex 99.7983 91.8507 0.2
    endloop
  endfacet
  facet normal 0 0 1
    outer loop
      vertex 99.7983 91.8507 0.2
      vertex 93.5754 126.331 0.2
      vertex 99.4917 91.6181 0.2
    endloop
  endfacet
  facet normal 0 0 1
    outer loop
      vertex 99.4917 91.6181 0.2
      vertex 93.5754 126.331 0.2
      vertex 99.2124 91.3521 0.2
    endloop
  endfacet
  facet normal 0 0 1
    outer loop
      vertex 99.2124 91.3521 0.2
      vertex 93.5754 126.331 0.2
      vertex 98.9625 91.0584 0.2
    endloop
  endfacet
  facet normal 0 0 1
    outer loop
      vertex 98.9625 91.0584 0.2
      vertex 93.5754 126.331 0.2
      vertex 98.7459 90.7393 0.2
    endloop
  endfacet
  facet normal 0 0 1
    outer loop
      vertex 88.0345 80.3459 0.2
      vertex 98.7459 90.7393 0.2
      vertex 93.5754 126.331 0.2
    endloop
  endfacet
  facet normal 0 0 1
    outer loop
      vertex 98.7459 90.7393 0.2
      vertex 88.0345 80.3459 0.2
      vertex 98.5655 90.3993 0.2
    endloop
  endfacet
  facet normal 0 0 1
    outer loop
      vertex 98.5655 90.3993 0.2
      vertex 88.0345 80.3459 0.2
      vertex 98.423 90.0413 0.2
    endloop
  endfacet
  facet normal 0 0 1
    outer loop
      vertex 98.423 90.0413 0.2
      vertex 88.0345 80.3459 0.2
      vertex 98.3195 89.6699 0.2
    endloop
  endfacet
  facet normal 0 0 1
    outer loop
      vertex 96.3234 74.6137 0.2
      vertex 98.2367 74.6963 0.2
      vertex 98.2367 88.9017 0.2
    endloop
  endfacet
  facet normal 0 -0 1
    outer loop
      vertex 96.3799 74.5963 0.2
      vertex 98.2367 74.6963 0.2
      vertex 96.3234 74.6137 0.2
    endloop
  endfacet
  facet normal 0 0 1
    outer loop
      vertex 98.3195 89.6699 0.2
      vertex 88.0345 80.3459 0.2
      vertex 98.2578 89.29 0.2
    endloop
  endfacet
  facet normal 0 0 1
    outer loop
      vertex 101.85 171.9 0.2
      vertex 96.3457 174.32 0.2
      vertex 101.2 171.9 0.2
    endloop
  endfacet
  facet normal 0 0 1
    outer loop
      vertex 96.3457 174.32 0.2
      vertex 101.104 171.881 0.2
      vertex 101.2 171.9 0.2
    endloop
  endfacet
  facet normal 0 0 1
    outer loop
      vertex 96.3457 174.32 0.2
      vertex 101.023 171.827 0.2
      vertex 101.104 171.881 0.2
    endloop
  endfacet
  facet normal 0 0 1
    outer loop
      vertex 96.3457 174.32 0.2
      vertex 100.969 171.746 0.2
      vertex 101.023 171.827 0.2
    endloop
  endfacet
  facet normal 0 0 1
    outer loop
      vertex 96.3457 174.32 0.2
      vertex 100.95 171.65 0.2
      vertex 100.969 171.746 0.2
    endloop
  endfacet
  facet normal -0 0 1
    outer loop
      vertex 96.2561 174.264 0.2
      vertex 100.95 171.65 0.2
      vertex 96.3457 174.32 0.2
    endloop
  endfacet
  facet normal 0 0 1
    outer loop
      vertex 98.2578 89.29 0.2
      vertex 88.0345 80.3459 0.2
      vertex 98.2367 88.9017 0.2
    endloop
  endfacet
  facet normal 0 0 1
    outer loop
      vertex 103.025 163.85 0.2
      vertex 91.0462 163.761 0.2
      vertex 103.036 163.793 0.2
    endloop
  endfacet
  facet normal 0 -0 1
    outer loop
      vertex 88.0773 80.2514 0.2
      vertex 98.2367 88.9017 0.2
      vertex 88.0345 80.3459 0.2
    endloop
  endfacet
  facet normal 0 0 1
    outer loop
      vertex 98.2367 74.6963 0.2
      vertex 96.3799 74.5963 0.2
      vertex 98.1367 74.5963 0.2
    endloop
  endfacet
  facet normal 0 0 1
    outer loop
      vertex 98.2367 88.9017 0.2
      vertex 88.0773 80.2514 0.2
      vertex 96.3234 74.6137 0.2
    endloop
  endfacet
  facet normal 0 0 1
    outer loop
      vertex 133.744 174.264 0.2
      vertex 132.3 171.35 0.2
      vertex 132.281 171.254 0.2
    endloop
  endfacet
  facet normal 0 0 1
    outer loop
      vertex 136.425 126.331 0.2
      vertex 132.746 105.531 0.2
      vertex 132.827 105.477 0.2
    endloop
  endfacet
  facet normal 0 0 1
    outer loop
      vertex 138.964 163.71 0.2
      vertex 126.915 167.372 0.2
      vertex 126.867 167.34 0.2
    endloop
  endfacet
  facet normal 0 0 1
    outer loop
      vertex 138.954 163.761 0.2
      vertex 127.16 167.633 0.2
      vertex 127.128 167.585 0.2
    endloop
  endfacet
  facet normal 0 0 1
    outer loop
      vertex 138.954 163.761 0.2
      vertex 132.05 171.1 0.2
      vertex 127.16 167.633 0.2
    endloop
  endfacet
  facet normal 0 0 1
    outer loop
      vertex 127.16 167.633 0.2
      vertex 132.05 171.1 0.2
      vertex 131.4 171.1 0.2
    endloop
  endfacet
  facet normal 0 0 1
    outer loop
      vertex 138.954 163.761 0.2
      vertex 127.128 167.585 0.2
      vertex 126.915 167.372 0.2
    endloop
  endfacet
  facet normal 0 0 1
    outer loop
      vertex 131.224 171.173 0.2
      vertex 129.331 171.254 0.2
      vertex 131.305 171.119 0.2
    endloop
  endfacet
  facet normal 0 0 1
    outer loop
      vertex 127.16 167.633 0.2
      vertex 131.305 171.119 0.2
      vertex 129.331 171.254 0.2
    endloop
  endfacet
  facet normal 0 0 1
    outer loop
      vertex 131.169 171.254 0.2
      vertex 129.331 171.254 0.2
      vertex 131.224 171.173 0.2
    endloop
  endfacet
  facet normal 0 0 1
    outer loop
      vertex 131.305 171.119 0.2
      vertex 127.16 167.633 0.2
      vertex 131.4 171.1 0.2
    endloop
  endfacet
  facet normal 0 0 1
    outer loop
      vertex 129.331 171.254 0.2
      vertex 131.169 171.254 0.2
      vertex 129.35 171.35 0.2
    endloop
  endfacet
  facet normal -0 0 1
    outer loop
      vertex 129.35 171.35 0.2
      vertex 131.169 171.254 0.2
      vertex 131.15 171.35 0.2
    endloop
  endfacet
  facet normal 0 0 1
    outer loop
      vertex 138.964 163.71 0.2
      vertex 126.867 167.34 0.2
      vertex 126.81 167.328 0.2
    endloop
  endfacet
  facet normal 0 0 1
    outer loop
      vertex 128.45 171.1 0.2
      vertex 126.506 169.631 0.2
      vertex 127.128 167.797 0.2
    endloop
  endfacet
  facet normal -0 0 1
    outer loop
      vertex 126.474 169.582 0.2
      vertex 127.128 167.797 0.2
      vertex 126.506 169.631 0.2
    endloop
  endfacet
  facet normal 0 0 1
    outer loop
      vertex 126.474 169.582 0.2
      vertex 126.297 168.628 0.2
      vertex 127.128 167.797 0.2
    endloop
  endfacet
  facet normal -0 0 1
    outer loop
      vertex 126.262 169.37 0.2
      vertex 126.297 168.628 0.2
      vertex 126.474 169.582 0.2
    endloop
  endfacet
  facet normal 0 0 1
    outer loop
      vertex 126.262 169.37 0.2
      vertex 126.248 168.66 0.2
      vertex 126.297 168.628 0.2
    endloop
  endfacet
  facet normal -0 0 1
    outer loop
      vertex 126.213 169.338 0.2
      vertex 126.248 168.66 0.2
      vertex 126.262 169.37 0.2
    endloop
  endfacet
  facet normal 0 0 1
    outer loop
      vertex 126.213 169.338 0.2
      vertex 126.19 168.672 0.2
      vertex 126.248 168.66 0.2
    endloop
  endfacet
  facet normal -0 0 1
    outer loop
      vertex 126.155 169.326 0.2
      vertex 126.19 168.672 0.2
      vertex 126.213 169.338 0.2
    endloop
  endfacet
  facet normal 0 0 1
    outer loop
      vertex 126.155 169.326 0.2
      vertex 126.133 168.66 0.2
      vertex 126.19 168.672 0.2
    endloop
  endfacet
  facet normal 0 0 1
    outer loop
      vertex 126.098 169.338 0.2
      vertex 126.133 168.66 0.2
      vertex 126.155 169.326 0.2
    endloop
  endfacet
  facet normal 0 0 1
    outer loop
      vertex 126.098 169.338 0.2
      vertex 126.085 168.628 0.2
      vertex 126.133 168.66 0.2
    endloop
  endfacet
  facet normal 0 0 1
    outer loop
      vertex 126.049 169.37 0.2
      vertex 126.085 168.628 0.2
      vertex 126.098 169.338 0.2
    endloop
  endfacet
  facet normal 0 0 1
    outer loop
      vertex 126.049 169.37 0.2
      vertex 125.872 168.415 0.2
      vertex 126.085 168.628 0.2
    endloop
  endfacet
  facet normal 0 0 1
    outer loop
      vertex 125.13 168.451 0.2
      vertex 126.049 169.37 0.2
      vertex 125.219 170.201 0.2
    endloop
  endfacet
  facet normal 0 -0 1
    outer loop
      vertex 125.162 168.402 0.2
      vertex 125.872 168.415 0.2
      vertex 125.13 168.451 0.2
    endloop
  endfacet
  facet normal 0 0 1
    outer loop
      vertex 126.049 169.37 0.2
      vertex 125.13 168.451 0.2
      vertex 125.872 168.415 0.2
    endloop
  endfacet
  facet normal -0.895839 -0.44438 0
    outer loop
      vertex 138.954 163.761 0.2
      vertex 133.744 174.264 1.5
      vertex 133.744 174.264 0.2
    endloop
  endfacet
  facet normal -0.895839 -0.44438 0
    outer loop
      vertex 133.744 174.264 1.5
      vertex 138.954 163.761 0.2
      vertex 138.954 163.761 1.5
    endloop
  endfacet
  facet normal -0.981314 -0.192414 0
    outer loop
      vertex 138.964 163.71 0.2
      vertex 138.954 163.761 1.5
      vertex 138.954 163.761 0.2
    endloop
  endfacet
  facet normal -0.981314 -0.192414 0
    outer loop
      vertex 138.954 163.761 1.5
      vertex 138.964 163.71 0.2
      vertex 138.964 163.71 1.5
    endloop
  endfacet
  facet normal -0.997701 0.0677697 0
    outer loop
      vertex 136.425 126.331 0.2
      vertex 138.964 163.71 1.5
      vertex 138.964 163.71 0.2
    endloop
  endfacet
  facet normal -0.997701 0.0677697 0
    outer loop
      vertex 138.964 163.71 1.5
      vertex 136.425 126.331 0.2
      vertex 136.425 126.331 1.5
    endloop
  endfacet
  facet normal -0.992823 -0.11959 0
    outer loop
      vertex 139.194 103.343 0.2
      vertex 136.425 126.331 1.5
      vertex 136.425 126.331 0.2
    endloop
  endfacet
  facet normal -0.992823 -0.11959 0
    outer loop
      vertex 136.425 126.331 1.5
      vertex 139.194 103.343 0.2
      vertex 139.194 103.343 1.5
    endloop
  endfacet
  facet normal -0.94635 0.323144 0
    outer loop
      vertex 139.166 103.261 0.2
      vertex 139.194 103.343 1.5
      vertex 139.194 103.343 0.2
    endloop
  endfacet
  facet normal -0.94635 0.323144 0
    outer loop
      vertex 139.194 103.343 1.5
      vertex 139.166 103.261 0.2
      vertex 139.166 103.261 1.5
    endloop
  endfacet
  facet normal -0.713529 0.700626 0
    outer loop
      vertex 111.049 74.6262 0.2
      vertex 139.166 103.261 1.5
      vertex 139.166 103.261 0.2
    endloop
  endfacet
  facet normal -0.713529 0.700626 0
    outer loop
      vertex 139.166 103.261 1.5
      vertex 111.049 74.6262 0.2
      vertex 111.049 74.6262 1.5
    endloop
  endfacet
  facet normal -0.388115 0.921611 0
    outer loop
      vertex 111.049 74.6262 0.2
      vertex 110.978 74.5963 1.5
      vertex 111.049 74.6262 1.5
    endloop
  endfacet
  facet normal -0.388115 0.921611 0
    outer loop
      vertex 110.978 74.5963 1.5
      vertex 111.049 74.6262 0.2
      vertex 110.978 74.5963 0.2
    endloop
  endfacet
  facet normal 0 1 -0
    outer loop
      vertex 110.978 74.5963 0.2
      vertex 105.455 74.5963 1.5
      vertex 110.978 74.5963 1.5
    endloop
  endfacet
  facet normal 0 1 0
    outer loop
      vertex 105.455 74.5963 1.5
      vertex 110.978 74.5963 0.2
      vertex 105.455 74.5963 0.2
    endloop
  endfacet
  facet normal 0.707107 0.707107 0
    outer loop
      vertex 105.455 74.5963 1.5
      vertex 105.355 74.6963 0.2
      vertex 105.355 74.6963 1.5
    endloop
  endfacet
  facet normal 0.707107 0.707107 0
    outer loop
      vertex 105.355 74.6963 0.2
      vertex 105.455 74.5963 1.5
      vertex 105.455 74.5963 0.2
    endloop
  endfacet
  facet normal 1 -0 0
    outer loop
      vertex 105.355 74.6963 1.5
      vertex 105.355 88.9017 0.2
      vertex 105.355 88.9017 1.5
    endloop
  endfacet
  facet normal 1 0 0
    outer loop
      vertex 105.355 88.9017 0.2
      vertex 105.355 74.6963 1.5
      vertex 105.355 74.6963 0.2
    endloop
  endfacet
  facet normal 0.998541 0.054003 0
    outer loop
      vertex 105.355 88.9017 1.5
      vertex 105.334 89.29 0.2
      vertex 105.334 89.29 1.5
    endloop
  endfacet
  facet normal 0.998541 0.054003 0
    outer loop
      vertex 105.334 89.29 0.2
      vertex 105.355 88.9017 1.5
      vertex 105.355 88.9017 0.2
    endloop
  endfacet
  facet normal 0.986943 0.16107 0
    outer loop
      vertex 105.334 89.29 1.5
      vertex 105.272 89.6699 0.2
      vertex 105.272 89.6699 1.5
    endloop
  endfacet
  facet normal 0.986943 0.16107 0
    outer loop
      vertex 105.272 89.6699 0.2
      vertex 105.334 89.29 1.5
      vertex 105.334 89.29 0.2
    endloop
  endfacet
  facet normal 0.963629 0.267242 0
    outer loop
      vertex 105.272 89.6699 1.5
      vertex 105.169 90.0413 0.2
      vertex 105.169 90.0413 1.5
    endloop
  endfacet
  facet normal 0.963629 0.267242 0
    outer loop
      vertex 105.169 90.0413 0.2
      vertex 105.272 89.6699 1.5
      vertex 105.272 89.6699 0.2
    endloop
  endfacet
  facet normal 0.928655 0.370943 0
    outer loop
      vertex 105.169 90.0413 1.5
      vertex 105.026 90.3993 0.2
      vertex 105.026 90.3993 1.5
    endloop
  endfacet
  facet normal 0.928655 0.370943 0
    outer loop
      vertex 105.026 90.3993 0.2
      vertex 105.169 90.0413 1.5
      vertex 105.169 90.0413 0.2
    endloop
  endfacet
  facet normal 0.883788 0.467888 0
    outer loop
      vertex 105.026 90.3993 1.5
      vertex 104.846 90.7393 0.2
      vertex 104.846 90.7393 1.5
    endloop
  endfacet
  facet normal 0.883788 0.467888 0
    outer loop
      vertex 104.846 90.7393 0.2
      vertex 105.026 90.3993 1.5
      vertex 105.026 90.3993 0.2
    endloop
  endfacet
  facet normal 0.827076 0.56209 0
    outer loop
      vertex 104.846 90.7393 1.5
      vertex 104.629 91.0586 0.2
      vertex 104.629 91.0586 1.5
    endloop
  endfacet
  facet normal 0.827076 0.56209 0
    outer loop
      vertex 104.629 91.0586 0.2
      vertex 104.846 90.7393 1.5
      vertex 104.846 90.7393 0.2
    endloop
  endfacet
  facet normal 0.762548 0.646932 0
    outer loop
      vertex 104.629 91.0586 1.5
      vertex 104.38 91.3521 0.2
      vertex 104.38 91.3521 1.5
    endloop
  endfacet
  facet normal 0.762548 0.646932 0
    outer loop
      vertex 104.38 91.3521 0.2
      vertex 104.629 91.0586 1.5
      vertex 104.629 91.0586 0.2
    endloop
  endfacet
  facet normal 0.688613 0.725129 -0
    outer loop
      vertex 104.38 91.3521 0.2
      vertex 104.1 91.618 1.5
      vertex 104.38 91.3521 1.5
    endloop
  endfacet
  facet normal 0.688613 0.725129 0
    outer loop
      vertex 104.1 91.618 1.5
      vertex 104.38 91.3521 0.2
      vertex 104.1 91.618 0.2
    endloop
  endfacet
  facet normal 0.604063 0.796937 -0
    outer loop
      vertex 104.1 91.618 0.2
      vertex 103.793 91.8507 1.5
      vertex 104.1 91.618 1.5
    endloop
  endfacet
  facet normal 0.604063 0.796937 0
    outer loop
      vertex 103.793 91.8507 1.5
      vertex 104.1 91.618 0.2
      vertex 103.793 91.8507 0.2
    endloop
  endfacet
  facet normal 0.51545 0.85692 -0
    outer loop
      vertex 103.793 91.8507 0.2
      vertex 103.463 92.0492 1.5
      vertex 103.793 91.8507 1.5
    endloop
  endfacet
  facet normal 0.51545 0.85692 0
    outer loop
      vertex 103.463 92.0492 1.5
      vertex 103.793 91.8507 0.2
      vertex 103.463 92.0492 0.2
    endloop
  endfacet
  facet normal 0.421111 0.907009 -0
    outer loop
      vertex 103.463 92.0492 0.2
      vertex 103.113 92.2117 1.5
      vertex 103.463 92.0492 1.5
    endloop
  endfacet
  facet normal 0.421111 0.907009 0
    outer loop
      vertex 103.113 92.2117 1.5
      vertex 103.463 92.0492 0.2
      vertex 103.113 92.2117 0.2
    endloop
  endfacet
  facet normal 0.318726 0.947847 -0
    outer loop
      vertex 103.113 92.2117 0.2
      vertex 102.749 92.3341 1.5
      vertex 103.113 92.2117 1.5
    endloop
  endfacet
  facet normal 0.318726 0.947847 0
    outer loop
      vertex 102.749 92.3341 1.5
      vertex 103.113 92.2117 0.2
      vertex 102.749 92.3341 0.2
    endloop
  endfacet
  facet normal 0.213728 0.976893 -0
    outer loop
      vertex 102.749 92.3341 0.2
      vertex 102.371 92.4168 1.5
      vertex 102.749 92.3341 1.5
    endloop
  endfacet
  facet normal 0.213728 0.976893 0
    outer loop
      vertex 102.371 92.4168 1.5
      vertex 102.749 92.3341 0.2
      vertex 102.371 92.4168 0.2
    endloop
  endfacet
  facet normal 0.108775 0.994066 -0
    outer loop
      vertex 102.371 92.4168 0.2
      vertex 101.989 92.4586 1.5
      vertex 102.371 92.4168 1.5
    endloop
  endfacet
  facet normal 0.108775 0.994066 0
    outer loop
      vertex 101.989 92.4586 1.5
      vertex 102.371 92.4168 0.2
      vertex 101.989 92.4586 0.2
    endloop
  endfacet
  facet normal 0 1 -0
    outer loop
      vertex 101.989 92.4586 0.2
      vertex 101.603 92.4586 1.5
      vertex 101.989 92.4586 1.5
    endloop
  endfacet
  facet normal 0 1 0
    outer loop
      vertex 101.603 92.4586 1.5
      vertex 101.989 92.4586 0.2
      vertex 101.603 92.4586 0.2
    endloop
  endfacet
  facet normal -0.108494 0.994097 0
    outer loop
      vertex 101.603 92.4586 0.2
      vertex 101.22 92.4168 1.5
      vertex 101.603 92.4586 1.5
    endloop
  endfacet
  facet normal -0.108494 0.994097 0
    outer loop
      vertex 101.22 92.4168 1.5
      vertex 101.603 92.4586 0.2
      vertex 101.22 92.4168 0.2
    endloop
  endfacet
  facet normal -0.214812 0.976655 0
    outer loop
      vertex 101.22 92.4168 0.2
      vertex 100.844 92.3341 1.5
      vertex 101.22 92.4168 1.5
    endloop
  endfacet
  facet normal -0.214812 0.976655 0
    outer loop
      vertex 100.844 92.3341 1.5
      vertex 101.22 92.4168 0.2
      vertex 100.844 92.3341 0.2
    endloop
  endfacet
  facet normal -0.317393 0.948294 0
    outer loop
      vertex 100.844 92.3341 0.2
      vertex 100.478 92.2116 1.5
      vertex 100.844 92.3341 1.5
    endloop
  endfacet
  facet normal -0.317393 0.948294 0
    outer loop
      vertex 100.478 92.2116 1.5
      vertex 100.844 92.3341 0.2
      vertex 100.478 92.2116 0.2
    endloop
  endfacet
  facet normal -0.42189 0.906647 0
    outer loop
      vertex 100.478 92.2116 0.2
      vertex 100.129 92.0492 1.5
      vertex 100.478 92.2116 1.5
    endloop
  endfacet
  facet normal -0.42189 0.906647 0
    outer loop
      vertex 100.129 92.0492 1.5
      vertex 100.478 92.2116 0.2
      vertex 100.129 92.0492 0.2
    endloop
  endfacet
  facet normal -0.514648 0.857401 0
    outer loop
      vertex 100.129 92.0492 0.2
      vertex 99.7983 91.8507 1.5
      vertex 100.129 92.0492 1.5
    endloop
  endfacet
  facet normal -0.514648 0.857401 0
    outer loop
      vertex 99.7983 91.8507 1.5
      vertex 100.129 92.0492 0.2
      vertex 99.7983 91.8507 0.2
    endloop
  endfacet
  facet normal -0.604398 0.796683 0
    outer loop
      vertex 99.7983 91.8507 0.2
      vertex 99.4917 91.6181 1.5
      vertex 99.7983 91.8507 1.5
    endloop
  endfacet
  facet normal -0.604398 0.796683 0
    outer loop
      vertex 99.4917 91.6181 1.5
      vertex 99.7983 91.8507 0.2
      vertex 99.4917 91.6181 0.2
    endloop
  endfacet
  facet normal -0.689655 0.724138 0
    outer loop
      vertex 99.4917 91.6181 0.2
      vertex 99.2124 91.3521 1.5
      vertex 99.4917 91.6181 1.5
    endloop
  endfacet
  facet normal -0.689655 0.724138 0
    outer loop
      vertex 99.2124 91.3521 1.5
      vertex 99.4917 91.6181 0.2
      vertex 99.2124 91.3521 0.2
    endloop
  endfacet
  facet normal -0.761613 0.648032 0
    outer loop
      vertex 98.9625 91.0584 0.2
      vertex 99.2124 91.3521 1.5
      vertex 99.2124 91.3521 0.2
    endloop
  endfacet
  facet normal -0.761613 0.648032 0
    outer loop
      vertex 99.2124 91.3521 1.5
      vertex 98.9625 91.0584 0.2
      vertex 98.9625 91.0584 1.5
    endloop
  endfacet
  facet normal -0.827394 0.561622 0
    outer loop
      vertex 98.7459 90.7393 0.2
      vertex 98.9625 91.0584 1.5
      vertex 98.9625 91.0584 0.2
    endloop
  endfacet
  facet normal -0.827394 0.561622 0
    outer loop
      vertex 98.9625 91.0584 1.5
      vertex 98.7459 90.7393 0.2
      vertex 98.7459 90.7393 1.5
    endloop
  endfacet
  facet normal -0.883358 0.468699 0
    outer loop
      vertex 98.5655 90.3993 0.2
      vertex 98.7459 90.7393 1.5
      vertex 98.7459 90.7393 0.2
    endloop
  endfacet
  facet normal -0.883358 0.468699 0
    outer loop
      vertex 98.7459 90.7393 1.5
      vertex 98.5655 90.3993 0.2
      vertex 98.5655 90.3993 1.5
    endloop
  endfacet
  facet normal -0.929102 0.369824 0
    outer loop
      vertex 98.423 90.0413 0.2
      vertex 98.5655 90.3993 1.5
      vertex 98.5655 90.3993 0.2
    endloop
  endfacet
  facet normal -0.929102 0.369824 0
    outer loop
      vertex 98.5655 90.3993 1.5
      vertex 98.423 90.0413 0.2
      vertex 98.423 90.0413 1.5
    endloop
  endfacet
  facet normal -0.963295 0.268446 0
    outer loop
      vertex 98.3195 89.6699 0.2
      vertex 98.423 90.0413 1.5
      vertex 98.423 90.0413 0.2
    endloop
  endfacet
  facet normal -0.963295 0.268446 0
    outer loop
      vertex 98.423 90.0413 1.5
      vertex 98.3195 89.6699 0.2
      vertex 98.3195 89.6699 1.5
    endloop
  endfacet
  facet normal -0.987067 0.160311 0
    outer loop
      vertex 98.2578 89.29 0.2
      vertex 98.3195 89.6699 1.5
      vertex 98.3195 89.6699 0.2
    endloop
  endfacet
  facet normal -0.987067 0.160311 0
    outer loop
      vertex 98.3195 89.6699 1.5
      vertex 98.2578 89.29 0.2
      vertex 98.2578 89.29 1.5
    endloop
  endfacet
  facet normal -0.998527 0.0542594 0
    outer loop
      vertex 98.2367 88.9017 0.2
      vertex 98.2578 89.29 1.5
      vertex 98.2578 89.29 0.2
    endloop
  endfacet
  facet normal -0.998527 0.0542594 0
    outer loop
      vertex 98.2578 89.29 1.5
      vertex 98.2367 88.9017 0.2
      vertex 98.2367 88.9017 1.5
    endloop
  endfacet
  facet normal -1 0 0
    outer loop
      vertex 98.2367 74.6963 0.2
      vertex 98.2367 88.9017 1.5
      vertex 98.2367 88.9017 0.2
    endloop
  endfacet
  facet normal -1 -0 0
    outer loop
      vertex 98.2367 88.9017 1.5
      vertex 98.2367 74.6963 0.2
      vertex 98.2367 74.6963 1.5
    endloop
  endfacet
  facet normal -0.707107 0.707107 0
    outer loop
      vertex 98.1367 74.5963 0.2
      vertex 98.2367 74.6963 1.5
      vertex 98.2367 74.6963 0.2
    endloop
  endfacet
  facet normal -0.707107 0.707107 0
    outer loop
      vertex 98.2367 74.6963 1.5
      vertex 98.1367 74.5963 0.2
      vertex 98.1367 74.5963 1.5
    endloop
  endfacet
  facet normal 0 1 -0
    outer loop
      vertex 98.1367 74.5963 0.2
      vertex 96.3799 74.5963 1.5
      vertex 98.1367 74.5963 1.5
    endloop
  endfacet
  facet normal 0 1 0
    outer loop
      vertex 96.3799 74.5963 1.5
      vertex 98.1367 74.5963 0.2
      vertex 96.3799 74.5963 0.2
    endloop
  endfacet
  facet normal 0.294324 0.955706 -0
    outer loop
      vertex 96.3799 74.5963 0.2
      vertex 96.3234 74.6137 1.5
      vertex 96.3799 74.5963 1.5
    endloop
  endfacet
  facet normal 0.294324 0.955706 0
    outer loop
      vertex 96.3234 74.6137 1.5
      vertex 96.3799 74.5963 0.2
      vertex 96.3234 74.6137 0.2
    endloop
  endfacet
  facet normal 0.564386 0.825511 -0
    outer loop
      vertex 96.3234 74.6137 0.2
      vertex 88.0773 80.2514 1.5
      vertex 96.3234 74.6137 1.5
    endloop
  endfacet
  facet normal 0.564386 0.825511 0
    outer loop
      vertex 88.0773 80.2514 1.5
      vertex 96.3234 74.6137 0.2
      vertex 88.0773 80.2514 0.2
    endloop
  endfacet
  facet normal 0.910927 0.412568 0
    outer loop
      vertex 88.0773 80.2514 1.5
      vertex 88.0345 80.3459 0.2
      vertex 88.0345 80.3459 1.5
    endloop
  endfacet
  facet normal 0.910927 0.412568 0
    outer loop
      vertex 88.0345 80.3459 0.2
      vertex 88.0773 80.2514 1.5
      vertex 88.0773 80.2514 0.2
    endloop
  endfacet
  facet normal 0.992819 -0.119628 0
    outer loop
      vertex 88.0345 80.3459 1.5
      vertex 93.5754 126.331 0.2
      vertex 93.5754 126.331 1.5
    endloop
  endfacet
  facet normal 0.992819 -0.119628 0
    outer loop
      vertex 93.5754 126.331 0.2
      vertex 88.0345 80.3459 1.5
      vertex 88.0345 80.3459 0.2
    endloop
  endfacet
  facet normal 0.9977 0.0677803 0
    outer loop
      vertex 93.5754 126.331 1.5
      vertex 91.036 163.71 0.2
      vertex 91.036 163.71 1.5
    endloop
  endfacet
  facet normal 0.9977 0.0677803 0
    outer loop
      vertex 91.036 163.71 0.2
      vertex 93.5754 126.331 1.5
      vertex 93.5754 126.331 0.2
    endloop
  endfacet
  facet normal 0.980581 -0.196116 0
    outer loop
      vertex 91.036 163.71 1.5
      vertex 91.0462 163.761 0.2
      vertex 91.0462 163.761 1.5
    endloop
  endfacet
  facet normal 0.980581 -0.196116 0
    outer loop
      vertex 91.0462 163.761 0.2
      vertex 91.036 163.71 1.5
      vertex 91.036 163.71 0.2
    endloop
  endfacet
  facet normal 0.895842 -0.444373 0
    outer loop
      vertex 91.0462 163.761 1.5
      vertex 96.2561 174.264 0.2
      vertex 96.2561 174.264 1.5
    endloop
  endfacet
  facet normal 0.895842 -0.444373 0
    outer loop
      vertex 96.2561 174.264 0.2
      vertex 91.0462 163.761 1.5
      vertex 91.0462 163.761 0.2
    endloop
  endfacet
  facet normal 0.529999 -0.847998 0
    outer loop
      vertex 96.2561 174.264 0.2
      vertex 96.3457 174.32 1.5
      vertex 96.2561 174.264 1.5
    endloop
  endfacet
  facet normal 0.529999 -0.847998 0
    outer loop
      vertex 96.3457 174.32 1.5
      vertex 96.2561 174.264 0.2
      vertex 96.3457 174.32 0.2
    endloop
  endfacet
  facet normal 0 -1 0
    outer loop
      vertex 96.3457 174.32 0.2
      vertex 133.654 174.32 1.5
      vertex 96.3457 174.32 1.5
    endloop
  endfacet
  facet normal 0 -1 -0
    outer loop
      vertex 133.654 174.32 1.5
      vertex 96.3457 174.32 0.2
      vertex 133.654 174.32 0.2
    endloop
  endfacet
  facet normal -0.528302 -0.849057 0
    outer loop
      vertex 133.654 174.32 0.2
      vertex 133.744 174.264 1.5
      vertex 133.654 174.32 1.5
    endloop
  endfacet
  facet normal -0.528302 -0.849057 -0
    outer loop
      vertex 133.744 174.264 1.5
      vertex 133.654 174.32 0.2
      vertex 133.744 174.264 0.2
    endloop
  endfacet
  facet normal -0.561751 -0.827306 0
    outer loop
      vertex 132.746 102.581 0
      vertex 132.827 102.526 0.2
      vertex 132.746 102.581 0.2
    endloop
  endfacet
  facet normal -0.561751 -0.827306 -0
    outer loop
      vertex 132.827 102.526 0.2
      vertex 132.746 102.581 0
      vertex 132.827 102.526 0
    endloop
  endfacet
  facet normal -0.83205 -0.5547 0
    outer loop
      vertex 132.881 102.445 0
      vertex 132.827 102.526 0.2
      vertex 132.827 102.526 0
    endloop
  endfacet
  facet normal -0.83205 -0.5547 0
    outer loop
      vertex 132.827 102.526 0.2
      vertex 132.881 102.445 0
      vertex 132.881 102.445 0.2
    endloop
  endfacet
  facet normal -0.980581 -0.196116 0
    outer loop
      vertex 132.9 102.35 0
      vertex 132.881 102.445 0.2
      vertex 132.881 102.445 0
    endloop
  endfacet
  facet normal -0.980581 -0.196116 0
    outer loop
      vertex 132.881 102.445 0.2
      vertex 132.9 102.35 0
      vertex 132.9 102.35 0.2
    endloop
  endfacet
  facet normal -1 0 0
    outer loop
      vertex 132.9 101.7 0
      vertex 132.9 102.35 0.2
      vertex 132.9 102.35 0
    endloop
  endfacet
  facet normal -1 -0 0
    outer loop
      vertex 132.9 102.35 0.2
      vertex 132.9 101.7 0
      vertex 132.9 101.7 0.2
    endloop
  endfacet
  facet normal -0.980972 0.194151 0
    outer loop
      vertex 132.881 101.604 0
      vertex 132.9 101.7 0.2
      vertex 132.9 101.7 0
    endloop
  endfacet
  facet normal -0.980972 0.194151 0
    outer loop
      vertex 132.9 101.7 0.2
      vertex 132.881 101.604 0
      vertex 132.881 101.604 0.2
    endloop
  endfacet
  facet normal -0.83205 0.5547 0
    outer loop
      vertex 132.827 101.523 0
      vertex 132.881 101.604 0.2
      vertex 132.881 101.604 0
    endloop
  endfacet
  facet normal -0.83205 0.5547 0
    outer loop
      vertex 132.881 101.604 0.2
      vertex 132.827 101.523 0
      vertex 132.827 101.523 0.2
    endloop
  endfacet
  facet normal -0.5547 0.83205 0
    outer loop
      vertex 132.827 101.523 0
      vertex 132.746 101.469 0.2
      vertex 132.827 101.523 0.2
    endloop
  endfacet
  facet normal -0.5547 0.83205 0
    outer loop
      vertex 132.746 101.469 0.2
      vertex 132.827 101.523 0
      vertex 132.746 101.469 0
    endloop
  endfacet
  facet normal -0.194151 0.980972 0
    outer loop
      vertex 132.746 101.469 0
      vertex 132.65 101.45 0.2
      vertex 132.746 101.469 0.2
    endloop
  endfacet
  facet normal -0.194151 0.980972 0
    outer loop
      vertex 132.65 101.45 0.2
      vertex 132.746 101.469 0
      vertex 132.65 101.45 0
    endloop
  endfacet
  facet normal 0 1 -0
    outer loop
      vertex 132.65 101.45 0
      vertex 131.35 101.45 0.2
      vertex 132.65 101.45 0.2
    endloop
  endfacet
  facet normal 0 1 0
    outer loop
      vertex 131.35 101.45 0.2
      vertex 132.65 101.45 0
      vertex 131.35 101.45 0
    endloop
  endfacet
  facet normal 0.194151 0.980972 -0
    outer loop
      vertex 131.35 101.45 0
      vertex 131.254 101.469 0.2
      vertex 131.35 101.45 0.2
    endloop
  endfacet
  facet normal 0.194151 0.980972 0
    outer loop
      vertex 131.254 101.469 0.2
      vertex 131.35 101.45 0
      vertex 131.254 101.469 0
    endloop
  endfacet
  facet normal 0.5547 0.83205 -0
    outer loop
      vertex 131.254 101.469 0
      vertex 131.173 101.523 0.2
      vertex 131.254 101.469 0.2
    endloop
  endfacet
  facet normal 0.5547 0.83205 0
    outer loop
      vertex 131.173 101.523 0.2
      vertex 131.254 101.469 0
      vertex 131.173 101.523 0
    endloop
  endfacet
  facet normal 0.83205 0.5547 0
    outer loop
      vertex 131.173 101.523 0.2
      vertex 131.119 101.604 0
      vertex 131.119 101.604 0.2
    endloop
  endfacet
  facet normal 0.83205 0.5547 0
    outer loop
      vertex 131.119 101.604 0
      vertex 131.173 101.523 0.2
      vertex 131.173 101.523 0
    endloop
  endfacet
  facet normal 0.980972 0.194151 0
    outer loop
      vertex 131.119 101.604 0.2
      vertex 131.1 101.7 0
      vertex 131.1 101.7 0.2
    endloop
  endfacet
  facet normal 0.980972 0.194151 0
    outer loop
      vertex 131.1 101.7 0
      vertex 131.119 101.604 0.2
      vertex 131.119 101.604 0
    endloop
  endfacet
  facet normal 1 -0 0
    outer loop
      vertex 131.1 101.7 0.2
      vertex 131.1 102.35 0
      vertex 131.1 102.35 0.2
    endloop
  endfacet
  facet normal 1 0 0
    outer loop
      vertex 131.1 102.35 0
      vertex 131.1 101.7 0.2
      vertex 131.1 101.7 0
    endloop
  endfacet
  facet normal 0.980581 -0.196116 0
    outer loop
      vertex 131.1 102.35 0.2
      vertex 131.119 102.445 0
      vertex 131.119 102.445 0.2
    endloop
  endfacet
  facet normal 0.980581 -0.196116 0
    outer loop
      vertex 131.119 102.445 0
      vertex 131.1 102.35 0.2
      vertex 131.1 102.35 0
    endloop
  endfacet
  facet normal 0.83205 -0.5547 0
    outer loop
      vertex 131.119 102.445 0.2
      vertex 131.173 102.526 0
      vertex 131.173 102.526 0.2
    endloop
  endfacet
  facet normal 0.83205 -0.5547 0
    outer loop
      vertex 131.173 102.526 0
      vertex 131.119 102.445 0.2
      vertex 131.119 102.445 0
    endloop
  endfacet
  facet normal 0.561751 -0.827306 0
    outer loop
      vertex 131.173 102.526 0
      vertex 131.254 102.581 0.2
      vertex 131.173 102.526 0.2
    endloop
  endfacet
  facet normal 0.561751 -0.827306 0
    outer loop
      vertex 131.254 102.581 0.2
      vertex 131.173 102.526 0
      vertex 131.254 102.581 0
    endloop
  endfacet
  facet normal 0.194151 -0.980972 0
    outer loop
      vertex 131.254 102.581 0
      vertex 131.35 102.6 0.2
      vertex 131.254 102.581 0.2
    endloop
  endfacet
  facet normal 0.194151 -0.980972 0
    outer loop
      vertex 131.35 102.6 0.2
      vertex 131.254 102.581 0
      vertex 131.35 102.6 0
    endloop
  endfacet
  facet normal 0 -1 0
    outer loop
      vertex 131.35 102.6 0
      vertex 132.65 102.6 0.2
      vertex 131.35 102.6 0.2
    endloop
  endfacet
  facet normal 0 -1 -0
    outer loop
      vertex 132.65 102.6 0.2
      vertex 131.35 102.6 0
      vertex 132.65 102.6 0
    endloop
  endfacet
  facet normal -0.194151 -0.980972 0
    outer loop
      vertex 132.65 102.6 0
      vertex 132.746 102.581 0.2
      vertex 132.65 102.6 0.2
    endloop
  endfacet
  facet normal -0.194151 -0.980972 -0
    outer loop
      vertex 132.746 102.581 0.2
      vertex 132.65 102.6 0
      vertex 132.746 102.581 0
    endloop
  endfacet
  facet normal -0.5547 -0.83205 0
    outer loop
      vertex 132.746 105.531 0
      vertex 132.827 105.477 0.2
      vertex 132.746 105.531 0.2
    endloop
  endfacet
  facet normal -0.5547 -0.83205 -0
    outer loop
      vertex 132.827 105.477 0.2
      vertex 132.746 105.531 0
      vertex 132.827 105.477 0
    endloop
  endfacet
  facet normal -0.83205 -0.5547 0
    outer loop
      vertex 132.881 105.396 0
      vertex 132.827 105.477 0.2
      vertex 132.827 105.477 0
    endloop
  endfacet
  facet normal -0.83205 -0.5547 0
    outer loop
      vertex 132.827 105.477 0.2
      vertex 132.881 105.396 0
      vertex 132.881 105.396 0.2
    endloop
  endfacet
  facet normal -0.980972 -0.194151 0
    outer loop
      vertex 132.9 105.3 0
      vertex 132.881 105.396 0.2
      vertex 132.881 105.396 0
    endloop
  endfacet
  facet normal -0.980972 -0.194151 0
    outer loop
      vertex 132.881 105.396 0.2
      vertex 132.9 105.3 0
      vertex 132.9 105.3 0.2
    endloop
  endfacet
  facet normal -1 0 0
    outer loop
      vertex 132.9 104.65 0
      vertex 132.9 105.3 0.2
      vertex 132.9 105.3 0
    endloop
  endfacet
  facet normal -1 -0 0
    outer loop
      vertex 132.9 105.3 0.2
      vertex 132.9 104.65 0
      vertex 132.9 104.65 0.2
    endloop
  endfacet
  facet normal -0.980581 0.196116 0
    outer loop
      vertex 132.881 104.555 0
      vertex 132.9 104.65 0.2
      vertex 132.9 104.65 0
    endloop
  endfacet
  facet normal -0.980581 0.196116 0
    outer loop
      vertex 132.9 104.65 0.2
      vertex 132.881 104.555 0
      vertex 132.881 104.555 0.2
    endloop
  endfacet
  facet normal -0.83205 0.5547 0
    outer loop
      vertex 132.827 104.474 0
      vertex 132.881 104.555 0.2
      vertex 132.881 104.555 0
    endloop
  endfacet
  facet normal -0.83205 0.5547 0
    outer loop
      vertex 132.881 104.555 0.2
      vertex 132.827 104.474 0
      vertex 132.827 104.474 0.2
    endloop
  endfacet
  facet normal -0.561751 0.827306 0
    outer loop
      vertex 132.827 104.474 0
      vertex 132.746 104.419 0.2
      vertex 132.827 104.474 0.2
    endloop
  endfacet
  facet normal -0.561751 0.827306 0
    outer loop
      vertex 132.746 104.419 0.2
      vertex 132.827 104.474 0
      vertex 132.746 104.419 0
    endloop
  endfacet
  facet normal -0.194151 0.980972 0
    outer loop
      vertex 132.746 104.419 0
      vertex 132.65 104.4 0.2
      vertex 132.746 104.419 0.2
    endloop
  endfacet
  facet normal -0.194151 0.980972 0
    outer loop
      vertex 132.65 104.4 0.2
      vertex 132.746 104.419 0
      vertex 132.65 104.4 0
    endloop
  endfacet
  facet normal 0 1 -0
    outer loop
      vertex 132.65 104.4 0
      vertex 131.35 104.4 0.2
      vertex 132.65 104.4 0.2
    endloop
  endfacet
  facet normal 0 1 0
    outer loop
      vertex 131.35 104.4 0.2
      vertex 132.65 104.4 0
      vertex 131.35 104.4 0
    endloop
  endfacet
  facet normal 0.194151 0.980972 -0
    outer loop
      vertex 131.35 104.4 0
      vertex 131.254 104.419 0.2
      vertex 131.35 104.4 0.2
    endloop
  endfacet
  facet normal 0.194151 0.980972 0
    outer loop
      vertex 131.254 104.419 0.2
      vertex 131.35 104.4 0
      vertex 131.254 104.419 0
    endloop
  endfacet
  facet normal 0.561751 0.827306 -0
    outer loop
      vertex 131.254 104.419 0
      vertex 131.173 104.474 0.2
      vertex 131.254 104.419 0.2
    endloop
  endfacet
  facet normal 0.561751 0.827306 0
    outer loop
      vertex 131.173 104.474 0.2
      vertex 131.254 104.419 0
      vertex 131.173 104.474 0
    endloop
  endfacet
  facet normal 0.83205 0.5547 0
    outer loop
      vertex 131.173 104.474 0.2
      vertex 131.119 104.555 0
      vertex 131.119 104.555 0.2
    endloop
  endfacet
  facet normal 0.83205 0.5547 0
    outer loop
      vertex 131.119 104.555 0
      vertex 131.173 104.474 0.2
      vertex 131.173 104.474 0
    endloop
  endfacet
  facet normal 0.980581 0.196116 0
    outer loop
      vertex 131.119 104.555 0.2
      vertex 131.1 104.65 0
      vertex 131.1 104.65 0.2
    endloop
  endfacet
  facet normal 0.980581 0.196116 0
    outer loop
      vertex 131.1 104.65 0
      vertex 131.119 104.555 0.2
      vertex 131.119 104.555 0
    endloop
  endfacet
  facet normal 1 -0 0
    outer loop
      vertex 131.1 104.65 0.2
      vertex 131.1 105.3 0
      vertex 131.1 105.3 0.2
    endloop
  endfacet
  facet normal 1 0 0
    outer loop
      vertex 131.1 105.3 0
      vertex 131.1 104.65 0.2
      vertex 131.1 104.65 0
    endloop
  endfacet
  facet normal 0.980972 -0.194151 0
    outer loop
      vertex 131.1 105.3 0.2
      vertex 131.119 105.396 0
      vertex 131.119 105.396 0.2
    endloop
  endfacet
  facet normal 0.980972 -0.194151 0
    outer loop
      vertex 131.119 105.396 0
      vertex 131.1 105.3 0.2
      vertex 131.1 105.3 0
    endloop
  endfacet
  facet normal 0.83205 -0.5547 0
    outer loop
      vertex 131.119 105.396 0.2
      vertex 131.173 105.477 0
      vertex 131.173 105.477 0.2
    endloop
  endfacet
  facet normal 0.83205 -0.5547 0
    outer loop
      vertex 131.173 105.477 0
      vertex 131.119 105.396 0.2
      vertex 131.119 105.396 0
    endloop
  endfacet
  facet normal 0.5547 -0.83205 0
    outer loop
      vertex 131.173 105.477 0
      vertex 131.254 105.531 0.2
      vertex 131.173 105.477 0.2
    endloop
  endfacet
  facet normal 0.5547 -0.83205 0
    outer loop
      vertex 131.254 105.531 0.2
      vertex 131.173 105.477 0
      vertex 131.254 105.531 0
    endloop
  endfacet
  facet normal 0.194151 -0.980972 0
    outer loop
      vertex 131.254 105.531 0
      vertex 131.35 105.55 0.2
      vertex 131.254 105.531 0.2
    endloop
  endfacet
  facet normal 0.194151 -0.980972 0
    outer loop
      vertex 131.35 105.55 0.2
      vertex 131.254 105.531 0
      vertex 131.35 105.55 0
    endloop
  endfacet
  facet normal 0 -1 0
    outer loop
      vertex 131.35 105.55 0
      vertex 132.65 105.55 0.2
      vertex 131.35 105.55 0.2
    endloop
  endfacet
  facet normal 0 -1 -0
    outer loop
      vertex 132.65 105.55 0.2
      vertex 131.35 105.55 0
      vertex 132.65 105.55 0
    endloop
  endfacet
  facet normal -0.194151 -0.980972 0
    outer loop
      vertex 132.65 105.55 0
      vertex 132.746 105.531 0.2
      vertex 132.65 105.55 0.2
    endloop
  endfacet
  facet normal -0.194151 -0.980972 -0
    outer loop
      vertex 132.746 105.531 0.2
      vertex 132.65 105.55 0
      vertex 132.746 105.531 0
    endloop
  endfacet
  facet normal -0.5586 -0.829437 0
    outer loop
      vertex 109.832 164.289 0
      vertex 109.881 164.256 0.2
      vertex 109.832 164.289 0.2
    endloop
  endfacet
  facet normal -0.5586 -0.829437 -0
    outer loop
      vertex 109.881 164.256 0.2
      vertex 109.832 164.289 0
      vertex 109.881 164.256 0
    endloop
  endfacet
  facet normal -0.829437 -0.5586 0
    outer loop
      vertex 109.914 164.207 0
      vertex 109.881 164.256 0.2
      vertex 109.881 164.256 0
    endloop
  endfacet
  facet normal -0.829437 -0.5586 0
    outer loop
      vertex 109.881 164.256 0.2
      vertex 109.914 164.207 0
      vertex 109.914 164.207 0.2
    endloop
  endfacet
  facet normal -0.981883 -0.189486 0
    outer loop
      vertex 109.925 164.15 0
      vertex 109.914 164.207 0.2
      vertex 109.914 164.207 0
    endloop
  endfacet
  facet normal -0.981883 -0.189486 0
    outer loop
      vertex 109.914 164.207 0.2
      vertex 109.925 164.15 0
      vertex 109.925 164.15 0.2
    endloop
  endfacet
  facet normal -1 0 0
    outer loop
      vertex 109.925 163.85 0
      vertex 109.925 164.15 0.2
      vertex 109.925 164.15 0
    endloop
  endfacet
  facet normal -1 -0 0
    outer loop
      vertex 109.925 164.15 0.2
      vertex 109.925 163.85 0
      vertex 109.925 163.85 0.2
    endloop
  endfacet
  facet normal -0.981883 0.189486 0
    outer loop
      vertex 109.914 163.793 0
      vertex 109.925 163.85 0.2
      vertex 109.925 163.85 0
    endloop
  endfacet
  facet normal -0.981883 0.189486 0
    outer loop
      vertex 109.925 163.85 0.2
      vertex 109.914 163.793 0
      vertex 109.914 163.793 0.2
    endloop
  endfacet
  facet normal -0.829437 0.5586 0
    outer loop
      vertex 109.881 163.744 0
      vertex 109.914 163.793 0.2
      vertex 109.914 163.793 0
    endloop
  endfacet
  facet normal -0.829437 0.5586 0
    outer loop
      vertex 109.914 163.793 0.2
      vertex 109.881 163.744 0
      vertex 109.881 163.744 0.2
    endloop
  endfacet
  facet normal -0.5586 0.829437 0
    outer loop
      vertex 109.881 163.744 0
      vertex 109.832 163.711 0.2
      vertex 109.881 163.744 0.2
    endloop
  endfacet
  facet normal -0.5586 0.829437 0
    outer loop
      vertex 109.832 163.711 0.2
      vertex 109.881 163.744 0
      vertex 109.832 163.711 0
    endloop
  endfacet
  facet normal -0.189486 0.981883 0
    outer loop
      vertex 109.832 163.711 0
      vertex 109.775 163.7 0.2
      vertex 109.832 163.711 0.2
    endloop
  endfacet
  facet normal -0.189486 0.981883 0
    outer loop
      vertex 109.775 163.7 0.2
      vertex 109.832 163.711 0
      vertex 109.775 163.7 0
    endloop
  endfacet
  facet normal 0 1 -0
    outer loop
      vertex 109.775 163.7 0
      vertex 108.125 163.7 0.2
      vertex 109.775 163.7 0.2
    endloop
  endfacet
  facet normal 0 1 0
    outer loop
      vertex 108.125 163.7 0.2
      vertex 109.775 163.7 0
      vertex 108.125 163.7 0
    endloop
  endfacet
  facet normal 0.186334 0.982487 -0
    outer loop
      vertex 108.125 163.7 0
      vertex 108.067 163.711 0.2
      vertex 108.125 163.7 0.2
    endloop
  endfacet
  facet normal 0.186334 0.982487 0
    outer loop
      vertex 108.067 163.711 0.2
      vertex 108.125 163.7 0
      vertex 108.067 163.711 0
    endloop
  endfacet
  facet normal 0.566529 0.824042 -0
    outer loop
      vertex 108.067 163.711 0
      vertex 108.019 163.744 0.2
      vertex 108.067 163.711 0.2
    endloop
  endfacet
  facet normal 0.566529 0.824042 0
    outer loop
      vertex 108.019 163.744 0.2
      vertex 108.067 163.711 0
      vertex 108.019 163.744 0
    endloop
  endfacet
  facet normal 0.829437 0.5586 0
    outer loop
      vertex 108.019 163.744 0.2
      vertex 107.986 163.793 0
      vertex 107.986 163.793 0.2
    endloop
  endfacet
  facet normal 0.829437 0.5586 0
    outer loop
      vertex 107.986 163.793 0
      vertex 108.019 163.744 0.2
      vertex 108.019 163.744 0
    endloop
  endfacet
  facet normal 0.981883 0.189486 0
    outer loop
      vertex 107.986 163.793 0.2
      vertex 107.975 163.85 0
      vertex 107.975 163.85 0.2
    endloop
  endfacet
  facet normal 0.981883 0.189486 0
    outer loop
      vertex 107.975 163.85 0
      vertex 107.986 163.793 0.2
      vertex 107.986 163.793 0
    endloop
  endfacet
  facet normal 1 -0 0
    outer loop
      vertex 107.975 163.85 0.2
      vertex 107.975 164.15 0
      vertex 107.975 164.15 0.2
    endloop
  endfacet
  facet normal 1 0 0
    outer loop
      vertex 107.975 164.15 0
      vertex 107.975 163.85 0.2
      vertex 107.975 163.85 0
    endloop
  endfacet
  facet normal 0.981883 -0.189486 0
    outer loop
      vertex 107.975 164.15 0.2
      vertex 107.986 164.207 0
      vertex 107.986 164.207 0.2
    endloop
  endfacet
  facet normal 0.981883 -0.189486 0
    outer loop
      vertex 107.986 164.207 0
      vertex 107.975 164.15 0.2
      vertex 107.975 164.15 0
    endloop
  endfacet
  facet normal 0.829437 -0.5586 0
    outer loop
      vertex 107.986 164.207 0.2
      vertex 108.019 164.256 0
      vertex 108.019 164.256 0.2
    endloop
  endfacet
  facet normal 0.829437 -0.5586 0
    outer loop
      vertex 108.019 164.256 0
      vertex 107.986 164.207 0.2
      vertex 107.986 164.207 0
    endloop
  endfacet
  facet normal 0.566529 -0.824042 0
    outer loop
      vertex 108.019 164.256 0
      vertex 108.067 164.289 0.2
      vertex 108.019 164.256 0.2
    endloop
  endfacet
  facet normal 0.566529 -0.824042 0
    outer loop
      vertex 108.067 164.289 0.2
      vertex 108.019 164.256 0
      vertex 108.067 164.289 0
    endloop
  endfacet
  facet normal 0.186334 -0.982487 0
    outer loop
      vertex 108.067 164.289 0
      vertex 108.125 164.3 0.2
      vertex 108.067 164.289 0.2
    endloop
  endfacet
  facet normal 0.186334 -0.982487 0
    outer loop
      vertex 108.125 164.3 0.2
      vertex 108.067 164.289 0
      vertex 108.125 164.3 0
    endloop
  endfacet
  facet normal 0 -1 0
    outer loop
      vertex 108.125 164.3 0
      vertex 109.775 164.3 0.2
      vertex 108.125 164.3 0.2
    endloop
  endfacet
  facet normal 0 -1 -0
    outer loop
      vertex 109.775 164.3 0.2
      vertex 108.125 164.3 0
      vertex 109.775 164.3 0
    endloop
  endfacet
  facet normal -0.189486 -0.981883 0
    outer loop
      vertex 109.775 164.3 0
      vertex 109.832 164.289 0.2
      vertex 109.775 164.3 0.2
    endloop
  endfacet
  facet normal -0.189486 -0.981883 -0
    outer loop
      vertex 109.832 164.289 0.2
      vertex 109.775 164.3 0
      vertex 109.832 164.289 0
    endloop
  endfacet
  facet normal -0.566529 -0.824042 0
    outer loop
      vertex 104.883 164.289 0
      vertex 104.931 164.256 0.2
      vertex 104.883 164.289 0.2
    endloop
  endfacet
  facet normal -0.566529 -0.824042 -0
    outer loop
      vertex 104.931 164.256 0.2
      vertex 104.883 164.289 0
      vertex 104.931 164.256 0
    endloop
  endfacet
  facet normal -0.829437 -0.5586 0
    outer loop
      vertex 104.964 164.207 0
      vertex 104.931 164.256 0.2
      vertex 104.931 164.256 0
    endloop
  endfacet
  facet normal -0.829437 -0.5586 0
    outer loop
      vertex 104.931 164.256 0.2
      vertex 104.964 164.207 0
      vertex 104.964 164.207 0.2
    endloop
  endfacet
  facet normal -0.981883 -0.189486 0
    outer loop
      vertex 104.975 164.15 0
      vertex 104.964 164.207 0.2
      vertex 104.964 164.207 0
    endloop
  endfacet
  facet normal -0.981883 -0.189486 0
    outer loop
      vertex 104.964 164.207 0.2
      vertex 104.975 164.15 0
      vertex 104.975 164.15 0.2
    endloop
  endfacet
  facet normal -1 0 0
    outer loop
      vertex 104.975 163.85 0
      vertex 104.975 164.15 0.2
      vertex 104.975 164.15 0
    endloop
  endfacet
  facet normal -1 -0 0
    outer loop
      vertex 104.975 164.15 0.2
      vertex 104.975 163.85 0
      vertex 104.975 163.85 0.2
    endloop
  endfacet
  facet normal -0.981883 0.189486 0
    outer loop
      vertex 104.964 163.793 0
      vertex 104.975 163.85 0.2
      vertex 104.975 163.85 0
    endloop
  endfacet
  facet normal -0.981883 0.189486 0
    outer loop
      vertex 104.975 163.85 0.2
      vertex 104.964 163.793 0
      vertex 104.964 163.793 0.2
    endloop
  endfacet
  facet normal -0.829437 0.5586 0
    outer loop
      vertex 104.931 163.744 0
      vertex 104.964 163.793 0.2
      vertex 104.964 163.793 0
    endloop
  endfacet
  facet normal -0.829437 0.5586 0
    outer loop
      vertex 104.964 163.793 0.2
      vertex 104.931 163.744 0
      vertex 104.931 163.744 0.2
    endloop
  endfacet
  facet normal -0.566529 0.824042 0
    outer loop
      vertex 104.931 163.744 0
      vertex 104.883 163.711 0.2
      vertex 104.931 163.744 0.2
    endloop
  endfacet
  facet normal -0.566529 0.824042 0
    outer loop
      vertex 104.883 163.711 0.2
      vertex 104.931 163.744 0
      vertex 104.883 163.711 0
    endloop
  endfacet
  facet normal -0.186334 0.982487 0
    outer loop
      vertex 104.883 163.711 0
      vertex 104.825 163.7 0.2
      vertex 104.883 163.711 0.2
    endloop
  endfacet
  facet normal -0.186334 0.982487 0
    outer loop
      vertex 104.825 163.7 0.2
      vertex 104.883 163.711 0
      vertex 104.825 163.7 0
    endloop
  endfacet
  facet normal 0 1 -0
    outer loop
      vertex 104.825 163.7 0
      vertex 103.175 163.7 0.2
      vertex 104.825 163.7 0.2
    endloop
  endfacet
  facet normal 0 1 0
    outer loop
      vertex 103.175 163.7 0.2
      vertex 104.825 163.7 0
      vertex 103.175 163.7 0
    endloop
  endfacet
  facet normal 0.186334 0.982487 -0
    outer loop
      vertex 103.175 163.7 0
      vertex 103.117 163.711 0.2
      vertex 103.175 163.7 0.2
    endloop
  endfacet
  facet normal 0.186334 0.982487 0
    outer loop
      vertex 103.117 163.711 0.2
      vertex 103.175 163.7 0
      vertex 103.117 163.711 0
    endloop
  endfacet
  facet normal 0.566529 0.824042 -0
    outer loop
      vertex 103.117 163.711 0
      vertex 103.069 163.744 0.2
      vertex 103.117 163.711 0.2
    endloop
  endfacet
  facet normal 0.566529 0.824042 0
    outer loop
      vertex 103.069 163.744 0.2
      vertex 103.117 163.711 0
      vertex 103.069 163.744 0
    endloop
  endfacet
  facet normal 0.829437 0.5586 0
    outer loop
      vertex 103.069 163.744 0.2
      vertex 103.036 163.793 0
      vertex 103.036 163.793 0.2
    endloop
  endfacet
  facet normal 0.829437 0.5586 0
    outer loop
      vertex 103.036 163.793 0
      vertex 103.069 163.744 0.2
      vertex 103.069 163.744 0
    endloop
  endfacet
  facet normal 0.981883 0.189486 0
    outer loop
      vertex 103.036 163.793 0.2
      vertex 103.025 163.85 0
      vertex 103.025 163.85 0.2
    endloop
  endfacet
  facet normal 0.981883 0.189486 0
    outer loop
      vertex 103.025 163.85 0
      vertex 103.036 163.793 0.2
      vertex 103.036 163.793 0
    endloop
  endfacet
  facet normal 1 -0 0
    outer loop
      vertex 103.025 163.85 0.2
      vertex 103.025 164.15 0
      vertex 103.025 164.15 0.2
    endloop
  endfacet
  facet normal 1 0 0
    outer loop
      vertex 103.025 164.15 0
      vertex 103.025 163.85 0.2
      vertex 103.025 163.85 0
    endloop
  endfacet
  facet normal 0.981883 -0.189486 0
    outer loop
      vertex 103.025 164.15 0.2
      vertex 103.036 164.207 0
      vertex 103.036 164.207 0.2
    endloop
  endfacet
  facet normal 0.981883 -0.189486 0
    outer loop
      vertex 103.036 164.207 0
      vertex 103.025 164.15 0.2
      vertex 103.025 164.15 0
    endloop
  endfacet
  facet normal 0.829437 -0.5586 0
    outer loop
      vertex 103.036 164.207 0.2
      vertex 103.069 164.256 0
      vertex 103.069 164.256 0.2
    endloop
  endfacet
  facet normal 0.829437 -0.5586 0
    outer loop
      vertex 103.069 164.256 0
      vertex 103.036 164.207 0.2
      vertex 103.036 164.207 0
    endloop
  endfacet
  facet normal 0.566529 -0.824042 0
    outer loop
      vertex 103.069 164.256 0
      vertex 103.117 164.289 0.2
      vertex 103.069 164.256 0.2
    endloop
  endfacet
  facet normal 0.566529 -0.824042 0
    outer loop
      vertex 103.117 164.289 0.2
      vertex 103.069 164.256 0
      vertex 103.117 164.289 0
    endloop
  endfacet
  facet normal 0.186334 -0.982487 0
    outer loop
      vertex 103.117 164.289 0
      vertex 103.175 164.3 0.2
      vertex 103.117 164.289 0.2
    endloop
  endfacet
  facet normal 0.186334 -0.982487 0
    outer loop
      vertex 103.175 164.3 0.2
      vertex 103.117 164.289 0
      vertex 103.175 164.3 0
    endloop
  endfacet
  facet normal 0 -1 0
    outer loop
      vertex 103.175 164.3 0
      vertex 104.825 164.3 0.2
      vertex 103.175 164.3 0.2
    endloop
  endfacet
  facet normal 0 -1 -0
    outer loop
      vertex 104.825 164.3 0.2
      vertex 103.175 164.3 0
      vertex 104.825 164.3 0
    endloop
  endfacet
  facet normal -0.186334 -0.982487 0
    outer loop
      vertex 104.825 164.3 0
      vertex 104.883 164.289 0.2
      vertex 104.825 164.3 0.2
    endloop
  endfacet
  facet normal -0.186334 -0.982487 -0
    outer loop
      vertex 104.883 164.289 0.2
      vertex 104.825 164.3 0
      vertex 104.883 164.289 0
    endloop
  endfacet
  facet normal -0.5586 -0.829437 0
    outer loop
      vertex 109.832 165.559 0
      vertex 109.881 165.526 0.2
      vertex 109.832 165.559 0.2
    endloop
  endfacet
  facet normal -0.5586 -0.829437 -0
    outer loop
      vertex 109.881 165.526 0.2
      vertex 109.832 165.559 0
      vertex 109.881 165.526 0
    endloop
  endfacet
  facet normal -0.824042 -0.566529 0
    outer loop
      vertex 109.914 165.478 0
      vertex 109.881 165.526 0.2
      vertex 109.881 165.526 0
    endloop
  endfacet
  facet normal -0.824042 -0.566529 0
    outer loop
      vertex 109.881 165.526 0.2
      vertex 109.914 165.478 0
      vertex 109.914 165.478 0.2
    endloop
  endfacet
  facet normal -0.982487 -0.186334 0
    outer loop
      vertex 109.925 165.42 0
      vertex 109.914 165.478 0.2
      vertex 109.914 165.478 0
    endloop
  endfacet
  facet normal -0.982487 -0.186334 0
    outer loop
      vertex 109.914 165.478 0.2
      vertex 109.925 165.42 0
      vertex 109.925 165.42 0.2
    endloop
  endfacet
  facet normal -1 0 0
    outer loop
      vertex 109.925 165.12 0
      vertex 109.925 165.42 0.2
      vertex 109.925 165.42 0
    endloop
  endfacet
  facet normal -1 -0 0
    outer loop
      vertex 109.925 165.42 0.2
      vertex 109.925 165.12 0
      vertex 109.925 165.12 0.2
    endloop
  endfacet
  facet normal -0.982487 0.186334 0
    outer loop
      vertex 109.914 165.062 0
      vertex 109.925 165.12 0.2
      vertex 109.925 165.12 0
    endloop
  endfacet
  facet normal -0.982487 0.186334 0
    outer loop
      vertex 109.925 165.12 0.2
      vertex 109.914 165.062 0
      vertex 109.914 165.062 0.2
    endloop
  endfacet
  facet normal -0.824042 0.566529 0
    outer loop
      vertex 109.881 165.014 0
      vertex 109.914 165.062 0.2
      vertex 109.914 165.062 0
    endloop
  endfacet
  facet normal -0.824042 0.566529 0
    outer loop
      vertex 109.914 165.062 0.2
      vertex 109.881 165.014 0
      vertex 109.881 165.014 0.2
    endloop
  endfacet
  facet normal -0.5586 0.829437 0
    outer loop
      vertex 109.881 165.014 0
      vertex 109.832 164.981 0.2
      vertex 109.881 165.014 0.2
    endloop
  endfacet
  facet normal -0.5586 0.829437 0
    outer loop
      vertex 109.832 164.981 0.2
      vertex 109.881 165.014 0
      vertex 109.832 164.981 0
    endloop
  endfacet
  facet normal -0.189486 0.981883 0
    outer loop
      vertex 109.832 164.981 0
      vertex 109.775 164.97 0.2
      vertex 109.832 164.981 0.2
    endloop
  endfacet
  facet normal -0.189486 0.981883 0
    outer loop
      vertex 109.775 164.97 0.2
      vertex 109.832 164.981 0
      vertex 109.775 164.97 0
    endloop
  endfacet
  facet normal 0 1 -0
    outer loop
      vertex 109.775 164.97 0
      vertex 108.125 164.97 0.2
      vertex 109.775 164.97 0.2
    endloop
  endfacet
  facet normal 0 1 0
    outer loop
      vertex 108.125 164.97 0.2
      vertex 109.775 164.97 0
      vertex 108.125 164.97 0
    endloop
  endfacet
  facet normal 0.186334 0.982487 -0
    outer loop
      vertex 108.125 164.97 0
      vertex 108.067 164.981 0.2
      vertex 108.125 164.97 0.2
    endloop
  endfacet
  facet normal 0.186334 0.982487 0
    outer loop
      vertex 108.067 164.981 0.2
      vertex 108.125 164.97 0
      vertex 108.067 164.981 0
    endloop
  endfacet
  facet normal 0.566529 0.824042 -0
    outer loop
      vertex 108.067 164.981 0
      vertex 108.019 165.014 0.2
      vertex 108.067 164.981 0.2
    endloop
  endfacet
  facet normal 0.566529 0.824042 0
    outer loop
      vertex 108.019 165.014 0.2
      vertex 108.067 164.981 0
      vertex 108.019 165.014 0
    endloop
  endfacet
  facet normal 0.824042 0.566529 0
    outer loop
      vertex 108.019 165.014 0.2
      vertex 107.986 165.062 0
      vertex 107.986 165.062 0.2
    endloop
  endfacet
  facet normal 0.824042 0.566529 0
    outer loop
      vertex 107.986 165.062 0
      vertex 108.019 165.014 0.2
      vertex 108.019 165.014 0
    endloop
  endfacet
  facet normal 0.982487 0.186334 0
    outer loop
      vertex 107.986 165.062 0.2
      vertex 107.975 165.12 0
      vertex 107.975 165.12 0.2
    endloop
  endfacet
  facet normal 0.982487 0.186334 0
    outer loop
      vertex 107.975 165.12 0
      vertex 107.986 165.062 0.2
      vertex 107.986 165.062 0
    endloop
  endfacet
  facet normal 1 -0 0
    outer loop
      vertex 107.975 165.12 0.2
      vertex 107.975 165.42 0
      vertex 107.975 165.42 0.2
    endloop
  endfacet
  facet normal 1 0 0
    outer loop
      vertex 107.975 165.42 0
      vertex 107.975 165.12 0.2
      vertex 107.975 165.12 0
    endloop
  endfacet
  facet normal 0.982487 -0.186334 0
    outer loop
      vertex 107.975 165.42 0.2
      vertex 107.986 165.478 0
      vertex 107.986 165.478 0.2
    endloop
  endfacet
  facet normal 0.982487 -0.186334 0
    outer loop
      vertex 107.986 165.478 0
      vertex 107.975 165.42 0.2
      vertex 107.975 165.42 0
    endloop
  endfacet
  facet normal 0.824042 -0.566529 0
    outer loop
      vertex 107.986 165.478 0.2
      vertex 108.019 165.526 0
      vertex 108.019 165.526 0.2
    endloop
  endfacet
  facet normal 0.824042 -0.566529 0
    outer loop
      vertex 108.019 165.526 0
      vertex 107.986 165.478 0.2
      vertex 107.986 165.478 0
    endloop
  endfacet
  facet normal 0.566529 -0.824042 0
    outer loop
      vertex 108.019 165.526 0
      vertex 108.067 165.559 0.2
      vertex 108.019 165.526 0.2
    endloop
  endfacet
  facet normal 0.566529 -0.824042 0
    outer loop
      vertex 108.067 165.559 0.2
      vertex 108.019 165.526 0
      vertex 108.067 165.559 0
    endloop
  endfacet
  facet normal 0.186334 -0.982487 0
    outer loop
      vertex 108.067 165.559 0
      vertex 108.125 165.57 0.2
      vertex 108.067 165.559 0.2
    endloop
  endfacet
  facet normal 0.186334 -0.982487 0
    outer loop
      vertex 108.125 165.57 0.2
      vertex 108.067 165.559 0
      vertex 108.125 165.57 0
    endloop
  endfacet
  facet normal 0 -1 0
    outer loop
      vertex 108.125 165.57 0
      vertex 109.775 165.57 0.2
      vertex 108.125 165.57 0.2
    endloop
  endfacet
  facet normal 0 -1 -0
    outer loop
      vertex 109.775 165.57 0.2
      vertex 108.125 165.57 0
      vertex 109.775 165.57 0
    endloop
  endfacet
  facet normal -0.189486 -0.981883 0
    outer loop
      vertex 109.775 165.57 0
      vertex 109.832 165.559 0.2
      vertex 109.775 165.57 0.2
    endloop
  endfacet
  facet normal -0.189486 -0.981883 -0
    outer loop
      vertex 109.832 165.559 0.2
      vertex 109.775 165.57 0
      vertex 109.832 165.559 0
    endloop
  endfacet
  facet normal -0.566529 -0.824042 0
    outer loop
      vertex 104.883 165.559 0
      vertex 104.931 165.526 0.2
      vertex 104.883 165.559 0.2
    endloop
  endfacet
  facet normal -0.566529 -0.824042 -0
    outer loop
      vertex 104.931 165.526 0.2
      vertex 104.883 165.559 0
      vertex 104.931 165.526 0
    endloop
  endfacet
  facet normal -0.824042 -0.566529 0
    outer loop
      vertex 104.964 165.478 0
      vertex 104.931 165.526 0.2
      vertex 104.931 165.526 0
    endloop
  endfacet
  facet normal -0.824042 -0.566529 0
    outer loop
      vertex 104.931 165.526 0.2
      vertex 104.964 165.478 0
      vertex 104.964 165.478 0.2
    endloop
  endfacet
  facet normal -0.982487 -0.186334 0
    outer loop
      vertex 104.975 165.42 0
      vertex 104.964 165.478 0.2
      vertex 104.964 165.478 0
    endloop
  endfacet
  facet normal -0.982487 -0.186334 0
    outer loop
      vertex 104.964 165.478 0.2
      vertex 104.975 165.42 0
      vertex 104.975 165.42 0.2
    endloop
  endfacet
  facet normal -1 0 0
    outer loop
      vertex 104.975 165.12 0
      vertex 104.975 165.42 0.2
      vertex 104.975 165.42 0
    endloop
  endfacet
  facet normal -1 -0 0
    outer loop
      vertex 104.975 165.42 0.2
      vertex 104.975 165.12 0
      vertex 104.975 165.12 0.2
    endloop
  endfacet
  facet normal -0.982487 0.186334 0
    outer loop
      vertex 104.964 165.062 0
      vertex 104.975 165.12 0.2
      vertex 104.975 165.12 0
    endloop
  endfacet
  facet normal -0.982487 0.186334 0
    outer loop
      vertex 104.975 165.12 0.2
      vertex 104.964 165.062 0
      vertex 104.964 165.062 0.2
    endloop
  endfacet
  facet normal -0.824042 0.566529 0
    outer loop
      vertex 104.931 165.014 0
      vertex 104.964 165.062 0.2
      vertex 104.964 165.062 0
    endloop
  endfacet
  facet normal -0.824042 0.566529 0
    outer loop
      vertex 104.964 165.062 0.2
      vertex 104.931 165.014 0
      vertex 104.931 165.014 0.2
    endloop
  endfacet
  facet normal -0.566529 0.824042 0
    outer loop
      vertex 104.931 165.014 0
      vertex 104.883 164.981 0.2
      vertex 104.931 165.014 0.2
    endloop
  endfacet
  facet normal -0.566529 0.824042 0
    outer loop
      vertex 104.883 164.981 0.2
      vertex 104.931 165.014 0
      vertex 104.883 164.981 0
    endloop
  endfacet
  facet normal -0.186334 0.982487 0
    outer loop
      vertex 104.883 164.981 0
      vertex 104.825 164.97 0.2
      vertex 104.883 164.981 0.2
    endloop
  endfacet
  facet normal -0.186334 0.982487 0
    outer loop
      vertex 104.825 164.97 0.2
      vertex 104.883 164.981 0
      vertex 104.825 164.97 0
    endloop
  endfacet
  facet normal 0 1 -0
    outer loop
      vertex 104.825 164.97 0
      vertex 103.175 164.97 0.2
      vertex 104.825 164.97 0.2
    endloop
  endfacet
  facet normal 0 1 0
    outer loop
      vertex 103.175 164.97 0.2
      vertex 104.825 164.97 0
      vertex 103.175 164.97 0
    endloop
  endfacet
  facet normal 0.186334 0.982487 -0
    outer loop
      vertex 103.175 164.97 0
      vertex 103.117 164.981 0.2
      vertex 103.175 164.97 0.2
    endloop
  endfacet
  facet normal 0.186334 0.982487 0
    outer loop
      vertex 103.117 164.981 0.2
      vertex 103.175 164.97 0
      vertex 103.117 164.981 0
    endloop
  endfacet
  facet normal 0.566529 0.824042 -0
    outer loop
      vertex 103.117 164.981 0
      vertex 103.069 165.014 0.2
      vertex 103.117 164.981 0.2
    endloop
  endfacet
  facet normal 0.566529 0.824042 0
    outer loop
      vertex 103.069 165.014 0.2
      vertex 103.117 164.981 0
      vertex 103.069 165.014 0
    endloop
  endfacet
  facet normal 0.824042 0.566529 0
    outer loop
      vertex 103.069 165.014 0.2
      vertex 103.036 165.062 0
      vertex 103.036 165.062 0.2
    endloop
  endfacet
  facet normal 0.824042 0.566529 0
    outer loop
      vertex 103.036 165.062 0
      vertex 103.069 165.014 0.2
      vertex 103.069 165.014 0
    endloop
  endfacet
  facet normal 0.982487 0.186334 0
    outer loop
      vertex 103.036 165.062 0.2
      vertex 103.025 165.12 0
      vertex 103.025 165.12 0.2
    endloop
  endfacet
  facet normal 0.982487 0.186334 0
    outer loop
      vertex 103.025 165.12 0
      vertex 103.036 165.062 0.2
      vertex 103.036 165.062 0
    endloop
  endfacet
  facet normal 1 -0 0
    outer loop
      vertex 103.025 165.12 0.2
      vertex 103.025 165.42 0
      vertex 103.025 165.42 0.2
    endloop
  endfacet
  facet normal 1 0 0
    outer loop
      vertex 103.025 165.42 0
      vertex 103.025 165.12 0.2
      vertex 103.025 165.12 0
    endloop
  endfacet
  facet normal 0.982487 -0.186334 0
    outer loop
      vertex 103.025 165.42 0.2
      vertex 103.036 165.478 0
      vertex 103.036 165.478 0.2
    endloop
  endfacet
  facet normal 0.982487 -0.186334 0
    outer loop
      vertex 103.036 165.478 0
      vertex 103.025 165.42 0.2
      vertex 103.025 165.42 0
    endloop
  endfacet
  facet normal 0.824042 -0.566529 0
    outer loop
      vertex 103.036 165.478 0.2
      vertex 103.069 165.526 0
      vertex 103.069 165.526 0.2
    endloop
  endfacet
  facet normal 0.824042 -0.566529 0
    outer loop
      vertex 103.069 165.526 0
      vertex 103.036 165.478 0.2
      vertex 103.036 165.478 0
    endloop
  endfacet
  facet normal 0.566529 -0.824042 0
    outer loop
      vertex 103.069 165.526 0
      vertex 103.117 165.559 0.2
      vertex 103.069 165.526 0.2
    endloop
  endfacet
  facet normal 0.566529 -0.824042 0
    outer loop
      vertex 103.117 165.559 0.2
      vertex 103.069 165.526 0
      vertex 103.117 165.559 0
    endloop
  endfacet
  facet normal 0.186334 -0.982487 0
    outer loop
      vertex 103.117 165.559 0
      vertex 103.175 165.57 0.2
      vertex 103.117 165.559 0.2
    endloop
  endfacet
  facet normal 0.186334 -0.982487 0
    outer loop
      vertex 103.175 165.57 0.2
      vertex 103.117 165.559 0
      vertex 103.175 165.57 0
    endloop
  endfacet
  facet normal 0 -1 0
    outer loop
      vertex 103.175 165.57 0
      vertex 104.825 165.57 0.2
      vertex 103.175 165.57 0.2
    endloop
  endfacet
  facet normal 0 -1 -0
    outer loop
      vertex 104.825 165.57 0.2
      vertex 103.175 165.57 0
      vertex 104.825 165.57 0
    endloop
  endfacet
  facet normal -0.186334 -0.982487 0
    outer loop
      vertex 104.825 165.57 0
      vertex 104.883 165.559 0.2
      vertex 104.825 165.57 0.2
    endloop
  endfacet
  facet normal -0.186334 -0.982487 -0
    outer loop
      vertex 104.883 165.559 0.2
      vertex 104.825 165.57 0
      vertex 104.883 165.559 0
    endloop
  endfacet
  facet normal -0.546789 -0.837271 0
    outer loop
      vertex 109.832 166.828 0
      vertex 109.881 166.796 0.2
      vertex 109.832 166.828 0.2
    endloop
  endfacet
  facet normal -0.546789 -0.837271 -0
    outer loop
      vertex 109.881 166.796 0.2
      vertex 109.832 166.828 0
      vertex 109.881 166.796 0
    endloop
  endfacet
  facet normal -0.829437 -0.5586 0
    outer loop
      vertex 109.914 166.747 0
      vertex 109.881 166.796 0.2
      vertex 109.881 166.796 0
    endloop
  endfacet
  facet normal -0.829437 -0.5586 0
    outer loop
      vertex 109.881 166.796 0.2
      vertex 109.914 166.747 0
      vertex 109.914 166.747 0.2
    endloop
  endfacet
  facet normal -0.981883 -0.189486 0
    outer loop
      vertex 109.925 166.69 0
      vertex 109.914 166.747 0.2
      vertex 109.914 166.747 0
    endloop
  endfacet
  facet normal -0.981883 -0.189486 0
    outer loop
      vertex 109.914 166.747 0.2
      vertex 109.925 166.69 0
      vertex 109.925 166.69 0.2
    endloop
  endfacet
  facet normal -1 0 0
    outer loop
      vertex 109.925 166.39 0
      vertex 109.925 166.69 0.2
      vertex 109.925 166.69 0
    endloop
  endfacet
  facet normal -1 -0 0
    outer loop
      vertex 109.925 166.69 0.2
      vertex 109.925 166.39 0
      vertex 109.925 166.39 0.2
    endloop
  endfacet
  facet normal -0.981883 0.189486 0
    outer loop
      vertex 109.914 166.333 0
      vertex 109.925 166.39 0.2
      vertex 109.925 166.39 0
    endloop
  endfacet
  facet normal -0.981883 0.189486 0
    outer loop
      vertex 109.925 166.39 0.2
      vertex 109.914 166.333 0
      vertex 109.914 166.333 0.2
    endloop
  endfacet
  facet normal -0.829437 0.5586 0
    outer loop
      vertex 109.881 166.284 0
      vertex 109.914 166.333 0.2
      vertex 109.914 166.333 0
    endloop
  endfacet
  facet normal -0.829437 0.5586 0
    outer loop
      vertex 109.914 166.333 0.2
      vertex 109.881 166.284 0
      vertex 109.881 166.284 0.2
    endloop
  endfacet
  facet normal -0.5586 0.829437 0
    outer loop
      vertex 109.881 166.284 0
      vertex 109.832 166.251 0.2
      vertex 109.881 166.284 0.2
    endloop
  endfacet
  facet normal -0.5586 0.829437 0
    outer loop
      vertex 109.832 166.251 0.2
      vertex 109.881 166.284 0
      vertex 109.832 166.251 0
    endloop
  endfacet
  facet normal -0.189486 0.981883 0
    outer loop
      vertex 109.832 166.251 0
      vertex 109.775 166.24 0.2
      vertex 109.832 166.251 0.2
    endloop
  endfacet
  facet normal -0.189486 0.981883 0
    outer loop
      vertex 109.775 166.24 0.2
      vertex 109.832 166.251 0
      vertex 109.775 166.24 0
    endloop
  endfacet
  facet normal 0 1 -0
    outer loop
      vertex 109.775 166.24 0
      vertex 108.125 166.24 0.2
      vertex 109.775 166.24 0.2
    endloop
  endfacet
  facet normal 0 1 0
    outer loop
      vertex 108.125 166.24 0.2
      vertex 109.775 166.24 0
      vertex 108.125 166.24 0
    endloop
  endfacet
  facet normal 0.186334 0.982487 -0
    outer loop
      vertex 108.125 166.24 0
      vertex 108.067 166.251 0.2
      vertex 108.125 166.24 0.2
    endloop
  endfacet
  facet normal 0.186334 0.982487 0
    outer loop
      vertex 108.067 166.251 0.2
      vertex 108.125 166.24 0
      vertex 108.067 166.251 0
    endloop
  endfacet
  facet normal 0.566529 0.824042 -0
    outer loop
      vertex 108.067 166.251 0
      vertex 108.019 166.284 0.2
      vertex 108.067 166.251 0.2
    endloop
  endfacet
  facet normal 0.566529 0.824042 0
    outer loop
      vertex 108.019 166.284 0.2
      vertex 108.067 166.251 0
      vertex 108.019 166.284 0
    endloop
  endfacet
  facet normal 0.829437 0.5586 0
    outer loop
      vertex 108.019 166.284 0.2
      vertex 107.986 166.333 0
      vertex 107.986 166.333 0.2
    endloop
  endfacet
  facet normal 0.829437 0.5586 0
    outer loop
      vertex 107.986 166.333 0
      vertex 108.019 166.284 0.2
      vertex 108.019 166.284 0
    endloop
  endfacet
  facet normal 0.981883 0.189486 0
    outer loop
      vertex 107.986 166.333 0.2
      vertex 107.975 166.39 0
      vertex 107.975 166.39 0.2
    endloop
  endfacet
  facet normal 0.981883 0.189486 0
    outer loop
      vertex 107.975 166.39 0
      vertex 107.986 166.333 0.2
      vertex 107.986 166.333 0
    endloop
  endfacet
  facet normal 1 -0 0
    outer loop
      vertex 107.975 166.39 0.2
      vertex 107.975 166.69 0
      vertex 107.975 166.69 0.2
    endloop
  endfacet
  facet normal 1 0 0
    outer loop
      vertex 107.975 166.69 0
      vertex 107.975 166.39 0.2
      vertex 107.975 166.39 0
    endloop
  endfacet
  facet normal 0.981883 -0.189486 0
    outer loop
      vertex 107.975 166.69 0.2
      vertex 107.986 166.747 0
      vertex 107.986 166.747 0.2
    endloop
  endfacet
  facet normal 0.981883 -0.189486 0
    outer loop
      vertex 107.986 166.747 0
      vertex 107.975 166.69 0.2
      vertex 107.975 166.69 0
    endloop
  endfacet
  facet normal 0.829437 -0.5586 0
    outer loop
      vertex 107.986 166.747 0.2
      vertex 108.019 166.796 0
      vertex 108.019 166.796 0.2
    endloop
  endfacet
  facet normal 0.829437 -0.5586 0
    outer loop
      vertex 108.019 166.796 0
      vertex 107.986 166.747 0.2
      vertex 107.986 166.747 0
    endloop
  endfacet
  facet normal 0.5547 -0.83205 0
    outer loop
      vertex 108.019 166.796 0
      vertex 108.067 166.828 0.2
      vertex 108.019 166.796 0.2
    endloop
  endfacet
  facet normal 0.5547 -0.83205 0
    outer loop
      vertex 108.067 166.828 0.2
      vertex 108.019 166.796 0
      vertex 108.067 166.828 0
    endloop
  endfacet
  facet normal 0.202606 -0.97926 0
    outer loop
      vertex 108.067 166.828 0
      vertex 108.125 166.84 0.2
      vertex 108.067 166.828 0.2
    endloop
  endfacet
  facet normal 0.202606 -0.97926 0
    outer loop
      vertex 108.125 166.84 0.2
      vertex 108.067 166.828 0
      vertex 108.125 166.84 0
    endloop
  endfacet
  facet normal 0 -1 0
    outer loop
      vertex 108.125 166.84 0
      vertex 109.775 166.84 0.2
      vertex 108.125 166.84 0.2
    endloop
  endfacet
  facet normal 0 -1 -0
    outer loop
      vertex 109.775 166.84 0.2
      vertex 108.125 166.84 0
      vertex 109.775 166.84 0
    endloop
  endfacet
  facet normal -0.20601 -0.97855 0
    outer loop
      vertex 109.775 166.84 0
      vertex 109.832 166.828 0.2
      vertex 109.775 166.84 0.2
    endloop
  endfacet
  facet normal -0.20601 -0.97855 -0
    outer loop
      vertex 109.832 166.828 0.2
      vertex 109.775 166.84 0
      vertex 109.832 166.828 0
    endloop
  endfacet
  facet normal -0.5547 -0.83205 0
    outer loop
      vertex 104.883 166.828 0
      vertex 104.931 166.796 0.2
      vertex 104.883 166.828 0.2
    endloop
  endfacet
  facet normal -0.5547 -0.83205 -0
    outer loop
      vertex 104.931 166.796 0.2
      vertex 104.883 166.828 0
      vertex 104.931 166.796 0
    endloop
  endfacet
  facet normal -0.829437 -0.5586 0
    outer loop
      vertex 104.964 166.747 0
      vertex 104.931 166.796 0.2
      vertex 104.931 166.796 0
    endloop
  endfacet
  facet normal -0.829437 -0.5586 0
    outer loop
      vertex 104.931 166.796 0.2
      vertex 104.964 166.747 0
      vertex 104.964 166.747 0.2
    endloop
  endfacet
  facet normal -0.981883 -0.189486 0
    outer loop
      vertex 104.975 166.69 0
      vertex 104.964 166.747 0.2
      vertex 104.964 166.747 0
    endloop
  endfacet
  facet normal -0.981883 -0.189486 0
    outer loop
      vertex 104.964 166.747 0.2
      vertex 104.975 166.69 0
      vertex 104.975 166.69 0.2
    endloop
  endfacet
  facet normal -1 0 0
    outer loop
      vertex 104.975 166.39 0
      vertex 104.975 166.69 0.2
      vertex 104.975 166.69 0
    endloop
  endfacet
  facet normal -1 -0 0
    outer loop
      vertex 104.975 166.69 0.2
      vertex 104.975 166.39 0
      vertex 104.975 166.39 0.2
    endloop
  endfacet
  facet normal -0.981883 0.189486 0
    outer loop
      vertex 104.964 166.333 0
      vertex 104.975 166.39 0.2
      vertex 104.975 166.39 0
    endloop
  endfacet
  facet normal -0.981883 0.189486 0
    outer loop
      vertex 104.975 166.39 0.2
      vertex 104.964 166.333 0
      vertex 104.964 166.333 0.2
    endloop
  endfacet
  facet normal -0.829437 0.5586 0
    outer loop
      vertex 104.931 166.284 0
      vertex 104.964 166.333 0.2
      vertex 104.964 166.333 0
    endloop
  endfacet
  facet normal -0.829437 0.5586 0
    outer loop
      vertex 104.964 166.333 0.2
      vertex 104.931 166.284 0
      vertex 104.931 166.284 0.2
    endloop
  endfacet
  facet normal -0.566529 0.824042 0
    outer loop
      vertex 104.931 166.284 0
      vertex 104.883 166.251 0.2
      vertex 104.931 166.284 0.2
    endloop
  endfacet
  facet normal -0.566529 0.824042 0
    outer loop
      vertex 104.883 166.251 0.2
      vertex 104.931 166.284 0
      vertex 104.883 166.251 0
    endloop
  endfacet
  facet normal -0.186334 0.982487 0
    outer loop
      vertex 104.883 166.251 0
      vertex 104.825 166.24 0.2
      vertex 104.883 166.251 0.2
    endloop
  endfacet
  facet normal -0.186334 0.982487 0
    outer loop
      vertex 104.825 166.24 0.2
      vertex 104.883 166.251 0
      vertex 104.825 166.24 0
    endloop
  endfacet
  facet normal 0 1 -0
    outer loop
      vertex 104.825 166.24 0
      vertex 103.175 166.24 0.2
      vertex 104.825 166.24 0.2
    endloop
  endfacet
  facet normal 0 1 0
    outer loop
      vertex 103.175 166.24 0.2
      vertex 104.825 166.24 0
      vertex 103.175 166.24 0
    endloop
  endfacet
  facet normal 0.186334 0.982487 -0
    outer loop
      vertex 103.175 166.24 0
      vertex 103.117 166.251 0.2
      vertex 103.175 166.24 0.2
    endloop
  endfacet
  facet normal 0.186334 0.982487 0
    outer loop
      vertex 103.117 166.251 0.2
      vertex 103.175 166.24 0
      vertex 103.117 166.251 0
    endloop
  endfacet
  facet normal 0.566529 0.824042 -0
    outer loop
      vertex 103.117 166.251 0
      vertex 103.069 166.284 0.2
      vertex 103.117 166.251 0.2
    endloop
  endfacet
  facet normal 0.566529 0.824042 0
    outer loop
      vertex 103.069 166.284 0.2
      vertex 103.117 166.251 0
      vertex 103.069 166.284 0
    endloop
  endfacet
  facet normal 0.829437 0.5586 0
    outer loop
      vertex 103.069 166.284 0.2
      vertex 103.036 166.333 0
      vertex 103.036 166.333 0.2
    endloop
  endfacet
  facet normal 0.829437 0.5586 0
    outer loop
      vertex 103.036 166.333 0
      vertex 103.069 166.284 0.2
      vertex 103.069 166.284 0
    endloop
  endfacet
  facet normal 0.981883 0.189486 0
    outer loop
      vertex 103.036 166.333 0.2
      vertex 103.025 166.39 0
      vertex 103.025 166.39 0.2
    endloop
  endfacet
  facet normal 0.981883 0.189486 0
    outer loop
      vertex 103.025 166.39 0
      vertex 103.036 166.333 0.2
      vertex 103.036 166.333 0
    endloop
  endfacet
  facet normal 1 -0 0
    outer loop
      vertex 103.025 166.39 0.2
      vertex 103.025 166.69 0
      vertex 103.025 166.69 0.2
    endloop
  endfacet
  facet normal 1 0 0
    outer loop
      vertex 103.025 166.69 0
      vertex 103.025 166.39 0.2
      vertex 103.025 166.39 0
    endloop
  endfacet
  facet normal 0.981883 -0.189486 0
    outer loop
      vertex 103.025 166.69 0.2
      vertex 103.036 166.747 0
      vertex 103.036 166.747 0.2
    endloop
  endfacet
  facet normal 0.981883 -0.189486 0
    outer loop
      vertex 103.036 166.747 0
      vertex 103.025 166.69 0.2
      vertex 103.025 166.69 0
    endloop
  endfacet
  facet normal 0.829437 -0.5586 0
    outer loop
      vertex 103.036 166.747 0.2
      vertex 103.069 166.796 0
      vertex 103.069 166.796 0.2
    endloop
  endfacet
  facet normal 0.829437 -0.5586 0
    outer loop
      vertex 103.069 166.796 0
      vertex 103.036 166.747 0.2
      vertex 103.036 166.747 0
    endloop
  endfacet
  facet normal 0.5547 -0.83205 0
    outer loop
      vertex 103.069 166.796 0
      vertex 103.117 166.828 0.2
      vertex 103.069 166.796 0.2
    endloop
  endfacet
  facet normal 0.5547 -0.83205 0
    outer loop
      vertex 103.117 166.828 0.2
      vertex 103.069 166.796 0
      vertex 103.117 166.828 0
    endloop
  endfacet
  facet normal 0.202606 -0.97926 0
    outer loop
      vertex 103.117 166.828 0
      vertex 103.175 166.84 0.2
      vertex 103.117 166.828 0.2
    endloop
  endfacet
  facet normal 0.202606 -0.97926 0
    outer loop
      vertex 103.175 166.84 0.2
      vertex 103.117 166.828 0
      vertex 103.175 166.84 0
    endloop
  endfacet
  facet normal 0 -1 0
    outer loop
      vertex 103.175 166.84 0
      vertex 104.825 166.84 0.2
      vertex 103.175 166.84 0.2
    endloop
  endfacet
  facet normal 0 -1 -0
    outer loop
      vertex 104.825 166.84 0.2
      vertex 103.175 166.84 0
      vertex 104.825 166.84 0
    endloop
  endfacet
  facet normal -0.202606 -0.97926 0
    outer loop
      vertex 104.825 166.84 0
      vertex 104.883 166.828 0.2
      vertex 104.825 166.84 0.2
    endloop
  endfacet
  facet normal -0.202606 -0.97926 -0
    outer loop
      vertex 104.883 166.828 0.2
      vertex 104.825 166.84 0
      vertex 104.883 166.828 0
    endloop
  endfacet
  facet normal -0.546789 -0.837271 0
    outer loop
      vertex 126.248 168.66 0
      vertex 126.297 168.628 0.2
      vertex 126.248 168.66 0.2
    endloop
  endfacet
  facet normal -0.546789 -0.837271 -0
    outer loop
      vertex 126.297 168.628 0.2
      vertex 126.248 168.66 0
      vertex 126.297 168.628 0
    endloop
  endfacet
  facet normal -0.707107 -0.707107 0
    outer loop
      vertex 127.128 167.797 0
      vertex 126.297 168.628 0.2
      vertex 126.297 168.628 0
    endloop
  endfacet
  facet normal -0.707107 -0.707107 0
    outer loop
      vertex 126.297 168.628 0.2
      vertex 127.128 167.797 0
      vertex 127.128 167.797 0.2
    endloop
  endfacet
  facet normal -0.837271 -0.546789 0
    outer loop
      vertex 127.16 167.748 0
      vertex 127.128 167.797 0.2
      vertex 127.128 167.797 0
    endloop
  endfacet
  facet normal -0.837271 -0.546789 0
    outer loop
      vertex 127.128 167.797 0.2
      vertex 127.16 167.748 0
      vertex 127.16 167.748 0.2
    endloop
  endfacet
  facet normal -0.97926 -0.202606 0
    outer loop
      vertex 127.172 167.69 0
      vertex 127.16 167.748 0.2
      vertex 127.16 167.748 0
    endloop
  endfacet
  facet normal -0.97926 -0.202606 0
    outer loop
      vertex 127.16 167.748 0.2
      vertex 127.172 167.69 0
      vertex 127.172 167.69 0.2
    endloop
  endfacet
  facet normal -0.97855 0.20601 0
    outer loop
      vertex 127.16 167.633 0
      vertex 127.172 167.69 0.2
      vertex 127.172 167.69 0
    endloop
  endfacet
  facet normal -0.97855 0.20601 0
    outer loop
      vertex 127.172 167.69 0.2
      vertex 127.16 167.633 0
      vertex 127.16 167.633 0.2
    endloop
  endfacet
  facet normal -0.83205 0.5547 0
    outer loop
      vertex 127.128 167.585 0
      vertex 127.16 167.633 0.2
      vertex 127.16 167.633 0
    endloop
  endfacet
  facet normal -0.83205 0.5547 0
    outer loop
      vertex 127.16 167.633 0.2
      vertex 127.128 167.585 0
      vertex 127.128 167.585 0.2
    endloop
  endfacet
  facet normal -0.707107 0.707107 0
    outer loop
      vertex 126.915 167.372 0
      vertex 127.128 167.585 0.2
      vertex 127.128 167.585 0
    endloop
  endfacet
  facet normal -0.707107 0.707107 0
    outer loop
      vertex 127.128 167.585 0.2
      vertex 126.915 167.372 0
      vertex 126.915 167.372 0.2
    endloop
  endfacet
  facet normal -0.5547 0.83205 0
    outer loop
      vertex 126.915 167.372 0
      vertex 126.867 167.34 0.2
      vertex 126.915 167.372 0.2
    endloop
  endfacet
  facet normal -0.5547 0.83205 0
    outer loop
      vertex 126.867 167.34 0.2
      vertex 126.915 167.372 0
      vertex 126.867 167.34 0
    endloop
  endfacet
  facet normal -0.20601 0.97855 0
    outer loop
      vertex 126.867 167.34 0
      vertex 126.81 167.328 0.2
      vertex 126.867 167.34 0.2
    endloop
  endfacet
  facet normal -0.20601 0.97855 0
    outer loop
      vertex 126.81 167.328 0.2
      vertex 126.867 167.34 0
      vertex 126.81 167.328 0
    endloop
  endfacet
  facet normal 0.202606 0.97926 -0
    outer loop
      vertex 126.81 167.328 0
      vertex 126.752 167.34 0.2
      vertex 126.81 167.328 0.2
    endloop
  endfacet
  facet normal 0.202606 0.97926 0
    outer loop
      vertex 126.752 167.34 0.2
      vertex 126.81 167.328 0
      vertex 126.752 167.34 0
    endloop
  endfacet
  facet normal 0.546789 0.837271 -0
    outer loop
      vertex 126.752 167.34 0
      vertex 126.703 167.372 0.2
      vertex 126.752 167.34 0.2
    endloop
  endfacet
  facet normal 0.546789 0.837271 0
    outer loop
      vertex 126.703 167.372 0.2
      vertex 126.752 167.34 0
      vertex 126.703 167.372 0
    endloop
  endfacet
  facet normal 0.707107 0.707107 0
    outer loop
      vertex 126.703 167.372 0.2
      vertex 125.872 168.203 0
      vertex 125.872 168.203 0.2
    endloop
  endfacet
  facet normal 0.707107 0.707107 0
    outer loop
      vertex 125.872 168.203 0
      vertex 126.703 167.372 0.2
      vertex 126.703 167.372 0
    endloop
  endfacet
  facet normal 0.837271 0.546789 0
    outer loop
      vertex 125.872 168.203 0.2
      vertex 125.84 168.252 0
      vertex 125.84 168.252 0.2
    endloop
  endfacet
  facet normal 0.837271 0.546789 0
    outer loop
      vertex 125.84 168.252 0
      vertex 125.872 168.203 0.2
      vertex 125.872 168.203 0
    endloop
  endfacet
  facet normal 0.97926 0.202606 0
    outer loop
      vertex 125.84 168.252 0.2
      vertex 125.828 168.31 0
      vertex 125.828 168.31 0.2
    endloop
  endfacet
  facet normal 0.97926 0.202606 0
    outer loop
      vertex 125.828 168.31 0
      vertex 125.84 168.252 0.2
      vertex 125.84 168.252 0
    endloop
  endfacet
  facet normal 0.97855 -0.20601 0
    outer loop
      vertex 125.828 168.31 0.2
      vertex 125.84 168.367 0
      vertex 125.84 168.367 0.2
    endloop
  endfacet
  facet normal 0.97855 -0.20601 0
    outer loop
      vertex 125.84 168.367 0
      vertex 125.828 168.31 0.2
      vertex 125.828 168.31 0
    endloop
  endfacet
  facet normal 0.83205 -0.5547 0
    outer loop
      vertex 125.84 168.367 0.2
      vertex 125.872 168.415 0
      vertex 125.872 168.415 0.2
    endloop
  endfacet
  facet normal 0.83205 -0.5547 0
    outer loop
      vertex 125.872 168.415 0
      vertex 125.84 168.367 0.2
      vertex 125.84 168.367 0
    endloop
  endfacet
  facet normal 0.707107 -0.707107 0
    outer loop
      vertex 125.872 168.415 0.2
      vertex 126.085 168.628 0
      vertex 126.085 168.628 0.2
    endloop
  endfacet
  facet normal 0.707107 -0.707107 0
    outer loop
      vertex 126.085 168.628 0
      vertex 125.872 168.415 0.2
      vertex 125.872 168.415 0
    endloop
  endfacet
  facet normal 0.5547 -0.83205 0
    outer loop
      vertex 126.085 168.628 0
      vertex 126.133 168.66 0.2
      vertex 126.085 168.628 0.2
    endloop
  endfacet
  facet normal 0.5547 -0.83205 0
    outer loop
      vertex 126.133 168.66 0.2
      vertex 126.085 168.628 0
      vertex 126.133 168.66 0
    endloop
  endfacet
  facet normal 0.20601 -0.97855 0
    outer loop
      vertex 126.133 168.66 0
      vertex 126.19 168.672 0.2
      vertex 126.133 168.66 0.2
    endloop
  endfacet
  facet normal 0.20601 -0.97855 0
    outer loop
      vertex 126.19 168.672 0.2
      vertex 126.133 168.66 0
      vertex 126.19 168.672 0
    endloop
  endfacet
  facet normal -0.202606 -0.97926 0
    outer loop
      vertex 126.19 168.672 0
      vertex 126.248 168.66 0.2
      vertex 126.19 168.672 0.2
    endloop
  endfacet
  facet normal -0.202606 -0.97926 -0
    outer loop
      vertex 126.248 168.66 0.2
      vertex 126.19 168.672 0
      vertex 126.248 168.66 0
    endloop
  endfacet
  facet normal -0.566529 -0.824042 0
    outer loop
      vertex 104.883 168.099 0
      vertex 104.931 168.066 0.2
      vertex 104.883 168.099 0.2
    endloop
  endfacet
  facet normal -0.566529 -0.824042 -0
    outer loop
      vertex 104.931 168.066 0.2
      vertex 104.883 168.099 0
      vertex 104.931 168.066 0
    endloop
  endfacet
  facet normal -0.824042 -0.566529 0
    outer loop
      vertex 104.964 168.018 0
      vertex 104.931 168.066 0.2
      vertex 104.931 168.066 0
    endloop
  endfacet
  facet normal -0.824042 -0.566529 0
    outer loop
      vertex 104.931 168.066 0.2
      vertex 104.964 168.018 0
      vertex 104.964 168.018 0.2
    endloop
  endfacet
  facet normal -0.982487 -0.186334 0
    outer loop
      vertex 104.975 167.96 0
      vertex 104.964 168.018 0.2
      vertex 104.964 168.018 0
    endloop
  endfacet
  facet normal -0.982487 -0.186334 0
    outer loop
      vertex 104.964 168.018 0.2
      vertex 104.975 167.96 0
      vertex 104.975 167.96 0.2
    endloop
  endfacet
  facet normal -1 0 0
    outer loop
      vertex 104.975 167.66 0
      vertex 104.975 167.96 0.2
      vertex 104.975 167.96 0
    endloop
  endfacet
  facet normal -1 -0 0
    outer loop
      vertex 104.975 167.96 0.2
      vertex 104.975 167.66 0
      vertex 104.975 167.66 0.2
    endloop
  endfacet
  facet normal -0.981883 0.189486 0
    outer loop
      vertex 104.964 167.603 0
      vertex 104.975 167.66 0.2
      vertex 104.975 167.66 0
    endloop
  endfacet
  facet normal -0.981883 0.189486 0
    outer loop
      vertex 104.975 167.66 0.2
      vertex 104.964 167.603 0
      vertex 104.964 167.603 0.2
    endloop
  endfacet
  facet normal -0.829437 0.5586 0
    outer loop
      vertex 104.931 167.554 0
      vertex 104.964 167.603 0.2
      vertex 104.964 167.603 0
    endloop
  endfacet
  facet normal -0.829437 0.5586 0
    outer loop
      vertex 104.964 167.603 0.2
      vertex 104.931 167.554 0
      vertex 104.931 167.554 0.2
    endloop
  endfacet
  facet normal -0.566529 0.824042 0
    outer loop
      vertex 104.931 167.554 0
      vertex 104.883 167.521 0.2
      vertex 104.931 167.554 0.2
    endloop
  endfacet
  facet normal -0.566529 0.824042 0
    outer loop
      vertex 104.883 167.521 0.2
      vertex 104.931 167.554 0
      vertex 104.883 167.521 0
    endloop
  endfacet
  facet normal -0.186334 0.982487 0
    outer loop
      vertex 104.883 167.521 0
      vertex 104.825 167.51 0.2
      vertex 104.883 167.521 0.2
    endloop
  endfacet
  facet normal -0.186334 0.982487 0
    outer loop
      vertex 104.825 167.51 0.2
      vertex 104.883 167.521 0
      vertex 104.825 167.51 0
    endloop
  endfacet
  facet normal 0 1 -0
    outer loop
      vertex 104.825 167.51 0
      vertex 103.175 167.51 0.2
      vertex 104.825 167.51 0.2
    endloop
  endfacet
  facet normal 0 1 0
    outer loop
      vertex 103.175 167.51 0.2
      vertex 104.825 167.51 0
      vertex 103.175 167.51 0
    endloop
  endfacet
  facet normal 0.186334 0.982487 -0
    outer loop
      vertex 103.175 167.51 0
      vertex 103.117 167.521 0.2
      vertex 103.175 167.51 0.2
    endloop
  endfacet
  facet normal 0.186334 0.982487 0
    outer loop
      vertex 103.117 167.521 0.2
      vertex 103.175 167.51 0
      vertex 103.117 167.521 0
    endloop
  endfacet
  facet normal 0.566529 0.824042 -0
    outer loop
      vertex 103.117 167.521 0
      vertex 103.069 167.554 0.2
      vertex 103.117 167.521 0.2
    endloop
  endfacet
  facet normal 0.566529 0.824042 0
    outer loop
      vertex 103.069 167.554 0.2
      vertex 103.117 167.521 0
      vertex 103.069 167.554 0
    endloop
  endfacet
  facet normal 0.829437 0.5586 0
    outer loop
      vertex 103.069 167.554 0.2
      vertex 103.036 167.603 0
      vertex 103.036 167.603 0.2
    endloop
  endfacet
  facet normal 0.829437 0.5586 0
    outer loop
      vertex 103.036 167.603 0
      vertex 103.069 167.554 0.2
      vertex 103.069 167.554 0
    endloop
  endfacet
  facet normal 0.981883 0.189486 0
    outer loop
      vertex 103.036 167.603 0.2
      vertex 103.025 167.66 0
      vertex 103.025 167.66 0.2
    endloop
  endfacet
  facet normal 0.981883 0.189486 0
    outer loop
      vertex 103.025 167.66 0
      vertex 103.036 167.603 0.2
      vertex 103.036 167.603 0
    endloop
  endfacet
  facet normal 1 -0 0
    outer loop
      vertex 103.025 167.66 0.2
      vertex 103.025 167.96 0
      vertex 103.025 167.96 0.2
    endloop
  endfacet
  facet normal 1 0 0
    outer loop
      vertex 103.025 167.96 0
      vertex 103.025 167.66 0.2
      vertex 103.025 167.66 0
    endloop
  endfacet
  facet normal 0.982487 -0.186334 0
    outer loop
      vertex 103.025 167.96 0.2
      vertex 103.036 168.018 0
      vertex 103.036 168.018 0.2
    endloop
  endfacet
  facet normal 0.982487 -0.186334 0
    outer loop
      vertex 103.036 168.018 0
      vertex 103.025 167.96 0.2
      vertex 103.025 167.96 0
    endloop
  endfacet
  facet normal 0.824042 -0.566529 0
    outer loop
      vertex 103.036 168.018 0.2
      vertex 103.069 168.066 0
      vertex 103.069 168.066 0.2
    endloop
  endfacet
  facet normal 0.824042 -0.566529 0
    outer loop
      vertex 103.069 168.066 0
      vertex 103.036 168.018 0.2
      vertex 103.036 168.018 0
    endloop
  endfacet
  facet normal 0.566529 -0.824042 0
    outer loop
      vertex 103.069 168.066 0
      vertex 103.117 168.099 0.2
      vertex 103.069 168.066 0.2
    endloop
  endfacet
  facet normal 0.566529 -0.824042 0
    outer loop
      vertex 103.117 168.099 0.2
      vertex 103.069 168.066 0
      vertex 103.117 168.099 0
    endloop
  endfacet
  facet normal 0.186334 -0.982487 0
    outer loop
      vertex 103.117 168.099 0
      vertex 103.175 168.11 0.2
      vertex 103.117 168.099 0.2
    endloop
  endfacet
  facet normal 0.186334 -0.982487 0
    outer loop
      vertex 103.175 168.11 0.2
      vertex 103.117 168.099 0
      vertex 103.175 168.11 0
    endloop
  endfacet
  facet normal 0 -1 0
    outer loop
      vertex 103.175 168.11 0
      vertex 104.825 168.11 0.2
      vertex 103.175 168.11 0.2
    endloop
  endfacet
  facet normal 0 -1 -0
    outer loop
      vertex 104.825 168.11 0.2
      vertex 103.175 168.11 0
      vertex 104.825 168.11 0
    endloop
  endfacet
  facet normal -0.186334 -0.982487 0
    outer loop
      vertex 104.825 168.11 0
      vertex 104.883 168.099 0.2
      vertex 104.825 168.11 0.2
    endloop
  endfacet
  facet normal -0.186334 -0.982487 -0
    outer loop
      vertex 104.883 168.099 0.2
      vertex 104.825 168.11 0
      vertex 104.883 168.099 0
    endloop
  endfacet
  facet normal -0.5586 -0.829437 0
    outer loop
      vertex 109.832 168.099 0
      vertex 109.881 168.066 0.2
      vertex 109.832 168.099 0.2
    endloop
  endfacet
  facet normal -0.5586 -0.829437 -0
    outer loop
      vertex 109.881 168.066 0.2
      vertex 109.832 168.099 0
      vertex 109.881 168.066 0
    endloop
  endfacet
  facet normal -0.824042 -0.566529 0
    outer loop
      vertex 109.914 168.018 0
      vertex 109.881 168.066 0.2
      vertex 109.881 168.066 0
    endloop
  endfacet
  facet normal -0.824042 -0.566529 0
    outer loop
      vertex 109.881 168.066 0.2
      vertex 109.914 168.018 0
      vertex 109.914 168.018 0.2
    endloop
  endfacet
  facet normal -0.982487 -0.186334 0
    outer loop
      vertex 109.925 167.96 0
      vertex 109.914 168.018 0.2
      vertex 109.914 168.018 0
    endloop
  endfacet
  facet normal -0.982487 -0.186334 0
    outer loop
      vertex 109.914 168.018 0.2
      vertex 109.925 167.96 0
      vertex 109.925 167.96 0.2
    endloop
  endfacet
  facet normal -1 0 0
    outer loop
      vertex 109.925 167.66 0
      vertex 109.925 167.96 0.2
      vertex 109.925 167.96 0
    endloop
  endfacet
  facet normal -1 -0 0
    outer loop
      vertex 109.925 167.96 0.2
      vertex 109.925 167.66 0
      vertex 109.925 167.66 0.2
    endloop
  endfacet
  facet normal -0.981883 0.189486 0
    outer loop
      vertex 109.914 167.603 0
      vertex 109.925 167.66 0.2
      vertex 109.925 167.66 0
    endloop
  endfacet
  facet normal -0.981883 0.189486 0
    outer loop
      vertex 109.925 167.66 0.2
      vertex 109.914 167.603 0
      vertex 109.914 167.603 0.2
    endloop
  endfacet
  facet normal -0.829437 0.5586 0
    outer loop
      vertex 109.881 167.554 0
      vertex 109.914 167.603 0.2
      vertex 109.914 167.603 0
    endloop
  endfacet
  facet normal -0.829437 0.5586 0
    outer loop
      vertex 109.914 167.603 0.2
      vertex 109.881 167.554 0
      vertex 109.881 167.554 0.2
    endloop
  endfacet
  facet normal -0.5586 0.829437 0
    outer loop
      vertex 109.881 167.554 0
      vertex 109.832 167.521 0.2
      vertex 109.881 167.554 0.2
    endloop
  endfacet
  facet normal -0.5586 0.829437 0
    outer loop
      vertex 109.832 167.521 0.2
      vertex 109.881 167.554 0
      vertex 109.832 167.521 0
    endloop
  endfacet
  facet normal -0.189486 0.981883 0
    outer loop
      vertex 109.832 167.521 0
      vertex 109.775 167.51 0.2
      vertex 109.832 167.521 0.2
    endloop
  endfacet
  facet normal -0.189486 0.981883 0
    outer loop
      vertex 109.775 167.51 0.2
      vertex 109.832 167.521 0
      vertex 109.775 167.51 0
    endloop
  endfacet
  facet normal 0 1 -0
    outer loop
      vertex 109.775 167.51 0
      vertex 108.125 167.51 0.2
      vertex 109.775 167.51 0.2
    endloop
  endfacet
  facet normal 0 1 0
    outer loop
      vertex 108.125 167.51 0.2
      vertex 109.775 167.51 0
      vertex 108.125 167.51 0
    endloop
  endfacet
  facet normal 0.186334 0.982487 -0
    outer loop
      vertex 108.125 167.51 0
      vertex 108.067 167.521 0.2
      vertex 108.125 167.51 0.2
    endloop
  endfacet
  facet normal 0.186334 0.982487 0
    outer loop
      vertex 108.067 167.521 0.2
      vertex 108.125 167.51 0
      vertex 108.067 167.521 0
    endloop
  endfacet
  facet normal 0.566529 0.824042 -0
    outer loop
      vertex 108.067 167.521 0
      vertex 108.019 167.554 0.2
      vertex 108.067 167.521 0.2
    endloop
  endfacet
  facet normal 0.566529 0.824042 0
    outer loop
      vertex 108.019 167.554 0.2
      vertex 108.067 167.521 0
      vertex 108.019 167.554 0
    endloop
  endfacet
  facet normal 0.829437 0.5586 0
    outer loop
      vertex 108.019 167.554 0.2
      vertex 107.986 167.603 0
      vertex 107.986 167.603 0.2
    endloop
  endfacet
  facet normal 0.829437 0.5586 0
    outer loop
      vertex 107.986 167.603 0
      vertex 108.019 167.554 0.2
      vertex 108.019 167.554 0
    endloop
  endfacet
  facet normal 0.981883 0.189486 0
    outer loop
      vertex 107.986 167.603 0.2
      vertex 107.975 167.66 0
      vertex 107.975 167.66 0.2
    endloop
  endfacet
  facet normal 0.981883 0.189486 0
    outer loop
      vertex 107.975 167.66 0
      vertex 107.986 167.603 0.2
      vertex 107.986 167.603 0
    endloop
  endfacet
  facet normal 1 -0 0
    outer loop
      vertex 107.975 167.66 0.2
      vertex 107.975 167.96 0
      vertex 107.975 167.96 0.2
    endloop
  endfacet
  facet normal 1 0 0
    outer loop
      vertex 107.975 167.96 0
      vertex 107.975 167.66 0.2
      vertex 107.975 167.66 0
    endloop
  endfacet
  facet normal 0.982487 -0.186334 0
    outer loop
      vertex 107.975 167.96 0.2
      vertex 107.986 168.018 0
      vertex 107.986 168.018 0.2
    endloop
  endfacet
  facet normal 0.982487 -0.186334 0
    outer loop
      vertex 107.986 168.018 0
      vertex 107.975 167.96 0.2
      vertex 107.975 167.96 0
    endloop
  endfacet
  facet normal 0.824042 -0.566529 0
    outer loop
      vertex 107.986 168.018 0.2
      vertex 108.019 168.066 0
      vertex 108.019 168.066 0.2
    endloop
  endfacet
  facet normal 0.824042 -0.566529 0
    outer loop
      vertex 108.019 168.066 0
      vertex 107.986 168.018 0.2
      vertex 107.986 168.018 0
    endloop
  endfacet
  facet normal 0.566529 -0.824042 0
    outer loop
      vertex 108.019 168.066 0
      vertex 108.067 168.099 0.2
      vertex 108.019 168.066 0.2
    endloop
  endfacet
  facet normal 0.566529 -0.824042 0
    outer loop
      vertex 108.067 168.099 0.2
      vertex 108.019 168.066 0
      vertex 108.067 168.099 0
    endloop
  endfacet
  facet normal 0.186334 -0.982487 0
    outer loop
      vertex 108.067 168.099 0
      vertex 108.125 168.11 0.2
      vertex 108.067 168.099 0.2
    endloop
  endfacet
  facet normal 0.186334 -0.982487 0
    outer loop
      vertex 108.125 168.11 0.2
      vertex 108.067 168.099 0
      vertex 108.125 168.11 0
    endloop
  endfacet
  facet normal 0 -1 0
    outer loop
      vertex 108.125 168.11 0
      vertex 109.775 168.11 0.2
      vertex 108.125 168.11 0.2
    endloop
  endfacet
  facet normal 0 -1 -0
    outer loop
      vertex 109.775 168.11 0.2
      vertex 108.125 168.11 0
      vertex 109.775 168.11 0
    endloop
  endfacet
  facet normal -0.189486 -0.981883 0
    outer loop
      vertex 109.775 168.11 0
      vertex 109.832 168.099 0.2
      vertex 109.775 168.11 0.2
    endloop
  endfacet
  facet normal -0.189486 -0.981883 -0
    outer loop
      vertex 109.832 168.099 0.2
      vertex 109.775 168.11 0
      vertex 109.832 168.099 0
    endloop
  endfacet
  facet normal -0.5586 -0.829437 0
    outer loop
      vertex 124.25 169.314 0
      vertex 124.299 169.281 0.2
      vertex 124.25 169.314 0.2
    endloop
  endfacet
  facet normal -0.5586 -0.829437 -0
    outer loop
      vertex 124.299 169.281 0.2
      vertex 124.25 169.314 0
      vertex 124.299 169.281 0
    endloop
  endfacet
  facet normal -0.706681 -0.707532 0
    outer loop
      vertex 124.299 169.281 0
      vertex 125.13 168.451 0.2
      vertex 124.299 169.281 0.2
    endloop
  endfacet
  facet normal -0.706681 -0.707532 -0
    outer loop
      vertex 125.13 168.451 0.2
      vertex 124.299 169.281 0
      vertex 125.13 168.451 0
    endloop
  endfacet
  facet normal -0.837271 -0.546789 0
    outer loop
      vertex 125.162 168.402 0
      vertex 125.13 168.451 0.2
      vertex 125.13 168.451 0
    endloop
  endfacet
  facet normal -0.837271 -0.546789 0
    outer loop
      vertex 125.13 168.451 0.2
      vertex 125.162 168.402 0
      vertex 125.162 168.402 0.2
    endloop
  endfacet
  facet normal -0.97855 -0.20601 0
    outer loop
      vertex 125.174 168.345 0
      vertex 125.162 168.402 0.2
      vertex 125.162 168.402 0
    endloop
  endfacet
  facet normal -0.97855 -0.20601 0
    outer loop
      vertex 125.162 168.402 0.2
      vertex 125.174 168.345 0
      vertex 125.174 168.345 0.2
    endloop
  endfacet
  facet normal -0.97926 0.202606 0
    outer loop
      vertex 125.162 168.287 0
      vertex 125.174 168.345 0.2
      vertex 125.174 168.345 0
    endloop
  endfacet
  facet normal -0.97926 0.202606 0
    outer loop
      vertex 125.174 168.345 0.2
      vertex 125.162 168.287 0
      vertex 125.162 168.287 0.2
    endloop
  endfacet
  facet normal -0.837271 0.546789 0
    outer loop
      vertex 125.13 168.238 0
      vertex 125.162 168.287 0.2
      vertex 125.162 168.287 0
    endloop
  endfacet
  facet normal -0.837271 0.546789 0
    outer loop
      vertex 125.162 168.287 0.2
      vertex 125.13 168.238 0
      vertex 125.13 168.238 0.2
    endloop
  endfacet
  facet normal -0.707107 0.707107 0
    outer loop
      vertex 124.918 168.026 0
      vertex 125.13 168.238 0.2
      vertex 125.13 168.238 0
    endloop
  endfacet
  facet normal -0.707107 0.707107 0
    outer loop
      vertex 125.13 168.238 0.2
      vertex 124.918 168.026 0
      vertex 124.918 168.026 0.2
    endloop
  endfacet
  facet normal -0.546789 0.837271 0
    outer loop
      vertex 124.918 168.026 0
      vertex 124.869 167.994 0.2
      vertex 124.918 168.026 0.2
    endloop
  endfacet
  facet normal -0.546789 0.837271 0
    outer loop
      vertex 124.869 167.994 0.2
      vertex 124.918 168.026 0
      vertex 124.869 167.994 0
    endloop
  endfacet
  facet normal -0.20601 0.97855 0
    outer loop
      vertex 124.869 167.994 0
      vertex 124.812 167.982 0.2
      vertex 124.869 167.994 0.2
    endloop
  endfacet
  facet normal -0.20601 0.97855 0
    outer loop
      vertex 124.812 167.982 0.2
      vertex 124.869 167.994 0
      vertex 124.812 167.982 0
    endloop
  endfacet
  facet normal 0.202606 0.97926 -0
    outer loop
      vertex 124.812 167.982 0
      vertex 124.754 167.994 0.2
      vertex 124.812 167.982 0.2
    endloop
  endfacet
  facet normal 0.202606 0.97926 0
    outer loop
      vertex 124.754 167.994 0.2
      vertex 124.812 167.982 0
      vertex 124.754 167.994 0
    endloop
  endfacet
  facet normal 0.5547 0.83205 -0
    outer loop
      vertex 124.754 167.994 0
      vertex 124.706 168.026 0.2
      vertex 124.754 167.994 0.2
    endloop
  endfacet
  facet normal 0.5547 0.83205 0
    outer loop
      vertex 124.706 168.026 0.2
      vertex 124.754 167.994 0
      vertex 124.706 168.026 0
    endloop
  endfacet
  facet normal 0.707107 0.707107 0
    outer loop
      vertex 124.706 168.026 0.2
      vertex 123.875 168.857 0
      vertex 123.875 168.857 0.2
    endloop
  endfacet
  facet normal 0.707107 0.707107 0
    outer loop
      vertex 123.875 168.857 0
      vertex 124.706 168.026 0.2
      vertex 124.706 168.026 0
    endloop
  endfacet
  facet normal 0.837271 0.546789 0
    outer loop
      vertex 123.875 168.857 0.2
      vertex 123.843 168.906 0
      vertex 123.843 168.906 0.2
    endloop
  endfacet
  facet normal 0.837271 0.546789 0
    outer loop
      vertex 123.843 168.906 0
      vertex 123.875 168.857 0.2
      vertex 123.875 168.857 0
    endloop
  endfacet
  facet normal 0.97926 0.202606 0
    outer loop
      vertex 123.843 168.906 0.2
      vertex 123.831 168.964 0
      vertex 123.831 168.964 0.2
    endloop
  endfacet
  facet normal 0.97926 0.202606 0
    outer loop
      vertex 123.831 168.964 0
      vertex 123.843 168.906 0.2
      vertex 123.843 168.906 0
    endloop
  endfacet
  facet normal 0.97855 -0.20601 0
    outer loop
      vertex 123.831 168.964 0.2
      vertex 123.843 169.021 0
      vertex 123.843 169.021 0.2
    endloop
  endfacet
  facet normal 0.97855 -0.20601 0
    outer loop
      vertex 123.843 169.021 0
      vertex 123.831 168.964 0.2
      vertex 123.831 168.964 0
    endloop
  endfacet
  facet normal 0.83205 -0.5547 0
    outer loop
      vertex 123.843 169.021 0.2
      vertex 123.875 169.069 0
      vertex 123.875 169.069 0.2
    endloop
  endfacet
  facet normal 0.83205 -0.5547 0
    outer loop
      vertex 123.875 169.069 0
      vertex 123.843 169.021 0.2
      vertex 123.843 169.021 0
    endloop
  endfacet
  facet normal 0.707107 -0.707107 0
    outer loop
      vertex 123.875 169.069 0.2
      vertex 124.087 169.281 0
      vertex 124.087 169.281 0.2
    endloop
  endfacet
  facet normal 0.707107 -0.707107 0
    outer loop
      vertex 124.087 169.281 0
      vertex 123.875 169.069 0.2
      vertex 123.875 169.069 0
    endloop
  endfacet
  facet normal 0.5586 -0.829437 0
    outer loop
      vertex 124.087 169.281 0
      vertex 124.136 169.314 0.2
      vertex 124.087 169.281 0.2
    endloop
  endfacet
  facet normal 0.5586 -0.829437 0
    outer loop
      vertex 124.136 169.314 0.2
      vertex 124.087 169.281 0
      vertex 124.136 169.314 0
    endloop
  endfacet
  facet normal 0.189486 -0.981883 0
    outer loop
      vertex 124.136 169.314 0
      vertex 124.193 169.325 0.2
      vertex 124.136 169.314 0.2
    endloop
  endfacet
  facet normal 0.189486 -0.981883 0
    outer loop
      vertex 124.193 169.325 0.2
      vertex 124.136 169.314 0
      vertex 124.193 169.325 0
    endloop
  endfacet
  facet normal -0.189486 -0.981883 0
    outer loop
      vertex 124.193 169.325 0
      vertex 124.25 169.314 0.2
      vertex 124.193 169.325 0.2
    endloop
  endfacet
  facet normal -0.189486 -0.981883 -0
    outer loop
      vertex 124.25 169.314 0.2
      vertex 124.193 169.325 0
      vertex 124.25 169.314 0
    endloop
  endfacet
  facet normal -0.546789 -0.837271 0
    outer loop
      vertex 125.594 170.657 0
      vertex 125.643 170.625 0.2
      vertex 125.594 170.657 0.2
    endloop
  endfacet
  facet normal -0.546789 -0.837271 -0
    outer loop
      vertex 125.643 170.625 0.2
      vertex 125.594 170.657 0
      vertex 125.643 170.625 0
    endloop
  endfacet
  facet normal -0.707107 -0.707107 0
    outer loop
      vertex 126.474 169.794 0
      vertex 125.643 170.625 0.2
      vertex 125.643 170.625 0
    endloop
  endfacet
  facet normal -0.707107 -0.707107 0
    outer loop
      vertex 125.643 170.625 0.2
      vertex 126.474 169.794 0
      vertex 126.474 169.794 0.2
    endloop
  endfacet
  facet normal -0.83205 -0.5547 0
    outer loop
      vertex 126.506 169.746 0
      vertex 126.474 169.794 0.2
      vertex 126.474 169.794 0
    endloop
  endfacet
  facet normal -0.83205 -0.5547 0
    outer loop
      vertex 126.474 169.794 0.2
      vertex 126.506 169.746 0
      vertex 126.506 169.746 0.2
    endloop
  endfacet
  facet normal -0.97926 -0.202606 0
    outer loop
      vertex 126.518 169.688 0
      vertex 126.506 169.746 0.2
      vertex 126.506 169.746 0
    endloop
  endfacet
  facet normal -0.97926 -0.202606 0
    outer loop
      vertex 126.506 169.746 0.2
      vertex 126.518 169.688 0
      vertex 126.518 169.688 0.2
    endloop
  endfacet
  facet normal -0.97855 0.20601 0
    outer loop
      vertex 126.506 169.631 0
      vertex 126.518 169.688 0.2
      vertex 126.518 169.688 0
    endloop
  endfacet
  facet normal -0.97855 0.20601 0
    outer loop
      vertex 126.518 169.688 0.2
      vertex 126.506 169.631 0
      vertex 126.506 169.631 0.2
    endloop
  endfacet
  facet normal -0.837271 0.546789 0
    outer loop
      vertex 126.474 169.582 0
      vertex 126.506 169.631 0.2
      vertex 126.506 169.631 0
    endloop
  endfacet
  facet normal -0.837271 0.546789 0
    outer loop
      vertex 126.506 169.631 0.2
      vertex 126.474 169.582 0
      vertex 126.474 169.582 0.2
    endloop
  endfacet
  facet normal -0.707107 0.707107 0
    outer loop
      vertex 126.262 169.37 0
      vertex 126.474 169.582 0.2
      vertex 126.474 169.582 0
    endloop
  endfacet
  facet normal -0.707107 0.707107 0
    outer loop
      vertex 126.474 169.582 0.2
      vertex 126.262 169.37 0
      vertex 126.262 169.37 0.2
    endloop
  endfacet
  facet normal -0.546789 0.837271 0
    outer loop
      vertex 126.262 169.37 0
      vertex 126.213 169.338 0.2
      vertex 126.262 169.37 0.2
    endloop
  endfacet
  facet normal -0.546789 0.837271 0
    outer loop
      vertex 126.213 169.338 0.2
      vertex 126.262 169.37 0
      vertex 126.213 169.338 0
    endloop
  endfacet
  facet normal -0.202606 0.97926 0
    outer loop
      vertex 126.213 169.338 0
      vertex 126.155 169.326 0.2
      vertex 126.213 169.338 0.2
    endloop
  endfacet
  facet normal -0.202606 0.97926 0
    outer loop
      vertex 126.155 169.326 0.2
      vertex 126.213 169.338 0
      vertex 126.155 169.326 0
    endloop
  endfacet
  facet normal 0.20601 0.97855 -0
    outer loop
      vertex 126.155 169.326 0
      vertex 126.098 169.338 0.2
      vertex 126.155 169.326 0.2
    endloop
  endfacet
  facet normal 0.20601 0.97855 0
    outer loop
      vertex 126.098 169.338 0.2
      vertex 126.155 169.326 0
      vertex 126.098 169.338 0
    endloop
  endfacet
  facet normal 0.546789 0.837271 -0
    outer loop
      vertex 126.098 169.338 0
      vertex 126.049 169.37 0.2
      vertex 126.098 169.338 0.2
    endloop
  endfacet
  facet normal 0.546789 0.837271 0
    outer loop
      vertex 126.049 169.37 0.2
      vertex 126.098 169.338 0
      vertex 126.049 169.37 0
    endloop
  endfacet
  facet normal 0.707532 0.706681 0
    outer loop
      vertex 126.049 169.37 0.2
      vertex 125.219 170.201 0
      vertex 125.219 170.201 0.2
    endloop
  endfacet
  facet normal 0.707532 0.706681 0
    outer loop
      vertex 125.219 170.201 0
      vertex 126.049 169.37 0.2
      vertex 126.049 169.37 0
    endloop
  endfacet
  facet normal 0.829437 0.5586 0
    outer loop
      vertex 125.219 170.201 0.2
      vertex 125.186 170.25 0
      vertex 125.186 170.25 0.2
    endloop
  endfacet
  facet normal 0.829437 0.5586 0
    outer loop
      vertex 125.186 170.25 0
      vertex 125.219 170.201 0.2
      vertex 125.219 170.201 0
    endloop
  endfacet
  facet normal 0.981883 0.189486 0
    outer loop
      vertex 125.186 170.25 0.2
      vertex 125.175 170.307 0
      vertex 125.175 170.307 0.2
    endloop
  endfacet
  facet normal 0.981883 0.189486 0
    outer loop
      vertex 125.175 170.307 0
      vertex 125.186 170.25 0.2
      vertex 125.186 170.25 0
    endloop
  endfacet
  facet normal 0.981883 -0.189486 0
    outer loop
      vertex 125.175 170.307 0.2
      vertex 125.186 170.364 0
      vertex 125.186 170.364 0.2
    endloop
  endfacet
  facet normal 0.981883 -0.189486 0
    outer loop
      vertex 125.186 170.364 0
      vertex 125.175 170.307 0.2
      vertex 125.175 170.307 0
    endloop
  endfacet
  facet normal 0.829437 -0.5586 0
    outer loop
      vertex 125.186 170.364 0.2
      vertex 125.219 170.413 0
      vertex 125.219 170.413 0.2
    endloop
  endfacet
  facet normal 0.829437 -0.5586 0
    outer loop
      vertex 125.219 170.413 0
      vertex 125.186 170.364 0.2
      vertex 125.186 170.364 0
    endloop
  endfacet
  facet normal 0.707107 -0.707107 0
    outer loop
      vertex 125.219 170.413 0.2
      vertex 125.431 170.625 0
      vertex 125.431 170.625 0.2
    endloop
  endfacet
  facet normal 0.707107 -0.707107 0
    outer loop
      vertex 125.431 170.625 0
      vertex 125.219 170.413 0.2
      vertex 125.219 170.413 0
    endloop
  endfacet
  facet normal 0.5547 -0.83205 0
    outer loop
      vertex 125.431 170.625 0
      vertex 125.479 170.657 0.2
      vertex 125.431 170.625 0.2
    endloop
  endfacet
  facet normal 0.5547 -0.83205 0
    outer loop
      vertex 125.479 170.657 0.2
      vertex 125.431 170.625 0
      vertex 125.479 170.657 0
    endloop
  endfacet
  facet normal 0.20601 -0.97855 0
    outer loop
      vertex 125.479 170.657 0
      vertex 125.536 170.669 0.2
      vertex 125.479 170.657 0.2
    endloop
  endfacet
  facet normal 0.20601 -0.97855 0
    outer loop
      vertex 125.536 170.669 0.2
      vertex 125.479 170.657 0
      vertex 125.536 170.669 0
    endloop
  endfacet
  facet normal -0.202606 -0.97926 0
    outer loop
      vertex 125.536 170.669 0
      vertex 125.594 170.657 0.2
      vertex 125.536 170.669 0.2
    endloop
  endfacet
  facet normal -0.202606 -0.97926 -0
    outer loop
      vertex 125.594 170.657 0.2
      vertex 125.536 170.669 0
      vertex 125.594 170.657 0
    endloop
  endfacet
  facet normal -0.5547 -0.83205 0
    outer loop
      vertex 112.896 171.881 0
      vertex 112.977 171.827 0.2
      vertex 112.896 171.881 0.2
    endloop
  endfacet
  facet normal -0.5547 -0.83205 -0
    outer loop
      vertex 112.977 171.827 0.2
      vertex 112.896 171.881 0
      vertex 112.977 171.827 0
    endloop
  endfacet
  facet normal -0.83205 -0.5547 0
    outer loop
      vertex 113.031 171.746 0
      vertex 112.977 171.827 0.2
      vertex 112.977 171.827 0
    endloop
  endfacet
  facet normal -0.83205 -0.5547 0
    outer loop
      vertex 112.977 171.827 0.2
      vertex 113.031 171.746 0
      vertex 113.031 171.746 0.2
    endloop
  endfacet
  facet normal -0.980972 -0.194151 0
    outer loop
      vertex 113.05 171.65 0
      vertex 113.031 171.746 0.2
      vertex 113.031 171.746 0
    endloop
  endfacet
  facet normal -0.980972 -0.194151 0
    outer loop
      vertex 113.031 171.746 0.2
      vertex 113.05 171.65 0
      vertex 113.05 171.65 0.2
    endloop
  endfacet
  facet normal -1 0 0
    outer loop
      vertex 113.05 170.35 0
      vertex 113.05 171.65 0.2
      vertex 113.05 171.65 0
    endloop
  endfacet
  facet normal -1 -0 0
    outer loop
      vertex 113.05 171.65 0.2
      vertex 113.05 170.35 0
      vertex 113.05 170.35 0.2
    endloop
  endfacet
  facet normal -0.980972 0.194151 0
    outer loop
      vertex 113.031 170.254 0
      vertex 113.05 170.35 0.2
      vertex 113.05 170.35 0
    endloop
  endfacet
  facet normal -0.980972 0.194151 0
    outer loop
      vertex 113.05 170.35 0.2
      vertex 113.031 170.254 0
      vertex 113.031 170.254 0.2
    endloop
  endfacet
  facet normal -0.83205 0.5547 0
    outer loop
      vertex 112.977 170.173 0
      vertex 113.031 170.254 0.2
      vertex 113.031 170.254 0
    endloop
  endfacet
  facet normal -0.83205 0.5547 0
    outer loop
      vertex 113.031 170.254 0.2
      vertex 112.977 170.173 0
      vertex 112.977 170.173 0.2
    endloop
  endfacet
  facet normal -0.5547 0.83205 0
    outer loop
      vertex 112.977 170.173 0
      vertex 112.896 170.119 0.2
      vertex 112.977 170.173 0.2
    endloop
  endfacet
  facet normal -0.5547 0.83205 0
    outer loop
      vertex 112.896 170.119 0.2
      vertex 112.977 170.173 0
      vertex 112.896 170.119 0
    endloop
  endfacet
  facet normal -0.194151 0.980972 0
    outer loop
      vertex 112.896 170.119 0
      vertex 112.8 170.1 0.2
      vertex 112.896 170.119 0.2
    endloop
  endfacet
  facet normal -0.194151 0.980972 0
    outer loop
      vertex 112.8 170.1 0.2
      vertex 112.896 170.119 0
      vertex 112.8 170.1 0
    endloop
  endfacet
  facet normal 0 1 -0
    outer loop
      vertex 112.8 170.1 0
      vertex 112.15 170.1 0.2
      vertex 112.8 170.1 0.2
    endloop
  endfacet
  facet normal 0 1 0
    outer loop
      vertex 112.15 170.1 0.2
      vertex 112.8 170.1 0
      vertex 112.15 170.1 0
    endloop
  endfacet
  facet normal 0.196116 0.980581 -0
    outer loop
      vertex 112.15 170.1 0
      vertex 112.055 170.119 0.2
      vertex 112.15 170.1 0.2
    endloop
  endfacet
  facet normal 0.196116 0.980581 0
    outer loop
      vertex 112.055 170.119 0.2
      vertex 112.15 170.1 0
      vertex 112.055 170.119 0
    endloop
  endfacet
  facet normal 0.5547 0.83205 -0
    outer loop
      vertex 112.055 170.119 0
      vertex 111.974 170.173 0.2
      vertex 112.055 170.119 0.2
    endloop
  endfacet
  facet normal 0.5547 0.83205 0
    outer loop
      vertex 111.974 170.173 0.2
      vertex 112.055 170.119 0
      vertex 111.974 170.173 0
    endloop
  endfacet
  facet normal 0.827306 0.561751 0
    outer loop
      vertex 111.974 170.173 0.2
      vertex 111.919 170.254 0
      vertex 111.919 170.254 0.2
    endloop
  endfacet
  facet normal 0.827306 0.561751 0
    outer loop
      vertex 111.919 170.254 0
      vertex 111.974 170.173 0.2
      vertex 111.974 170.173 0
    endloop
  endfacet
  facet normal 0.980972 0.194151 0
    outer loop
      vertex 111.919 170.254 0.2
      vertex 111.9 170.35 0
      vertex 111.9 170.35 0.2
    endloop
  endfacet
  facet normal 0.980972 0.194151 0
    outer loop
      vertex 111.9 170.35 0
      vertex 111.919 170.254 0.2
      vertex 111.919 170.254 0
    endloop
  endfacet
  facet normal 1 -0 0
    outer loop
      vertex 111.9 170.35 0.2
      vertex 111.9 171.65 0
      vertex 111.9 171.65 0.2
    endloop
  endfacet
  facet normal 1 0 0
    outer loop
      vertex 111.9 171.65 0
      vertex 111.9 170.35 0.2
      vertex 111.9 170.35 0
    endloop
  endfacet
  facet normal 0.980972 -0.194151 0
    outer loop
      vertex 111.9 171.65 0.2
      vertex 111.919 171.746 0
      vertex 111.919 171.746 0.2
    endloop
  endfacet
  facet normal 0.980972 -0.194151 0
    outer loop
      vertex 111.919 171.746 0
      vertex 111.9 171.65 0.2
      vertex 111.9 171.65 0
    endloop
  endfacet
  facet normal 0.827306 -0.561751 0
    outer loop
      vertex 111.919 171.746 0.2
      vertex 111.974 171.827 0
      vertex 111.974 171.827 0.2
    endloop
  endfacet
  facet normal 0.827306 -0.561751 0
    outer loop
      vertex 111.974 171.827 0
      vertex 111.919 171.746 0.2
      vertex 111.919 171.746 0
    endloop
  endfacet
  facet normal 0.5547 -0.83205 0
    outer loop
      vertex 111.974 171.827 0
      vertex 112.055 171.881 0.2
      vertex 111.974 171.827 0.2
    endloop
  endfacet
  facet normal 0.5547 -0.83205 0
    outer loop
      vertex 112.055 171.881 0.2
      vertex 111.974 171.827 0
      vertex 112.055 171.881 0
    endloop
  endfacet
  facet normal 0.196116 -0.980581 0
    outer loop
      vertex 112.055 171.881 0
      vertex 112.15 171.9 0.2
      vertex 112.055 171.881 0.2
    endloop
  endfacet
  facet normal 0.196116 -0.980581 0
    outer loop
      vertex 112.15 171.9 0.2
      vertex 112.055 171.881 0
      vertex 112.15 171.9 0
    endloop
  endfacet
  facet normal 0 -1 0
    outer loop
      vertex 112.15 171.9 0
      vertex 112.8 171.9 0.2
      vertex 112.15 171.9 0.2
    endloop
  endfacet
  facet normal 0 -1 -0
    outer loop
      vertex 112.8 171.9 0.2
      vertex 112.15 171.9 0
      vertex 112.8 171.9 0
    endloop
  endfacet
  facet normal -0.194151 -0.980972 0
    outer loop
      vertex 112.8 171.9 0
      vertex 112.896 171.881 0.2
      vertex 112.8 171.9 0.2
    endloop
  endfacet
  facet normal -0.194151 -0.980972 -0
    outer loop
      vertex 112.896 171.881 0.2
      vertex 112.8 171.9 0
      vertex 112.896 171.881 0
    endloop
  endfacet
  facet normal -0.5547 -0.83205 0
    outer loop
      vertex 109.945 171.881 0
      vertex 110.026 171.827 0.2
      vertex 109.945 171.881 0.2
    endloop
  endfacet
  facet normal -0.5547 -0.83205 -0
    outer loop
      vertex 110.026 171.827 0.2
      vertex 109.945 171.881 0
      vertex 110.026 171.827 0
    endloop
  endfacet
  facet normal -0.827306 -0.561751 0
    outer loop
      vertex 110.081 171.746 0
      vertex 110.026 171.827 0.2
      vertex 110.026 171.827 0
    endloop
  endfacet
  facet normal -0.827306 -0.561751 0
    outer loop
      vertex 110.026 171.827 0.2
      vertex 110.081 171.746 0
      vertex 110.081 171.746 0.2
    endloop
  endfacet
  facet normal -0.980972 -0.194151 0
    outer loop
      vertex 110.1 171.65 0
      vertex 110.081 171.746 0.2
      vertex 110.081 171.746 0
    endloop
  endfacet
  facet normal -0.980972 -0.194151 0
    outer loop
      vertex 110.081 171.746 0.2
      vertex 110.1 171.65 0
      vertex 110.1 171.65 0.2
    endloop
  endfacet
  facet normal -1 0 0
    outer loop
      vertex 110.1 170.35 0
      vertex 110.1 171.65 0.2
      vertex 110.1 171.65 0
    endloop
  endfacet
  facet normal -1 -0 0
    outer loop
      vertex 110.1 171.65 0.2
      vertex 110.1 170.35 0
      vertex 110.1 170.35 0.2
    endloop
  endfacet
  facet normal -0.980972 0.194151 0
    outer loop
      vertex 110.081 170.254 0
      vertex 110.1 170.35 0.2
      vertex 110.1 170.35 0
    endloop
  endfacet
  facet normal -0.980972 0.194151 0
    outer loop
      vertex 110.1 170.35 0.2
      vertex 110.081 170.254 0
      vertex 110.081 170.254 0.2
    endloop
  endfacet
  facet normal -0.827306 0.561751 0
    outer loop
      vertex 110.026 170.173 0
      vertex 110.081 170.254 0.2
      vertex 110.081 170.254 0
    endloop
  endfacet
  facet normal -0.827306 0.561751 0
    outer loop
      vertex 110.081 170.254 0.2
      vertex 110.026 170.173 0
      vertex 110.026 170.173 0.2
    endloop
  endfacet
  facet normal -0.5547 0.83205 0
    outer loop
      vertex 110.026 170.173 0
      vertex 109.945 170.119 0.2
      vertex 110.026 170.173 0.2
    endloop
  endfacet
  facet normal -0.5547 0.83205 0
    outer loop
      vertex 109.945 170.119 0.2
      vertex 110.026 170.173 0
      vertex 109.945 170.119 0
    endloop
  endfacet
  facet normal -0.196116 0.980581 0
    outer loop
      vertex 109.945 170.119 0
      vertex 109.85 170.1 0.2
      vertex 109.945 170.119 0.2
    endloop
  endfacet
  facet normal -0.196116 0.980581 0
    outer loop
      vertex 109.85 170.1 0.2
      vertex 109.945 170.119 0
      vertex 109.85 170.1 0
    endloop
  endfacet
  facet normal 0 1 -0
    outer loop
      vertex 109.85 170.1 0
      vertex 109.2 170.1 0.2
      vertex 109.85 170.1 0.2
    endloop
  endfacet
  facet normal 0 1 0
    outer loop
      vertex 109.2 170.1 0.2
      vertex 109.85 170.1 0
      vertex 109.2 170.1 0
    endloop
  endfacet
  facet normal 0.194151 0.980972 -0
    outer loop
      vertex 109.2 170.1 0
      vertex 109.104 170.119 0.2
      vertex 109.2 170.1 0.2
    endloop
  endfacet
  facet normal 0.194151 0.980972 0
    outer loop
      vertex 109.104 170.119 0.2
      vertex 109.2 170.1 0
      vertex 109.104 170.119 0
    endloop
  endfacet
  facet normal 0.5547 0.83205 -0
    outer loop
      vertex 109.104 170.119 0
      vertex 109.023 170.173 0.2
      vertex 109.104 170.119 0.2
    endloop
  endfacet
  facet normal 0.5547 0.83205 0
    outer loop
      vertex 109.023 170.173 0.2
      vertex 109.104 170.119 0
      vertex 109.023 170.173 0
    endloop
  endfacet
  facet normal 0.83205 0.5547 0
    outer loop
      vertex 109.023 170.173 0.2
      vertex 108.969 170.254 0
      vertex 108.969 170.254 0.2
    endloop
  endfacet
  facet normal 0.83205 0.5547 0
    outer loop
      vertex 108.969 170.254 0
      vertex 109.023 170.173 0.2
      vertex 109.023 170.173 0
    endloop
  endfacet
  facet normal 0.980972 0.194151 0
    outer loop
      vertex 108.969 170.254 0.2
      vertex 108.95 170.35 0
      vertex 108.95 170.35 0.2
    endloop
  endfacet
  facet normal 0.980972 0.194151 0
    outer loop
      vertex 108.95 170.35 0
      vertex 108.969 170.254 0.2
      vertex 108.969 170.254 0
    endloop
  endfacet
  facet normal 1 -0 0
    outer loop
      vertex 108.95 170.35 0.2
      vertex 108.95 171.65 0
      vertex 108.95 171.65 0.2
    endloop
  endfacet
  facet normal 1 0 0
    outer loop
      vertex 108.95 171.65 0
      vertex 108.95 170.35 0.2
      vertex 108.95 170.35 0
    endloop
  endfacet
  facet normal 0.980972 -0.194151 0
    outer loop
      vertex 108.95 171.65 0.2
      vertex 108.969 171.746 0
      vertex 108.969 171.746 0.2
    endloop
  endfacet
  facet normal 0.980972 -0.194151 0
    outer loop
      vertex 108.969 171.746 0
      vertex 108.95 171.65 0.2
      vertex 108.95 171.65 0
    endloop
  endfacet
  facet normal 0.83205 -0.5547 0
    outer loop
      vertex 108.969 171.746 0.2
      vertex 109.023 171.827 0
      vertex 109.023 171.827 0.2
    endloop
  endfacet
  facet normal 0.83205 -0.5547 0
    outer loop
      vertex 109.023 171.827 0
      vertex 108.969 171.746 0.2
      vertex 108.969 171.746 0
    endloop
  endfacet
  facet normal 0.5547 -0.83205 0
    outer loop
      vertex 109.023 171.827 0
      vertex 109.104 171.881 0.2
      vertex 109.023 171.827 0.2
    endloop
  endfacet
  facet normal 0.5547 -0.83205 0
    outer loop
      vertex 109.104 171.881 0.2
      vertex 109.023 171.827 0
      vertex 109.104 171.881 0
    endloop
  endfacet
  facet normal 0.194151 -0.980972 0
    outer loop
      vertex 109.104 171.881 0
      vertex 109.2 171.9 0.2
      vertex 109.104 171.881 0.2
    endloop
  endfacet
  facet normal 0.194151 -0.980972 0
    outer loop
      vertex 109.2 171.9 0.2
      vertex 109.104 171.881 0
      vertex 109.2 171.9 0
    endloop
  endfacet
  facet normal 0 -1 0
    outer loop
      vertex 109.2 171.9 0
      vertex 109.85 171.9 0.2
      vertex 109.2 171.9 0.2
    endloop
  endfacet
  facet normal 0 -1 -0
    outer loop
      vertex 109.85 171.9 0.2
      vertex 109.2 171.9 0
      vertex 109.85 171.9 0
    endloop
  endfacet
  facet normal -0.196116 -0.980581 0
    outer loop
      vertex 109.85 171.9 0
      vertex 109.945 171.881 0.2
      vertex 109.85 171.9 0.2
    endloop
  endfacet
  facet normal -0.196116 -0.980581 -0
    outer loop
      vertex 109.945 171.881 0.2
      vertex 109.85 171.9 0
      vertex 109.945 171.881 0
    endloop
  endfacet
  facet normal -0.5547 -0.83205 0
    outer loop
      vertex 104.896 171.881 0
      vertex 104.977 171.827 0.2
      vertex 104.896 171.881 0.2
    endloop
  endfacet
  facet normal -0.5547 -0.83205 -0
    outer loop
      vertex 104.977 171.827 0.2
      vertex 104.896 171.881 0
      vertex 104.977 171.827 0
    endloop
  endfacet
  facet normal -0.83205 -0.5547 0
    outer loop
      vertex 105.031 171.746 0
      vertex 104.977 171.827 0.2
      vertex 104.977 171.827 0
    endloop
  endfacet
  facet normal -0.83205 -0.5547 0
    outer loop
      vertex 104.977 171.827 0.2
      vertex 105.031 171.746 0
      vertex 105.031 171.746 0.2
    endloop
  endfacet
  facet normal -0.980972 -0.194151 0
    outer loop
      vertex 105.05 171.65 0
      vertex 105.031 171.746 0.2
      vertex 105.031 171.746 0
    endloop
  endfacet
  facet normal -0.980972 -0.194151 0
    outer loop
      vertex 105.031 171.746 0.2
      vertex 105.05 171.65 0
      vertex 105.05 171.65 0.2
    endloop
  endfacet
  facet normal -1 0 0
    outer loop
      vertex 105.05 170.35 0
      vertex 105.05 171.65 0.2
      vertex 105.05 171.65 0
    endloop
  endfacet
  facet normal -1 -0 0
    outer loop
      vertex 105.05 171.65 0.2
      vertex 105.05 170.35 0
      vertex 105.05 170.35 0.2
    endloop
  endfacet
  facet normal -0.980972 0.194151 0
    outer loop
      vertex 105.031 170.254 0
      vertex 105.05 170.35 0.2
      vertex 105.05 170.35 0
    endloop
  endfacet
  facet normal -0.980972 0.194151 0
    outer loop
      vertex 105.05 170.35 0.2
      vertex 105.031 170.254 0
      vertex 105.031 170.254 0.2
    endloop
  endfacet
  facet normal -0.83205 0.5547 0
    outer loop
      vertex 104.977 170.173 0
      vertex 105.031 170.254 0.2
      vertex 105.031 170.254 0
    endloop
  endfacet
  facet normal -0.83205 0.5547 0
    outer loop
      vertex 105.031 170.254 0.2
      vertex 104.977 170.173 0
      vertex 104.977 170.173 0.2
    endloop
  endfacet
  facet normal -0.5547 0.83205 0
    outer loop
      vertex 104.977 170.173 0
      vertex 104.896 170.119 0.2
      vertex 104.977 170.173 0.2
    endloop
  endfacet
  facet normal -0.5547 0.83205 0
    outer loop
      vertex 104.896 170.119 0.2
      vertex 104.977 170.173 0
      vertex 104.896 170.119 0
    endloop
  endfacet
  facet normal -0.194151 0.980972 0
    outer loop
      vertex 104.896 170.119 0
      vertex 104.8 170.1 0.2
      vertex 104.896 170.119 0.2
    endloop
  endfacet
  facet normal -0.194151 0.980972 0
    outer loop
      vertex 104.8 170.1 0.2
      vertex 104.896 170.119 0
      vertex 104.8 170.1 0
    endloop
  endfacet
  facet normal 0 1 -0
    outer loop
      vertex 104.8 170.1 0
      vertex 104.15 170.1 0.2
      vertex 104.8 170.1 0.2
    endloop
  endfacet
  facet normal 0 1 0
    outer loop
      vertex 104.15 170.1 0.2
      vertex 104.8 170.1 0
      vertex 104.15 170.1 0
    endloop
  endfacet
  facet normal 0.196116 0.980581 -0
    outer loop
      vertex 104.15 170.1 0
      vertex 104.055 170.119 0.2
      vertex 104.15 170.1 0.2
    endloop
  endfacet
  facet normal 0.196116 0.980581 0
    outer loop
      vertex 104.055 170.119 0.2
      vertex 104.15 170.1 0
      vertex 104.055 170.119 0
    endloop
  endfacet
  facet normal 0.5547 0.83205 -0
    outer loop
      vertex 104.055 170.119 0
      vertex 103.974 170.173 0.2
      vertex 104.055 170.119 0.2
    endloop
  endfacet
  facet normal 0.5547 0.83205 0
    outer loop
      vertex 103.974 170.173 0.2
      vertex 104.055 170.119 0
      vertex 103.974 170.173 0
    endloop
  endfacet
  facet normal 0.827306 0.561751 0
    outer loop
      vertex 103.974 170.173 0.2
      vertex 103.919 170.254 0
      vertex 103.919 170.254 0.2
    endloop
  endfacet
  facet normal 0.827306 0.561751 0
    outer loop
      vertex 103.919 170.254 0
      vertex 103.974 170.173 0.2
      vertex 103.974 170.173 0
    endloop
  endfacet
  facet normal 0.980972 0.194151 0
    outer loop
      vertex 103.919 170.254 0.2
      vertex 103.9 170.35 0
      vertex 103.9 170.35 0.2
    endloop
  endfacet
  facet normal 0.980972 0.194151 0
    outer loop
      vertex 103.9 170.35 0
      vertex 103.919 170.254 0.2
      vertex 103.919 170.254 0
    endloop
  endfacet
  facet normal 1 -0 0
    outer loop
      vertex 103.9 170.35 0.2
      vertex 103.9 171.65 0
      vertex 103.9 171.65 0.2
    endloop
  endfacet
  facet normal 1 0 0
    outer loop
      vertex 103.9 171.65 0
      vertex 103.9 170.35 0.2
      vertex 103.9 170.35 0
    endloop
  endfacet
  facet normal 0.980972 -0.194151 0
    outer loop
      vertex 103.9 171.65 0.2
      vertex 103.919 171.746 0
      vertex 103.919 171.746 0.2
    endloop
  endfacet
  facet normal 0.980972 -0.194151 0
    outer loop
      vertex 103.919 171.746 0
      vertex 103.9 171.65 0.2
      vertex 103.9 171.65 0
    endloop
  endfacet
  facet normal 0.827306 -0.561751 0
    outer loop
      vertex 103.919 171.746 0.2
      vertex 103.974 171.827 0
      vertex 103.974 171.827 0.2
    endloop
  endfacet
  facet normal 0.827306 -0.561751 0
    outer loop
      vertex 103.974 171.827 0
      vertex 103.919 171.746 0.2
      vertex 103.919 171.746 0
    endloop
  endfacet
  facet normal 0.5547 -0.83205 0
    outer loop
      vertex 103.974 171.827 0
      vertex 104.055 171.881 0.2
      vertex 103.974 171.827 0.2
    endloop
  endfacet
  facet normal 0.5547 -0.83205 0
    outer loop
      vertex 104.055 171.881 0.2
      vertex 103.974 171.827 0
      vertex 104.055 171.881 0
    endloop
  endfacet
  facet normal 0.196116 -0.980581 0
    outer loop
      vertex 104.055 171.881 0
      vertex 104.15 171.9 0.2
      vertex 104.055 171.881 0.2
    endloop
  endfacet
  facet normal 0.196116 -0.980581 0
    outer loop
      vertex 104.15 171.9 0.2
      vertex 104.055 171.881 0
      vertex 104.15 171.9 0
    endloop
  endfacet
  facet normal 0 -1 0
    outer loop
      vertex 104.15 171.9 0
      vertex 104.8 171.9 0.2
      vertex 104.15 171.9 0.2
    endloop
  endfacet
  facet normal 0 -1 -0
    outer loop
      vertex 104.8 171.9 0.2
      vertex 104.15 171.9 0
      vertex 104.8 171.9 0
    endloop
  endfacet
  facet normal -0.194151 -0.980972 0
    outer loop
      vertex 104.8 171.9 0
      vertex 104.896 171.881 0.2
      vertex 104.8 171.9 0.2
    endloop
  endfacet
  facet normal -0.194151 -0.980972 -0
    outer loop
      vertex 104.896 171.881 0.2
      vertex 104.8 171.9 0
      vertex 104.896 171.881 0
    endloop
  endfacet
  facet normal -0.5547 -0.83205 0
    outer loop
      vertex 101.945 171.881 0
      vertex 102.026 171.827 0.2
      vertex 101.945 171.881 0.2
    endloop
  endfacet
  facet normal -0.5547 -0.83205 -0
    outer loop
      vertex 102.026 171.827 0.2
      vertex 101.945 171.881 0
      vertex 102.026 171.827 0
    endloop
  endfacet
  facet normal -0.827306 -0.561751 0
    outer loop
      vertex 102.081 171.746 0
      vertex 102.026 171.827 0.2
      vertex 102.026 171.827 0
    endloop
  endfacet
  facet normal -0.827306 -0.561751 0
    outer loop
      vertex 102.026 171.827 0.2
      vertex 102.081 171.746 0
      vertex 102.081 171.746 0.2
    endloop
  endfacet
  facet normal -0.980972 -0.194151 0
    outer loop
      vertex 102.1 171.65 0
      vertex 102.081 171.746 0.2
      vertex 102.081 171.746 0
    endloop
  endfacet
  facet normal -0.980972 -0.194151 0
    outer loop
      vertex 102.081 171.746 0.2
      vertex 102.1 171.65 0
      vertex 102.1 171.65 0.2
    endloop
  endfacet
  facet normal -1 0 0
    outer loop
      vertex 102.1 170.35 0
      vertex 102.1 171.65 0.2
      vertex 102.1 171.65 0
    endloop
  endfacet
  facet normal -1 -0 0
    outer loop
      vertex 102.1 171.65 0.2
      vertex 102.1 170.35 0
      vertex 102.1 170.35 0.2
    endloop
  endfacet
  facet normal -0.980972 0.194151 0
    outer loop
      vertex 102.081 170.254 0
      vertex 102.1 170.35 0.2
      vertex 102.1 170.35 0
    endloop
  endfacet
  facet normal -0.980972 0.194151 0
    outer loop
      vertex 102.1 170.35 0.2
      vertex 102.081 170.254 0
      vertex 102.081 170.254 0.2
    endloop
  endfacet
  facet normal -0.827306 0.561751 0
    outer loop
      vertex 102.026 170.173 0
      vertex 102.081 170.254 0.2
      vertex 102.081 170.254 0
    endloop
  endfacet
  facet normal -0.827306 0.561751 0
    outer loop
      vertex 102.081 170.254 0.2
      vertex 102.026 170.173 0
      vertex 102.026 170.173 0.2
    endloop
  endfacet
  facet normal -0.5547 0.83205 0
    outer loop
      vertex 102.026 170.173 0
      vertex 101.945 170.119 0.2
      vertex 102.026 170.173 0.2
    endloop
  endfacet
  facet normal -0.5547 0.83205 0
    outer loop
      vertex 101.945 170.119 0.2
      vertex 102.026 170.173 0
      vertex 101.945 170.119 0
    endloop
  endfacet
  facet normal -0.196116 0.980581 0
    outer loop
      vertex 101.945 170.119 0
      vertex 101.85 170.1 0.2
      vertex 101.945 170.119 0.2
    endloop
  endfacet
  facet normal -0.196116 0.980581 0
    outer loop
      vertex 101.85 170.1 0.2
      vertex 101.945 170.119 0
      vertex 101.85 170.1 0
    endloop
  endfacet
  facet normal 0 1 -0
    outer loop
      vertex 101.85 170.1 0
      vertex 101.2 170.1 0.2
      vertex 101.85 170.1 0.2
    endloop
  endfacet
  facet normal 0 1 0
    outer loop
      vertex 101.2 170.1 0.2
      vertex 101.85 170.1 0
      vertex 101.2 170.1 0
    endloop
  endfacet
  facet normal 0.194151 0.980972 -0
    outer loop
      vertex 101.2 170.1 0
      vertex 101.104 170.119 0.2
      vertex 101.2 170.1 0.2
    endloop
  endfacet
  facet normal 0.194151 0.980972 0
    outer loop
      vertex 101.104 170.119 0.2
      vertex 101.2 170.1 0
      vertex 101.104 170.119 0
    endloop
  endfacet
  facet normal 0.5547 0.83205 -0
    outer loop
      vertex 101.104 170.119 0
      vertex 101.023 170.173 0.2
      vertex 101.104 170.119 0.2
    endloop
  endfacet
  facet normal 0.5547 0.83205 0
    outer loop
      vertex 101.023 170.173 0.2
      vertex 101.104 170.119 0
      vertex 101.023 170.173 0
    endloop
  endfacet
  facet normal 0.83205 0.5547 0
    outer loop
      vertex 101.023 170.173 0.2
      vertex 100.969 170.254 0
      vertex 100.969 170.254 0.2
    endloop
  endfacet
  facet normal 0.83205 0.5547 0
    outer loop
      vertex 100.969 170.254 0
      vertex 101.023 170.173 0.2
      vertex 101.023 170.173 0
    endloop
  endfacet
  facet normal 0.980972 0.194151 0
    outer loop
      vertex 100.969 170.254 0.2
      vertex 100.95 170.35 0
      vertex 100.95 170.35 0.2
    endloop
  endfacet
  facet normal 0.980972 0.194151 0
    outer loop
      vertex 100.95 170.35 0
      vertex 100.969 170.254 0.2
      vertex 100.969 170.254 0
    endloop
  endfacet
  facet normal 1 -0 0
    outer loop
      vertex 100.95 170.35 0.2
      vertex 100.95 171.65 0
      vertex 100.95 171.65 0.2
    endloop
  endfacet
  facet normal 1 0 0
    outer loop
      vertex 100.95 171.65 0
      vertex 100.95 170.35 0.2
      vertex 100.95 170.35 0
    endloop
  endfacet
  facet normal 0.980972 -0.194151 0
    outer loop
      vertex 100.95 171.65 0.2
      vertex 100.969 171.746 0
      vertex 100.969 171.746 0.2
    endloop
  endfacet
  facet normal 0.980972 -0.194151 0
    outer loop
      vertex 100.969 171.746 0
      vertex 100.95 171.65 0.2
      vertex 100.95 171.65 0
    endloop
  endfacet
  facet normal 0.83205 -0.5547 0
    outer loop
      vertex 100.969 171.746 0.2
      vertex 101.023 171.827 0
      vertex 101.023 171.827 0.2
    endloop
  endfacet
  facet normal 0.83205 -0.5547 0
    outer loop
      vertex 101.023 171.827 0
      vertex 100.969 171.746 0.2
      vertex 100.969 171.746 0
    endloop
  endfacet
  facet normal 0.5547 -0.83205 0
    outer loop
      vertex 101.023 171.827 0
      vertex 101.104 171.881 0.2
      vertex 101.023 171.827 0.2
    endloop
  endfacet
  facet normal 0.5547 -0.83205 0
    outer loop
      vertex 101.104 171.881 0.2
      vertex 101.023 171.827 0
      vertex 101.104 171.881 0
    endloop
  endfacet
  facet normal 0.194151 -0.980972 0
    outer loop
      vertex 101.104 171.881 0
      vertex 101.2 171.9 0.2
      vertex 101.104 171.881 0.2
    endloop
  endfacet
  facet normal 0.194151 -0.980972 0
    outer loop
      vertex 101.2 171.9 0.2
      vertex 101.104 171.881 0
      vertex 101.2 171.9 0
    endloop
  endfacet
  facet normal 0 -1 0
    outer loop
      vertex 101.2 171.9 0
      vertex 101.85 171.9 0.2
      vertex 101.2 171.9 0.2
    endloop
  endfacet
  facet normal 0 -1 -0
    outer loop
      vertex 101.85 171.9 0.2
      vertex 101.2 171.9 0
      vertex 101.85 171.9 0
    endloop
  endfacet
  facet normal -0.196116 -0.980581 0
    outer loop
      vertex 101.85 171.9 0
      vertex 101.945 171.881 0.2
      vertex 101.85 171.9 0.2
    endloop
  endfacet
  facet normal -0.196116 -0.980581 -0
    outer loop
      vertex 101.945 171.881 0.2
      vertex 101.85 171.9 0
      vertex 101.945 171.881 0
    endloop
  endfacet
  facet normal -0.5547 -0.83205 0
    outer loop
      vertex 129.195 172.881 0
      vertex 129.276 172.827 0.2
      vertex 129.195 172.881 0.2
    endloop
  endfacet
  facet normal -0.5547 -0.83205 -0
    outer loop
      vertex 129.276 172.827 0.2
      vertex 129.195 172.881 0
      vertex 129.276 172.827 0
    endloop
  endfacet
  facet normal -0.827306 -0.561751 0
    outer loop
      vertex 129.331 172.746 0
      vertex 129.276 172.827 0.2
      vertex 129.276 172.827 0
    endloop
  endfacet
  facet normal -0.827306 -0.561751 0
    outer loop
      vertex 129.276 172.827 0.2
      vertex 129.331 172.746 0
      vertex 129.331 172.746 0.2
    endloop
  endfacet
  facet normal -0.980972 -0.194151 0
    outer loop
      vertex 129.35 172.65 0
      vertex 129.331 172.746 0.2
      vertex 129.331 172.746 0
    endloop
  endfacet
  facet normal -0.980972 -0.194151 0
    outer loop
      vertex 129.331 172.746 0.2
      vertex 129.35 172.65 0
      vertex 129.35 172.65 0.2
    endloop
  endfacet
  facet normal -1 0 0
    outer loop
      vertex 129.35 171.35 0
      vertex 129.35 172.65 0.2
      vertex 129.35 172.65 0
    endloop
  endfacet
  facet normal -1 -0 0
    outer loop
      vertex 129.35 172.65 0.2
      vertex 129.35 171.35 0
      vertex 129.35 171.35 0.2
    endloop
  endfacet
  facet normal -0.980972 0.194151 0
    outer loop
      vertex 129.331 171.254 0
      vertex 129.35 171.35 0.2
      vertex 129.35 171.35 0
    endloop
  endfacet
  facet normal -0.980972 0.194151 0
    outer loop
      vertex 129.35 171.35 0.2
      vertex 129.331 171.254 0
      vertex 129.331 171.254 0.2
    endloop
  endfacet
  facet normal -0.827306 0.561751 0
    outer loop
      vertex 129.276 171.173 0
      vertex 129.331 171.254 0.2
      vertex 129.331 171.254 0
    endloop
  endfacet
  facet normal -0.827306 0.561751 0
    outer loop
      vertex 129.331 171.254 0.2
      vertex 129.276 171.173 0
      vertex 129.276 171.173 0.2
    endloop
  endfacet
  facet normal -0.5547 0.83205 0
    outer loop
      vertex 129.276 171.173 0
      vertex 129.195 171.119 0.2
      vertex 129.276 171.173 0.2
    endloop
  endfacet
  facet normal -0.5547 0.83205 0
    outer loop
      vertex 129.195 171.119 0.2
      vertex 129.276 171.173 0
      vertex 129.195 171.119 0
    endloop
  endfacet
  facet normal -0.196116 0.980581 0
    outer loop
      vertex 129.195 171.119 0
      vertex 129.1 171.1 0.2
      vertex 129.195 171.119 0.2
    endloop
  endfacet
  facet normal -0.196116 0.980581 0
    outer loop
      vertex 129.1 171.1 0.2
      vertex 129.195 171.119 0
      vertex 129.1 171.1 0
    endloop
  endfacet
  facet normal 0 1 -0
    outer loop
      vertex 129.1 171.1 0
      vertex 128.45 171.1 0.2
      vertex 129.1 171.1 0.2
    endloop
  endfacet
  facet normal 0 1 0
    outer loop
      vertex 128.45 171.1 0.2
      vertex 129.1 171.1 0
      vertex 128.45 171.1 0
    endloop
  endfacet
  facet normal 0.194151 0.980972 -0
    outer loop
      vertex 128.45 171.1 0
      vertex 128.354 171.119 0.2
      vertex 128.45 171.1 0.2
    endloop
  endfacet
  facet normal 0.194151 0.980972 0
    outer loop
      vertex 128.354 171.119 0.2
      vertex 128.45 171.1 0
      vertex 128.354 171.119 0
    endloop
  endfacet
  facet normal 0.5547 0.83205 -0
    outer loop
      vertex 128.354 171.119 0
      vertex 128.273 171.173 0.2
      vertex 128.354 171.119 0.2
    endloop
  endfacet
  facet normal 0.5547 0.83205 0
    outer loop
      vertex 128.273 171.173 0.2
      vertex 128.354 171.119 0
      vertex 128.273 171.173 0
    endloop
  endfacet
  facet normal 0.83205 0.5547 0
    outer loop
      vertex 128.273 171.173 0.2
      vertex 128.219 171.254 0
      vertex 128.219 171.254 0.2
    endloop
  endfacet
  facet normal 0.83205 0.5547 0
    outer loop
      vertex 128.219 171.254 0
      vertex 128.273 171.173 0.2
      vertex 128.273 171.173 0
    endloop
  endfacet
  facet normal 0.980972 0.194151 0
    outer loop
      vertex 128.219 171.254 0.2
      vertex 128.2 171.35 0
      vertex 128.2 171.35 0.2
    endloop
  endfacet
  facet normal 0.980972 0.194151 0
    outer loop
      vertex 128.2 171.35 0
      vertex 128.219 171.254 0.2
      vertex 128.219 171.254 0
    endloop
  endfacet
  facet normal 1 -0 0
    outer loop
      vertex 128.2 171.35 0.2
      vertex 128.2 172.65 0
      vertex 128.2 172.65 0.2
    endloop
  endfacet
  facet normal 1 0 0
    outer loop
      vertex 128.2 172.65 0
      vertex 128.2 171.35 0.2
      vertex 128.2 171.35 0
    endloop
  endfacet
  facet normal 0.980972 -0.194151 0
    outer loop
      vertex 128.2 172.65 0.2
      vertex 128.219 172.746 0
      vertex 128.219 172.746 0.2
    endloop
  endfacet
  facet normal 0.980972 -0.194151 0
    outer loop
      vertex 128.219 172.746 0
      vertex 128.2 172.65 0.2
      vertex 128.2 172.65 0
    endloop
  endfacet
  facet normal 0.83205 -0.5547 0
    outer loop
      vertex 128.219 172.746 0.2
      vertex 128.273 172.827 0
      vertex 128.273 172.827 0.2
    endloop
  endfacet
  facet normal 0.83205 -0.5547 0
    outer loop
      vertex 128.273 172.827 0
      vertex 128.219 172.746 0.2
      vertex 128.219 172.746 0
    endloop
  endfacet
  facet normal 0.5547 -0.83205 0
    outer loop
      vertex 128.273 172.827 0
      vertex 128.354 172.881 0.2
      vertex 128.273 172.827 0.2
    endloop
  endfacet
  facet normal 0.5547 -0.83205 0
    outer loop
      vertex 128.354 172.881 0.2
      vertex 128.273 172.827 0
      vertex 128.354 172.881 0
    endloop
  endfacet
  facet normal 0.194151 -0.980972 0
    outer loop
      vertex 128.354 172.881 0
      vertex 128.45 172.9 0.2
      vertex 128.354 172.881 0.2
    endloop
  endfacet
  facet normal 0.194151 -0.980972 0
    outer loop
      vertex 128.45 172.9 0.2
      vertex 128.354 172.881 0
      vertex 128.45 172.9 0
    endloop
  endfacet
  facet normal 0 -1 0
    outer loop
      vertex 128.45 172.9 0
      vertex 129.1 172.9 0.2
      vertex 128.45 172.9 0.2
    endloop
  endfacet
  facet normal 0 -1 -0
    outer loop
      vertex 129.1 172.9 0.2
      vertex 128.45 172.9 0
      vertex 129.1 172.9 0
    endloop
  endfacet
  facet normal -0.196116 -0.980581 0
    outer loop
      vertex 129.1 172.9 0
      vertex 129.195 172.881 0.2
      vertex 129.1 172.9 0.2
    endloop
  endfacet
  facet normal -0.196116 -0.980581 -0
    outer loop
      vertex 129.195 172.881 0.2
      vertex 129.1 172.9 0
      vertex 129.195 172.881 0
    endloop
  endfacet
  facet normal -0.5547 -0.83205 0
    outer loop
      vertex 132.146 172.881 0
      vertex 132.227 172.827 0.2
      vertex 132.146 172.881 0.2
    endloop
  endfacet
  facet normal -0.5547 -0.83205 -0
    outer loop
      vertex 132.227 172.827 0.2
      vertex 132.146 172.881 0
      vertex 132.227 172.827 0
    endloop
  endfacet
  facet normal -0.83205 -0.5547 0
    outer loop
      vertex 132.281 172.746 0
      vertex 132.227 172.827 0.2
      vertex 132.227 172.827 0
    endloop
  endfacet
  facet normal -0.83205 -0.5547 0
    outer loop
      vertex 132.227 172.827 0.2
      vertex 132.281 172.746 0
      vertex 132.281 172.746 0.2
    endloop
  endfacet
  facet normal -0.980972 -0.194151 0
    outer loop
      vertex 132.3 172.65 0
      vertex 132.281 172.746 0.2
      vertex 132.281 172.746 0
    endloop
  endfacet
  facet normal -0.980972 -0.194151 0
    outer loop
      vertex 132.281 172.746 0.2
      vertex 132.3 172.65 0
      vertex 132.3 172.65 0.2
    endloop
  endfacet
  facet normal -1 0 0
    outer loop
      vertex 132.3 171.35 0
      vertex 132.3 172.65 0.2
      vertex 132.3 172.65 0
    endloop
  endfacet
  facet normal -1 -0 0
    outer loop
      vertex 132.3 172.65 0.2
      vertex 132.3 171.35 0
      vertex 132.3 171.35 0.2
    endloop
  endfacet
  facet normal -0.980972 0.194151 0
    outer loop
      vertex 132.281 171.254 0
      vertex 132.3 171.35 0.2
      vertex 132.3 171.35 0
    endloop
  endfacet
  facet normal -0.980972 0.194151 0
    outer loop
      vertex 132.3 171.35 0.2
      vertex 132.281 171.254 0
      vertex 132.281 171.254 0.2
    endloop
  endfacet
  facet normal -0.83205 0.5547 0
    outer loop
      vertex 132.227 171.173 0
      vertex 132.281 171.254 0.2
      vertex 132.281 171.254 0
    endloop
  endfacet
  facet normal -0.83205 0.5547 0
    outer loop
      vertex 132.281 171.254 0.2
      vertex 132.227 171.173 0
      vertex 132.227 171.173 0.2
    endloop
  endfacet
  facet normal -0.5547 0.83205 0
    outer loop
      vertex 132.227 171.173 0
      vertex 132.146 171.119 0.2
      vertex 132.227 171.173 0.2
    endloop
  endfacet
  facet normal -0.5547 0.83205 0
    outer loop
      vertex 132.146 171.119 0.2
      vertex 132.227 171.173 0
      vertex 132.146 171.119 0
    endloop
  endfacet
  facet normal -0.194151 0.980972 0
    outer loop
      vertex 132.146 171.119 0
      vertex 132.05 171.1 0.2
      vertex 132.146 171.119 0.2
    endloop
  endfacet
  facet normal -0.194151 0.980972 0
    outer loop
      vertex 132.05 171.1 0.2
      vertex 132.146 171.119 0
      vertex 132.05 171.1 0
    endloop
  endfacet
  facet normal 0 1 -0
    outer loop
      vertex 132.05 171.1 0
      vertex 131.4 171.1 0.2
      vertex 132.05 171.1 0.2
    endloop
  endfacet
  facet normal 0 1 0
    outer loop
      vertex 131.4 171.1 0.2
      vertex 132.05 171.1 0
      vertex 131.4 171.1 0
    endloop
  endfacet
  facet normal 0.196116 0.980581 -0
    outer loop
      vertex 131.4 171.1 0
      vertex 131.305 171.119 0.2
      vertex 131.4 171.1 0.2
    endloop
  endfacet
  facet normal 0.196116 0.980581 0
    outer loop
      vertex 131.305 171.119 0.2
      vertex 131.4 171.1 0
      vertex 131.305 171.119 0
    endloop
  endfacet
  facet normal 0.5547 0.83205 -0
    outer loop
      vertex 131.305 171.119 0
      vertex 131.224 171.173 0.2
      vertex 131.305 171.119 0.2
    endloop
  endfacet
  facet normal 0.5547 0.83205 0
    outer loop
      vertex 131.224 171.173 0.2
      vertex 131.305 171.119 0
      vertex 131.224 171.173 0
    endloop
  endfacet
  facet normal 0.827306 0.561751 0
    outer loop
      vertex 131.224 171.173 0.2
      vertex 131.169 171.254 0
      vertex 131.169 171.254 0.2
    endloop
  endfacet
  facet normal 0.827306 0.561751 0
    outer loop
      vertex 131.169 171.254 0
      vertex 131.224 171.173 0.2
      vertex 131.224 171.173 0
    endloop
  endfacet
  facet normal 0.980972 0.194151 0
    outer loop
      vertex 131.169 171.254 0.2
      vertex 131.15 171.35 0
      vertex 131.15 171.35 0.2
    endloop
  endfacet
  facet normal 0.980972 0.194151 0
    outer loop
      vertex 131.15 171.35 0
      vertex 131.169 171.254 0.2
      vertex 131.169 171.254 0
    endloop
  endfacet
  facet normal 1 -0 0
    outer loop
      vertex 131.15 171.35 0.2
      vertex 131.15 172.65 0
      vertex 131.15 172.65 0.2
    endloop
  endfacet
  facet normal 1 0 0
    outer loop
      vertex 131.15 172.65 0
      vertex 131.15 171.35 0.2
      vertex 131.15 171.35 0
    endloop
  endfacet
  facet normal 0.980972 -0.194151 0
    outer loop
      vertex 131.15 172.65 0.2
      vertex 131.169 172.746 0
      vertex 131.169 172.746 0.2
    endloop
  endfacet
  facet normal 0.980972 -0.194151 0
    outer loop
      vertex 131.169 172.746 0
      vertex 131.15 172.65 0.2
      vertex 131.15 172.65 0
    endloop
  endfacet
  facet normal 0.827306 -0.561751 0
    outer loop
      vertex 131.169 172.746 0.2
      vertex 131.224 172.827 0
      vertex 131.224 172.827 0.2
    endloop
  endfacet
  facet normal 0.827306 -0.561751 0
    outer loop
      vertex 131.224 172.827 0
      vertex 131.169 172.746 0.2
      vertex 131.169 172.746 0
    endloop
  endfacet
  facet normal 0.5547 -0.83205 0
    outer loop
      vertex 131.224 172.827 0
      vertex 131.305 172.881 0.2
      vertex 131.224 172.827 0.2
    endloop
  endfacet
  facet normal 0.5547 -0.83205 0
    outer loop
      vertex 131.305 172.881 0.2
      vertex 131.224 172.827 0
      vertex 131.305 172.881 0
    endloop
  endfacet
  facet normal 0.196116 -0.980581 0
    outer loop
      vertex 131.305 172.881 0
      vertex 131.4 172.9 0.2
      vertex 131.305 172.881 0.2
    endloop
  endfacet
  facet normal 0.196116 -0.980581 0
    outer loop
      vertex 131.4 172.9 0.2
      vertex 131.305 172.881 0
      vertex 131.4 172.9 0
    endloop
  endfacet
  facet normal 0 -1 0
    outer loop
      vertex 131.4 172.9 0
      vertex 132.05 172.9 0.2
      vertex 131.4 172.9 0.2
    endloop
  endfacet
  facet normal 0 -1 -0
    outer loop
      vertex 132.05 172.9 0.2
      vertex 131.4 172.9 0
      vertex 132.05 172.9 0
    endloop
  endfacet
  facet normal -0.194151 -0.980972 0
    outer loop
      vertex 132.05 172.9 0
      vertex 132.146 172.881 0.2
      vertex 132.05 172.9 0.2
    endloop
  endfacet
  facet normal -0.194151 -0.980972 -0
    outer loop
      vertex 132.146 172.881 0.2
      vertex 132.05 172.9 0
      vertex 132.146 172.881 0
    endloop
  endfacet
endsolid OpenSCAD_Model
